idx,subject,source,split,question,correct_answer,predicted_answer,is_correct,condition,tokens_input,tokens_output,raw_response_1,raw_response_2,logprob_A,logprob_B,logprob_C,logprob_D,confidence
mbe_0,nan,MBE-1972-78-part2,train,Paul then called Vic to testify that Dan's car did run the light. The trial judge should rule that V,B,B,True,1,354,63,"B  
The gold passage states that for evidence to be admissible, it must be relevant to material issues. Vic's testimony regarding whether Dan's car ran the red light is relevant to the material issue of liability in the personal injury action. Therefore, Vic's testimony should be considered admissible based on its relevance.",,-5.764399528503418,-0.014399716630578041,-4.764399528503418,-100.0,0.9883039385584433
mbe_1,nan,MBE-1972-78-part2,train,"On cross-examination of Vic, Dan's attorney asked if Vic was drunk at the time he witnessed the acci",D,D,True,1,535,88,"D  
The gold passage indicates that a matter is considered collateral if it is not relevant in the litigation to establish a fact of consequence and is only relevant for the purpose of contradicting the witness's testimony. In this case, the question of whether Vic has ever been drunk does not relate to the facts of the accident itself and is therefore a collateral matter. As such, Yank's testimony about Vic's past drunkenness is inadmissible.",,-100.0,-100.0,-4.758918762207031,-0.008918859995901585,0.9914225137546999
mbe_2,nan,MBE-1972-78-part2,train,Dan called Zemo as a witness and asked him if he knew Vic's reputation for veracity in the community,C,A,False,1,520,77,"A  
The question posed by Dan to Zemo about Vic's reputation for veracity is objectionable because it is collateral to the issues on trial. The gold passage discusses foundational requirements for evidence but does not support the admissibility of character evidence in this context. Therefore, the question does not meet the necessary criteria for relevance and is not directly related to the main issues being litigated.",,-0.18157415091991425,-100.0,-3.4315741062164307,-4.93157434463501,0.9547214719893695
mbe_3,nan,MBE-1972-78-part2,train,"Jim watched a liquor store furtively for some time, planning to hold it up. He bought a realistic-lo",B,B,True,1,489,72,"B  
The gold passage indicates that generic burglary's unlawful-entry element excludes any case in which a person enters premises open to the public, regardless of intent. Since the liquor store was open to the public at the time Jim entered, this would negate the burglary charge against him. Therefore, his best defense would be that the liquor store was open to the public.",,-1.409071922302246,-0.4090719521045685,-100.0,-100.0,0.7310585727705126
mbe_7,nan,MBE-1972-78-part2,train,"If Dotty asserts a claim against Canco based on negligence, the doctrine of res ipsa loquitur is",C,C,True,1,729,95,"C  
The doctrine of res ipsa loquitur is not applicable because the case of tuna had been knocked over by the workmen, which indicates that the event was not solely due to the control of Canco, the packer. According to the criteria for applying res ipsa loquitur, the event must be caused by an agency or instrumentality within the exclusive control of the defendant, and the actions of the workmen introduce a factor that disrupts this exclusivity.",,-11.000078201293945,-13.125078201293945,-7.827200897736475e-05,-9.750078201293945,0.9999230148235078
mbe_8,nan,MBE-1972-78-part2,train,"If Guest asserts a claim against Dotty, Dotty most likely will",B,B,True,1,613,73,"B  
The gold passage indicates that the duty of care owed by a host to social guests requires the host to refrain from willfully, wantonly, or intentionally injuring their guests. Therefore, Dotty would only be held liable if she were negligent in serving the spoiled tuna, as the standard of care does not impose strict liability or require reckless disregard for safety.",,-7.2588725090026855,-0.008872420527040958,-5.0088725090026855,-100.0,0.9926069436473199
mbe_9,nan,MBE-1972-78-part2,train,"If Guest asserts a claim against Supermart, the most likely result is that Guest will",B,B,True,1,564,132,"B  
To recover on the theory of strict liability in tort, Guest must demonstrate that the product (the tuna) was in a defective condition that was unreasonably dangerous for its intended use, that the defect existed when the product left the defendant's control, and that the defect was the proximate cause of the injury sustained. In this case, the tuna was unfit for consumption, indicating it was in a defective condition. Since the tuna came from the case that was damaged by the plumbing contractor's workmen, it can be inferred that the defect existed when the product left Supermart's control. Therefore, Guest is likely to recover under strict liability.",,-16.000123977661133,-0.00012368128227535635,-16.375123977661133,-100.0,0.9999998101206985
mbe_10,nan,MBE-1972-78-part2,train,"If Addle assigns the contract to Coot, who has comparable experience and reputation, which of the fo",C,B,False,1,339,72,"B  
Boone may refuse to accept performance by Coot because the contract does not expressly provide for assignment, and the performance involves an element of personal skill or credit. The gold passage indicates that contracts are not freely assignable when performance involves personal skill or credit, which applies in this case since Addle has a fine reputation in the painting and contracting business.",,-7.506667137145996,-0.25666728615760803,-100.0,-100.0,0.9992903294952254
mbe_11,nan,MBE-1972-78-part2,train,If Addle assigns the contract to Coot and thereafter Coot does not meet the contract specifications ,A,A,True,1,377,100,"A  
Under Massachusetts law, claims for breach of contract are generally assignable. Since Addle assigned the contract to Coot, Boone can still hold Addle liable for damages if Coot fails to meet the contract specifications. The passage does not indicate that Boone waived his rights against Addle by allowing Coot to perform the work, nor does it require Boone to exhaust remedies against Coot before pursuing a claim against Addle. Therefore, Boone has a cause of action against Addle for damages.",,-0.2029239386320114,-1.7029238939285278,-100.0,-100.0,0.8175744695262777
mbe_12,nan,MBE-1972-78-part2,train,"On the evidence stated, Crowley should be found",C,B,False,1,514,89,"B  
Crowley should be found guilty because he knowingly and willingly aided and abetted the conspiracy by agreeing to buy the stolen food stamps. The gold passage states that to obtain a conspiracy conviction, the government must prove that the defendant knowingly and voluntarily joined or participated in the conspiracy. Crowley's agreement to purchase the ""hot"" food stamps indicates his participation in the conspiracy to commit the crime of theft, satisfying the requirement of knowingly joining the conspiracy.",,-1.7540912628173828,-0.2540913224220276,-100.0,-100.0,0.8175744673038221
mbe_13,nan,MBE-1972-78-part2,train,"If Jackson and Brannick are charged with conspiracy to steal the stamps in the state court, they sho",D,D,True,1,590,84,"D  
The Pinkerton principle of vicarious liability allows for a conspirator to be held liable for criminal offenses committed by a coconspirator that are within the scope of the conspiracy and are a natural consequence of it. Since Jackson and Brannick planned and executed the theft of the food stamps, they conspired to commit the crime, and thus they should be found guilty of conspiracy to steal the stamps.",,-10.875469207763672,-100.0,-100.0,-0.0004690418136306107,0.9999810748548945
mbe_14,nan,MBE-1972-78-part2,train,"Owens contracted to sell a tract of land, Overlea, to Painter by general warranty deed. However, at ",C,C,True,1,439,98,"C  
The gold passage indicates that rescission is a proper remedy when there is a substantial breach of contract. However, it also emphasizes that the cause of action must be based on the contract and not on the deed. Since Painter accepted a quitclaim deed without covenants of title, his claim against Owens should be grounded in the original contract rather than the deed itself. Therefore, Owens can successfully argue that Painter's cause of action must be based on the deed and not on the contract.",,-9.754660606384277,-100.0,-0.004660692065954208,-7.754660606384277,0.9995112017943204
mbe_15,nan,MBE-1972-78-part2,train,"Rider's counsel seeks to introduce an affidavit he obtained in preparation for trial from Dr. Bond, ",D,D,True,1,2037,108,"D  
The affidavit from Dr. Bond is inadmissible because it constitutes hearsay and does not fall within any exception outlined in the gold passage. Hearsay is defined as an out-of-court statement offered to prove the truth of the matter asserted, and since Dr. Bond is deceased, his statement cannot be cross-examined or verified in court. The affidavit does not qualify as a present sense impression, excited utterance, or any other exception listed in the passage, making it inadmissible under the hearsay rule.",,-12.253193855285645,-100.0,-100.0,-0.0031941127963364124,0.9999952149042728
mbe_16,nan,MBE-1972-78-part2,train,"Transit Company calls Observer to testify that right after the accident, Rider told hin that he had ",A,A,True,1,324,66,"(A) 

Observer's testimony is admissible as an admission of a party opponent. According to the gold passage, admissions by party-opponents are admissible, even if they are not based on personal knowledge. Since Rider's statement about his old back injury can be considered an admission regarding his condition, it falls under this rule.",,-0.9741098284721375,-100.0,-100.0,-12.349109649658203,0.9999885212298205
mbe_17,nan,MBE-1972-78-part2,train,Which of the following statements regarding the contract provision for preinspection payment is corr,C,C,True,1,591,74,"C  
The gold passage states that the buyer has a right to inspect the goods before payment or acceptance unless otherwise agreed. It also indicates that the provision for preinspection payment does not impair the buyer's right of inspection or his remedies. Therefore, the correct statement is that the contract provision for preinspection payment does not impair a buyer's right of inspection or his remedies.",,-100.0,-100.0,-19.000003814697266,-100.0,1.0
mbe_18,nan,MBE-1972-78-part2,train,What is Johnston's remedy because the wool was nonconforming?,C,C,True,1,483,122,"(C) 

The gold passage indicates that in contracts for the sale of goods, damages are measured by the difference between the contract price and the market price when the seller provides the goods, or when the buyer learns of the breach. Since Johnston discovered that the wool was nonconforming (No. 2 quality instead of No. 1 quality), he is entitled to damages that would allow him to cover the difference in value. Therefore, the appropriate remedy for Johnston is damages measured by the price paid plus the difference between the contract price and the cost of buying substitute goods, which aligns with option (C).",,-100.0,-3.8184409141540527,-3.4434409141540527,-100.0,0.5926665999540697
mbe_19,nan,MBE-1972-78-part2,train,Can Johnston resell the wool?,B,D,False,1,351,82,"D  
The gold passage states that the seller may resell the goods after any breach by the buyer. In this case, Johnston discovered that the wool was of a different quality than what was contracted for, which constitutes a breach. However, the passage does not provide any information that would support Johnston's right to resell the wool. Therefore, based on the information provided, Johnston cannot resell the wool.",,-6.767109394073486,-100.0,-100.0,-0.017109176144003868,0.9988304899895172
mbe_20,nan,MBE-1972-78-part2,train,Lord leased a warehouse building and the lot on which it stood to Taylor for a term of ten years. Th,A,A,True,1,372,88,"(A) Yes, because restraints on alienation of land are strictly construed.

The gold passage indicates that restraints on alienation are void as they go against public policy, which supports the idea that landowners should be able to freely dispose of their property. Therefore, since the lease contains a clause prohibiting subletting, it can be interpreted that such a restraint would not be enforceable, allowing Taylor to assign his interest under the lease.",,-4.053889751434326,-100.0,-100.0,-100.0,1.0
mbe_21,nan,MBE-1972-78-part2,train,"Diner, a drive-in hamburger and ice cream stand, recently opened for business in the suburban town o",D,D,True,1,724,91,"D  
The fact that the Householders were in the area before Diner opened is relevant but not controlling in determining their claim for private nuisance. The passage indicates that the ""coming to the nuisance"" defense is a factor that courts will consider, meaning that while it may influence the outcome, it does not automatically prioritize the Householders' interests over Diner's operations. Thus, the correct answer is that it is some, but not controlling, evidence.",,-100.0,-100.0,-100.0,-0.032838642597198486,1.0
mbe_22,nan,MBE-1972-78-part2,train,Paul's best defense to a charge of robbery would be that,D,B,False,1,476,90,"B  
Paul's best defense to a charge of robbery would be that he withdrew before the commission of the crime when he fled the scene. According to the gold passage, robbery involves the felonious taking of property from another by means of force or fear. Since Paul left the scene before any robbery was successfully completed (as Jack did not take any money from the teller), he can argue that he did not participate in the commission of the crime.",,-7.502052307128906,-0.002052120165899396,-8.252052307128906,-100.0,0.9991863198393625
mbe_23,nan,MBE-1972-78-part2,train,The prosecution's best argument to sustain the validity of the search of Jack's car would be that,C,C,True,1,633,119,"C  
The prosecution's best argument to sustain the validity of the search of Jack's car would be that Paul had, under the circumstances, sufficient standing and authority to consent to the search. The gold passage indicates that consent to search is valid if it is ""knowing and voluntary"" and given by one with authority to consent. Since Paul was the one driving the car and was present at the time of the search, he could potentially have the authority to consent to the search of the vehicle. The other options do not align with the established exceptions to the warrant requirement as outlined in the passage.",,-17.000335693359375,-100.0,-0.00033546582562848926,-100.0,0.999999958600634
mbe_24,nan,MBE-1972-78-part2,train,Pace sues Def Company for injuries suffered when Pace's car collided with Def Company's truck. Def's,B,B,True,1,422,71,"B  
No, because it is a privileged communication from client to the attorney. The gold passage explains that the attorney-client privilege protects communications made in confidence by a client and the client's employees to an attorney for the purpose of obtaining legal advice. Since the report was prepared at the request of the company's attorney in preparation for trial, it falls under this privilege.",,-10.023305892944336,-0.023305809125304222,-100.0,-100.0,0.9999546021351026
mbe_25,nan,MBE-1972-78-part2,train,The following facts concern a tract of land in a state which follows general United States law. Each,A,C,False,1,716,128,"C  
The gold passage discusses the necessity of contemporaneous assent and the invalidity of a deed if the required parties do not join in the execution. In this case, Paul, who received a quitclaim deed from Frank, may not have clear title because Frank's interest was derived from Bill, who had a life estate interest that could potentially involve additional heirs (Charles, Sam, and Sam's children). Since Sam may have additional children whose interests cannot be defeated, Paul cannot convey marketable record title without addressing these potential interests. Therefore, the answer is C, as Paul cannot convey the title regardless of who joins in the conveyance.",,-2.672976493835449,-100.0,-0.17297661304473877,-100.0,0.9241418116217418
mbe_26,nan,MBE-1972-78-part2,train,A necessary element in determining if Peter is liable for a trespass is whether,D,C,False,1,614,105,"C  
To establish a claim for trespass, the plaintiff must show that the defendant interfered with a possessory interest in the property without consent. The relevant element in determining if Peter is liable for trespass is whether he had reasonable grounds to believe the property belonged to a private person. This is important because if Peter reasonably believed he was not trespassing, it could affect the determination of whether he acted without consent. The other options do not directly relate to the necessary elements of trespass as outlined in the gold passage.",,-100.0,-1.7758594751358032,-0.7758594751358032,-1.0258594751358032,0.465835567266526
mbe_27,nan,MBE-1972-78-part2,train,"If Peter asserts a claim against Owner for loss of the boat, the most likely result is that Owner wi",A,A,True,1,540,109,"A  
The gold passage discusses a constable who becomes liable as a trespasser ab initio when he seizes property and refuses to allow the defendant to select exempt property. This implies that a person can be considered a trespasser if they unlawfully interfere with another's property rights. In this case, Owner untied Peter's boat and cast it adrift without lawful justification, which suggests that Owner's actions were wrongful. Therefore, Owner will have no defense under the circumstances, as he unlawfully interfered with Peter's property.",,-0.5268346071243286,-1.4018346071243286,-100.0,-100.0,0.7057850278370112
mbe_28,nan,MBE-1972-78-part2,train,"Park brought an action against Dan for injuries received in an automobile accident, alleging neglige",D,D,True,1,371,84,"D  
White's testimony is inadmissible to show negligence because, according to Rule 404, character evidence is generally inadmissible in most circumstances. While reputation may be relevant in certain contexts, such as defamation, it does not serve as admissible evidence to prove negligence in this case. The passage does not provide an exception that would allow for the use of reputation evidence to establish negligence in an automobile accident.",,-100.0,-6.264384746551514,-4.514384746551514,-0.014384675770998001,0.9871283889736682
mbe_30,nan,MBE-1972-78-part2,train,"In Duffer's letter of October 8, what was the legal effect of the language: ""This offer is not subje",D,D,True,1,710,104,"D  

The gold passage states that the offeror can reserve a power of revocation to be exercised in any way, and that the offeree must be informed of any limitations or reservations before acceptance. The language ""This offer is not subject to countermand"" does not create an irrevocable offer; rather, it indicates that the offeror has the power to revoke the offer at any time before acceptance. Therefore, the language did not affect Duffer's power to revoke the offer, making option D the correct choice.",,-11.500170707702637,-100.0,-13.375170707702637,-0.00017112065688706934,0.9999883165379136
mbe_31,nan,MBE-1972-78-part2,train,"In a lawsuit by Slicker against Duffer for breach of contract, what would the court probably decide ",B,C,False,1,719,89,"C  
The gold passage indicates that an offer can be revoked or withdrawn, and it implies that acceptance of the offer must be communicated to the offeror to be effective. Since Slicker's letter was not received by Duffer until November 10, the acceptance did not bind both parties to a contract until that point. Therefore, the court would likely decide that the letter bound both parties to a bilateral contract only when it was received by Duffer.",,-100.0,-1.3241851329803467,-0.5741850733757019,-100.0,0.6791787121629466
mbe_32,nan,MBE-1972-78-part2,train,What is the probable legal effect of Koolcat's conversation with Slicker and report that he (Koolcat,B,B,True,1,717,106,"B  
Unless a contract had already been formed between Slicker and Duffer, Koolcat's report to Slicker operated to terminate Slicker's power of accepting Duffer's offer. The gold passage indicates that termination of the offeree's power of acceptance can occur through various means, including a counteroffer by the offeree. Since Koolcat's conversation with Slicker could be interpreted as a counteroffer or a significant communication regarding the status of Duffer's acceptance, it likely affected Slicker's ability to accept Duffer's offer.",,-1.5465517044067383,-0.7965517640113831,-100.0,-100.0,0.6791786861878392
mbe_33,nan,MBE-1972-78-part2,train,"In a suit attacking the validity of a deed executed fifteen years ago, Plaintiff alleges mental inco",B,B,True,1,623,94,"B

Harry's affidavit is inadmissible as hearsay, as it is an out-of-court statement made by a third person (Harry) offered for the truth of its content (Joe's mental competency). The passage states that hearsay statements are inadmissible unless they fit into one of the recognized exceptions. Since there is no indication in the passage that Harry is an unavailable witness or that his statement fits any hearsay exception, the affidavit cannot be admitted.",,-7.188588619232178,-0.0635884553194046,-100.0,-100.0,0.9991959141960648
mbe_34,nan,MBE-1972-78-part2,train,"""A person is not responsible for criminal conduct if at the time of such conduct as a result of ment",D,D,True,1,304,78,"D  
The quotation provided in the question closely aligns with the description of the insanity defense under the Model Penal Code, as stated in the gold passage. It specifies that a person is not responsible for criminal conduct due to a mental disease or defect if they lack substantial capacity to appreciate the wrongfulness of their conduct or to conform to the law. This directly corresponds to the Model Penal Code provision.",,-100.0,-24.500003814697266,-100.0,-20.750003814697266,0.9770226300899744
mbe_35,nan,MBE-1972-78-part2,train,Payne had purchased one of the 140 lots and brought suit against Oscar to establish that the remaini,B,B,True,1,1883,124,"B  
The outcome turns on whether a common development scheme had been established for the entire subdivision. The gold passage emphasizes the importance of a scheme of development, which requires that the area be clearly defined and that the vendor intended to impose similar restrictions on all plots for the benefit of all purchasers. Since Oscar sold the first 140 lots with restrictions and later advertised the remaining lots as unrestricted, it raises the question of whether a common scheme exists that would bind all lots to the same restrictions. Thus, the determination of whether the remaining lots can be used only for residential purposes hinges on the existence of such a common development scheme.",,-100.0,-18.12501335144043,-100.0,-100.0,1.0
mbe_36,nan,MBE-1972-78-part2,train,Suppose that Oscar sold 50 lots during 1971 without inserting in the deeds any provisions relating t,D,D,True,1,993,122,"D  
The facts do not establish a common building or development scheme for the entire subdivision. According to the gold passage, the common scheme of development doctrine applies when a common owner subdivides property and has a general scheme of development that includes restrictions on the use of the property. In this case, while Oscar initially imposed restrictions on the first 140 lots, he later sold 50 lots without any restrictions, indicating a lack of a consistent general scheme for the entire subdivision. Therefore, Doyle can argue that there is no enforceable restriction on his lot, as it does not fall under a common scheme of development.",,-4.534837245941162,-100.0,-4.034837245941162,-0.03483717516064644,0.9714164277877304
mbe_37,nan,MBE-1972-78-part2,train,"Adam and Bailey. brothers, operated an illicit still. They customarily sold to anyone unless they su",B,C,False,1,522,126,"C  
The gold passage defines battery as an intentional, unconsented-to, injurious or otherwise offensive physical contact with the victim. Adam's act of shooting and wounding Mitchell constitutes battery, as it involved intentional and injurious contact. However, Bailey did not engage in any act of battery since he refused to sell liquor and was arrested without any physical contact. The passage does not indicate that the conspiracy was ongoing after Adam's arrest, which supports the idea that Bailey's actions were not part of the conspiracy. Therefore, Adam is guilty of battery, but Bailey is not, because the conspiracy had terminated with Adam's arrest.",,-2.0750670433044434,-1.575067162513733,-0.5750671625137329,-3.3250670433044434,0.6042524276390475
mbe_38,nan,MBE-1972-78-part2,train,The bus in which Pat was riding was struck from the rear by a taxi. He sued Cab Company for a claime,B,B,True,1,610,98,"B  
The doctor's testimony regarding the neck pain of the other passengers is admissible if other testimony establishes a causal connection between their pain and the accident. The gold passage indicates that expert witnesses can base their opinions on facts or data that may not be admissible themselves, as long as they are the type that experts in the field would reasonably rely on. Therefore, if there is sufficient evidence to connect the other passengers' pain to the accident, the doctor's testimony would be relevant and admissible.",,-4.3804731369018555,-0.1304730474948883,-100.0,-100.0,0.9859363741964572
mbe_39,nan,MBE-1972-78-part2,train,"Odum owned Brightacre (a tract of land) in fee simple. He conveyed it ""to Pike, his heirs and assign",B,D,False,1,304,80,"D  
The limitation ""to Farley, his heirs and assigns"" is invalid because it violates the Rule Against Perpetuities. The possibility of Farley's interest vesting is contingent upon him being alive thirty years from the date of the deed, which creates a potential for vesting beyond the perpetuity period. Therefore, the interest does not comply with the requirements set forth in the gold passage.",,-100.0,-2.8253672122955322,-4.825367450714111,-0.07536724209785461,0.9323317733685926
mbe_40,nan,MBE-1972-78-part2,train,Assume that the contractor had made no error and that Neff had paid only for labor and materials for,A,B,False,1,675,107,"B  
Owens' promise to hire a caretaker was not supported by consideration because he did not believe that Neff had a valid claim. In contract law, consideration requires that both parties provide something of value, and if one party does not believe they owe anything, their promise lacks the necessary consideration to support a contract. The gold passage indicates that a contract is aleatory when the performance depends on an uncertain event, but in this case, Owens' belief that Neff's claim was invalid means there was no genuine exchange of consideration.",,-3.9174818992614746,-0.6674818396568298,-100.0,-100.0,0.9626731147976793
mbe_41,nan,MBE-1972-78-part2,train,"Assuming there is an enforceable contract between Owens and Morse, does Neff have an action against ",A,C,False,1,935,116,"C  
No, because Neff is only an incidental beneficiary of the contract. The gold passage states that a third party can only recover on a contract if the parties intended to secure some benefit to that third party and entered into the contract directly for the third party's benefit. Neff does not appear to be a donee or creditor beneficiary, as there is no indication that the contract between Owens and Morse was intended to benefit Neff directly. Instead, Neff's benefit from the contract is incidental, as he was not the intended beneficiary of the agreement between Owens and Morse.",,-100.0,-100.0,-0.04670536890625954,-3.296705484390259,0.962673116805625
mbe_42,nan,MBE-1972-78-part2,train,Defendant was driving his automobile at a legal speed in a residential zone. A child darted out in f,C,C,True,1,374,118,"C  
The gold passage states that to find the defendant guilty of involuntary manslaughter, it must be shown that the act or acts charged were the proximate cause of the death. In this case, the defendant was driving at a legal speed and could not have prevented the accident when the child darted out in front of him. Therefore, the expired driver's license does not constitute a proximate cause of the child's death, as the accident occurred due to the child's sudden action, which was not influenced by the defendant's licensing status. Thus, the defendant should be found not guilty.",,-18.125028610229492,-15.125027656555176,-2.7848862373502925e-05,-100.0,0.9999997166017783
mbe_43,nan,MBE-1972-78-part2,train,"Pauline, an unmarried female, was prominent in the women's liberation movement. She recently gave bi",B,A,False,1,703,79,"A  
Pauline will not prevail because truth is a complete defense in a claim for public disclosure of private facts. The gold passage states that unlike defamation actions, truth is not a defense to a claim for public disclosure of private facts, which means that if the statements made by the Journal about her birth are true, she cannot successfully assert a claim for invasion of privacy based on those statements.",,-0.0011709370883181691,-14.626171112060547,-15.126171112060547,-100.0,0.999999284957536
mbe_44,nan,MBE-1972-78-part2,train,"Homer conveyed his home to his wife, Wanda, for life, remainder to his daughter, Dixie. There was a ",C,C,True,1,511,82,"C  
The gold passage discusses the nature of remainder interests and does not provide specific information about the obligations of a life tenant regarding mortgage payments. However, it is generally understood that a life tenant, such as Wanda, is responsible for the ordinary expenses of the property, which typically includes interest payments on a mortgage. Therefore, the correct statement is that Wanda must pay the portion of the monthly payment which represents interest.",,-7.3789544105529785,-100.0,-0.0039545632898807526,-100.0,0.999373665746286
mbe_45,nan,MBE-1972-78-part2,train,"The police, answering a complaint about noise, arrived at Sam's apartment and found Sam's wife dead ",B,B,True,1,514,91,"B  
The statement made by Sam was admissible because it was made at the scene, was essentially volunteered, and was not a product of a custodial interrogation. According to the gold passage, custodial interrogation involves questioning initiated by law enforcement after a person has been taken into custody or deprived of their freedom. Since Sam was not in custody at the time he made the statement, and it was not a result of interrogation, the statement is admissible.",,-10.798691749572754,-0.048691604286432266,-100.0,-100.0,0.9999785550546948
mbe_49,nan,MBE-1972-78-part2,train,John Smith has denied his purported signature on a letter which has become critical in a breach of c,D,D,True,1,601,125,"D  
The trial judge should overrule the objection on the ground that a layman may identify handwriting if he has seen the person in question write and has an opinion concerning the writing in question. According to the gold passage, nonexpert handwriting identification opinion testimony is admissible under Rule 901(b)(2) if it is based on familiarity not acquired for purposes of litigation, and a lay witness can provide such testimony if it meets the requirements of Rule 701. The teacher's prior experience with John Smith's handwriting in a school setting could qualify her testimony as admissible, provided she can establish her familiarity with his handwriting.",,-100.0,-100.0,-14.379079818725586,-0.004079708829522133,0.9999994284996159
mbe_50,nan,MBE-1972-78-part3,train,"If Susie's claim against Roger's Market is based on a negligence theory, Susie will",C,C,True,1,1212,111,"C  
The gold passage discusses the determination of negligence and due care, emphasizing that the question of negligence is typically for the jury to decide based on the facts presented. In this case, Roger's Market proved that it had no way of knowing the content of the can was likely to cause harm and had a history of selling West Beef Company's products without issues. Therefore, there was no evidence that Roger's Market failed to exercise due care in selling the corned beef to Susie. Thus, Susie would not recover against Roger's Market based on negligence.",,-100.0,-100.0,-19.000003814697266,-100.0,1.0
mbe_51,nan,MBE-1972-78-part3,train,"If Susie's claim against West Beef Company is based on the theory of strict liability in tort, Susie",A,C,False,1,856,107,"C  
Susie's claim against West Beef Company is based on strict liability, which requires that the defect existed when the product left the defendant's control. The gold passage indicates that to prove a product-liability claim, the defect must exist when the product leaves the control of the manufacturer. Since West Beef Company did not process or pack the corned beef and it was actually Meat Packers, Inc. that was negligent, there is no privity of contract between Susie and West Beef Company, and thus she cannot recover under strict liability.",,-6.507711887359619,-100.0,-0.007711800746619701,-5.507711887359619,0.9944408665768155
mbe_54,nan,MBE-1972-78-part3,train,"A newly-enacted state criminal statute provides, in its entirety, ""No person shall utter to another ",C,B,False,1,377,69,"B  
The gold passage states that Congress shall make no law abridging the freedom of speech. This implies that any statute that seeks to restrict speech, such as the one in question, may be unconstitutional under the First and Fourteenth Amendments. Therefore, Smith cannot be convicted under this statute because it likely violates his right to free speech.",,-11.256732940673828,-0.006732660811394453,-100.0,-100.0,0.9999869928751736
mbe_55,nan,MBE-1972-78-part3,train,In which of the following situations is Defendant's claim of intoxication most likely to result in h,B,B,True,1,399,100,"B

Defendant's claim of intoxication is most likely to result in a not guilty finding in situation (B) because the charge is assault with intent to kill, which requires specific intent. If the defendant was so drunk that he did not realize anyone else was around when he fired the gun, this could negate the specific intent to kill required for the charge. The gold passage emphasizes the necessity of proving specific intent to kill for the assault charge, making intoxication a relevant defense in this scenario.",,-7.253317832946777,-0.0033176883589476347,-6.003317832946777,-9.378317832946777,0.9967369381029636
mbe_56,nan,MBE-1972-78-part3,train,"Asserting that his title was held free of any claim by Barrett, Allred instituted suit against Barre",A,B,False,1,674,82,"B  
Barrett's grantor, Niece, recorded before Allred. The gold passage emphasizes the importance of the chain of title and that a properly recorded deed will prevail over one that is not recorded. Since Niece recorded her deed before Allred recorded his, this gives Barrett a stronger claim to the title, as Niece's recorded deed establishes a valid chain of title that Barrett can rely on.",,-3.4274959564208984,-0.4274960160255432,-5.177495956420898,-1.1774959564208984,0.6532509187656435
mbe_57,nan,MBE-1972-78-part3,train,"Asserting that his title was held free of any claim by Leon, Allred instituted suit against Leon to ",D,C,False,1,592,108,"C  
The gold passage discusses the rights of an owner of property in relation to damage inflicted before their purchase, but it does not provide specific information about the rights of subsequent purchasers or the implications of recording deeds and mortgages. However, based on the context of the fact pattern, Leon recorded his mortgage before Allred recorded his deed, which would typically give Leon priority over Allred under the statute mentioned. Therefore, judgment should be for Leon, as he advanced money without notice of Allred's rights, and his recorded mortgage would take precedence.",,-2.5662918090820312,-100.0,-0.5662917494773865,-1.3162918090820312,0.6220058969591926
mbe_58,nan,MBE-1972-78-part3,train,Assume for this question only that Niece had not conveyed to Barrett. After Allred recorded his deed,C,C,True,1,649,101,"C  
Allred should prevail because Niece was not a bona fide purchaser who paid value. According to the gold passage, a bona fide purchaser for value is one who has paid valuable consideration without notice of another's claim. Since Niece received her deed gratuitously from Owen, she did not pay value for the property, which disqualifies her from being considered a bona fide purchaser. Therefore, Allred, who paid value and had no notice of Niece's claim, would have superior title.",,-1.5980682373046875,-1.9730682373046875,-0.8480682969093323,-100.0,0.5564771226008967
mbe_59,nan,MBE-1972-78-part3,train,"For this question only, assume that Ohner and Byer were bound by a contract for the sale of lot 101 ",B,B,True,1,677,150,"B  
The gold passage discusses the common scheme doctrine related to the development of land and does not provide any information about the pricing of lots or the formation of contracts. However, based on the fact pattern, Byer initially accepted the offer for lot 101 at $5,000. After Ohner's call, Byer agreed to pay $6,000 for lot 101, which indicates a modification of the original contract for that specific lot. When Byer later telegraphed to accept the offer for the remaining lots, it is reasonable to conclude that he would pay $6,000 for lot 101 and $5,000 for the remaining forty-nine lots, as the original offer for those lots had not been modified. Thus,",,-2.051604747772217,-0.8016048669815063,-100.0,-100.0,0.7772998405389918
mbe_60,nan,MBE-1972-78-part3,train,"For this question only, assume that on May 5 Ohner telephoned Byer that he had sold lots 102 through",D,C,False,1,620,74,"C  
Byer's power of acceptance was terminated by Ohner's sale of the lots to another party. The gold passage indicates that an offer can be revoked before acceptance, and once the lots were sold to someone else, Byer could no longer accept the offer for those lots. Therefore, Byer would not succeed in an action against Ohner for breach of contract.",,-100.0,-100.0,-0.011154402047395706,-9.261154174804688,0.9999038975626641
mbe_61,nan,MBE-1972-78-part3,train,"For this question only, assume that on May 6 Byer telegraphed Ohner. ""Will take the rest of the lots",C,C,True,1,463,107,"C  
The gold passage discusses the implied covenant of good faith and fair dealing in contracts, which suggests that a party's actions can affect the enforceability of an agreement. In this scenario, Byer's acceptance of the offer for lot 101 could be interpreted as a termination of the original offer for the remaining lots, as he has already contracted for one lot. Therefore, Ohner could argue that he is not liable for breach of contract regarding the remaining lots because Byer's acceptance of the first lot effectively ended the offer for the others.",,-100.0,-100.0,-0.612155556678772,-0.862155556678772,0.5621765008857981
mbe_62,nan,MBE-1972-78-part3,train,Philip was a 10-year-old boy. Macco was a company that sold new and used machinery. Macco stored dis,D,D,True,1,662,119,"D  
The most significant factor in determining whether Macco breached a duty to Philip is whether Macco could have eliminated the risk of harm without unduly interfering with Macco's normal operations. This consideration aligns with the balancing test mentioned in the gold passage, which weighs the gravity of the harm against the utility of the defendant's conduct. If Macco could have taken reasonable steps to mitigate the risk of injury to children playing in the area without significantly disrupting its operations, it would indicate a breach of duty. The other options do not directly address the duty of care owed to Philip in this context.",,-10.002001762390137,-100.0,-100.0,-0.00200203456915915,0.9999546021189417
mbe_63,nan,MBE-1972-78-part3,train,"If Rescuer asserts a claim against Si for personal injuries, Rescuer will",B,B,True,1,403,98,"B  
Rescuer will prevail because Si was at fault in causing the fire. The gold passage states that a person who creates a dangerous situation through negligence has a duty to both the imperiled victim and the rescuer. Si's actions in siphoning gasoline without consent created a situation that led to the fire, which in turn necessitated the rescue. Therefore, Si's negligence in creating the dangerous situation makes him liable for the injuries sustained by Rescuer while attempting to save him.",,-11.127520561218262,-0.002520965179428458,-10.502520561218262,-100.0,0.9999577261215137
mbe_64,nan,MBE-1972-78-part3,train,"If Rescuer asserts a claim against Neighbor personal injuries, Rescuer will",C,C,True,1,330,87,"C  
According to the gold passage, an injury that occurs during a rescue effort should be attributed to the party that exposed the person who required assistance to the danger. In this case, Neighbor was not at fault because Si was the one siphoning gasoline without consent, which created the dangerous situation. Therefore, Rescuer cannot prevail against Neighbor for personal injuries, as Neighbor did not create the risk that led to the need for rescue.",,-17.000261306762695,-17.250261306762695,-0.0002614550176076591,-100.0,0.9999999263587499
mbe_65,nan,MBE-1972-78-part3,train,Defendant was tried for robbery. Victim Worth were the only witnesses called to.t tify. Victim testi,C,A,False,1,344,150,"(A) robbery only

The gold passage defines robbery as the ""felonious taking of ... [any] article of value, in the possession of another, from his person or immediate presence, and against his will, accomplished by means of force or fear."" In this case, the victim testified that the defendant threatened her with a knife and took her purse, which satisfies the elements of robbery, including the use of force or fear. Although Worth did not see a knife or threats, the victim's testimony alone is sufficient for the jury to find the defendant guilty of robbery. 

Larceny, on the other hand, is not defined in the passage, and without the necessary elements of force or fear, the jury could not properly return a verdict",,-100.0,-100.0,-2.3166167736053467,-100.0,3.772642832154773e-43
mbe_67,nan,MBE-1972-78-part3,train,Congressional legislation authorizing marriages and divorces as a matter of federal law on prescribe,D,D,True,1,394,92,"D  
The gold passage discusses the authority of the President to settle claims through executive agreements and mentions that laws passed after such agreements may abrogate them. However, it does not provide support for the other options regarding the scope of congressional legislation on marriages and divorces. Option D, which applies only to the District of Columbia, is the most straightforward and least likely to conflict with existing laws or agreements, making it the most easily upheld choice based on the passage.",,-1.0592339038848877,-100.0,-3.0592339038848877,-0.5592339038848877,0.5922010701861591
mbe_73,nan,MBE-1972-78-part3,train,"If Driver asserts a claim against Trucker and establishes that Trucker was negligent, the likely res",C,C,True,1,712,107,"C  
The gold passage indicates that legal cause is established if an injury was foreseeable as the type of harm that a reasonable person would expect to see as a likely result of their conduct. Since Trucker parked in a manner that obstructed the view of the traffic light, it is foreseeable that this could lead to an accident at the intersection. Therefore, Trucker's negligence is both an actual cause (his actions directly led to the circumstances of the accident) and a legal cause (the type of harm resulting from his conduct was foreseeable).",,-6.273035526275635,-6.273035526275635,-0.02303546480834484,-100.0,0.9961539412440187
mbe_74,nan,MBE-1972-78-part3,train,"If Driver asserts a claim against City, the theory on which he has the best chance of prevailing is ",B,B,True,1,814,97,"B  
The gold passage discusses ""Failure to Repair"" lawsuits, which involve a party's disregard for their duty to repair dangerous conditions that result in injury to another person. In this case, City had a duty to maintain the traffic signals in good operating order, and the failure to replace the broken pole within seventy-two hours created a dangerous condition that contributed to the accident. Therefore, Driver's best chance of prevailing is based on the City's negligence in not promptly addressing the broken traffic signal.",,-100.0,-0.0003987336531281471,-9.000398635864258,-9.750398635864258,0.9998183285249356
mbe_75,nan,MBE-1972-78-part3,train,Which of the following potential plaintiffs is most likely to be able to obtain a judicial determina,B,B,True,1,527,108,"B  
Contractors who have been awarded contracts by the state of Atlantic for specified highway construction projects have a direct and substantial interest in the federal highway construction funds. Their contracts are contingent on the receipt of these funds, creating an actual, present, and existing dispute regarding the validity of the federal statute. This aligns with the requirements outlined in the gold passage, as they have genuine and opposing interests that necessitate a judicial determination. The other options do not demonstrate the same level of direct and substantial interest in the outcome of the statute's validity.",,-2.60573673248291,-0.2307368367910385,-3.10573673248291,-100.0,0.8699959453472651
mbe_76,nan,MBE-1972-78-part3,train,The strongest argument that can be made in support of the constitutionality of this federal statute ,C,C,True,1,536,107,"C  
The strongest argument in support of the constitutionality of the federal statute is that Congress could reasonably believe that the 55 mile-an-hour speed limit will assure that the federal money spent on highways results in greater benefit than harm to the public. The gold passage indicates that Congress has broad discretion to tax and spend for the general welfare and can impose limits on the use of funds to ensure they are used as intended. This suggests that Congress can set conditions on federal funding, such as the speed limit, to promote public safety and welfare.",,-15.875017166137695,-19.000017166137695,-1.688212614681106e-05,-100.0,0.9999998668782
mbe_77,nan,MBE-1972-78-part3,train,The federal statute relating to disbursement of highway funds conditioned on the 55 mile-an-hour spe,D,B,False,1,431,103,"B  
The gold passage indicates that Congress has the power to attach conditions on the receipt of federal funds to further broad policy objectives. This suggests that the federal statute conditioning highway construction funding on the enactment of a speed limit is constitutional based on Congress's spending power. The passage does not provide support for the commerce power being the basis for the statute's constitutionality, nor does it suggest that the statute is unconstitutional. Therefore, the most appropriate answer is that it is constitutional only on the basis of the spending power.",,-100.0,-0.018187405541539192,-100.0,-10.518187522888184,0.9999724643121166
mbe_78,nan,MBE-1972-78-part3,train,"Detective received informal from Informant, who had given reliable information many times in the pas",B,D,False,1,526,107,"D  
The passage indicates that to establish probable cause, police officers must point to objective circumstances that lead them to believe a suspect committed a crime. In this case, the Detective had information from an Informant who had proven reliable in the past, and the information provided was specific about a past occurrence of drug dealing. This suggests that there were objective circumstances supporting the belief that Harry was involved in criminal activity, which would justify the issuance of a search warrant. Therefore, Harry's motion to suppress the evidence is most likely to be denied.",,-13.250019073486328,-12.500019073486328,-100.0,-1.8789383830153383e-05,0.9999945130321817
mbe_79,nan,MBE-1972-78-part3,train,Defendant sold heroin to Morgan. Morgan was later stopped by police for speeding. The police searche,C,C,True,1,294,81,"C  
The gold passage states that only persons whose privacy or property interests are violated may object to a search on Fourth Amendment grounds. Since the Defendant sold the heroin to Morgan, he does not have standing to object to the search of Morgan's car, as he has no privacy or property interest in that vehicle. Therefore, the motion to prevent the introduction of the heroin into evidence will most probably be denied.",,-100.0,-100.0,-18.876928329467773,-21.126928329467773,0.9046505351008906
mbe_80,nan,MBE-1972-78-part3,train,"Defendant visited a fellow college student, James, in James's dormitory room. They drank some beer. ",B,D,False,1,572,146,"D  
The gold passage defines larceny as the fraudulent and wrongful taking and carrying away of the property of another with intent to convert such property to the taker's use without the consent of the owner. In this scenario, Defendant did not take the marijuana cigarettes with the intent to convert them to his own use; rather, he disposed of them out of fear of being caught. Therefore, he did not meet the elements of larceny. Additionally, the passage does not provide any information that would support a finding of burglary, as it does not indicate that Defendant had the intent to commit a felony or theft at the time of entering James's room. Thus, he should be found guilty of neither burglary nor larceny.",,-4.470799922943115,-2.8457999229431152,-4.095799922943115,-0.09579989314079285,0.9133824452187276
mbe_82,nan,MBE-1972-78-part3,train,Courts hold such a devise valid under the common-law Rule Against Perpetuities. What is the best exp,A,B,False,1,359,66,"B  
The rule of convenience specifies that the class of beneficiaries closes when any grandchild reaches the age of 21. In this case, since the devise includes all grandchildren whenever born, the class will be closed when the first grandchild reaches the age of 21, thus ensuring compliance with the Rule Against Perpetuities.",,-100.0,-18.125017166137695,-100.0,-100.0,1.0
mbe_83,nan,MBE-1972-78-part3,train,Which of the following additions to or changes in the facts of the preceding question would produce ,C,C,True,1,334,150,"C  
The gold passage states that an inter vivos transfer is a transfer of property made during a person's lifetime, while a testamentary transfer is made in a will after death. The question asks which change would produce a violation of the common-law Rule Against Perpetuities. Since the passage does not provide any information about the Rule Against Perpetuities in relation to inter vivos transfers, it implies that the nature of the transfer (inter vivos vs. testamentary) could affect the application of the rule. Therefore, if the instrument were an inter vivos conveyance rather than a will, it could potentially lead to a violation of the Rule Against Perpetuities, as the timing and conditions of the transfer would differ from those of a will.",,-2.5525641441345215,-2.8025641441345215,-0.17756423354148865,-3.9275641441345215,0.8410626931782382
mbe_84,nan,MBE-1972-78-part3,train,"In an action by Doctor against Victim to recover $1,000, Doctor's best theory ofrecovery is that Doc",D,A,False,1,641,95,"A  
Doctor is a creditor beneficiary of the employment contract between Victim and First. According to the gold passage, a creditor beneficiary is defined as someone for whom the performance of the promise will satisfy an actual or supposed or asserted duty of the promisee to the beneficiary. In this case, First's promise to pay Doctor for the medical services provided to Victim creates a duty that First has to Doctor, making Doctor a creditor beneficiary of the contract between Victim and First.",,-0.014179147779941559,-11.514179229736328,-13.014179229736328,-100.0,0.9999876097315304
mbe_85,nan,MBE-1972-78-part3,train,"In an action by Doctor against First upon First's employment contract with Victim, First is likely t",D,C,False,1,619,93,"C  
The gold passage indicates that a plaintiff must establish a representation, justifiable reliance, and a change in position to their detriment to successfully assert a claim for detrimental reliance. In this case, Doctor is a third party who cannot acquire valid claims under the attorney-client contract between First and Victim, as the contract is nonassignable. Therefore, First is likely to argue that Doctor has no valid claim against him based on the employment contract with Victim.",,-11.87829303741455,-100.0,-0.0032929708249866962,-9.25329303741455,0.9998969366732231
mbe_86,nan,MBE-1972-78-part3,train,"In an action by Doctor against First upon First's employment contract with Victim, if First attempte",A,C,False,1,621,116,"C  
The gold passage discusses the concept of consent, particularly focusing on the idea that consent can be implied or expressed. However, it does not provide any information regarding the effectiveness of a release or the necessity of consideration for a release to be valid. Therefore, the argument that ""there was no consideration for Victim's release of First"" (Choice C) is the most relevant to the passage, as it implies a lack of valid consent due to the absence of consideration, which is a necessary element for a binding agreement. The other options do not find support in the passage.",,-3.1351091861724854,-100.0,-0.13510918617248535,-2.6351091861724854,0.8834920740271945
mbe_87,nan,MBE-1972-78-part3,train,"In an action by Doctor against Second, Second is most likely to argue on these facts that",C,C,True,1,756,150,"C  
The gold passage explains that donee beneficiaries receive benefits from a contract as a gift and are not technically parties to the contract. It also states that donee beneficiaries can only claim legal rights after the contract has been executed and that creditor beneficiaries can only file suits once they are aware of the contracts or intended benefits. In this case, Doctor is not a party to the contract between First and Victim, and there is insufficient evidence to support a finding that Doctor was either a creditor or donee beneficiary of Second's promise to First, as Doctor was not informed of First's promise and did not have a vested right to the benefits. Therefore, Second is likely to argue that there is insufficient evidence to support a finding that Doctor was a creditor or",,-6.523001670837402,-4.273001670837402,-0.02300156280398369,-100.0,0.9844770887649615
mbe_88,nan,MBE-1972-78-part3,train,"Davis calls Bystander to testify that Passenger, who was riding in Peters' automobile and who also w",C,C,True,1,373,71,"C  
Bystander's testimony is inadmissible because it is hearsay, not within any exception. The gold passage discusses statements against penal interest but does not provide any basis for admitting Bystander's testimony as an admission of a party opponent or a declaration against interest. Therefore, the correct answer is that it is inadmissible hearsay.",,-18.625036239624023,-16.875036239624023,-3.547789674485102e-05,-100.0,0.999999944936384
mbe_89,nan,MBE-1972-78-part3,train,Davis offers to have Bystander testify that he was talking to Witness when he heard the crash and he,A,C,False,1,336,93,"C  
Bystander's testimony is inadmissible as hearsay because it is a statement made by Witness, who is now deceased and cannot testify. The statement does not qualify as a present sense impression since it was not made by Bystander at the time of the event, but rather is a recounting of what Witness allegedly said after the fact. Therefore, it does not fit within any exception to the hearsay rule as described in the gold passage.",,-8.011642456054688,-100.0,-0.011642463505268097,-100.0,0.9996646498670357
mbe_90,nan,MBE-1972-78-part3,train,Litigant calls Driver to testify in Litigant's case in chief to admissions made by Owner in the conf,C,C,True,1,490,119,"C  
The court should rule that Driver's testimony is inadmissible because of the attorney-client privilege. According to the gold passage, a client has the privilege to refuse to disclose confidential communications made for the purpose of facilitating the rendition of professional legal services. The communication in the conference was intended to be confidential, as it involved discussions between Owner, Attorney, and the investigator, Irving, who was present to assist in the legal representation. Since Driver was not part of the privileged communication and the discussion was not intended to be disclosed to him, the privilege protects the communications from being disclosed in court.",,-100.0,-100.0,-19.62502098083496,-100.0,1.0
mbe_91,nan,MBE-1972-78-part3,train,Driver calls Irving in his defense against the cross-claim. He seeks to have Irving testify to admis,A,D,False,1,472,71,"D  
The attorney-client privilege protects communications made in confidence between a client and their attorney, and it is only waived by the client. In this case, Owner has not waived the attorney-client privilege regarding the communications made during the conference with Attorney and Irving. Therefore, Irving's testimony about admissions made by Owner in that confidential setting would be inadmissible.",,-12.501945495605469,-100.0,-100.0,-0.00194565299898386,0.9999962733601292
mbe_94,nan,MBE-1972-78-part3,train,"Policeman undertook to arrest Fan for throwing a pop bottle, and hitting a baseball umpire. Fan was ",D,D,True,1,751,105,"D  
The gold passage discusses the concept of ""heat of passion"" and the emotional state required for a defendant to be entitled to a reduced charge. In case D, the defendant acted out of intense emotional excitement upon suspecting his wife of adultery, which aligns with the definition of ""heat of passion"" as described in the passage. The circumstances leading to the act (suspected adultery and being informed of it) could be seen as sufficient provocation, making this case most applicable as a precedent for the question.",,-3.3747398853302,-2.6247398853302,-1.2497398853302002,-0.4997398853302002,0.6067167203651356
mbe_95,nan,MBE-1972-78-part3,train,"Policeman, having a warrant for Defendant's arrest for a felonious assault, went to his home to arre",A,B,False,1,803,127,"B  
The gold passage discusses the definition of second-degree murder and the criteria for determining whether a lesser-included offense should be submitted to the jury. In case B, the defendant was involved in a bank robbery that resulted in the death of a policeman during a chase, which aligns with the elements of second-degree murder as it involves an unlawful killing with malice. The conviction was affirmed, indicating that the evidence supported a finding of murder rather than a lesser offense. This case is most applicable as a precedent for the situation described in the question, where the defendant's actions led to the fatal stabbing of a policeman during an arrest attempt.",,-1.1540844440460205,-0.6540843844413757,-2.0290844440460205,-3.4040844440460205,0.5199402109939527
mbe_96,nan,MBE-1972-78-part3,train,The strongest argument for Zane is that,B,A,False,1,339,93,"(A) 

The gold passage indicates that state laws restricting the rights of aliens conflict with national policies in areas constitutionally entrusted to the Federal Government. This suggests that states cannot impose restrictions on aliens that interfere with their rights, such as owning land. Therefore, Zane's strongest argument is that the state law violates the principles established by the federal government regarding the treatment of aliens, which aligns with the commerce clause's intent to prevent state interference in matters of national concern.",,-2.563477039337158,-1.3134770393371582,-100.0,-100.0,0.22270013882530884
mbe_97,nan,MBE-1972-78-part3,train,The federal court should,D,D,True,1,427,65,"D  
The federal court should hear the action because a federal question is presented. The case involves a challenge to the constitutionality of a state law that discriminates against aliens, which raises a federal question regarding the rights of aliens under federal law. This aligns with the principle that federal courts have jurisdiction over cases involving federal questions.",,-19.000123977661133,-100.0,-100.0,-0.0001234428636962548,0.9999999943972067
mbe_98,nan,MBE-1972-78-part3,train,"Assume that Green tendered the $2,500 on March 15, and that Brown refused to accept it or to perform",D,D,True,1,635,82,"D  
The gold passage states that contracts need not be in writing to be enforceable unless required by law. Since both the Green-Brown agreement and the Clark-Green agreement were oral and there is no indication that a writing is required by law for these types of agreements, both agreements are enforceable. Therefore, Brown cannot successfully use either defense I or II, as both agreements are valid despite being oral.",,-5.277027606964111,-4.027027606964111,-5.777027606964111,-0.027027614414691925,0.9739507727409115
mbe_99,nan,MBE-1972-78-part3,train,"Assume that Green paid the $2,500 on March 15 and that Brown completed the boathouse according to sp",B,A,False,1,475,150,"A  
According to the gold passage, when one party repudiates a contract, the innocent party (in this case, Brown) may treat the repudiation as a breach. Since Green repudiated the contract after paying the first installment and Brown completed the boathouse, Brown has a cause of action against Green for the unpaid second installment of $2,500. Therefore, statement I is correct. 

However, the passage does not support the idea that Brown can refuse to dig the channel without being liable for breach of contract. The passage only discusses the rights of the innocent party in the event of repudiation and does not provide any basis for Brown to refuse performance without consequences. Thus, statement II is not supported by the passage. 

Therefore,",,-0.13465961813926697,-100.0,-5.259659767150879,-100.0,0.9940889320193674
mbe_100,nan,MBE-1972-78-part3,train,"Assume that Green paid the $2,500 on March 15, that Brown completed the boathouse, that Green paid t",A,A,True,1,842,150,"A

Green has a cause of action against Brown for breach of contract because Brown did not complete the digging of the channel by the agreed-upon date of June 1, and he completed it instead on July 1. This delay constitutes a breach of the contract, as it indicates that Brown failed to perform his obligations as promised. 

However, Green is not excused from paying the $5,000 installment because the passage does not indicate that a delay in performance automatically excuses payment. The passage discusses repudiation and anticipatory breach but does not state that a mere delay in performance, without an unconditional refusal to perform, would excuse the other party from fulfilling their payment obligations. Therefore, Green is still required to pay the $5,000 despite",,-0.2709828019142151,-100.0,-2.8959827423095703,-2.7709827423095703,0.8661572539882778
mbe_101,nan,MBE-1972-78-part4,train,"Customer. aged twenty, went into Store at approximately 6:45 p.m. to look at some suits that were on",B,B,True,1,1060,101,"B  
The gold passage states that for an actor to be liable for battery, it is sufficient that they intentionally cause an offensive contact, irrespective of whether it results directly or indirectly from the other's conduct. The chemical spray that Customer encountered can be considered an offensive contact, as it was a substance that was sprayed on him without his consent. Therefore, to prevail on a claim against Store based on battery from the use of the chemical spray, Customer must establish that the spray mist was an offensive or harmful contact.",,-100.0,-18.875001907348633,-100.0,-100.0,1.0
mbe_103,nan,MBE-1972-78-part4,train,"If Victim starts an action against Insurer forty days after the insurance settlement agreement, can ",D,D,True,1,940,110,"D  
Victim cannot recover because he has made at least one effective assignment of his claim against Insurer, and Insurer has notice thereof. The gold passage states that an assignment generally transfers rights to the assignee and that the assignor remains liable unless there is an agreement to the contrary. Since Victim assigned the settlement memorandum to Hospital, which then assigned it to Holder, this creates a situation where Insurer is aware of the assignment. Therefore, Victim's ability to recover is affected by this assignment, making option D the correct answer.",,-4.5378241539001465,-100.0,-100.0,-0.0378241091966629,0.9890130578551651
mbe_104,nan,MBE-1972-78-part4,train,"In view of Tortfeasor's age and irresponsibility when Insurer issued his liability policy, can Holde",D,D,True,1,890,110,"D  
The gold passage indicates that if a party to a contract assigns their rights to a third party, that third party may enforce the contract. In this case, both Holder and ABC Furniture are assignees of Victim's claim arising from the Insurer's settlement agreement. The passage does not state that the agreement is vitiated by Tortfeasor's minority and irresponsibility, which means that the assignments are valid. Therefore, either Holder or ABC Furniture can recover as assignees of Victim's claim, depending on priority.",,-5.510335922241211,-100.0,-5.260335922241211,-0.010335799306631088,0.9907520344897309
mbe_108,nan,MBE-1972-78-part4,train,The city of Newtown adopted an ordinance providing that street demonstrations involving more than 15,B,B,True,1,530,123,"B  
The strongest argument for the unconstitutionality of both parts of the ordinance on their face is that laws regulating expressive conduct or speech may not be overbroad or unduly vague. The gold passage discusses the void-for-vagueness doctrine, which states that a statute is unconstitutionally vague if it does not provide a person of ordinary intelligence a reasonable opportunity to know what is prohibited or fails to provide explicit standards to prevent arbitrary enforcement. This principle directly applies to the ordinance's provisions regarding street demonstrations and the use of opprobrious words, suggesting that they may lack the necessary clarity and standards.",,-11.37653636932373,-0.0015359314857050776,-10.87653636932373,-100.0,0.9999695965314064
mbe_109,nan,MBE-1972-78-part4,train,The landlord's consent to the police officer's search of Defendant's apartment is,D,D,True,1,581,87,"D  
The landlord's consent to the police officer's search of Defendant's apartment is not a waiver of Defendant's Fourth Amendment rights because the landlord had neither actual nor apparent authority to permit the entry. The gold passage emphasizes that a valid waiver of Fourth Amendment rights requires an intelligent relinquishment of a known right, and the landlord's authority to enter for repairs does not extend to allowing police searches without probable cause or the tenant's consent.",,-100.0,-6.645779609680176,-4.020779609680176,-0.020779520273208618,0.9807359744698273
mbe_110,nan,MBE-1972-78-part4,train,"If Defendant undertakes to challenge the search of his apartment, he has",B,B,True,1,591,84,"B  
The standing inquiry requires that the plaintiff must have personally suffered a concrete and particularized injury that is fairly traceable to the challenged actions. In this case, Defendant still has a sufficient interest in the apartment, even while in jail, which supports his standing to challenge the search. The passage does not indicate that being in jail negates his interest in the apartment or his ability to claim an injury from the search.",,-8.390191078186035,-0.015191477723419666,-4.265191555023193,-100.0,0.9857123044204436
mbe_111,nan,MBE-1972-78-part4,train,Assume for this question only that Seller dies before closing and his will leaves his personal prope,C,B,False,1,476,91,"B  
Rose is entitled to the proceeds of the sale when it closes, because the doctrine of equitable conversion does not apply to these circumstances. The gold passage indicates that the proceeds of a judicial sale of real property retain the character of real estate for purposes of distribution, and it suggests that equitable conversion may not apply if the circumstances do not warrant it. Since the agreement was not breached and the property was left to Rose, she is entitled to the proceeds.",,-100.0,-0.7470462918281555,-1.2470462322235107,-100.0,0.6224593171945417
mbe_112,nan,MBE-1972-78-part4,train,"Assume for this question only that Buyer dies before closing, there being no breach of the agreement",A,C,False,1,391,104,"C  
The gold passage does not provide any information relevant to the specific situation of a real estate contract and the effects of a party's death on such an agreement. However, based on the general principles of contract law, the death of a party typically does not terminate a contract unless specifically stated. Since the passage does not support any of the other options, and given the context of the question, the most appropriate answer is that death terminates the agreement, as it aligns with the lack of information supporting the other choices.",,-1.9713135957717896,-100.0,-0.8463135957717896,-100.0,0.7549149868676283
mbe_113,nan,MBE-1972-78-part4,train,"Assuming that Sawtooth committed a total breach on March 1. 1972, what would be the probable measure",B,B,True,1,879,118,"B  
The gold passage states that the proper measure of damages in a breach of contract case is the amount that will place the non-breaching party in as satisfactory a position as it would have been had the contract been fully performed. In this case, the most appropriate measure of damages for Farquart would be the cost to complete the house by another contractor, minus any installments not yet paid to Sawtooth. This aligns with the principle of putting the non-breaching party in the position they would have been in had the contract been performed, which is best represented by option B.",,-100.0,-0.11246868222951889,-3.612468719482422,-100.0,0.9706877703086015
mbe_114,nan,MBE-1972-78-part4,train,"Assuming that Sawtooth committed a total breach on March 1, 1972, and assuming further that he was a",C,C,True,1,840,111,"C  
The gold passage states that consequential damages may be awarded when the loss flows naturally and probably from the breach and was contemplated by the parties when the contract was made. In this case, Farquart's claim for consequential damages would be best supported by the fact that he incurred additional expenses in providing temporary housing for Junior and his bride due to the delay in completing the house. This situation is a reasonably foreseeable economic loss that directly results from the breach, as the purpose of the contract was to provide a house for Junior and his bride by their wedding date.",,-9.500076293945312,-100.0,-7.612634362885728e-05,-100.0,0.9999251537850329
mbe_115,nan,MBE-1972-78-part4,train,What was the probable legal effect of the following? I. Sawtooth's failure to object to Farquart's m,B,B,True,1,879,150,"(B) Waiver of delay in payment as to I and revocable waiver as to II

The gold passage discusses the concept of waiver, indicating that a waiver is a voluntary relinquishment of a known right. In the context of I, Sawtooth's failure to object to the non-payments during the specified months can be interpreted as a waiver of his right to demand those payments, as he acted in a way that demonstrated an intention to waive that right. 

For II, Farquart's making of payments without requiring a certificate from Builders could be seen as a revocable waiver of the requirement for the certificate, as it does not definitively relinquish the right to later insist on the certificate but shows a temporary acceptance of the situation. Thus",,-3.309751272201538,-1.809751272201538,-100.0,-100.0,0.8175744761936437
mbe_116,nan,MBE-1972-78-part4,train,Construction Company contracted to build a laundry for Wash Company on the latter's vacant lot in a ,A,A,True,1,499,87,"A  
The plaintiff will likely recover because the Construction Company left the open trench unprotected, which created a dangerous condition. The gold passage indicates that an activity is inherently dangerous if it is likely to cause injury if proper precautions are not taken. In this case, the lack of barriers around the trench and the knowledge of Wash Company about the open trench suggest that the Construction Company failed to take necessary precautions, leading to the injury of Tommy.",,-0.04179329052567482,-100.0,-5.791793346405029,-7.666793346405029,0.9963425502091477
mbe_117,nan,MBE-1972-78-part4,train,"Doctor, a licensed physician, resided in her own home. The street in front of the home had a gradual",C,C,True,1,702,108,"C  
The gold passage discusses contributory negligence and assumption of risk, indicating that a plaintiff's conduct can fall below the standard necessary for their own protection, which can contribute to their harm. In this scenario, Parker was intoxicated and in a drunken stupor, which suggests that he was not conforming to the standard of care expected for his own safety. Therefore, his own negligence (being intoxicated) is a legally contributing cause to his injuries, and he may not recover from Doctor due to the defective brakes being a separate issue.",,-5.027116775512695,-4.277116775512695,-0.27711695432662964,-1.5271170139312744,0.7613408657596037
mbe_119,nan,MBE-1972-78-part4,train,"On a charge of murdering Vic, Sam is",C,C,True,1,389,71,"C  
The gold passage states that ""encouragement"" is equivalent to conduct that counts as approving the criminal actions of others. Sam's words, ""Kill him,"" constitute encouragement and show his intent for Bill to kill Vic. Therefore, Sam is guilty as he actively encouraged the murder, aligning with the definition of accomplice liability provided in the passage.",,-100.0,-4.520360469818115,-0.020360499620437622,-7.520360469818115,0.9884723550758481
mbe_120,nan,MBE-1972-78-part4,train,"On a charge of murdering Vic, Tom is",A,A,True,1,511,75,"A  
Tom is not guilty because mere presence, coupled with silent approval and intent, is not sufficient to support a conviction. The gold passage indicates that while encouragement can be sufficient for aiding and abetting, mere presence without any active encouragement or interference does not meet the threshold for guilt. Tom's silent hope does not constitute the necessary encouragement or approval as defined in the passage.",,-0.03812938928604126,-10.663129806518555,-100.0,-9.788129806518555,0.9999174113609178
mbe_121,nan,MBE-1972-78-part4,train,Leonard A as the high priest of a small cult of Satan worshippers living in NewArcadia. Asa part of ,B,B,True,1,393,74,"B  
The gold passage states that ""usually, it’s the religious beliefs that must yield, as the law rarely accepts them as a defense to criminal charges."" This implies that sincere religious belief is not an adequate defense when it conflicts with established laws, such as those against animal cruelty. Therefore, Leonard's conviction for animal cruelty is likely to be sustained on these grounds.",,-11.898259162902832,-0.023259222507476807,-100.0,-100.0,0.9999930377433349
mbe_123,nan,MBE-1972-78-part4,train,An appropriations act passed by Congress over the President's veto directs that one billion dollars ,B,B,True,1,692,84,"B  
The strongest constitutional argument for the Arms Corporation is that Congress' power to appropriate funds includes the power to require that the funds will be spent as directed. The gold passage indicates that the power to appropriate belongs to Congress, and it implies that Congress can impose conditions on how appropriated funds are to be used. This supports the argument that Congress can direct the spending of the funds as specified in the appropriations act.",,-15.500000953674316,-1.3856492842023727e-06,-100.0,-100.0,0.999999814460818
mbe_124,nan,MBE-1972-78-part4,train,"In the context of all aspects of the scheme, which of the following will offer the best chance of im",A,A,True,1,891,114,"A  
Covenants are written agreements that can attach to the land and are applicable to all subsequent owners of the property. This characteristic makes them suitable for ensuring that each lot owner is obligated to pay annual dues to support the club and golf course, as such obligations can be enforced against future owners. The passage indicates that covenants are commonly used in developments like homeowners associations to promote consistency and enforce obligations among property owners. In contrast, easements, mortgages, and personal contractual obligations do not provide the same level of enforceability for ongoing financial obligations tied to property ownership.",,-17.753177642822266,-100.0,-100.0,-100.0,1.0
mbe_125,nan,MBE-1972-78-part4,train,"Of the following, the greatest difficulty that will be encountered in establishing the scheme is tha",D,C,False,1,978,126,"C  
The greatest difficulty in establishing Ohner's scheme is that one or more of the essential aspects outlined will result in a restraint on alienation. The gold passage discusses the reasonableness of restraints on alienation and lists factors that support a conclusion that a restraint is unreasonable, including the potential for the restraint to be unlimited in duration or to affect a large number of persons. Given that Ohner's scheme includes obligations for lot owners to pay annual dues and potentially limits their ability to freely transfer their property, it raises concerns about the enforceability and reasonableness of such restraints, which could render the title unmarketable.",,-100.0,-15.625006675720215,-6.511406809295295e-06,-16.5000057220459,0.9999997680062801
mbe_126,nan,MBE-1972-78-part4,train,"Rogers gave Mitchell a power of attorney containing the following provision: ""My attorney. Mitchell,",D,D,True,1,372,95,"D  
The power to ""sell and convey"" is construed to include the power to execute the usual form of deed used to convey realty. This is relevant because the outcome of Stone's suit for breach of a covenant will depend on whether Mitchell had the authority to execute the deed with covenants, which is implied in the power of attorney given by Rogers. The other options do not relate directly to the authority granted in the power of attorney as described in the gold passage.",,-12.250313758850098,-8.250313758850098,-100.0,-0.0003132976416964084,0.9997340272083539
mbe_127,nan,MBE-1972-78-part4,train,"Auto Company. a corporation, was a small dealer in big new cars and operated a service department. P",B,C,False,1,774,104,"C  
Peter was a licensee because he entered the Auto Company's service department for his own benefit, intending to inquire about a service for his car. The property owner, Auto Company, owes a more limited duty to a licensee, which includes avoiding injuries through affirmative negligence or willful conduct. Since there is no evidence of such conduct by Auto Company or its employees, and given that the mechanisms for the door were functioning properly, Peter is unlikely to recover based on the limited duty owed to him as a licensee.",,-100.0,-12.500015258789062,-1.4855663721391466e-05,-12.000015258789062,0.9999901292358868
mbe_128,nan,MBE-1972-78-part4,train,Jones offered to testify that he looked up Smith's telephone number in the directory called that num,A,C,False,1,622,98,"C  
The gold passage states that authentication requires ""evidence sufficient to support a finding that the matter in question is what its proponent claims."" In this case, Jones's testimony alone does not establish that he was speaking to Smith unless he can further testify that he was familiar with Smith's voice. Without this familiarity, there is insufficient evidence to authenticate the identity of the speaker on the phone. Therefore, the judge should rule the testimony inadmissible unless Jones can provide that additional evidence.",,-3.828803300857544,-100.0,-0.07880330830812454,-100.0,0.9770226299227133
mbe_129,nan,MBE-1972-78-part4,train,Jones seeks to introduce in evidence a photograph of his cornfield in order to depict the nature and,A,A,True,1,438,108,"A  
The gold passage states that photographs are generally admissible if they illustrate any fact, shed light upon an issue in the case, or are relevant to describe the person, thing, or place depicted, provided their probative value outweighs any prejudicial effect. Choice (A) indicates that Jones can testify that the photograph fairly and accurately portrays the condition of the cornfield after the damage was done, which aligns with the requirement for relevance and probative value. Therefore, the judge should rule the photograph admissible based on this testimony.",,-0.0019308974733576179,-13.001931190490723,-100.0,-100.0,0.9999977396763644
mbe_133,nan,MBE-1972-78-part4,train,"Householder hired Contractor to remodel her. Householders, kitchen. She had learned of him through a",A,D,False,1,626,75,"D  
Accountant will not recover because he was not the purchaser of the dishwasher. The gold passage indicates that strict liability applies to the seller of a product in a defective condition that is unreasonably dangerous to the user or consumer. However, since Accountant did not purchase the dishwasher, he does not have standing to assert a claim based on strict liability against Elex Company.",,-100.0,-100.0,-1.7221943140029907,-0.22219431400299072,0.8175744761936437
mbe_134,nan,MBE-1972-78-part4,train,Which of the following is the strongest reason for finding unconstitutional a requirement in the Mis,D,D,True,1,600,111,"D  
The requirement for voters to be literate in English could be seen as a form of discrimination that disproportionately affects individuals who may not have had the same access to education, particularly those from racial or ethnic minorities. The Equal Protection Clause aims to eliminate government-imposed discrimination based on race, and since literacy requirements can create barriers to voting for certain groups, this requirement could be challenged under the Equal Protection Clause of the Fourteenth Amendment. The passage emphasizes the importance of equal protection against classifications that deny opportunities, which aligns with the argument against the literacy requirement.",,-18.62502098083496,-100.0,-100.0,-2.165027217415627e-05,0.999999991847974
mbe_135,nan,MBE-1972-78-part4,train,The Missoula election code provides that in a special-purpose election for directors ofa state water,C,A,False,1,606,62,"A  
The gold passage indicates that the one-person, one-vote requirement applies to both states and their political subdivisions, and it emphasizes that local governments are not excused from this rule. Therefore, the argument that the principle applies only to elections of individuals to statewide public office is not supported by the passage.",,-0.25656023621559143,-2.0065603256225586,-2.5065603256225586,-5.131560325622559,0.7771165676178158
mbe_136,nan,MBE-1972-78-part4,train,"Testator devised his farm ""to my son, Selden, for life, then to Selden's children and their heirs an",C,A,False,1,461,103,"A  
The remainder to Selden's children is indefeasibly vested because there are identifiable persons (Selden's two children) who would take the property if the life estate ended now. According to the gold passage, since there are persons who can take the property, the remainder is vested. The passage also indicates a preference for the early vesting of remainders in cases of doubt, which supports the conclusion that the remainder is indefeasibly vested rather than contingent or subject to defeasance.",,-0.002694555325433612,-9.877694129943848,-7.252694606781006,-100.0,0.999238960388043
mbe_139,nan,MBE-1972-78-part4,train,It is most likely that Defendant has committed which of the following crimes?.,B,B,True,1,460,102,"B  
The gold passage defines embezzlement as the ""fraudulent appropriation of property by a person to whom such property has been entrusted or into whose hands it has lawfully come."" In this case, the pawnshop owner (Defendant) was entrusted with Johnson's diamond ring when he took it as collateral for the loan. By selling the ring and then falsely claiming it was stolen, Defendant appropriated Johnson's property for his own benefit, which fits the definition of embezzlement.",,-100.0,-0.037607718259096146,-100.0,-6.287607669830322,0.998073265243543
mbe_140,nan,MBE-1972-78-part4,train,"Suppose in the case above. instead of denying liability, Defendant told Johnson the truththat he sol",B,D,False,1,496,132,"D  
The gold passage does not support any of the choices (A, B, or C) as applicable to the scenario described. Larceny involves the unlawful taking of property, which does not apply here since Defendant sold the ring after acquiring it lawfully. Embezzlement requires that the property was initially acquired lawfully, but the act of selling the ring does not fit the definition of embezzlement as described. False pretenses involve deceit to obtain property, but in this case, Defendant offered Johnson money instead of deceitfully retaining the ring. Therefore, none of the options accurately reflect the situation based on the definitions provided in the passage.",,-100.0,-4.289021015167236,-4.789021015167236,-0.03902095556259155,0.9775974475275653
mbe_141,nan,MBE-1972-78-part4,train,"Brown contended that Green owed him S6,0)00. Green denied that he owed Brown anything. Tired of the ",B,C,False,1,643,92,"C

The gold passage emphasizes the importance of mutual intent to be bound in the formation of contracts. If the original claim was based on an oral agreement that the Statute of Frauds required to be in writing, then there was no valid contract to enforce. This would provide Green with a strong defense against Brown's claim on the promissory note, as it indicates that the underlying obligation was not legally enforceable due to the lack of a written agreement.",,-4.480557441711426,-4.480557441711426,-0.10555730760097504,-2.6055572032928467,0.903129198655802
mbe_144,nan,MBE-1972-78-part4,train,"In evaluating the constitutionality of this state statute under the supremacy clause, which of the f",B,B,True,1,476,93,"B  
The treaties and immigration laws of the United States would be most directly relevant in evaluating the constitutionality of the state statute under the Supremacy Clause. The passage indicates that the Supremacy Clause invalidates state laws that interfere with or are contrary to federal law, and federal regulations, including immigration laws, have preemptive force. Therefore, any conflict between the state statute and federal immigration laws would be crucial in determining whether the state law is constitutional.",,-100.0,-6.511406809295295e-06,-16.6250057220459,-100.0,0.9999999397642177
mbe_145,nan,MBE-1972-78-part4,train,"If the Yuma statute is attacked as violating the commerce clause, which of the following defenses is",A,A,True,1,460,94,"A  
The weakest defense against the attack on the Yuma statute as violating the commerce clause is (A) because it focuses on protecting local workers from competition by foreign workers, which suggests a discriminatory intent against out-of-state economic interests. The gold passage emphasizes that discrimination under the dormant Commerce Clause involves differential treatment that benefits in-state interests and burdens out-of-state interests. This defense directly aligns with the concept of discrimination, making it the least effective in justifying the statute.",,-1.0441538095474243,-100.0,-100.0,-1.5441538095474243,0.6224593312018546
mbe_146,nan,MBE-1972-78-part4,train,Suppose the state supreme court declares the statute to be unconstitutional on the grounds that it v,D,D,True,1,488,91,"D  
The gold passage discusses the Full Faith and Credit Clause and its implications for the judgments of state courts, but it does not provide any information regarding the United States Supreme Court's review process for state court decisions. Therefore, based on the information provided, we cannot determine that the Supreme Court may properly review the state supreme court's decision in any manner. Thus, the most accurate statement is that the United States Supreme Court may not properly review that decision.",,-10.250041007995605,-100.0,-13.125041007995605,-4.084206375409849e-05,0.9999626491667839
mbe_147,nan,MBE-1972-78-part4,train,Allen and Barker are equal tenants in common of a strip of land 10feet wide and 100feet deep which l,C,B,False,1,367,91,"B  
The gold passage indicates that tenants in common have the right to file for partition, which could lead to a forced sale. Given that both Allen and Barker fear losing access to the driveway if partition occurs, the best solution would be to create an indenture granting cross easements in the undivided half interest of each. This would ensure that both parties retain access to the driveway regardless of any future partition, making option B the most appropriate choice.",,-100.0,-0.8464516401290894,-1.0964516401290894,-100.0,0.5621765008857981
mbe_148,nan,MBE-1972-78-part4,train,"Mrs. Dennis' 12-year-old daughter, Gala, had some difficulty getting along with other children in th",D,D,True,1,777,122,"D  
The passage indicates that for a parent to be liable for the torts of their child, they must have knowledge or should have known about the child's specific harmful conduct that led to the injury. In this case, Mrs. Dennis did not have knowledge of Gala's difficulties or lack of experience, nor did she know that Robby had a habit of engaging in harmful behavior. Therefore, if a claim is asserted against Mrs. Dennis based on Gala's conduct, it would likely be due to her negligence in not ensuring that Gala was a suitable babysitter, which aligns with the reasoning that she was negligent.",,-100.0,-4.514766693115234,-100.0,-0.014766842126846313,0.9890130557502124
mbe_149,nan,MBE-1972-78-part4,train,"Professor James said to Mary Digit, president of the X-L Secretarial Service, ""Since you folks have ",A,B,False,1,450,86,"B  
James relied on Mary Digit's statement by bringing the manuscript to X-L. This reliance is significant because it demonstrates that James interpreted the conduct of Mary Digit as an agreement to accept the manuscript, which aligns with the concept of an implied-in-fact contract where one party's actions indicate an understanding of assent or agreement. The other options do not directly support the formation of an implied-in-fact contract based on the passage.",,-15.25,-4.320199877838604e-07,-16.75,-100.0,0.9999997086051399
mbe_150,nan,MBE-1972-78-part4,train,"In 1%7 Owen held Blackacre, a tract of land. in fee simple absolute. In that year he executed and de",B,B,True,1,580,124,"B  
The outcome will turn on the view taken as to whether Crider paid value within the meaning of the statute requiring this element. The gold passage indicates that the rule regarding the effect of a quitclaim deed does not apply to those who hold a deed of bargain and sale, which suggests that Crider's status as a bona fide purchaser will depend on whether he provided value for the warranty deed. Since the passage does not provide information about whether Price paid value, it is not possible to determine his status based on that factor. Thus, the key issue is whether Crider's payment constitutes value under the recording statute.",,-100.0,-0.13110709190368652,-6.256107330322266,-100.0,0.9978172840739191
mbe_152,nan,MBE-1978-83-part1,train,"Davis decided to kill Adams. He set out for Adams' house. Before he got there he saw Brooks, who res",B,A,False,1,289,100,"A  
The gold passage discusses the doctrine of transferred intent, which applies when a defendant intends to kill one person but accidentally harms another. In this case, Davis intended to kill Adams but mistakenly shot at Brooks. Since Brooks was not the intended victim and Case was wounded as a result of the shot, the intended victim under the statute for the attempt to commit murder is Adams only. The passage does not support the idea that Brooks or Case were intended victims, as the intent was specifically directed at Adams.",,-0.7391439080238342,-100.0,-100.0,-3.4891438484191895,0.9399133464597458
mbe_153,nan,MBE-1978-83-part1,train,A state statute requires any person licensed to sell prescription drugs to file with the State Board,D,D,True,1,405,79,"D  
The gold passage indicates that in general intent crimes, a defendant may present a mistake of fact defense if the mistake is both honest and reasonable. If the jury believes Nelson's testimony that he did not realize his sales exceeded $50,000 due to poor record-keeping, this could be considered an honest and reasonable mistake. Therefore, he should be found not guilty based on this defense.",,-100.0,-3.9659550189971924,-3.3409550189971924,-0.09095506370067596,0.9438160033928972
mbe_154,nan,MBE-1978-83-part1,train,"Lender met Borrower on the street, demanded that Borrower pay a debt owed to Lender, and threatened ",C,D,False,1,584,84,"D  
Lender was the original aggressor by threatening Borrower with a battery. Under the Texas Penal Code Section 9.33, a person is justified in using force to protect a third person only if the third person would be justified in defending themselves. Since Lender initiated the confrontation and was threatening Borrower, Mann's intervention to protect Borrower would be justified, and Lender cannot claim assault against Mann.",,-100.0,-100.0,-15.375,-20.0,0.009708476481474066
mbe_155,nan,MBE-1978-83-part1,train,Peter sued Don for breach of contract. The court admitted testimony by Peter that Don and his wife q,B,D,False,1,323,95,"D  
The gold passage states that a witness may testify to a matter only if there is sufficient evidence to support a finding that the witness has personal knowledge of the matter. Since Peter's testimony about Don and his wife's quarrels is deemed to be of no consequence to the lawsuit, it does not provide a basis for Don to testify about the absence of quarrels. Therefore, the court cannot permit Don to answer, regardless of whether he had objected to Peter's testimony.",,-2.783456563949585,-2.908456563949585,-3.908456563949585,-0.1584564745426178,0.8621541777130105
mbe_159,nan,MBE-1978-83-part1,train,The requirement that candidates for licenses must be graduates of barber schools in Aurora is probab,A,A,True,1,690,97,"A  
The requirement that candidates for licenses must be graduates of barber schools in Aurora is likely unconstitutional as an undue burden on interstate commerce. The gold passage indicates that the dormant Commerce Clause prohibits states from discriminating against out-of-state economic interests in favor of in-state interests. By requiring that barber school graduates must be from Aurora, the state is imposing a differential treatment that benefits local schools and burdens those from out of state, which aligns with the definition of discrimination as described in the passage.",,-0.0031825865153223276,-12.378182411193848,-100.0,-100.0,0.999995777165815
mbe_160,nan,MBE-1978-83-part1,train,The requirement that candidates for licenses must be citizens is,D,D,True,1,407,82,"D  
The requirement that candidates for licenses must be citizens is unconstitutional as a denial of equal protection. The Equal Protection Clause mandates that ""all persons similarly situated shall be treated alike"" under the law. By restricting the licensing of barbers to only U.S. citizens, the State of Aurora is treating individuals differently based solely on their citizenship status, which does not align with the principle of treating like cases alike.",,-17.87502098083496,-18.00002098083496,-100.0,-2.15310683415737e-05,0.9999999675121756
mbe_161,nan,MBE-1978-83-part1,train,Assume that a resident of the state of Aurora was denied a license because she had been graduated fr,D,A,False,1,348,87,"(A) 

The gold passage indicates that federal jurisdiction requires a contested federal issue that is substantial and indicates a serious federal interest. In this case, the denial of a barbering license based on the applicant's graduation from an out-of-state barber school does not present a substantial federal issue. Therefore, the suit would likely be dismissed due to the lack of a substantial federal question, and the absence of diversity of citizenship further supports this dismissal.",,-1.503190040588379,-2.003190040588379,-100.0,-1.878190040588379,0.4359540098218691
mbe_162,nan,MBE-1978-83-part1,train,Which of the following is the strongest ground on which to challenge the requirement that candidates,C,C,True,1,388,92,"C  
The Equal Protection Clause of the Fourteenth Amendment prohibits laws that treat persons differently when they are otherwise alike in all relevant respects. The requirement that candidates for barber licenses must have been residents of the state for at least two years could be challenged under this clause, as it may unfairly discriminate against individuals who are otherwise qualified but have not met the residency requirement. This aligns with the principle that the law should provide equal protection to all individuals within its jurisdiction.",,-4.631330966949463,-100.0,-0.38133105635643005,-100.0,0.9859363717170516
mbe_163,nan,MBE-1978-83-part1,train,"John was fired from his job. Too proud to apply for unemployment benefits, he used his savings to fe",B,D,False,1,275,109,"D  
The gold passage defines voluntary manslaughter as an unlawful killing done without malice, in the heat of passion, or in unreasonable belief in the necessity of self-defense. The scenario presented does not indicate that John acted with malice or in the heat of passion, nor does it suggest he had an unreasonable belief in self-defense. Instead, John's actions appear to stem from a refusal to seek help rather than an intention to kill or harm. Therefore, he has committed no form of criminal homicide as per the definitions provided in the passage.",,-14.625046730041504,-100.0,-15.500046730041504,-4.632542913896032e-05,0.9999993693762665
mbe_164,nan,MBE-1978-83-part1,train,"If Carr asserts a claim against the students who washed his car, his best theory is",A,A,True,1,451,121,"A  
To establish a claim for assault, the elements outlined in the gold passage must be satisfied. In this case, Carr experienced apprehension of imminent contact when he saw the students approaching his car to wash it, which he initially interpreted as a potential threat. This reaction indicates that he was placed in apprehension of contact with his person, fulfilling the second element of assault. The students' actions could be seen as intending to make contact with Carr's vehicle, which could be interpreted as harmful or offensive, satisfying the third element. Therefore, Carr's best theory for a claim against the students is assault.",,-0.0015023599844425917,-18.251502990722656,-100.0,-100.0,0.9999999881388874
mbe_165,nan,MBE-1978-83-part1,train,"If Carr has a valid claim against the students, will he also prevail against the university?",D,C,False,1,525,75,"C  
The gold passage discusses vicarious liability, which is imposed on employers for the acts of their employees within the course and scope of employment. Since the students were not acting as employees of the university when they undertook the experiment without Merrill's authorization, the university would not be vicariously liable for their actions. Therefore, Carr would not prevail against the university.",,-100.0,-15.625015258789062,-1.5094070477061905e-05,-11.500015258789062,0.9999897062763458
mbe_166,nan,MBE-1978-83-part1,train,"Oxnard owned Goldacre, a tract of land, in fee simple. At a time when Goldacre was in the adverse po",C,C,True,1,459,81,"C  
Eric should lose because his use of the road was with permission from Oxnard. The gold passage states that for possession to be considered adverse, it must be hostile, which implies that it cannot be with permission. Since Eric obtained oral permission from Oxnard to use the road, his use cannot be classified as adverse, and therefore he does not meet the requirements for acquiring an easement by prescription.",,-100.0,-10.258279800415039,-0.008279446512460709,-5.008279323577881,0.9932722636963192
mbe_167,nan,MBE-1978-83-part1,train,"In an appropriate action to determine the respective interests of Sharon and Stanley in Greenacre, i",B,B,True,1,508,117,"B  
The gold passage defines estoppel as a legal principle that prevents someone from asserting a right that contradicts their previous actions or agreements. In this case, Sharon's conduct during Bruce's lifetime, particularly her oral agreement allowing Bruce to develop the northerly half of Greenacre, could be seen as an action that estops her from later asserting title to that portion of the property. Therefore, if Stanley is adjudged to be the owner of the northerly ten acres, it is likely because Sharon's prior conduct prevents her from claiming ownership contrary to her agreement with Bruce.",,-11.625126838684082,-0.00012689977302215993,-10.750126838684082,-100.0,0.9999696157368352
mbe_168,nan,MBE-1978-83-part1,train,"In an appropriate action to determine the respective interests of Sharon and Stanley in Greenacre, i",A,B,False,1,513,150,"B  
The gold passage indicates that an oral modification of a contract subject to the statute of frauds is not permitted when it would materially alter the parties' written agreement. In this case, Bruce and Sharon's joint tenancy in Greenacre is a form of ownership that cannot be unilaterally altered by one party without the consent of the other. Since Bruce's proposal to develop the property and Sharon's agreement to allow him to use the northerly half were not formalized in writing, Bruce could not unilaterally sever the joint tenancy. Therefore, if Sharon is adjudged to be the owner of all of Greenacre, it is likely because Bruce's actions did not effectively sever the joint tenancy, and thus Sharon retains her interest in",,-2.3848440647125244,-0.134844109416008,-100.0,-100.0,0.9046505312448597
mbe_169,nan,MBE-1978-83-part1,train,"Mary Webb, a physician, called as a witness by the defendant in the case of Parr v. Doan, was asked ",D,A,False,1,353,75,"A  
The gold passage states that the privilege applies to all circumstances in which a physician is called to give testimony concerning information acquired from a patient. Therefore, an objection by Dr. Webb asserting her privilege against disclosure of confidential communications made by a patient is the best basis for excluding evidence of Zadok's statements. This aligns directly with the privilege's intent to protect patient confidentiality.",,-0.016669873148202896,-6.016669750213623,-100.0,-100.0,0.9975273765401459
mbe_170,nan,MBE-1978-83-part1,train,A leading question is LEAST likely to be permitted over objection when,C,C,True,1,253,83,"C  
The gold passage states that a party is permitted to ask leading questions on direct examination when calling a hostile witness, an adverse party, or a witness identified with an adverse party. It does not mention allowing leading questions for disinterested eyewitnesses on direct examination. Therefore, leading questions are least likely to be permitted when asked on direct examination of a disinterested eyewitness, making option C the correct answer.",,-100.0,-7.500555992126465,-0.0005558936391025782,-17.12555503845215,0.9994471849230162
mbe_171,nan,MBE-1978-83-part1,train,"If Tom asserts a claim against Passer for damages for his injuries, will Tom prevail?",C,A,False,1,604,87,"A  
The gold passage indicates that while there is no general duty to rescue at common law, once Passer stopped and examined Tom, he may have assumed a duty to act carefully. This aligns with the principle that one who begins to act, even gratuitously, may become subject to a duty to act carefully. Therefore, Tom could prevail on the basis that Passer assumed a duty to aid him by stopping and examining his condition.",,-0.018279870972037315,-100.0,-4.268280029296875,-100.0,0.9859363751520615
mbe_172,nan,MBE-1978-83-part1,train,"If Tom asserts a claim against Traveler, will Tom prevail?",A,C,False,1,566,99,"C  
The gold passage states that in order to sustain a claim for negligence, a plaintiff must establish a legal duty, a breach of that duty, an injury, and a causal connection between the breach and the injury. In this case, Traveler did not see Tom before hitting him, which suggests that Traveler may not have had a legal duty to protect Tom from harm in that specific instance. Therefore, Tom is unlikely to prevail in his claim against Traveler based on the information provided in the passage.",,-12.626933097839355,-14.626933097839355,-0.001933277933858335,-100.0,0.9999962661681376
mbe_173,nan,MBE-1978-83-part1,train,"Roofer entered into a written contract with Orissa to repair the roof of Orissa's home, the repairs ",B,C,False,1,510,116,"C  
Orissa will not prevail against Roofer because the act of the thief was a superseding cause. According to the gold passage, proximate cause requires that the injury must be a natural and probable consequence of the wrongful act. In this case, the thief's actions were an intervening event that broke the chain of causation between Roofer's act of leaving the ladder and the theft of the jewels. Therefore, Roofer's leaving the ladder does not directly lead to the loss of the jewels, as the thief's criminal act was an independent and intervening cause.",,-15.501510620117188,-6.5015106201171875,-0.0015104549238458276,-100.0,0.9984986330084425
mbe_174,nan,MBE-1978-83-part1,train,"Homer and Purcell entered into a valid, enforceable written contract by which Homer agreed to sell a",B,B,True,1,564,136,"B

The gold passage defines a licensee as a person who enters the premises of another by permission or acquiescence, for his own pleasure or benefit, and not by invitation. In this case, Homer remained in possession of Blackacre after the 30-day period with Purcell's permission as per the contract, but he did not have a legal right to stay beyond that period. Since Purcell did not provide the required statutory notice for eviction, Homer can be considered a licensee who is occupying the property with Purcell's acquiescence, albeit beyond the agreed-upon time. Therefore, the best legal argument for Purcell is that Homer is a licensee.",,-2.7569868564605713,-0.5069869160652161,-1.2569868564605713,-100.0,0.6338076237670017
mbe_175,nan,MBE-1978-83-part1,train,Which of the following is Bertha's best legal theory?,D,D,True,1,472,129,"D  
The gold passage defines a material breach of contract as a non-performance that is so significant that it justifies the injured party in considering the entire transaction as ended. Bertha's failure to perform for one week due to hospitalization does not appear to be a material breach, as it is a temporary inability to perform rather than a substantial failure that would discharge Albert's duty to perform for the entire contract period. Therefore, Bertha's best legal theory is that her failure to perform for one week was not a material failure, which would allow her to argue that Albert's refusal to accept her services for the remainder of the contract was unjustified.",,-14.254080772399902,-100.0,-100.0,-0.004080420359969139,0.9999993524054297
mbe_176,nan,MBE-1978-83-part1,train,"Which of the following, if true, would adversely affect Bertha's rights in her action against Albert",A,C,False,1,614,88,"C  
The gold passage discusses ratification as an affirmative defense, which implies that if Bertha had the opportunity to accept an alternative position (as an understudy) and chose to decline it, this could be seen as her ratifying Albert's decision to hire someone else. By rejecting the understudy position, Bertha may have effectively waived her rights to the original contract, which would adversely affect her action against Albert for breach of contract.",,-3.8086135387420654,-3.5586135387420654,-0.05861343815922737,-5.308613300323486,0.9443203748613284
mbe_177,nan,MBE-1978-83-part1,train,Park sued Dent for breach of an oral contract which Dent denied making. Weston testified that he hea,D,A,False,1,577,83,"A  
The discrediting evidence by Dent regarding Weston promoting highly speculative stocks could be relevant to Weston's credibility as a witness. If Dent's evidence suggests that Weston has a questionable character or judgment, it could undermine his reliability in testifying about the contract. In contrast, the other options do not directly relate to Weston's truthfulness or credibility in a way that would warrant rehabilitation through evidence of his good reputation.",,-0.8898481726646423,-1.389848232269287,-2.264848232269287,-1.889848232269287,0.44898424919745894
mbe_178,nan,MBE-1978-83-part1,train,"In order to establish a breach of the standard of care owed to her by Abel and Baker, Client",C,C,True,1,616,98,"C  
The gold passage indicates that the applicable standard of care in a medical malpractice case must be established by expert testimony because it is not within the common knowledge and experience of ordinary people. However, it does not explicitly state that the same requirement applies to legal malpractice cases. Therefore, in this context, Client can rely on the application of the jurors' common knowledge as to whether there was a breach, as the standard of care for lawyers may be within the common understanding of the jury.",,-4.779098033905029,-100.0,-0.02909812331199646,-100.0,0.991422513825979
mbe_179,nan,MBE-1978-83-part1,train,"In addition to proving that Abel and Baker were negligent, Client must establish, as a minimum, that",A,A,True,1,578,95,"A  
The gold passage discusses the imputation of an attorney's negligence to their client, indicating that the client cannot establish ""cause"" for a procedural default due to their attorney's negligence. This implies that the client must demonstrate that, but for the negligence of her lawyers, she would have had a successful claim against Motorist. Therefore, establishing that she would have recovered from Motorist but for her lawyers' negligence is a necessary element for her case against Abel and Baker.",,-0.14454491436481476,-4.144545078277588,-100.0,-100.0,0.9820137929330514
mbe_180,nan,MBE-1978-83-part1,train,A state statute divides murder into degrees. First degree murder is defined as murder with premedita,B,B,True,1,487,90,"B  
Defendant is most likely to be guilty of first degree murder in this situation because he bought rat poison and intentionally put it in Sam's coffee, indicating premeditation and deliberation. The act of purchasing poison and using it to kill demonstrates a clear intent to cause death, satisfying the requirement of malice aforethought. This aligns with the definition of first degree murder as it involves a planned and deliberate act leading to the victim's death.",,-100.0,-0.47616416215896606,-0.9761641621589661,-100.0,0.6224593312018546
mbe_181,nan,MBE-1978-83-part1,train,"On a camping trip in a state park, Rose discovered metal signs near a rubbish heap stating, ""Natural",C,C,True,1,557,70,"C  
The gold passage indicates that a mistake of fact can serve as a defense in general intent crimes if the defendant proves that the mistake was both honest and reasonable. Since Rose admits to taking the signs but claims she honestly believed they had been abandoned, if the jury finds her belief to be both honest and reasonable, she should be found not guilty.",,-100.0,-20.250001907348633,-20.250001907348633,-100.0,0.5
mbe_182,nan,MBE-1978-83-part1,train,"Ted frequently visited Janet, his next-door neighbor. Janet was separated from her husband, Howard. ",B,B,True,1,446,91,"B  
The gold passage indicates that an individual may use force to protect themselves, but the amount of force must be proportionate to the urgency of the situation. In this case, Howard attacked Ted with a deadly weapon (a knife), which justifies Ted's use of force in self-defense. Since Ted's response was to defend himself against an imminent threat, he should be found not guilty based on the principle of self-defense as outlined in the passage.",,-15.500021934509277,-2.176947600673884e-05,-100.0,-100.0,0.9999998144609288
mbe_183,nan,MBE-1978-83-part1,train,Assume for this question only that Pete has announced his intention of erecting a fast food restaura,A,A,True,1,766,150,"A  
Sarah has an equitable servitude concerning the use of the tract. The gold passage discusses the establishment of an equitable servitude by estoppel, which can occur when an owner or occupier of land permits another to use that land under circumstances where it is reasonable to foresee that the user would change their position based on that permission. In this case, Oscar's promotion of Happy Acres and the recorded subdivision plan, which included the designation of the ten-acre tract as ""Future Public School,"" could be seen as a representation that the land would be used for that purpose. Sarah, as a purchaser of a lot in Happy Acres, could reasonably rely on this representation, and her reliance would be reasonable given the context. Therefore, if Sarah wins her action",,-0.06196802109479904,-17.436967849731445,-100.0,-100.0,0.9999999715466478
mbe_184,nan,MBE-1978-83-part1,train,"Assume for this question only that Joe, who purchased his lot from Max, has placed a mobile home on ",A,A,True,1,622,107,"A  
Sarah is likely to prevail in her action against Joe because the restrictive covenant in her deed runs with the land. The gold passage outlines the requirements for a covenant to run with the land, and since Sarah's deed contains the restriction against mobile homes, it meets the criteria. The covenant touches and concerns the land, relates to a thing in existence, was intended by the original parties to run with the land, and Joe, as a successor to the burden, should have notice of the restriction through the recorded plan and the deeds.",,-0.8096981048583984,-100.0,-0.8096981048583984,-100.0,0.5
mbe_185,nan,MBE-1978-83-part1,train,Assume for this question only that in 1977 the school board of the district in which Happy Acres is ,D,D,True,1,827,126,"D  
The school board is likely to prevail because the facts indicate that Oscar's actions in recording the subdivision plan and selling lots in accordance with that plan demonstrate an intention to dedicate the ten-acre tract for public use as a school site. The gold passage states that recording a plan and conveying lots in accordance with the plan likely constitutes an intent to dedicate the streets shown on the plan to public use. Since the ten-acre tract was designated as ""Future Public School"" in the recorded plan, this suggests a dedication of that land for public use, which would be accepted by the school board's decision to erect a school on the tract.",,-100.0,-100.0,-15.875000953674316,-5.512236498361744e-07,0.9999998724810084
mbe_186,nan,MBE-1978-83-part1,train,"In an action by Quincy against Byer for $25,000, which of the following is (are) correct? I. Byer co",D,D,True,1,468,119,"D  
The gold passage states that a sale of land is within the statute of frauds and requires some evidence in writing to sustain it. However, it does not provide any support for the assertion that Byer could successfully raise the Statute of Frauds as a defense for either of the claims made in the options. Specifically, it does not indicate that the Byer-Zeller agreement, which involves the sale of land, would allow Byer to raise the Statute of Frauds as a defense against Quincy for the debt owed. Therefore, neither I nor II is supported by the passage.",,-2.8406546115875244,-3.8406546115875244,-5.0906548500061035,-0.09065472334623337,0.9139234346341547
mbe_187,nan,MBE-1978-83-part1,train,"Which of the following would be most important deciding an action by Quincy against Byer for $25,000",A,A,True,1,701,125,"A

Whether the Byer-Zeller agreement was completely integrated is most important in deciding an action by Quincy against Byer for $25,000. If the agreement is fully integrated, it would discharge prior agreements, including the oral agreement regarding the payment to Quincy, and evidence of that prior agreement would not be admissible to vary the written terms. Conversely, if the agreement is only partially integrated, it would allow for the consideration of the prior agreement to the extent that it is not inconsistent with the written terms. Thus, the integration status of the agreement directly impacts Quincy's ability to enforce the payment against Byer.",,-0.01967203989624977,-100.0,-100.0,-6.51967191696167,0.998498817558993
mbe_188,nan,MBE-1978-83-part1,train,"In an action by Quincy against Byer for $25,000, which of the following, if proved, would best serve",B,A,False,1,494,108,"A  
The gold passage states that the statute of frauds prohibits a party from asserting an oral agreement pertaining to an interest in land in an effort to defeat a judgment entered pursuant to a written contract. Byer can argue that there was no consideration to support Zeller's antecedent promise to pay Quincy the $25,000, which would undermine Quincy's claim against him. This aligns with the principle that without consideration, an oral promise may not be enforceable, especially in the context of a written contract concerning an interest in land.",,-0.38719233870506287,-100.0,-2.7621922492980957,-2.5121922492980957,0.824777996082842
mbe_189,nan,MBE-1978-83-part1,train,"If Byer refused to pay more than $45,000 for Homestead, in an action by Zeller against Byer for an a",C,C,True,1,611,100,"C  
The gold passage discusses mistakes in the integration of a contract, specifically stating that a writing is not a contract when it fails to express the agreement that the parties had reached. In this case, the error in the purchase price from $46,000 to $45,000 represents a mistake in integration. Zeller would benefit from proving that there was a mistake in integration because it would support his claim that the written agreement did not accurately reflect the true agreement between the parties regarding the purchase price.",,-16.12747573852539,-6.002476215362549,-0.002476135268807411,-15.50247573852539,0.9975270935967231
mbe_190,nan,MBE-1978-83-part1,train,The theory on which Driver is most likely to prevail against House is that House is,B,A,False,1,714,95,"A  
The passage discusses the concept of strict liability in relation to ultra-hazardous activities, indicating that whether an activity is ultra-hazardous is a question of law for a court to decide. Since the tree was on House's property and its roots caused the sidewalk to buckle, which led to the tree falling, House could be considered strictly liable for the damage caused by the tree. Therefore, Driver is most likely to prevail against House on the basis of strict liability.",,-0.82479327917099,-1.0747933387756348,-2.1997933387756348,-100.0,0.4922131104815072
mbe_191,nan,MBE-1978-83-part1,train,"In the claim of Driver against Contractor, the best defense of Contractor is that",C,C,True,1,440,84,"C  
The best defense of Contractor is that he could not reasonably foresee that the tree would fall. According to the gold passage, foreseeability is a key factor in determining liability in tort negligence lawsuits. If Contractor can demonstrate that the harm (the tree falling) was not a foreseeable result of his actions (cutting the roots), he may successfully argue that he is not liable for the damages caused to Driver's car.",,-15.750035285949707,-17.500036239624023,-3.5597102396423e-05,-100.0,0.9999998303919838
mbe_192,nan,MBE-1978-83-part1,train,"If Driver recovers a judgment against House, does House have any recourse against Contractor?",C,C,True,1,451,103,"C  
Yes, if the judgment against House was based on vicarious liability. The gold passage defines vicarious liability as the act or omission of one person being imputed to another by operation of law, without regard to fault. If House is found liable for the damage caused by the tree falling, it could be due to vicarious liability for Contractor's actions in cutting the roots, which directly led to the tree's fall. Therefore, House may have recourse against Contractor based on this principle.",,-12.25014591217041,-100.0,-0.0001454955490771681,-11.12514591217041,0.9999804760727179
mbe_193,nan,MBE-1978-83-part1,train,"The State of Rio Grande entered into a contract with Roads, Inc., for construction of a four-lane tu",D,D,True,1,381,72,"D  
The gold passage states that ""No State shall . . . pass . . . any law impairing the obligation of contracts,"" which indicates a constitutional prohibition against state laws that retroactively impair existing contracts. Since the state statute that cancelled the agreement with Roads, Inc. would impair the obligations arising from that contract, it is invalid under this constitutional provision.",,-17.251502990722656,-100.0,-100.0,-0.0015024791937321424,0.99999996775815
mbe_194,nan,MBE-1978-83-part1,train,The strongest constitutional basis for the enactment of a federal statute requiring colleges and uni,C,C,True,1,357,83,"C  
The gold passage discusses Congress's power to tax and its implications, indicating that Congress has the authority to enact laws that promote the general welfare through its taxing power. This aligns with the idea of requiring colleges and universities receiving federal funds to offer student aid based on need, as it can be seen as a measure to promote the general welfare of students. The other options do not find support in the passage provided.",,-100.0,-100.0,-18.126171112060547,-100.0,1.0
mbe_195,nan,MBE-1978-83-part1,train,Peterson asked his attorney to secure an injunction against the Water District and its proposed entr,C,C,True,1,675,97,"C  
The gold passage indicates that a recorded deed raises a presumption of validity and effectiveness. Since the Water District's easement was properly recorded, it is presumed valid. Peterson's deed from Owens did not mention the easement, but this does not invalidate the easement itself. Therefore, the Water District's plan to enter Barrenacres for the purposes stated in the easement is within its rights, making Peterson's attempt to secure injunctive relief likely to fail.",,-16.625036239624023,-18.875036239624023,-3.5597102396423e-05,-100.0,0.9999999334155087
mbe_196,nan,MBE-1978-83-part1,train,Assume that Peterson reserved his rights and after the Water District completed its work sued for th,D,D,True,1,664,89,"D  
The gold passage indicates that property rights must be balanced against the rights of those who own the land underneath an easement. Since the Water District acted within its rights by exercising the easement granted to it by Owens, Peterson's attempt to secure damages is likely to fail. The passage does not support the idea that Peterson's lack of knowledge of the easement or the public interest in maintaining a water supply would provide grounds for his claim.",,-13.500001907348633,-100.0,-16.375001907348633,-2.2200749754119897e-06,0.9999985516983391
mbe_197,nan,MBE-1978-83-part1,train,"In 1960 Omar, the owner in fee simple absolute, conveyed Stoneacre, a five-acre tract of land. The r",B,A,False,1,857,136,"(A) The plaintiffs should succeed, because the interest of Church terminated with the first removal of sand and gravel.

The gold passage discusses the nature of future interests and emphasizes that such interests are characterized by the postponement of rights, powers, or privileges. In this case, the Church's interest in the property is contingent upon its use for church purposes only. The removal of sand and gravel by Darin, which is not a church purpose, likely constitutes a violation of the terms of the conveyance. Therefore, the plaintiffs, as future interest holders, would have a valid claim that the Church's interest has terminated due to this unauthorized use, leading to their success in the lawsuit.",,-1.3188133239746094,-2.4438133239746094,-2.0688133239746094,-100.0,0.5564771373119389
mbe_198,nan,MBE-1978-83-part1,train,In which of the following cases is a conviction of the named defendant for robbery LEAST likely to b,D,D,True,1,387,88,"D  
Hayes's actions do not meet the definition of robbery as outlined in the gold passage. While he took the wallet from the victim, it was done without the use of force or fear, as the victim was too drunk to notice. The passage specifies that robbery must be accomplished by means of force or fear, which is not present in this scenario. Therefore, a conviction for robbery is least likely to be upheld in this case.",,-6.76025390625,-5.51025390625,-5.51025390625,-0.01025391835719347,0.9907420872384839
mbe_203,nan,MBE-1978-83-part1,train,"If Harry were charged with burglary, his best argument for acquittal would be that",D,C,False,1,500,79,"C  
Harry's best argument for acquittal would be that no overt act was committed by him. The gold passage defines burglary as the breaking and entering of a dwelling house of another with the intent to commit a felony. Since Harry did not actually enter the house or commit any act of breaking and entering himself, he could argue that he did not engage in any overt act that constitutes burglary.",,-4.316734313964844,-3.5667340755462646,-0.06673407554626465,-4.066734313964844,0.9409309443311654
mbe_204,nan,MBE-1978-83-part1,train,"If Harry and Bill are charged with a conspiracy to commit burglary, their best argument for acquitta",B,D,False,1,543,80,"D  
The best argument for acquittal is that there was no agreement. The gold passage discusses the liability of conspirators under the Pinkerton doctrine, which implies that an agreement is a necessary component of a conspiracy. If there was no agreement between Harry and Bill to commit the burglary, then they cannot be charged with conspiracy. The other options do not align with the principles outlined in the passage.",,-100.0,-5.511051654815674,-5.261051654815674,-0.01105170976370573,0.9907520328598919
mbe_205,nan,MBE-1978-83-part1,train,"Wood, a patron of Duke's Bar, testified that on the night of the accident Chase was drunk. Wood then",C,C,True,1,380,90,"C  
Wood's remark to his companion, ""Chase is so drunk he can't even stand up,"" is admissible as a statement by Wood regarding a condition he observed, made while he was observing it. The gold passage does not provide any information that would support the other options, such as the criteria for excited utterances or the need for expertise in determining drunkenness. Therefore, option C is the most appropriate choice based on the information provided.",,-100.0,-100.0,-0.27687519788742065,-2.9018752574920654,0.9324533126145177
mbe_206,nan,MBE-1978-83-part1,train,Duke's Bar called Chase to testify and expected him to say that he was sober when he left Duke's Bar,B,C,False,1,402,73,"C  
The gold passage indicates that impeachment evidence is used to alter the jury's assessment of a witness's credibility. However, it does not support the idea that a party can impeach its own witness. Therefore, since Duke's Bar is attempting to impeach Chase, who is their own witness, the statement made in deposition is inadmissible for that purpose.",,-100.0,-100.0,-0.33250388503074646,-100.0,1.0
mbe_207,nan,MBE-1978-83-part1,train,"Penn offers evidence that, after the accident, the manager of Duke's Bar established house rules lim",D,B,False,1,419,64,"B  
The evidence of the house rules limiting drinks is admissible to show that Duke's Bar was aware of the need for taking precautionary measures. The gold passage states that evidence of subsequent remedial measures can be admissible for purposes such as proving knowledge or feasibility of precautionary measures, which aligns with option B.",,-100.0,-0.0016681613633409142,-12.501667976379395,-6.5016679763793945,0.9984951020063263
mbe_208,nan,MBE-1978-83-part1,train,"Penn offers evidence that, after the accident, the owner of Duke's Bar visited him at the hospital a",A,A,True,1,460,109,"A  
The statement made by the owner of Duke's Bar that Chase was drunk when he left the bar is admissible as an admission by the owner. It meets the requirements outlined in the gold passage: it is a conscious acknowledgment by a party-opponent (the owner of Duke's Bar) of a fact (that Chase was drunk), it is relevant to the cause (the claim of negligence in serving alcohol), and it is unfavorable to the position of the owner, as it implies liability for allowing Chase to leave the bar in that condition.",,-0.0022765810135751963,-100.0,-11.627276420593262,-8.002276420593262,0.9996557161128422
mbe_209,nan,MBE-1978-83-part1,train,"In a narcotics conspiracy prosecution against Daly, the prosecutor offers in evidence a tape recordi",A,A,True,1,448,95,"The passage provided discusses the foundational requirements for admitting the results of a breath test, but it does not provide any relevant legal principles regarding the admissibility of tape recordings or the authentication of voice recordings. Therefore, I cannot determine which of the options (A, B, C, or D) would be the least sufficient basis for admitting the recording based solely on the information in the gold passage.

Since the passage does not support any of the choices, I cannot select an answer.",,-2.8023738861083984,-2.1773738861083984,-3.3023738861083984,-100.0,0.2877882840197299
mbe_210,nan,MBE-1978-83-part1,train,"Immediately upon learning what Parnell had done, Devlin brought an appropriate action against Parnel",C,C,True,1,518,102,"C  
The gold passage indicates that when the parties have put their agreement into writing, that writing supersedes any oral understanding unless there is a claim of fraud or mistake. In this case, Devlin's instruction to Parnell to fill in the lot number does not negate the validity of the deed once it was recorded with Lot 25 filled in. Therefore, the agency implied to complete the deed cannot be restricted by the oral understanding that Parnell would choose between Lot 40 and Lot 41.",,-2.3248775005340576,-2.6998775005340576,-0.8248775601387024,-1.0748775005340576,0.4639755511696384
mbe_211,nan,MBE-1978-83-part1,train,Assume the following facts for this question only. Before Devlin had time to Learn of Parnell's acti,C,D,False,1,739,94,"D  
The clean hands doctrine bars Devlin from relief because it requires that a complainant must do equity as a condition of recovery. Since Devlin's actions in the transaction with Parnell may not have been equitable (as he allowed Parnell to fill in the lot number and then changed his mind), he may be seen as having unclean hands. Therefore, under the clean hands doctrine, Devlin would be unable to recover title to Lot 25.",,-100.0,-100.0,-4.519593715667725,-0.019593948498368263,0.9890130548394152
mbe_212,nan,MBE-1978-83-part1,train,"Ohner owns the Acme Hotel. When the International Order of Badgers came to town for its convention, ",D,D,True,1,441,93,"D  
The gold passage states that a hotel has a duty to implement reasonable inspection procedures to protect its guests. In this scenario, the hotel manager was aware of the misconduct and directed employees to patrol the hallways to prevent further issues. If the trier of fact determines that these actions constituted reasonable precautions, then Ohner may not be held liable for Smith's injuries. Therefore, Smith is unlikely to prevail in his claim against Ohner if reasonable precautions were taken.",,-100.0,-100.0,-2.5848517417907715,-0.08485173434019089,0.9241418205010697
mbe_213,nan,MBE-1978-83-part1,train,The probable result of Walker's claim against Householder is that she will,B,C,False,1,493,93,"C  
The gold passage outlines the requirements for a claim of strict liability for injury caused by a dangerous domesticated animal. In this case, Walker was on Householder's property without permission, making her a trespasser. The passage does not provide any support for the idea that a trespasser can recover for injuries sustained while trespassing, regardless of the circumstances involving the skunk. Therefore, Walker is unlikely to recover because she was a trespasser.",,-6.542044162750244,-100.0,-0.04204433038830757,-6.917044162750244,0.9974696814963411
mbe_214,nan,MBE-1978-83-part1,train,"If Walker asserts a claim against Dr. Vet, she will",A,A,True,1,526,113,"A  
To sustain a claim for negligence, Walker must establish a legal duty, a breach of that duty, an injury, and a causal connection between the breach and the injury. Dr. Vet had a duty to perform the surgery properly, and if he breached that duty by failing to remove the skunk's scent gland, this could be the basis for Walker's claim. The injury she suffered from being sprayed and fainting could be directly linked to Dr. Vet's alleged negligence in performing the surgery. Therefore, Walker could potentially recover on the ground of negligence.",,-0.028247863054275513,-100.0,-5.903247833251953,-4.528247833251953,0.9862732548249321
mbe_216,nan,MBE-1978-83-part1,train,In an action by Betty against Charles for wages lost while she was incapacitated as a result of the ,A,A,True,1,516,106,"A  
Charles's best defense would be lack of consideration. The gold passage states that consideration is necessary for a valid contract, and it defines consideration as a benefit conferred upon the promisor or a prejudice suffered by the promisor. In this case, Charles's promise to reimburse Betty does not appear to be supported by any consideration from her side, as there is no indication that she provided any benefit or suffered any prejudice in exchange for his promise. Therefore, the lack of consideration undermines the enforceability of Charles's promise.",,-0.20141704380512238,-13.826416969299316,-100.0,-100.0,0.9999987901342263
mbe_217,nan,MBE-1978-83-part1,train,"Which of the following, if true, would be significant in determining whether or not there was bargai",C,A,False,1,580,127,"A  
The significance of whether there was bargained-for consideration to support Charles's promise to Physician hinges on whether Physician's treatment of Betty constituted a performance or return promise that was sought by Charles in exchange for his promise. Statement I is relevant because if Physician had not begun treating Betty before Charles called him, it suggests that there was no performance or detriment incurred by Physician at the time of the promise, which is essential for establishing consideration. Statement II, regarding a contract between Charles and Betty, does not directly relate to the consideration for Charles's promise to Physician. Therefore, only Statement I is significant in determining the presence of consideration.",,-0.295779824256897,-100.0,-4.420779705047607,-100.0,0.9840936064221572
mbe_218,nan,MBE-1978-83-part1,train,If Physician discontinued treating Betty before she had fully recovered and Betty brought an action ,D,D,True,1,558,134,"D  
The arguments presented by Physician are not supported by the gold passage. Argument I, which states that Betty furnished no consideration, is not addressed in the passage and does not relate to the elements of a novation. Argument II, claiming that Physician's contract was with Charles and not with Betty, is also not supported by the passage, which does not discuss the identity of the contracting parties. Argument III, regarding the discharge of any contract by novation, fails because the passage outlines the four elements of a novation, none of which are established in the scenario. Therefore, none of the arguments (I, II, or III) are effective defenses for Physician.",,-6.020917892456055,-5.895917892456055,-4.270917892456055,-0.020917989313602448,0.9808231592394067
mbe_219,nan,MBE-1978-83-part1,train,"If Dodge did not file an action against Arthur's estate, would Dodge succeed in an action against Ch",B,D,False,1,691,84,"D  
Charles at most had only a moral obligation to pay Arthur's debts. The gold passage emphasizes that a valid contract requires legal consideration and a bargained-for exchange. Charles's promise to pay Dodge was not supported by any legal consideration or mutuality of obligation, as there was no exchange of rights or benefits involved. Therefore, without a valid contract, Dodge would not succeed in an action against Charles for $200.",,-100.0,-100.0,-1.7019014358520508,-0.20190149545669556,0.8175744673038221
mbe_220,nan,MBE-1978-83-part1,train,"Assume that Charles, honestly believing that he owed Dodge nothing, refused to pay anything to Dodge",C,C,True,1,592,111,"C  
The gold passage indicates that an administrator who pays a creditor's claim under the honest belief that the estate is solvent may recover the difference if the estate is actually insolvent. In this case, Charles honestly believed he did not owe Dodge anything, which aligns with the principle that a party's honest belief about their obligation can affect the outcome. Since Charles was not contractually obligated to pay Dodge $200 in the first place, and he acted under the belief that he owed nothing, Dodge cannot succeed in an action against Charles for the remaining $50.",,-12.173624038696289,-100.0,-0.04862404614686966,-3.048624038696289,0.9525692063767832
mbe_221,nan,MBE-1978-83-part1,train,Which of the following is the strongest argument against the constitutionality of free distribution ,D,D,True,1,441,80,"D  
The gold passage emphasizes the principle of equal protection under the law, which requires that no person or class of persons be denied the same legal protections as others in similar circumstances. The strongest argument against the constitutionality of free distribution of textbooks to the students at the Little White School House is that such distribution would further segregation, thereby treating students differently based on race, which violates the equal protection principle.",,-10.758688926696777,-100.0,-100.0,-0.008688559755682945,0.9999785550594479
mbe_222,nan,MBE-1978-83-part1,train,Which of the following is the strongest argument in favor of the constitutionality of free distribut,C,C,True,1,517,88,"C  
The strongest argument in favor of the constitutionality of free distribution of textbooks to the students at Stone School is that the purpose and effect of the free distribution of these textbooks is secular and does not entangle church and state. This aligns with the criteria established in Lemon v. Kurtzman, which requires that government action has a secular legislative purpose and does not advance or inhibit religion, nor foster excessive government entanglement with religion.",,-100.0,-100.0,-18.003177642822266,-100.0,1.0
mbe_224,nan,MBE-1978-83-part1,train,Defendant is charged with assault and battery. The state's evidence shows that Victim was struck in ,B,B,True,1,580,84,"B  
The gold passage states that battery requires intent by the actor to bring about harmful or offensive contact. In the case of Defendant suffering from an epileptic seizure, he had no control over his motions, which suggests that any contact made was not intentional. Therefore, this situation aligns with the principle that accidental or inadvertent contact does not constitute battery, making Defendant most likely not guilty of assault and battery in this scenario.",,-6.752293109893799,-0.0022932328283786774,-7.502293109893799,-100.0,0.9982790027348047
mbe_226,nan,MBE-1978-83-part1,train,"If Farmer asserts a claim based on nuisance against Utility for damages for personal injuries, will ",C,A,False,1,665,134,"(A) No, because there is no practicable way for Utility to reduce the fumes.

The gold passage indicates that to establish a claim of private nuisance, plaintiffs must show that the defendants' actions interfered with their property rights and caused significant harm, and that the invasion was intentional and unreasonable or actionable under certain rules. In this case, Utility constructed the plant in accordance with the best practicable technology, and there is no practicable way for Utility to reduce the fumes without incurring significant costs and only achieving a minimal reduction in emissions. Therefore, Farmer's claim may not prevail because Utility's actions do not meet the criteria of being intentional and unreasonable given the circumstances.",,-1.3048372268676758,-100.0,-1.3048372268676758,-100.0,0.5
mbe_227,nan,MBE-1978-83-part1,train,"If Farmer asserts a claim based on negligence against Utility for crop damage, will Farmer prevail?",A,A,True,1,628,85,"A  
The gold passage indicates that evidence of industry custom or usage is relevant to determining negligence, but it does not conclusively demonstrate negligence. Since Utility constructed the plant in accordance with the best practicable technology and no other generating plants burning lignite use scrubbing equipment, it suggests that Utility was following industry standards. Therefore, Farmer will not prevail on a negligence claim because Utility was not negligent in its operation of the plant.",,-0.0007105246186256409,-14.500710487365723,-100.0,-100.0,0.999999495652573
mbe_228,nan,MBE-1978-83-part1,train,"Dr. Jones, a physician, having listened to Phillips' testimony, is called by Phillips and asked whet",A,A,True,1,410,69,"A  
The gold passage indicates that expert opinion can provide specialized context for understanding issues that may be within a layperson's knowledge. Since Dr. Jones is asked to provide an opinion based on a hypothetical question that assumes the truth of Phillips' testimony, his response is admissible as it aligns with the principles of expert testimony outlined in the passage.",,-0.004078401252627373,-18.129077911376953,-100.0,-100.0,0.9999999865595837
mbe_229,nan,MBE-1978-83-part1,train,"Dr. Black, a physician, is called by Phillips to testify that, on the basis of her examination of Ph",B,D,False,1,513,69,"D  
The gold passage indicates that expert testimony must comply with requirements for reliability and relevance. Dr. Black's testimony is based on laboratory reports that were not introduced in evidence, and there is no indication that she supervised the tests. Therefore, her testimony cannot be based on tests performed by persons not under her supervision, making it inadmissible.",,-7.985882759094238,-2.3608827590942383,-4.610882759094238,-0.11088269203901291,0.8953446483399883
mbe_230,nan,MBE-1978-83-part1,train,"Phillips testified that his purchase of the underwear occurred on April 17th, a fact of minor import",D,D,True,1,423,85,"D  
The gold passage defines a collateral matter as evidence that solely affects the credibility of a witness. Phillips' testimony regarding the date of his purchase, while it may not be central to the case, does not solely affect his credibility but rather provides context for his testimony. Therefore, the motion to strike should be overruled because the payroll records relate to a collateral matter and do not undermine the substance of Phillips' testimony.",,-14.00015926361084,-100.0,-100.0,-0.00015955790877342224,0.9999991684717275
mbe_237,nan,MBE-1978-83-part1,train,"Police Officer stopped Dexter for speeding late one night. Noting that Dexter was nervous, he ordere",A,A,True,1,681,112,"A  
The search of Dexter's person was justified as a search incident to a valid custodial arrest for speeding. According to the gold passage, warrantless searches incident to arrest are justified based on interests in officer safety and evidence preservation. Since Dexter was under arrest, the search of his person, including the discovery of heroin in his jacket pocket, falls within the permissible scope of a search incident to arrest, as it is considered to be within his immediate control. Therefore, Dexter's motion to prevent the introduction of the heroin into evidence will most probably be denied.",,-20.875,-100.0,-100.0,-100.0,1.0
mbe_239,nan,MBE-1978-83-part1,train,"Donna was arrested and taken to police headquarters, where she was given her Miranda warnings. Donna",C,C,True,1,595,92,"C  
The statements made by Donna while being fingerprinted were volunteered and not the result of interrogation. According to the gold passage, for a waiver of Miranda rights to be considered valid, it must be a result of a free choice and not coerced. Since Donna's statement was made spontaneously and not in response to questioning, it is likely to be admissible in court. Therefore, her motion to prevent the introduction of the statement will most probably be denied.",,-100.0,-100.0,-0.0024190605618059635,-6.5024189949035645,0.9984988176448459
mbe_240,nan,MBE-1978-83-part1,train,"Which of the following, if established, sets forth the strongest constitutional argument Barnes coul",B,C,False,1,533,150,"C  
The strongest constitutional argument Barnes could make is that he was the only teacher at the college whose contract was not renewed that year. This situation could suggest a potential violation of due process rights, as it may indicate that he was treated differently from other similarly situated employees, which could imply a lack of a legitimate reason for his non-renewal. The gold passage indicates that a property right exists when there are specific conditions under which an employee can be disciplined or dismissed. If Barnes can establish that he had a property right in his continued employment, he could argue for a ""Loudermill"" hearing, which requires a limited hearing prior to termination. The other options do not establish a property right or a compelling reason for due process protections as strongly as",,-3.3528568744659424,-2.8528568744659424,-0.10285688191652298,-5.4778571128845215,0.9030707215604344
mbe_241,nan,MBE-1978-83-part1,train,"Which of the following, if established, most strongly supports the college in refusing to give Barne",C,C,True,1,344,136,"C  
The gold passage states that rebuttal evidence is proper when it directly or indirectly explains, counteracts, repels, or disproves a defendant's evidence. In this context, the fact that Barnes worked at the college for less than five years (C) supports the college's position because it aligns with the state law that he cannot acquire tenure until after five consecutive annual contracts. This fact directly relates to the college's decision not to rehire him and does not require a statement of reasons or a hearing, as he has not met the tenure requirement. The other options do not provide a direct connection to the college's legal standing regarding the lack of a statement or hearing.",,-8.133859634399414,-6.383859634399414,-0.008859548717737198,-100.0,0.9980043263229904
mbe_242,nan,MBE-1978-83-part1,train,National regulation of predatory wild animals on federal lands is most likely,B,B,True,1,962,83,"B  
The gold passage indicates that Congress has the authority to regulate and protect wildlife on federal lands as part of its powers over public property. It states that Congress exercises ""the complete power which Congress has over particular public property entrusted to it,"" which includes the regulation and protection of wildlife. Therefore, national regulation of predatory wild animals on federal lands is constitutional because Congress has the authority to make regulations respecting federal property.",,-100.0,-18.375,-100.0,-100.0,1.0
mbe_243,nan,MBE-1978-83-part1,train,"By her validly executed will, Sallie devised a certain tract of land to her son, Ben, for his life w",D,D,True,1,520,110,"D  
The gold passage states that a remainder interest is valid if it is in an ascertainable person and there are no conditions precedent other than the termination of prior estates. In this case, the grandchildren are ascertainable persons, and the only condition is the age restriction on selling or mortgaging their interest, which does not constitute a condition precedent to the vesting of their remainder interests. Therefore, even if the provisions against sale or mortgage by the grandchildren are void, the remainders to the grandchildren are otherwise valid and will be given effect.",,-3.2649006843566895,-100.0,-1.6399006843566895,-0.38990065455436707,0.7446454817494417
mbe_244,nan,MBE-1978-83-part1,train,"Seth was an elderly widower who lived alone on a small farm which he owned. Except for the farm, inc",A,B,False,1,679,110,"B  
The gold passage discusses the part-performance exception to the Statute of Frauds, indicating that if there has been part performance that is unequivocally referable to the contract, the Statute of Frauds may not apply. In this case, Jim moved in with Seth and provided care, which can be seen as part performance of the oral contract. Therefore, the court's decision in favor of Jim would likely be based on the fact that the part performance was unequivocally referable to the contract, making option B the correct choice.",,-4.041032314300537,-0.04103248193860054,-100.0,-100.0,0.9820137870769664
mbe_245,nan,MBE-1978-83-part1,train,The following events took place in a state that does not recognize the common-law marriage. The stat,D,A,False,1,571,78,"A  
The gold passage states that a tenancy by the entirety is available only to husband and wife. Since Wade and Mary were never formally married, the estate created by the deed cannot be a tenancy by the entirety. Therefore, the partition should be denied because a tenant by the entirety has no right to partition, as the legal relationship necessary for such an estate does not exist in this case.",,-0.0011791547294706106,-13.251178741455078,-12.126178741455078,-100.0,0.999992817453938
mbe_246,nan,MBE-1978-83-part1,train,"On Ladd's claim against Sand, will Ladd prevail?",A,D,False,1,595,117,"D  
The gold passage discusses the last clear chance doctrine, which applies to situations where both parties are negligent, but one party is in a position to avoid the danger. However, it does not address the liability of property owners for injuries to trespassers. In this case, Ladd was on Sand's property without permission, making him a trespasser. The passage does not provide any support for the idea that Sand would be liable to a trespasser like Ladd. Therefore, Ladd's claim against Sand would not prevail based on the information provided in the passage.",,-1.2372710704803467,-100.0,-2.2372710704803467,-0.7372711300849915,0.5465493724941725
mbe_247,nan,MBE-1978-83-part1,train,"On Ladd's claim against Commuter, Commuter's best defense is that",B,B,True,1,533,79,"B  
The gold passage defines the ""ordinary care"" standard as that which an ordinarily prudent person would have done under the same circumstances. Commuter's best defense would be that she used reasonable care in the maintenance of her brakes, as this aligns with the standard of care expected of a prudent person. The other options do not directly relate to the standard of ordinary care as defined in the passage.",,-6.148360729217529,-0.023360783234238625,-4.523360729217529,-100.0,0.9868779883013454
mbe_248,nan,MBE-1978-83-part1,train,"On Ladd's claim against Garage, will Ladd prevail?",B,B,True,1,551,86,"B  
Yes, if Garage was negligent in inspecting Commuter's brakes. The gold passage states that the essential elements of negligent inspection are the same as general negligence, which includes the existence of a legal duty, breach of that duty, damages, and a causal connection between the defendant's conduct and the plaintiff's injury. If Garage was negligent in its inspection of the brakes, it could be held liable for Ladd's injuries.",,-100.0,-17.501928329467773,-100.0,-100.0,1.0
mbe_250,nan,MBE-1978-83-part1,train,"Al and Bill are identical twins. Al, angry at David, said, ""You'd better stay out of my way. The nex",D,D,True,1,458,100,"D  
The gold passage indicates that the evaluation of self-defense is based on an objective standard, specifically whether a reasonable person would have believed and acted as the defendant did under the circumstances. Therefore, for David to prevail in his claim of self-defense, it is necessary that a reasonable person in his situation would have believed that Bill was about to attack him. This aligns with option D, which states that David will prevail only if a reasonable person under the circumstances would have believed that Bill would attack him.",,-14.375036239624023,-100.0,-15.375036239624023,-3.6312321753939614e-05,0.9999992182563954
mbe_251,nan,MBE-1978-83-part1,train,"If Ped asserts a claim against Driver, Ped's failure to be in the crosswalk will have which of the f",B,B,True,1,401,79,"B  
The gold passage defines ""contributory negligence"" as conduct by the plaintiff that falls below the standard of care for their own protection and contributes to their harm. Ped's failure to use the crosswalk may be considered as conduct that could be evaluated by the trier of fact in determining whether Ped's actions contributed to the accident. Therefore, it is relevant in assessing Driver's liability.",,-12.500211715698242,-0.00021140782337170094,-12.500211715698242,-100.0,0.9999925467515018
mbe_252,nan,MBE-1978-83-part1,train,"If Ped asserts a claim against Trucker, the most likely result is that Ped will",B,B,True,1,424,71,"B  
Ped is likely to prevail against Trucker because the probable purpose of Section 2 of the Vehicle Code was to safeguard pedestrians in using crosswalks. Trucker's violation of the statute by blocking the crosswalk directly contributed to the circumstances that led to Ped's injury, aligning with the principles of negligence per se as outlined in the gold passage.",,-10.62913703918457,-0.004136699251830578,-100.0,-100.0,0.9999756997675169
mbe_253,nan,MBE-1978-83-part1,train,"Suspecting that students in a dormitory were using narcotics, the president of a private college arr",C,C,True,1,467,96,"C  
The gold passage discusses the concept of invasion of privacy, specifically mentioning ""intrusion upon the plaintiff's seclusion or solitude or into his private affairs."" Green's privacy was likely unreasonably invaded by the college president's actions in arranging for concealed microphones to record conversations in the dormitory. This suggests that the electronic surveillance could be seen as an intrusion into Green's private affairs, which supports the argument for granting the motion to prevent the introduction of the marijuana into evidence.",,-8.905091285705566,-100.0,-0.030091429129242897,-100.0,0.9998601779043017
mbe_254,nan,MBE-1978-83-part1,train,Tom had a heart ailment so serious that his doctors had concluded that only a heart transplant could,A,A,True,1,349,83,"A  
The gold passage defines murder as the killing of one human being by another with the requisite malevolent state of mind. Dan's act of poisoning Tom demonstrates a malevolent intent to cause harm, which ultimately led to Tom's death. Even though Tom had a pre-existing heart condition, Dan's actions directly contributed to the circumstances that resulted in Tom's death. Therefore, Dan should be found guilty of murder.",,-0.16039736568927765,-10.03539752960205,-100.0,-100.0,0.9999485577946894
mbe_255,nan,MBE-1978-83-part1,train,In which of the following situations is Defendant most likely to be not guilty of the charge made?,C,C,True,1,520,114,"C  
Defendant is most likely to be not guilty of the charge made in this situation because he believed that it was a crime to purchase codeine without a prescription, and he acted under that belief. The gold passage indicates that the crime of attempt requires intent to commit the underlying crime coupled with sufficient acts demonstrating the improbability of free will desistance. Since Defendant was unaware that the statute had been repealed and that it was legal to purchase codeine without a prescription, he did not have the requisite intent to commit the crime of attempting to purchase codeine illegally.",,-7.751498222351074,-100.0,-0.0014984336448833346,-8.251498222351074,0.9993084772904826
mbe_256,nan,MBE-1978-83-part1,train,"Potts sued Dobbs on a product liability claim. Louis testified for Potts. On cross-examination, whic",B,B,True,1,439,86,"B  
The trial judge is most likely to rule question (B) improper because it pertains to the witness's character and reputation in a derogatory manner, which could be seen as harassment or undue embarrassment. The gold passage emphasizes the need to protect witnesses from such treatment. While questions (A), (C), and (D) may touch on credibility, they do not carry the same level of personal attack as question (B).",,-8.135412216186523,-0.010412023402750492,-6.760412216186523,-100.0,0.9985352246461718
mbe_257,nan,MBE-1978-83-part1,train,"In an action to recover for personal injuries arising out of an automobile accident, Plaintiff calls",D,D,True,1,582,91,"D  
The gold passage indicates that a witness must face a ""real danger"" of conviction to invoke the privilege against self-incrimination, and that the fear of conviction must be reasonable, real, and appreciable. This suggests that the judge should allow Bystander to remain silent if there is some reasonable possibility that she will incriminate herself, rather than requiring a higher standard of proof such as clear and convincing evidence or a preponderance of evidence.",,-6.517195224761963,-100.0,-100.0,-0.01719530113041401,0.9984988176287922
mbe_258,nan,MBE-1978-83-part1,train,"Venner, the owner of Greenacre, a tract of land, entered into an enforceable written agreement with ",A,C,False,1,593,107,"C  
The gold passage discusses the concept of escrow and how title vests in the grantee upon delivery in escrow, indicating that the legal obligation is fulfilled through the deed itself. Venner's argument for specific performance can be supported by the doctrine of equitable conversion, which suggests that once the deed is delivered (even in escrow), title has effectively passed to Brier, and the only remaining issue is the allocation of the purchase price. This aligns with the principles outlined in the passage regarding the transfer of title and the role of escrow.",,-2.0303561687469482,-1.7803561687469482,-0.905356228351593,-100.0,0.5742128371969976
mbe_259,nan,MBE-1978-83-part1,train,"Blackacre is a three-acre tract of land with a small residence. Olga, the owner of Blackacre, rented",B,A,False,1,585,117,"A  
The gold passage discusses the concept of an unconscionable contract, which is defined as one that is grossly unreasonable and unenforceable due to an absence of meaningful choice for one party and terms that are unreasonably favorable to the other party. However, the passage does not provide any support for the idea that the original absence of a written agreement could be overcome by Terrence's actions or payments. Therefore, if Olga wins, it will be because nothing Terrence could have done would have overcome the original absence of a written agreement, which aligns with option A.",,-0.15498241782188416,-4.529982566833496,-100.0,-2.154982328414917,0.871138238751462
mbe_260,nan,MBE-1978-83-part1,train,In which of the following ways could the city's reward offer be effectively accepted?,C,C,True,1,765,93,"C  
The gold passage states that acceptance of an offer can be demonstrated by performing according to the terms of the offer. In this case, the city's reward offer is for the arrest and conviction of an arsonist. Supplying information that leads to the arrest and conviction would be a form of performance that aligns with the terms of the offer, thus constituting an effective acceptance. The other options do not align with the principles of acceptance as outlined in the passage.",,-12.099089622497559,-0.974089503288269,-0.47408953309059143,-100.0,0.6224558604513298
mbe_261,nan,MBE-1978-83-part1,train,"With respect to duration, the city's reward offer was terminable",D,B,False,1,629,93,"B  
The gold passage states that an offer lapses if not accepted within a ""reasonable time,"" indicating that the duration of the city's reward offer is not determined by a specific time frame but rather by the acceptance within a reasonable period. It does not mention that the offer can be terminated only by effective revocation, which aligns with option B. Therefore, the correct answer is that the offer is not terminable by lapse of time but only by effective revocation.",,-100.0,-0.09934604167938232,-100.0,-2.599346160888672,0.9241418283357702
mbe_262,nan,MBE-1978-83-part1,train,"If the city's reward offer was revocable, revocation could be effectively accomplished only",C,C,True,1,655,102,"C  
The gold passage states that any act or communication that would cause a reasonable person to believe that an offer has been withdrawn or revoked is sufficient to constitute a withdrawal or revocation of the offer. This implies that revocation can be accomplished in the same manner as the offer was made or by a comparable medium and frequency of publicity. Therefore, option C, which states that revocation can be done in the same manner as made or by a comparable medium and frequency of publicity, is supported by the passage.",,-100.0,-3.773280143737793,-0.023280074819922447,-100.0,0.97702263163714
mbe_263,nan,MBE-1978-83-part1,train,Which of the following best characterizes the relationship between Humongous and Gimlet?,D,D,True,1,633,106,"D  
The relationship between Humongous and Gimlet can best be characterized as a series of daily unilateral contracts. Humongous made a unilateral offer to pay Gimlet a daily rate for each day he performed work investigating the arson. According to the gold passage, a unilateral contract becomes a binding obligation when the other party takes the specified actions, which in this case is Gimlet performing his investigation. Each day Gimlet worked constituted acceptance of the unilateral offer for that day, creating a separate contract for each day of work.",,-10.126850128173828,-100.0,-8.251850128173828,-0.0018497471464797854,0.9996987670287634
mbe_264,nan,MBE-1978-83-part1,train,"In a suit by Gimlet against the city to recover the $10,000 reward, which of the following, in light",B,B,True,1,667,111,"B  
The gold passage outlines the elements necessary to establish a contract, which include identifiable parties, consent, a lawful object, and sufficient cause or consideration. Choice (B) states that the city's offer was in the nature of a bounty, suggesting that the elements of contract are not essential to the city's liability. This aligns with the idea that a bounty can create an obligation to pay regardless of the traditional contract elements, thus supporting Gimlet's claim for the reward. The other options do not directly relate to the elements of contract as outlined in the passage.",,-5.272217273712158,-0.022217197343707085,-4.272217273712158,-100.0,0.9808616714790768
mbe_265,nan,MBE-1978-83-part1,train,"If Wife asserts a claim based on battery against Grower, will Wife prevail?",A,D,False,1,472,61,"D  
Grower did not intend to cause any harmful contact with Wife, as his intention was only to frighten her. According to the gold passage, battery requires the intent to bring about harmful or offensive contact. Since Grower did not have that intent, Wife's claim for battery would not prevail.",,-100.0,-100.0,-16.003177642822266,-0.003177952254191041,0.9999998874648031
mbe_266,nan,MBE-1978-83-part1,train,"If Husband asserts a claim based on assault against Grower, will Husband prevail?",B,C,False,1,439,76,"C  
No, if the dog did not come in contact with him. According to the gold passage, to establish assault, the plaintiff must be placed in apprehension of an imminent contact with their person. Since the dog did not come in contact with Husband, he cannot claim that he was placed in apprehension of such contact, which is a necessary element for an assault claim.",,-15.6259126663208,-14.2509126663208,-0.0009124171338044107,-100.0,0.9999991886679297
mbe_267,nan,MBE-1978-83-part1,train,"If Grower asserts a claim against Wife and Husband for damage to his plants, will Grower prevail?",A,C,False,1,418,95,"C  
The gold passage states that for a plaintiff to prevail on a cause of action for trespass, they must establish an interference with their possessory interest through the defendant's physical act or force against that property, executed without consent. In this case, Husband and Wife entered Grower's property due to an emergency situation (the bull), which may provide a defense against the claim of trespass. Therefore, Grower is unlikely to prevail against them based on the circumstances described.",,-10.875223159790039,-100.0,-0.0002234437270089984,-100.0,0.9999810748463805
mbe_268,nan,MBE-1978-83-part1,train,"In challenging the validity of the state statute, Ben's strongest argument would be that",A,A,True,1,480,107,"A  
Ben's strongest argument would be that there is no rational basis for preferring as heirs collateral relatives and even the state over unacknowledged children, and, therefore, the law violates the equal protection clause. The gold passage emphasizes the principle of equal protection under the law, which requires that all persons similarly situated should be treated alike. Ben can argue that he is similarly situated to other potential heirs and that the statute's preference for collateral relatives and the state over him lacks a rational basis, thus violating the Equal Protection Clause.",,-18.398244857788086,-100.0,-100.0,-100.0,1.0
mbe_269,nan,MBE-1978-83-part1,train,The state's strongest defense of the statute would be that,D,D,True,1,542,109,"D  
The state's strongest defense of the statute would be that its interest in promoting family life and in encouraging the formal acknowledgment of paternity gives the law a rational basis. This aligns with the rational basis test outlined in the gold passage, which requires that the classification has a rational relationship to the proper purpose of the legislation. The state can argue that the statute serves a legitimate governmental interest in promoting family structures and ensuring that paternity is formally recognized, which provides a reasonable ground for distinguishing between acknowledged and unacknowledged children in matters of inheritance.",,-14.251176834106445,-100.0,-12.126176834106445,-0.001177012687548995,0.9999939301921705
mbe_270,nan,MBE-1978-83-part1,train,"Alice conveyed Twinoaks Farm ""to Barbara, her heirs and assigns, so long as the premises are used fo",B,B,True,1,315,85,"B  
Alice's interest in Twinoaks Farm is a possibility of reverter. The conveyance to Barbara is a fee simple determinable, as it is conditioned on the premises being used for residential and farm purposes. According to the gold passage, a possibility of reverter is the future interest retained by a grantor after conveying a fee simple determinable, which aligns with the nature of Alice's interest in this case.",,-6.504240989685059,-0.004240804351866245,-100.0,-100.0,0.9984988180210642
mbe_271,nan,MBE-1978-83-part1,train,"Lawnacre was conveyed to Celeste and Donald by a deed which, in the jurisdiction in which Lawn. acre",B,A,False,1,469,129,"A  
Donald will prevail because he is the sole owner of Lawnacre. The gold passage indicates that a joint tenancy is an estate held by two or more people who are not husband and wife, and a tenancy by the entirety is specifically for husband and wife. Since Celeste and Donald created a cotenancy with the right of survivorship, upon Celeste's death, Donald, as the surviving co-tenant, would take full ownership of Lawnacre. Therefore, Donald is the sole owner after Celeste's death, and Paul, having received only an undivided interest from Celeste, does not have a claim to the property.",,-0.28868797421455383,-100.0,-4.9136881828308105,-1.5386879444122314,0.7714213338100978
mbe_272,nan,MBE-1978-83-part1,train,If Employee was injured while cutting plywood when the shaft holding the saw blade came loose when a,D,D,True,1,753,78,"D  
Employee will probably not recover because the saw had been rebuilt by Storekeeper. According to the gold passage, strict liability requires that the product reach the user without substantial change in the condition in which it was sold. Since the saw was altered by Storekeeper after it left Power Saw Company's control, this alteration may constitute a substantial change that would bar Employee's recovery against Power Saw Company.",,-9.38645076751709,-100.0,-4.51145076751709,-0.011450957506895065,0.9889300975608076
mbe_273,nan,MBE-1978-83-part1,train,If Employee was injured while cutting plywood when the shaft holding the saw blade came loose when a,A,A,True,1,727,82,"A  
Purchaser will not recover because the economic loss doctrine holds that absent tangible physical harm to persons or tangible things, there is generally no duty to exercise reasonable care to avoid economic losses to others. In this case, the loss of business due to Employee's injury does not constitute tangible physical harm to Purchaser's business itself, and thus falls within the scope of economic loss that cannot be recovered in tort.",,-0.011048054322600365,-16.38604736328125,-100.0,-100.0,0.9999999226557335
mbe_274,nan,MBE-1978-83-part1,train,If Employee was injured while cutting plywood when the shaft holding the saw blade came loose when a,C,C,True,1,531,95,"C  
The gold passage states that contributory negligence is a defense to a negligence claim in a product liability action. However, it does not mention strict liability in tort, which does not typically consider the plaintiff's negligence as a defense. Therefore, Employee's recovery under strict liability would not depend on whether he knew the shaft was coming loose. Thus, Employee would likely recover unless there is evidence of a specific defense applicable to strict liability, which is not provided in the passage.",,-1.549218773841858,-1.299218773841858,-0.7992187738418579,-3.6742186546325684,0.4683153392609723
mbe_275,nan,MBE-1978-83-part1,train,"If Employee was cutting a sheet of plywood, and while he was doing so, the saw blade flew to pieces ",A,A,True,1,605,91,"A  
A strict liability products liability claim must establish the manufacturer's relationship to the product, the unreasonably dangerous condition of the product, and the existence of a proximate causal connection between the condition of the product and the plaintiff's injury. In this case, if the saw blade flew to pieces while Employee was using it, it suggests that the product was in an unreasonably dangerous condition, which could support a claim of strict liability against Storekeeper.",,-0.008675315417349339,-100.0,-9.758675575256348,-100.0,0.9999417087494843
mbe_276,nan,MBE-1978-83-part1,train,"If Employee was cutting a sheet of hard plastic, and while he was doing so, the saw blade flew to pi",B,B,True,1,608,97,"B  
The gold passage states that a seller is entitled to assume that its product will be put to a normal use for the purpose intended, and that improper or unforeseeable use of a product is a defense to a products liability action based in negligence and to an action for strict products liability. In this case, cutting hard plastic with a saw blade designed for cutting plywood could be considered an improper use of the product. Therefore, this defense is likely to prevail against Employee's claim.",,-100.0,-16.379077911376953,-100.0,-100.0,1.0
mbe_277,nan,MBE-1978-83-part1,train,In which of the following situations is Defendant most likely to be guilty of common-law murder?,A,B,False,1,387,110,"B  
The gold passage discusses the elements required to prove voluntary manslaughter, specifically focusing on the heat of passion and adequate provocation. In option B, Defendant shoots and kills Harry after being slapped during an argument, which indicates a response to provocation. This scenario aligns with the concept of acting in the heat of passion, as the shooting occurs immediately after the provocation without a lapse of time. Therefore, this situation is most likely to result in a finding of guilt for common-law murder, as it demonstrates a direct response to provocation.",,-4.638132095336914,-0.013131874613463879,-6.138132095336914,-100.0,0.9881509402683903
mbe_283,nan,MBE-1978-83-part1,train,"In an effort to relieve serious and persistent unemployment in the industrialized state of Onondaga,",C,C,True,1,650,105,"C  
The strongest basis to attack the statute is the commerce clause. The gold passage discusses the concept of discrimination against out-of-state economic interests under the dormant Commerce Clause, indicating that a state law that discriminates against out-of-state goods or economic actors can only be justified if it serves a legitimate local purpose and is narrowly tailored. The statute in question requires businesses to purchase goods and services in Onondaga, which could be seen as favoring in-state businesses over out-of-state ones, thus potentially violating the commerce clause.",,-100.0,-100.0,-20.250001907348633,-100.0,1.0
mbe_285,nan,MBE-1978-83-part1,train,The best argument for Black in this action is that,A,A,True,1,834,117,"A  
Breyer's right must await the action of appropriate public authorities to open College Avenue as a public street, since no private easements arose by implication. The gold passage indicates that for an easement by implication to be established, it must be reasonably necessary for the enjoyment of the property and that the necessity must have existed at the time of severance. Since College Avenue has not been opened as a public street and there is no indication that Breyer has a necessary right to use it, Black's argument that Breyer's right is contingent upon public authority action is the strongest.",,-0.09841456264257431,-100.0,-3.348414659500122,-100.0,0.96267311613631
mbe_286,nan,MBE-1978-83-part1,train,The best argument for Breyer in this action is that,D,B,False,1,690,100,"B  
The deed from White to Breyer referred to the recorded plan and therefore created rights to use the streets delineated on the plan. The gold passage indicates that a recorded plat is necessary for a public road to be created, which implies that referencing the recorded plan in the deed could establish a right to use the streets shown on that plan. Since Breyer's deed specifically refers to the plan, it supports the argument that Breyer has rights to use College Avenue as part of the development plan.",,-100.0,-0.07200036942958832,-4.947000503540039,-3.32200026512146,0.95564899428341
mbe_291,nan,MBE-1978-83-part1,train,"If Doe is prosecuted under the ""Capitol steps"" statute and defends on constitutional grounds, which ",D,D,True,1,620,80,"D  
The gold passage indicates that the state must demonstrate a compelling governmental interest and that it has used the least restrictive means to further that interest. This aligns with option D, which states that the state would have to prove it had a compelling need for the statute and that there were no less restrictive means to satisfy that need. The other options do not align with the requirements set forth in the passage.",,-100.0,-2.3911046981811523,-100.0,-0.1411048173904419,0.9046505248181417
mbe_292,nan,MBE-1978-83-part1,train,Which of the following possible plaintiffs other than Doe would be most likely to obtain an adjudica,B,B,True,1,542,58,"B  
A politician intending to make a campaign speech on the Capitol steps during a prohibited time would have standing to challenge the statute because the law directly impacts their rights to free speech and assembly. The other options do not demonstrate an adverse impact on their own rights as required by the gold passage.",,-100.0,-0.001513312105089426,-11.501513481140137,-14.626513481140137,0.9999894249347723
mbe_293,nan,MBE-1978-83-part1,train,"The ""Capitol steps"" statute is probably",A,B,False,1,755,114,"B  
The ""Capitol steps"" statute is likely constitutional on its face because it establishes reasonable, viewpoint-neutral rules governing the time and place of speech, which is permissible in a limited public forum. However, it may be unconstitutional as applied to Doe because he was speaking during a time when the statute allowed for public gatherings, and his speech, while animated and expressive, did not appear to incite violence or pose a clear threat. Thus, the application of the statute to Doe's specific speech may not align with the protections afforded in a designated or limited public forum.",,-2.686475992202759,-0.18647591769695282,-2.936475992202759,-100.0,0.8725905655548702
mbe_294,nan,MBE-1978-83-part1,train,"A second state statute punishes ""any person who shall intentionally threaten the life or safety of a",B,B,True,1,696,123,"B  
The gold passage indicates that content-based regulations are presumptively unconstitutional unless they serve a compelling state interest and are narrowly tailored. The second statute punishes threats against public officials, which could be seen as a content-based regulation targeting specific speech. However, Doe's statements, while aggressive, may not constitute a true threat as defined by the law, especially since they were made in a public forum and were part of a political discourse. Therefore, while the statute itself may be constitutional, Doe could not be constitutionally punished under it for his speech, as it does not meet the threshold of a true threat.",,-10.377564430236816,-0.002564003225415945,-10.002564430236816,-100.0,0.999923403085501
mbe_295,nan,MBE-1978-83-part1,train,"A third state statute, enacted in 1880, makes criminal ""the utterance in any public place of any bla",C,C,True,1,893,109,"C  
The gold passage discusses equal protection of the laws and emphasizes that a threshold requirement for a meritorious equal protection claim is showing that the state has adopted a classification affecting similarly situated groups in an unequal manner. In this case, there is no indication that Doe's speech is being treated differently from other similar types of speech or that there is a classification affecting groups in an unequal manner. Therefore, the argument that application of the statute denies him equal protection of the laws is the least likely to succeed based on the information provided in the passage.",,-100.0,-0.8628754615783691,-0.6128754615783691,-100.0,0.5621765008857981
mbe_296,nan,MBE-1978-83-part1,train,"Peri's attorney asks Investigator to testify that, a week before receiving the libelous letter, he h",B,B,True,1,359,96,"B  
The gold passage indicates that a record created by a third party can be admitted under the business record exception to the hearsay rule without the need for production of the original record or showing its unavailability, provided it meets the criteria of being procured in the normal course of business and showing trustworthiness. Since the inquiry letter was written by Investigator inquiring about Peri, it can be considered relevant to the case and admissible without needing to produce the inquiry letter itself.",,-2.021928310394287,-1.021928310394287,-100.0,-100.0,0.7310585786300049
mbe_297,nan,MBE-1978-83-part1,train,"Investigator, if permitted, will testify that, ""I received a letter that I cannot now find, which re",D,B,False,1,342,74,"B  
The gold passage states that if the original document is unavailable, the party must provide a valid reason why, and if the court finds the reason acceptable, then secondary evidence can be used to prove the contents of the document. Therefore, for Investigator's testimony to be admitted, the jury must be satisfied that the original letter is unavailable, which aligns with option B.",,-100.0,-0.06300579756498337,-100.0,-3.0630056858062744,0.9525741217735477
mbe_298,nan,MBE-1978-83-part1,train,"If Player asserts a claim based on defamation against Shoe Store, will Player prevail?",A,A,True,1,436,89,"A  
Player will prevail if Shoe Store was reckless in accepting Photo's statement that Photo had Player's approval. The gold passage states that a defendant is liable for defaming a private person if he knowingly or recklessly publishes a false and disparaging communication concerning that person to a third party. Since Shoe Store did not verify Photo's claim and relied on it without due diligence, this could be considered reckless behavior, making option A the correct choice.",,-0.4244690239429474,-100.0,-4.799468994140625,-1.424468994140625,0.7243922304305495
mbe_299,nan,MBE-1978-83-part1,train,"If Player asserts a claim based on invasion of privacy against Shoe Store, will Player prevail?",B,B,True,1,461,48,"B  
Player will prevail because Shoe Store used Player's picture for profit without his permission. The gold passage emphasizes the right of an individual to control the commercial exploitation of their name and likeness, which Player did not consent to in this case.",,-16.625553131103516,-17.375553131103516,-100.0,-100.0,0.32082130082460697
mbe_300,nan,MBE-1978-83-part1,train,"Landover, the owner in fee simple of Highacre, an apartment house property, entered into an enforcea",D,D,True,1,477,124,"D  
The gold passage does not provide relevant information regarding the specific performance of real estate contracts or the doctrine of equitable conversion. However, based on the context of the question, the doctrine of equitable conversion is a legal principle that applies in real estate transactions, indicating that once a contract for the sale of land is executed, the buyer is considered the equitable owner of the property, and the seller retains legal title as a trustee for the buyer. This principle would support Landover's claim for specific performance despite the destruction of the property, as the risk of loss typically falls on the seller unless otherwise stated in the contract.",,-4.790707588195801,-100.0,-100.0,-0.04070748761296272,0.9914225154416355
mbe_302,nan,MBE-1978-83-part1,train,"If the question is raised in an action against the insurance company, how is the court likely to con",B,A,False,1,669,99,"A  
The clause in the insurance policy explicitly states that the applicant warrants the truthfulness of the statements made in the application and that these statements are conditions to the contract of insurance. According to the gold passage, an express condition must be reflected in clear, express language, and the language in the policy clearly indicates that the truthfulness of the statements is a condition precedent. Since Mary’s statement was not true, the condition was not met, and therefore, the insurance company will not be liable.",,-0.20209506154060364,-7.827095031738281,-100.0,-100.0,0.9995121428626856
mbe_303,nan,MBE-1978-83-part1,train,"If no objection is made concerning Mary's misstatement in the application, how is the court most lik",C,C,True,1,457,93,"C  
The gold passage indicates that the contingent beneficiary's entitlement to the policy proceeds is affected by the primary beneficiary's status. In this case, since Joan, the primary beneficiary, did not reach the age of 21, the clause regarding her age has legal significance only with respect to the timing of payment. Therefore, the court is most likely to construe the clause as having legal significance only concerning when the proceeds can be paid, which aligns with option C.",,-100.0,-5.368042469024658,-0.11804258823394775,-4.618042469024658,0.98390671322956
mbe_304,nan,MBE-1978-83-part1,train,"At Defendant's trial for the murder of the watchman, the court should in substance charge the jury o",A,B,False,1,634,66,"B  
The gold passage indicates that intoxication does not create a presumption that an intoxicated person is incapable of premeditation. Therefore, voluntary intoxication is not a defense to the crime of murder, as it does not negate the element of intent required for a murder charge. Thus, option B is the correct choice.",,-100.0,-19.5,-15.25,-100.0,0.014063627043245474
mbe_305,nan,MBE-1978-83-part1,train,"At Defendant's trial on the charge of manslaughter in the death of the pedestrian, his best argument",A,A,True,1,582,124,"A  
Defendant's best argument at his trial on the charge of manslaughter in the death of the pedestrian would be that he was too intoxicated to realize he was creating a substantial and unjustifiable risk in the manner in which he was operating his car. However, since DUI manslaughter is a general intent crime, voluntary intoxication is not a defense, which means that even if he was intoxicated, it does not negate the recklessness required for manslaughter. Therefore, while A presents a potential argument, it ultimately does not provide a valid defense under the legal principle stated in the gold passage.",,-0.0005562512087635696,-14.125555992126465,-100.0,-13.000555992126465,0.9999970058572633
mbe_306,nan,MBE-1978-83-part1,train,The state's best argument to counter Defendant's argument in Question 157 on the intoxication issue ,C,D,False,1,754,106,"D  
The gold passage emphasizes that a defendant's prior convictions for driving under the influence can demonstrate their subjective understanding and conscious disregard of the risks associated with driving while intoxicated. This suggests that the key issue in the manslaughter charge is not merely whether the defendant was intoxicated, but rather whether his conduct while operating the vehicle constituted criminal recklessness. Therefore, the state's best argument would focus on the manner in which Defendant was operating his car, which can be characterized as criminally reckless, regardless of his intoxication level.",,-100.0,-100.0,-3.532400608062744,-0.03240054100751877,0.9706877711565677
mbe_309,nan,MBE-1978-83-part1,train,"If Johnson's claim is based on negligence, is the defense of assumption of the risk applicable?",C,C,True,1,514,102,"C  
No, if it appeared that there was no other practicable way of getting out of the lot before Monday. The gold passage states that to prove assumption of risk, the defendant must show that the plaintiff had actual or constructive knowledge of the specific risk, appreciated the risk's character, and voluntarily accepted the risk. If Johnson had no other practicable way to exit the lot and was confined due to circumstances beyond his control, it undermines the argument that he voluntarily accepted the risk of climbing the fence.",,-11.8765869140625,-100.0,-0.0015869855415076017,-9.5015869140625,0.9999181925525468
mbe_310,nan,MBE-1978-83-part1,train,"If Johnson's claim is based on false imprisonment, will Johnson prevail?",D,C,False,1,640,93,"C  
No, unless the security guard was negligent in locking the gate. The gold passage indicates that for a false imprisonment claim to prevail, the confinement must occur without right or authority. If the security guard locked the gate without knowing that someone was in the lot, it may not constitute false imprisonment, as there would be no intention to confine Johnson against his will. Therefore, Johnson's claim would depend on whether the guard acted negligently in locking the gate.",,-1.4240705966949463,-100.0,-0.9240705370903015,-1.1740705966949463,0.4192289661220005
mbe_311,nan,MBE-1978-83-part1,train,"If the court refuses the injunction, it will be because",B,C,False,1,921,107,"C  
The court would likely refuse the injunction because, in the absence of a contrary agreement, a residential tenant is entitled to remove any personal property he voluntarily brings upon the premises. The gold passage indicates that a tenant may remove trade fixtures, which are items attached for the purpose of carrying on a business, as long as their removal does not damage the realty. Since Barnes installed the equipment in the garage for his hobby, which can be considered a personal use rather than a business, he is still entitled to remove his personal property.",,-14.125459671020508,-10.500459671020508,-0.0004595055361278355,-100.0,0.9999717305329949
mbe_312,nan,MBE-1978-83-part1,train,"If the equipment concerned had been installed by Albert, but the facts were otherwise unchanged, the",A,C,False,1,682,88,"C  
The gold passage states that trade fixtures are removable by a tenant as long as they remain in possession of the leasehold and can be removed without causing material injury to the realty. If the equipment had been installed by Albert instead of Barnes, it would not change the legal principle regarding the removal of trade fixtures. Therefore, the likelihood of Good Bank's succeeding in its prayer for an injunction would be unaffected by who installed the equipment.",,-3.249631643295288,-100.0,-0.8746315836906433,-100.0,0.9149009596336303
mbe_314,nan,MBE-1978-83-part1,train,"If charged with criminal assault, Edward should be found",C,C,True,1,549,87,"C  
The gold passage indicates that to establish an assault claim, there must be an intentional, knowing, or reckless action that causes apprehension of imminent bodily injury or offensive contact. In this case, Edward did not intend to hit Margaret, as he was merely trying to grab his hat and narrowly missed. Therefore, he should not be found guilty of assault because he did not have the requisite intent to cause apprehension of offensive touching.",,-7.629882335662842,-100.0,-0.004882431123405695,-8.3798828125,0.9992818610244361
mbe_315,nan,MBE-1978-83-part1,train,"If charged with criminal battery, Margaret should be found",D,D,True,1,373,92,"D  
The gold passage indicates that a person is guilty of battery if they purposely, knowingly, or recklessly cause bodily injury to another. However, it does not provide any information that would suggest that Margaret's actions were not justified. Since she pushed Edward out of fear of being struck, her action could be seen as a justified response to a perceived threat, which would not constitute criminal battery under the definitions provided. Therefore, she should be found not guilty.",,-13.125019073486328,-100.0,-15.875019073486328,-1.9027791495318525e-05,0.9999978777518412
mbe_316,nan,MBE-1978-83-part1,train,"Police were concerned about an increase in marijuana traffic in Defendant's neighborhood. One night,",C,C,True,1,616,88,"C  
The police activity in this scenario likely violated Defendant's reasonable expectations of privacy. The gold passage indicates that a reasonable expectation of privacy is based on concepts of property law and societal understandings. Since the police entered the backyard and porch without a warrant or exigent circumstances, this could be seen as an infringement on Defendant's privacy rights. Therefore, Defendant's motion to prevent the introduction of the marijuana into evidence would most probably be granted.",,-3.0361857414245605,-0.911185622215271,-0.661185622215271,-100.0,0.5342407558757598
mbe_317,nan,MBE-1978-83-part1,train,"In his case in chief, Drew called as his first witness Wilma to testify to Drew's reputation in his ",B,C,False,1,401,72,"C  
The testimony is inadmissible because Drew has not testified. According to the gold passage, a reputation witness must be qualified, and typically, character evidence is only admissible when the defendant has opened the door by testifying about their character. Since there is no indication that Drew has testified, the reputation evidence presented by Wilma is not admissible.",,-5.27303409576416,-100.0,-0.02303406596183777,-100.0,0.9947798744612014
mbe_318,nan,MBE-1978-83-part1,train,Drew called William to testify that on July 20 Drew said that he was about to leave that day to visi,A,D,False,1,486,97,"D  
The testimony is inadmissible because it constitutes hearsay not within any exception. Drew's statement about his plans to visit relatives on July 20 is a description of a previous event rather than a declaration of his then existing state of mind. The gold passage specifies that a statement of present mental state is an exception to the hearsay rule, but a description of a previous event does not qualify under this exception. Therefore, the testimony does not meet the criteria for admissibility.",,-10.627519607543945,-100.0,-100.0,-0.0025200152304023504,0.9999756997493501
mbe_319,nan,MBE-1978-83-part1,train,"Drew called Wilson to testify to alibi. On cross-examination of Wilson, the prosecutor asked, ""Isn't",A,A,True,1,399,77,"A  
The question is proper because it goes to bias. The prosecutor's inquiry about Wilson being Drew's first cousin suggests a potential bias in Wilson's testimony, which is relevant for cross-examination. The gold passage indicates that leading questions are ordinarily permitted on cross-examination, and this question seeks to explore the relationship between the witness and the defendant, which is pertinent to assessing credibility.",,-0.008616226725280285,-14.50861644744873,-13.88361644744873,-100.0,0.9999985534092676
mbe_320,nan,MBE-1978-83-part1,train,"Drew called Warren to testify to alibi. On cross-examination of Warren, the prosecutor asked, ""Weren",B,B,True,1,404,100,"B  
The question posed by the prosecutor regarding Warren's prior jury service has the potential to mislead the jury, as it does not directly relate to the material proposition of Drew's guilt or innocence in the current murder charge. The probative value of the answer would be outweighed by its tendency to mislead, as it could create bias against Drew based on an unrelated case. This aligns with the principle that evidence must have probative value in establishing or disestablishing a legally necessary proposition.",,-10.42368221282959,-0.04868184030056,-100.0,-100.0,0.9999687981002293
mbe_321,nan,MBE-1978-83-part1,train,Re-direct examination of a witness must be permitted in which of the following circumstances?,B,A,False,1,392,61,"A  
The gold passage states that redirect examination is limited to matters that were first raised on cross-examination, indicating that it must be permitted to reply to any matter raised during that cross-examination. This aligns with option (A), which allows for a response to any matter raised in cross-examination.",,-0.002643437124788761,-7.252643585205078,-100.0,-100.0,0.999290329705913
mbe_322,nan,MBE-1978-83-part1,train,"On March 1, Mechanic agreed to repair Ohner's machine for $5,000, to be paid on completion of the wo",B,B,True,1,450,90,"B  
The gold passage states that a general contractor implies a warranty that the work will be done in a workmanlike manner, which is defined as work completed in a skillful manner and is non-defective. If Mechanic did not perform his work in a workmanlike manner, Ohner could use this as a defense against Jones's claim for payment, as it would indicate that Mechanic did not fulfill his contractual obligations to Ohner.",,-18.0,-5.512236498361744e-07,-18.125,-100.0,0.9999999713295952
mbe_323,nan,MBE-1978-83-part1,train,"Assume for this question only that BCD's termination of John's employment was not wrongful. If John,",D,D,True,1,802,96,"D  
BCD will win, because John was not employed as a BCD salesperson when Bobb was billed for the computer. The gold passage discusses the requirements for vicarious liability, which emphasizes the importance of the individual's employment status and authority at the time of the relevant action. In this case, since John was terminated before the billing occurred, he did not meet the requirement of being employed at the time the bill was sent, which is crucial for him to claim the commission.",,-100.0,-100.0,-100.0,-1.1517960956552997e-05,1.0
mbe_324,nan,MBE-1978-83-part1,train,Assume for this question only that BCD's termination of John's employment was not wrongful. If John ,C,C,True,1,645,98,"C  
John will lose, because there is an express contractual provision pre-empting the subject of compensation for his services. The gold passage discusses the requirements for a wrongful termination claim, but it does not provide any support for a claim regarding compensation for services rendered when there is an express contractual provision in place. Since John's entitlement to commissions is contingent upon being employed at the time the bill is sent, and he was terminated before that, he cannot claim compensation based on the services he provided.",,-100.0,-100.0,-0.0002807623823173344,-11.375280380249023,0.9999885212274866
mbe_325,nan,MBE-1978-83-part1,train,"Which of the following additional facts, if shown by the evidence, would support a claim by John aga",C,A,False,1,664,150,"A  
The gold passage outlines the requirements for establishing a claim for wrongful discharge in violation of public policy. To support a claim, Mendlovic must demonstrate that a clear public policy exists, that the dismissal jeopardizes that policy, that the dismissal was motivated by conduct related to the policy, and that there was no overriding legitimate business justification for the dismissal. 

In this scenario, fact I suggests that John's termination was motivated by a personal interest (Franklin being the president's son), which could indicate a violation of public policy if it undermines fair employment practices. Fact II, if true, would also support John's claim as it suggests he was wrongfully terminated based on incorrect performance evaluations. Fact III, while it may indicate John's loyalty and experience,",,-1.2905827760696411,-2.0405826568603516,-1.6655827760696411,-100.0,0.46303672989265665
mbe_327,nan,MBE-1978-83-part1,train,"If plaintiffs assert a claim based on public nuisance, plaintiffs will",A,A,True,1,658,100,"A  
The gold passage indicates that a public nuisance involves actions that injuriously affect the safety, health, or morals of the public, or cause substantial annoyance or injury to the public. For the plaintiffs to prevail in a public nuisance claim, they must demonstrate that they sustained harm that is different from that suffered by the public at large. Therefore, option A is supported by the passage, as it aligns with the requirement that the plaintiffs must show a distinct harm to assert a claim for public nuisance.",,-0.09933491796255112,-100.0,-3.349334955215454,-100.0,0.9626731139945011
mbe_328,nan,MBE-1978-83-part1,train,"If plaintiffs assert a claim based on private nuisance, plaintiffs will",A,A,True,1,798,142,"A  
The plaintiffs will prevail because Cattle Company's activity unreasonably interfered with the plaintiffs' use and enjoyment of their property. According to the gold passage, to recover damages in a private nuisance claim, the plaintiffs must show that the defendant's conduct caused an unreasonable interference. The passage emphasizes that the determination of whether the interference is unreasonable involves a balancing of interests, including the nature and extent of the interference and the precautions taken by the defendant. In this case, despite Cattle Company using sanitary procedures, the substantial health hazard posed by the flies and odors, which are significantly more prevalent than in other areas, suggests that the interference is unreasonable. Thus, the plaintiffs have a valid claim for private nuisance.",,-0.000770436367020011,-100.0,-13.500770568847656,-9.750770568847656,0.9999403379448605
mbe_329,nan,MBE-1978-83-part1,train,"Alan, who was already married, went through a marriage ceremony with Betty and committed bigamy. Car",B,A,False,1,350,97,"(A) not guilty, because his encouragement and assistance was not the legal cause of the crime

The gold passage states that aiding and abetting requires that the defendant ""knowingly involved himself in a criminal act"" and furthered that act. Since Carl did not know about Alan's prior marriage, he could not have knowingly involved himself in the crime of bigamy. Therefore, his encouragement and assistance cannot be considered the legal cause of the crime, leading to a conclusion of not guilty.",,-3.1565403938293457,-4.406540393829346,-100.0,-100.0,0.7772998611746911
mbe_330,nan,MBE-1978-83-part1,train,Defendant was charged with murder. His principal defense was that he had killed in hot blood and sho,C,A,False,1,670,87,"A  
The judge's instructions to the jury included the state's obligation to prove guilt beyond a reasonable doubt, which is a fundamental principle in criminal law. Since the judge carefully advised the jury of this obligation, it suggests that the jury was properly guided in their deliberations regarding the presumption of murder and the burden on the defendant to show that the killing was in the heat of passion. Therefore, the conviction is likely to be affirmed.",,-0.8008525371551514,-1.5508525371551514,-1.8008525371551514,-100.0,0.5434056116997429
mbe_331,nan,MBE-1978-83-part1,train,Darlene was arrested on a murder charge. She was given Miranda warnings and refused to talk further ,C,C,True,1,407,82,"C  
The gold passage indicates that a waiver of Miranda rights may be implied through the defendant's silence. This implies that Darlene's silence after being given her Miranda warnings was an exercise of her rights. Therefore, using her post-arrest silence against her at trial would violate due process, as it penalizes her for exercising her right to remain silent. Thus, her conviction will most probably be reversed.",,-100.0,-100.0,-0.07891491055488586,-100.0,1.0
mbe_332,nan,MBE-1978-83-part1,train,"Alice was held up at the point of a gun, an unusual revolver with a red-painted barrel, while she wa",A,C,False,1,617,78,"C  
Winthrop's testimony is inadmissible because it constitutes improper character evidence. The gold passage discusses identification procedures and their reliability, but it does not support the admissibility of evidence that is solely character-based or that suggests a propensity to commit crimes. Therefore, the testimony about Dennis robbing Winthrop does not fit within the acceptable parameters for admissible evidence in this context.",,-6.752989292144775,-7.752989292144775,-0.002989470958709717,-6.877989292144775,0.997372004287999
mbe_335,nan,MBE-1978-83-part1,train,"Maria is the owner and possessor of Goodacre, on which there is a lumber yard. Maria conveyed to Rel",A,A,True,1,613,150,"(A) Maria, because the owner of an easement has a duty to so maintain the easement as to avoid unreasonable interference with the use of the servient tenement by its lawful possessor.

The gold passage indicates that the grant of an easement does not preclude the grantor from using the land in any manner that does not unreasonably interfere with the special use for which the easement was acquired. This implies that the owner of the easement (Reliable Electric Company) has a responsibility to maintain the easement in a way that does not cause unreasonable interference with the servient tenement (Goodacre). Since the electric line fell and caused damage to Maria's lumber yard, it can be argued that Reliable Electric Company failed to maintain",,-1.1916619539260864,-100.0,-2.191661834716797,-100.0,0.7310585551920353
mbe_340,nan,MBE-1978-83-part1,train,Seth owned a vacant lot known as Richacre. Seth entered into a written contract with Bob to build a ,C,C,True,1,542,110,"C  
The decision in the case will most likely be determined by whether the expressions ""inside date"" and ""outside date"" are construed to make time of the essence. According to the gold passage, for a contract to be regarded as ""of the essence,"" it must either expressly state that time is of the essence or there must be a clear indication of the parties' intent for time to be of the essence. Since the contract included specific dates for performance, the interpretation of those dates is crucial in determining the obligations of the parties regarding timely performance.",,-100.0,-100.0,-17.768150329589844,-100.0,1.0
mbe_341,nan,MBE-1978-83-part1,train,"Metterly, the owner in fee simple of Brownacre by quitclaim deed conveyed Brownacre to her daughter,",D,D,True,1,424,85,"D  
The gold passage states that the destruction of a deed of conveyance by or at the instance of the grantee does not reinvest the grantor with the legal title. Since Doris, the grantee, voluntarily destroyed the deed, this action does not return title to Metterly. Therefore, Doris remains the owner of Brownacre despite the destruction of the deed, as the deed was merely evidence of her title.",,-100.0,-3.786806583404541,-100.0,-0.03680647164583206,0.9770226325988914
mbe_342,nan,MBE-1978-83-part1,train,"If Motorist asserts a claim against Cross, Motorist will",A,D,False,1,553,138,"D  
The gold passage indicates that to prove negligence in furnishing a defective and unsafe car, the plaintiff must demonstrate that the car was unsafe and that the defendant either knew or should have known about the defect. In this scenario, the failure of the brakes was the immediate cause of the collision, which suggests that the defect in the car (the faulty brakes) is a significant factor in the accident. Therefore, Motorist's claim against Cross may be undermined by the fact that the immediate cause of the collision was the brake failure, which was a defect in the car that Owner failed to disclose. Thus, Motorist may not recover due to the direct link between the defect and the accident.",,-1.1915292739868164,-100.0,-3.5665292739868164,-0.441529244184494,0.6594985892602485
mbe_343,nan,MBE-1978-83-part1,train,"If the jurisdiction has adopted ""pure"" comparative negligence and Spouse asserts a claim against Cro",B,B,True,1,490,89,"B  
The gold passage defines ""comparative negligence"" as a failure to act reasonably to protect oneself from injury. In this scenario, Spouse can assert a claim against Cross, and under ""pure"" comparative negligence, her recovery would be based on the proportion of her damages relative to the negligence of Cross. Since the passage does not indicate that Spouse was negligent or that her negligence would bar recovery, option B is the most appropriate choice.",,-12.875713348388672,-0.000713266315869987,-100.0,-100.0,0.9999974387179994
mbe_344,nan,MBE-1978-83-part1,train,"If Motorist asserts a claim against Owner, will Motorist prevail?",A,C,False,1,543,91,"C  
The gold passage discusses the sources of duty of care but does not provide specific information about the liability of a gratuitous lender. However, it is generally understood that a gratuitous lender has a lesser duty of care compared to a commercial lender. Since Owner lent the car to Motorist without charge, it is likely that Owner's duty of care was slight, which would support the conclusion that Motorist may not prevail in a negligence claim against Owner.",,-0.9577199220657349,-100.0,-0.7077199220657349,-100.0,0.5621765008857981
mbe_345,nan,MBE-1978-83-part1,train,In which of the following situations is Defendant most likely to be guilty of larceny?,C,A,False,1,402,87,"A  
Defendant took Sue's television set with the intention of returning it the next day, which indicates an intention to temporarily deprive Sue of her property. However, the act of taking the television set itself constitutes larceny, as it involves the unlawful taking of someone else's property. The fact that he damaged it beyond repair does not negate the initial act of larceny, as the crime is established by the taking itself.",,-0.26936089992523193,-2.7693610191345215,-1.894360899925232,-100.0,0.7818628680696362
mbe_346,nan,MBE-1978-83-part1,train,"Acting on an anonymous telephone call, police went to Desmond's apartment, knocked on the door, and ",D,D,True,1,585,118,"D  
Desmond's best argument in support of the motion to suppress is that the statements were fruits of an unlawful arrest, and although the Miranda warnings may have been sufficient to protect his right against self-incrimination, they were not sufficient to purge the taint of the illegal arrest. The gold passage discusses the factors to consider in determining whether the taint of an unlawful arrest has been sufficiently attenuated, which includes the giving of Miranda warnings. This supports Desmond's argument that the unlawful nature of his arrest impacts the admissibility of his statements, making option D the most relevant choice.",,-100.0,-18.125022888183594,-14.375021934509277,-2.2127087504486553e-05,0.9999994150590588
mbe_347,nan,MBE-1978-83-part1,train,Which of the following is the strongest constitutional argument supporting Kane?,A,B,False,1,620,92,"B  
State legislators enjoy the protection of the speech and debate clause of the United States Constitution. The gold passage discusses the influence of federalism on the prosecution of state and local officials, indicating that there are reservations about federal involvement in state political behavior. This aligns with the protections afforded to legislators under the speech and debate clause, which is designed to ensure that legislators can perform their duties without fear of federal prosecution for actions taken in the course of their legislative functions.",,-7.251184463500977,-0.0011845153057947755,-100.0,-100.0,0.9992903295641611
mbe_348,nan,MBE-1978-83-part1,train,Which of the following is the strongest argument against Kane's constitutional defense?,C,C,True,1,760,106,"C  
The gold passage indicates that while Congress has certain enumerated powers, it may enact legislation that influences state power, provided it does not exceed its limited enumerated powers. The passage suggests that Congress can regulate state actions in specific contexts, particularly to prevent states from infringing on rights. Therefore, the argument that Congress does not significantly interfere with state government by applying this law to state legislators is the strongest against Kane's defense, as it implies that Congress has the authority to impose liability on state legislators without violating federalism principles.",,-100.0,-3.7748076915740967,-0.02480766735970974,-100.0,0.977022630633573
mbe_349,nan,MBE-1978-83-part5,train,The description of 44 Main Street was,A,A,True,1,607,89,"A  
The description of 44 Main Street is sufficient because the discrepancy in area (7/8 of an acre versus the stated ""one acre"") is not fatal. The gold passage indicates that slight discrepancies in acreage can be covered by the language used in the deed, and while it does not explicitly mention ""more or less,"" it implies that minor discrepancies do not invalidate the deed. Therefore, the description is adequate despite the difference in acreage.",,-0.028405802324414253,-100.0,-5.278405666351318,-100.0,0.99477987360035
mbe_350,nan,MBE-1978-83-part5,train,The description of part of Pat's farm,D,D,True,1,471,89,"D  
The description of part of Pat's farm is insufficient because it is vague. The gold passage states that a deed which does not fix a beginning point or any of the boundaries is held too vague to admit of parol evidence to fit the description to the thing intended to be conveyed. Since the description provided in the deed does not specify a clear beginning point or boundaries, it falls into the category of being too vague, making it insufficient.",,-18.000036239624023,-100.0,-100.0,-19.375036239624023,0.20181322226037882
mbe_351,nan,MBE-1978-83-part5,train,"Defendant, driving along at a reasonable rate of speed, was distracted by a child carrying a silver ",C,D,False,1,659,103,"D  
The definition in option D is most favorable to the defendant because it acknowledges that criminal negligence is something more than slight negligence but less than the more severe forms of misconduct required for other liabilities, such as wanton misconduct or murder. This aligns with the gold passage's emphasis on criminal negligence being a gross deviation from the standard of care expected, without requiring intent. The other options either imply a higher standard of negligence or require a conscious disregard of known danger, which could be more detrimental to the defendant's case.",,-1.413175106048584,-100.0,-100.0,-0.4131750464439392,0.7310585903489892
mbe_352,nan,MBE-1978-83-part5,train,In a particular jurisdiction there are no statutory standards for the amount of alcohol required to ,C,C,True,1,888,91,"C  
The gold passage discusses the operation of a motor vehicle and does not provide any statutory standards for interpreting blood alcohol tests or the mental state required for criminal negligence. Therefore, the most appropriate argument for the Defendant is that the blood test results should be considered as one factor among others, such as the police officers' opinions regarding sobriety. This aligns with the idea that the jury should weigh all evidence presented rather than relying solely on the blood test results.",,-4.033098220825195,-100.0,-0.03309839591383934,-100.0,0.982013786945369
mbe_353,nan,MBE-1978-83-part5,train,"Dann offered testimony of Employer, that he had known and employed Dann for twelve years and knew Da",A,A,True,1,430,99,"A  
The testimony of Employer is admissible because it is relevant to show the improbability of Dann having committed an unprovoked assault. According to the gold passage, evidence is logically relevant if it tends to make the existence of any consequential fact more or less probable. In this case, Employer's testimony about Dann's reputation as a peaceful, law-abiding, nonviolent person supports Dann's claim of self-defense and makes it less probable that he would have committed an unprovoked assault.",,-0.04858918860554695,-100.0,-13.548588752746582,-15.798588752746582,0.9999984845445251
mbe_354,nan,MBE-1978-83-part5,train,"On cross-examination of Employer (Dann's), the state's attorney asked Employer if he had heard that ",B,C,False,1,341,81,"C  
The question is objectionable because it seeks to put into evidence separate, unrelated offenses. The gold passage indicates that improper questions on cross-examination can show a consistent pattern designed to prejudice the witness in the minds of the jury. This suggests that introducing evidence of Dann's previous fights and brawls, which are unrelated to the current charge of assault, could unfairly influence the jury against him.",,-100.0,-100.0,-0.25194743275642395,-12.876947402954102,0.9999967112508364
mbe_355,nan,MBE-1978-83-part5,train,Dann's friend Frank was called to testify that Smith had a reputation among the people with whom he ,A,C,False,1,584,102,"C  
The testimony regarding Smith's reputation for lawbreaking and engaging in brawls is inadmissible on the question of Dann's guilt because the focus of the trial is on Dann, not Smith. The gold passage emphasizes the need for a proper foundation for reputation evidence, but it does not support the idea that such evidence can be used to establish the guilt or innocence of the defendant in relation to the victim's character. Therefore, the testimony does not serve to address the question of Dann's guilt directly.",,-4.441071033477783,-100.0,-0.1910710632801056,-2.691071033477783,0.9121181168436755
mbe_356,nan,MBE-1978-83-part5,train,"If there is a guest law in the state where the accident happened, then in any action by Price agains",D,D,True,1,549,63,"D  
The gold passage does not provide any information regarding the effects of a guest statute on recovery by Price against Motorco. It only defines ordinary negligence and mentions the absence of gross negligence without substantial evidence. Therefore, the relevance of the guest statute is not addressed in the passage, making option D the correct choice.",,-3.8358843326568604,-100.0,-1.0858843326568604,-0.5858843326568604,0.6077900939371295
mbe_357,nan,MBE-1978-83-part5,train,"In a negligence action by Price against Motorco, the proof needed to establish a prima facie case is",D,D,True,1,536,99,"D  
The gold passage indicates that in a negligence action involving a manufacturing defect, the dealer (in this case, Motorco) has the burden to show that they made reasonable and adequate efforts to discover the defect and that the defect could not be discovered despite those efforts. Therefore, to establish a prima facie case, Price must prove that the bolt was defective and that the defect would have been discovered had Motorco exercised reasonable care in the inspection of component parts. This aligns with option D.",,-100.0,-100.0,-100.0,-0.20473559200763702,1.0
mbe_358,nan,MBE-1978-83-part5,train,"In a negligence action by Price against Motorco, the negligence of Dunn will be considered to be",A,D,False,1,880,127,"D  
The gold passage discusses the concept of foreseeable risk and how courts have defined it broadly. It indicates that the particular manner in which an injury occurs need not be foreseeable, and that the consequences of negligence can often be surprising. In this case, Dunn's negligence, which led to the accident, can be viewed as an independent, intervening cause of Price's injuries, as it was Dunn's actions that directly resulted in the collision and subsequent events. The passage supports the idea that while Motorco may have been negligent in providing a defective bolt, Dunn's negligence is a separate and intervening factor that contributed to Price's injuries.",,-3.8442013263702393,-1.9692013263702393,-3.5942013263702393,-0.21920137107372284,0.8099519314862207
mbe_359,nan,MBE-1978-83-part5,train,"In a negligence action by Price against Motorco, a defense that is likely to prevail is that",A,A,True,1,581,94,"A  
Motorco exercised due care in testing the bolts. The gold passage defines ""due care"" as the degree of care that a person of ordinary prudence would exercise under similar circumstances. Since Motorco tested samples from each shipment of bolts received and found no defects, this indicates that they acted with the level of care expected of a manufacturer in ensuring the safety of their products. Therefore, this defense is likely to prevail in a negligence action by Price against Motorco.",,-2.236549335066229e-05,-14.000021934509277,-100.0,-100.0,0.9999991684716141
mbe_360,nan,MBE-1978-83-part5,train,"In an action based on strict liability in tort by Price against Boltco, Price will rely principally ",D,D,True,1,547,74,"D  
Price will rely principally on the fact that one of the bolts anchoring his seat was defective. The gold passage discusses strict products liability and emphasizes that the manufacturer can be held liable regardless of their knowledge of the product's unsafe condition. In this case, the defective bolt directly contributed to Price's injuries, making it the central focus of his claim against Boltco.",,-12.500014305114746,-100.0,-17.00001335144043,-1.3902033970225602e-05,0.9999962319631284
mbe_361,nan,MBE-1978-83-part5,train,Federal taxpayer Allen challenges the provision that allows the distribution of free textbooks to st,B,C,False,1,684,111,"C  
The gold passage indicates that the exercise of the spending power must be in pursuit of the general welfare and is subject to constitutional limitations. However, it does not support the idea that any taxpayer can challenge congressional spending authorizations. The passage implies that there must be a sufficient nexus between the taxpayer and the challenged expenditures for standing to be established. Since Allen is challenging a provision related to private schools, which do not involve state action, this further weakens the connection necessary for standing. Therefore, standing is most likely to be denied due to insufficient nexus.",,-100.0,-8.004430770874023,-0.004430947359651327,-100.0,0.999664649810369
mbe_362,nan,MBE-1978-83-part5,train,Federal taxpayer Bates also challenges the salary supplements for teachers in private schools where ,D,A,False,1,1239,106,"A  
The salary supplements will likely be sustained because the statute explicitly states that no supplements will be paid to teachers who instruct in religious subjects. This aligns with the principle of substantive entanglement discussed in the gold passage, which indicates that the government should not interfere with core religious matters, such as the selection of clergy or religious instruction. Since the statute provides a clear restriction against funding teachers involved in religious instruction, it minimizes the risk of entanglement with religious practices, thereby supporting the constitutionality of the salary supplements as outlined.",,-0.0002141458389814943,-15.375214576721191,-100.0,-8.500214576721191,0.9997963629518594
mbe_363,nan,MBE-1978-83-part5,train,Federal taxpayer Bates also challenges the construction grants to church-operated private colleges a,A,A,True,1,764,92,"A  
The construction grants will likely be sustained because the gold passage indicates that aid to religiously affiliated institutions that are not pervasively sectarian does not automatically lead to a presumption that the aid will be used to advance religion. The passage emphasizes that the courts have not struck down statutes in anticipation of unconstitutional use of funds, suggesting that as long as the institution is not pervasively sectarian, the aid can be provided without violating the establishment clause.",,-0.025714902207255363,-3.775714874267578,-100.0,-100.0,0.9770226294627451
mbe_364,nan,MBE-1978-83-part5,train,Assuming that the faculty's notice of November 1 was posted on a bulletin board or other conspicuous,B,B,True,1,669,104,"B  
The faculty's notice of November 1 constituted a contractual offer because it manifested a willingness to enter into a bargain by inviting students to compete in the National Obscenity Law Competition with the promise of a $500 prize for the winner. This aligns with the definition of an offer as it justifies the understanding that a student's acceptance of the terms (winning the competition) would conclude the bargain. The notice clearly indicated the conditions under which the prize would be awarded, thus creating a power of acceptance for the students.",,-12.00003433227539,-3.404745439183898e-05,-100.0,-100.0,0.9999938558271477
mbe_365,nan,MBE-1978-83-part5,train,"As to Student, was the offer effectively revoked?",C,C,True,1,1437,104,"C  
The gold passage indicates that merely acting in justifiable reliance on an offer may serve as sufficient reason for making a promise binding. In this case, Student intensified his efforts to win the competition after seeing the offer, which constitutes reliance on the offer. The passage also suggests that if the offeree has acted in detrimental reliance, it would be unjust to allow the offeror to revoke the offer. Therefore, the faculty's second notice does not effectively revoke the offer because Student relied on it prior to April 1.",,-100.0,-10.25026798248291,-0.00026765360962599516,-9.75026798248291,0.9999063566361193
mbe_366,nan,MBE-1978-83-part5,train,The offer proposed a,A,A,True,1,667,110,"A  
The offer proposed a unilateral contract only. The gold passage defines a unilateral contract as one where performance is based on the wish, will, or pleasure of one of the parties, and it states that an offer to make a unilateral contract is accepted when the requested performance is rendered. In this case, the faculty's offer of $500 was contingent upon the Student winning the competition, which constitutes performance. The Student's acceptance through intensified effort does not create a bilateral contract, as there was no mutual promise exchanged; thus, the offer remains unilateral.",,-0.0009473071550019085,-100.0,-100.0,-10.250946998596191,0.9999646437383493
mbe_367,nan,MBE-1978-83-part5,train,The promise of the faculty on November 1 was,B,C,False,1,640,117,"C  
The gold passage discusses the standing and capacity of personal representatives in probate proceedings, but it does not provide any support for the enforceability of the faculty's promise based on promissory estoppel, personal representative issues, or the existence of a duty to perform. The passage implies that the agreement may not be enforceable due to its informal nature, similar to family agreements or social commitments, which aligns with option C. Therefore, the promise of the faculty on November 1 is not enforceable on policy grounds because it produced a noncommercial agreement between a student and his teachers.",,-8.38044548034668,-100.0,-0.0054451776668429375,-100.0,0.9997694933477604
mbe_368,nan,MBE-1978-83-part5,train,"In an appropriate attack upon the limitation to residential user by single families, if the evidence",C,C,True,1,819,101,"C  
The gold passage indicates that enforcement of deed restrictions is akin to enforcement of zoning ordinances, which serves to preserve property values and advance comprehensive planning. Since the deeds for the lots in Royal Oaks expressly stated that the residential use restriction was binding and enforceable by any lot owner, it follows that the restriction will be enforced at the suit of any present owner of a lot in the Royal Oaks residential subdivision. Therefore, option C is the most probable judicial resolution based on the information provided in the passage.",,-100.0,-100.0,-21.0,-100.0,1.0
mbe_369,nan,MBE-1978-83-part5,train,"For this question only, assume that Owner now desires to open his remaining 100 acres as a residenti",D,D,True,1,882,95,"D  
Any chance of success depends upon the 100 acres being considered by the courts as a part of a common development scheme which also includes the 200 acres of Royal Oaks. The gold passage indicates that a factual finding of a common scheme of development is necessary for enforcing deed restrictions, as it provides standing to challenge violations. Therefore, if the 100 acres are viewed as part of a common scheme with Royal Oaks, Owner may have a chance to impose enforceable restrictions.",,-17.125,-100.0,-100.0,-9.088346359931165e-07,0.999999963465146
mbe_370,nan,MBE-1978-83-part5,train,"A state accredits both public and private schools, licenses their teachers, and supplies textbooks o",B,B,True,1,425,83,"B  
The gold passage emphasizes that the Equal Protection Clause prohibits the use of race in various governmental contexts, indicating that the government's involvement in education, such as through accreditation and licensing, implicates the application of the Equal Protection Clause. Therefore, the argument that the state's involvement in school regulation and support makes the equal protection clause applicable to the Country Schoolhouse is the strongest against the school's racially exclusionary admissions policy.",,-8.251818656921387,-0.0018189321272075176,-100.0,-100.0,0.999738809609042
mbe_373,nan,MBE-1978-83-part5,train,"Linda was fifteen years old, but she appeared and acted older. When asked, she always said she was t",C,B,False,1,530,112,"B  
The gold passage states that attempted rape is defined as purposely engaging in conduct which constitutes a substantial step toward accomplishing the rape. For the attempted rape charge to be sustained, it is necessary to establish that Duke had the intent to commit the act. Since the age of consent is sixteen, and Linda is only fifteen, the prosecution must show that Duke believed Linda was over the age of consent to establish his culpability for attempted rape. Therefore, the State can sustain the attempted rape charge if it can show that Duke thought Linda was over the age of consent.",,-3.9127912521362305,-0.1627912074327469,-2.1627912521362305,-100.0,0.8629222006787626
mbe_374,nan,MBE-1978-83-part5,train,"In an action by Paul against Daniel, which of the following would be Daniel's best defense?",B,C,False,1,534,81,"C  
The gold passage indicates that goods must be returned within a reasonable time if they are not satisfactory, and it does not provide a basis for subjective dissatisfaction as a valid defense. Daniel's claim that the cards were not delivered on time is a concrete issue that directly relates to the terms of the contract, which specified a delivery date. Therefore, this would be Daniel's best defense against accepting the cards.",,-9.253368377685547,-100.0,-0.0033686580136418343,-10.128368377685547,0.9998638415540185
mbe_375,nan,MBE-1978-83-part5,train,Which of the following statements is most accurate?,D,D,True,1,715,103,"D  
Performance by Paul under the contract was a condition precedent to Daniel's duty of payment of the $100. According to the gold passage, a condition precedent is an act or event that must occur before a duty to perform arises. In this case, Paul's delivery of the personalized Christmas cards (his performance) must occur before Daniel's obligation to pay the $100 arises. The passage emphasizes that conditions must be clearly expressed, and the contract indicates that Daniel's payment is contingent upon Paul's performance of delivering the cards.",,-9.500243186950684,-9.250243186950684,-100.0,-0.00024311232846230268,0.9998290657543203
mbe_376,nan,MBE-1978-83-part5,train,Which of the following statements regarding the legal effect of Daniel's illness is LEAST accurate?,C,C,True,1,651,121,"C  
The gold passage states that a party's obligation to perform under a contract is only excused when the other party's breach is so substantial that it defeats the object of the parties in making the contract. In this case, Daniel's illness did not constitute a breach of the contract; rather, it was a circumstance that affected the performance timeline. Therefore, Paul's obligation to deliver the cards by December 15 was not excused, and he was still under a duty to perform as per the contract's express language. Thus, statement C is the least accurate regarding the legal effect of Daniel's illness.",,-8.127429008483887,-7.002429485321045,-0.0024294056929647923,-100.0,0.9987935305860752
mbe_382,nan,MBE-1978-83-part5,train,The most generally accepted basis on which a court will hold that X has a legal duty to aid another ,D,D,True,1,453,113,"D  
The gold passage indicates that a legal duty to aid another may arise in specific situations, including where one has assumed a duty of care. The most relevant option here is (D), which states that X has a legal duty to aid another human being from X's own nonnegligent conduct. This aligns with the idea that a duty can arise from the circumstances surrounding an individual's conduct, particularly if that conduct has created a situation where another is in immediate danger. The other options do not fit the criteria established in the passage as clearly as option (D).",,-4.020524501800537,-7.270524501800537,-100.0,-0.02052437700331211,0.9813294121702916
mbe_383,nan,MBE-1978-83-part5,train,"Jones, angry at a neighbor with whom he had quar. reled, for revenge surreptitiously removed a piece",B,A,False,1,611,119,"A  
The gold passage defines ""larceny"" as the fraudulent and wrongful taking and carrying away of the property of another with the intent to convert it to the taker's use without the owner's consent. In Commonwealth v. Mason, the sisters took a dog with the intent to conceal it until a reward was offered, which demonstrates a wrongful taking with the intent to convert the property to their use. This is similar to Jones's actions of taking the stone statuary from his neighbor's garden with the intent to return it later, as both involve the wrongful taking of another's property without consent.",,-6.253713218029588e-05,-13.500062942504883,-100.0,-13.000062942504883,0.9999963687261649
mbe_384,nan,MBE-1978-83-part5,train,"Harris, a heroin addict, broke into a home and took several cameras and watches, which he promptly p",A,D,False,1,794,128,"D  
The case of King v. Pear is most applicable as a precedent for Harris's situation. In this case, the defendant hired a horse with the intent to return it but instead sold it, which demonstrates the intent to deprive the owner of their property. Similarly, Harris broke into a home and took cameras and watches with the intent to sell them for cash to buy drugs, indicating a clear intent to deprive the owners of their property. The gold passage emphasizes that larceny involves taking personal property with the intent to deprive the owner, which aligns with the actions of both Harris and the defendant in King v. Pear.",,-3.5304453372955322,-100.0,-100.0,-0.03044533170759678,0.9706877694076372
mbe_386,nan,MBE-1978-83-part5,train,"Baker, the seller, authorized Ruiz in writing to sign a contract for the sale and purchase of land f",D,D,True,1,557,75,"D  
Baker will lose because Arthur's agency contract was not in writing. The gold passage states that a contract involving the sale of land must be in writing to be enforceable. Since Arthur authorized Thomas to sign the contract for him orally, this does not satisfy the Statute of Frauds requirement for a written contract. Therefore, Baker cannot enforce the contract against Arthur.",,-100.0,-100.0,-4.264306545257568,-0.014306765049695969,0.9859363699091515
mbe_387,nan,MBE-1978-83-part5,train,A state statute requires that all buses which operate as common carriers on the highways of the stat,C,C,True,1,316,78,"C  
The gold passage indicates that a state law that burdens interstate commerce may violate the dormant Commerce Clause if the burden is clearly excessive in relation to the local benefits. Since Transport Lines is an interstate carrier and the statute imposes a requirement that could be seen as a burden on its operations, the best basis for a constitutional challenge would be that the statute creates an unreasonable burden on interstate commerce.",,-100.0,-100.0,-20.12509536743164,-100.0,1.0
mbe_388,nan,MBE-1978-83-part5,train,"Amy Docent, a state college instructor, was discharged because of her refusal to comply with a state",B,C,False,1,417,65,"C  
The gold passage indicates that the First Amendment allows for restrictions on public employees' speech if they are not speaking as private citizens or about matters of public concern. This supports the idea that the state can set conditions for state employment, which aligns with option C. The other options do not have support in the passage provided.",,-1.8645910024642944,-1.8645910024642944,-1.2395910024642944,-1.9895910024642944,0.39325343687947123
mbe_391,nan,MBE-1978-83-part5,train,In 1955 Alpha and Della entered into a contract with John whereby Alpha and Della contracted to sell,C,C,True,1,630,112,"C  
The gold passage indicates that specific performance is an equitable remedy that may be granted when the legal remedy is inadequate. However, it does not address the specific ownership interests in Blackacre. Given the fact pattern, Bill has a valid interest in Blackacre due to Owen's will, which leaves all real estate to him. Therefore, Alpha and Della cannot convey good title to John, as they do not have the full ownership rights necessary to perform the contract. Thus, the court would likely deny the prayer for specific performance based on Bill's valid interest.",,-4.889926910400391,-5.889926910400391,-0.2649267017841339,-1.5149266719818115,0.7692810560842559
mbe_392,nan,MBE-1978-83-part5,train,In 1946 the interest of the American Red Cross in Blackacre could be best described as a,B,C,False,1,922,117,"C  
The interest of the American Red Cross in Blackacre can be best described as a valid executory interest. According to the gold passage, an executory interest is a future interest held by a third person that begins after the natural termination of a preceding estate. In this case, the American Red Cross's interest is contingent upon the condition that Blackacre is used for purposes other than residential. Since this interest does not vest at the execution of the deed but rather upon the happening of a condition (the change in use of the property), it qualifies as a valid executory interest.",,-100.0,-1.7784597873687744,-0.27845972776412964,-100.0,0.8175744850834649
mbe_393,nan,MBE-1978-83-part5,train,"In most states, would Brill's saving of Mary's life be regarded as sufficient consideration for Ace'",C,B,False,1,563,85,"B  
The gold passage defines consideration as a right, interest, profit, or benefit that is given in exchange for a promise. In this case, Ace's promise to pay Brill $1,000 was made in consideration of Brill saving his wife's life, which can be seen as a material benefit to Ace. Therefore, Brill's act of saving Mary's life would be regarded as sufficient consideration for Ace's promise.",,-100.0,-0.1475497931241989,-2.147549867630005,-100.0,0.8807970858005139
mbe_394,nan,MBE-1978-83-part5,train,"With respect to the recital that Brill had agreed not to file a claim against Ace's estate, what add",B,B,True,1,634,122,"B  
The gold passage indicates that recitals in contracts are not binding and do not create enforceable promises. Therefore, the recital regarding Brill's agreement not to file a claim against Ace's estate would not be sufficient to support Brill's claim. However, if Brill reasonably believed he had a valid claim when the instrument was signed, this belief could strengthen his position by suggesting that he had a legitimate expectation of receiving the $1,000, which could be interpreted as consideration for Ace's promise. This belief could potentially provide a basis for enforcing the promise despite the non-binding nature of the recital.",,-9.001254081726074,-0.0012542768381536007,-8.501254081726074,-100.0,0.9996732285775911
mbe_395,nan,MBE-1978-83-part5,train,On which of the following theories would it be most likely that Brill could recover?,A,B,False,1,747,111,"B  
The gold passage discusses the concept of compromise and states that compromises are favored in the law, with the burden of proving invalidity resting on the party contesting it. While the passage does not explicitly mention restitution, it implies that if Ace received a benefit from Brill's actions (saving his wife's life), it would be unjust for Ace to retain that benefit without compensating Brill. Therefore, the theory of unjust enrichment (restitution) aligns with the principles outlined in the passage, making it the most likely basis for Brill to recover.",,-3.675835609436035,-0.05083552375435829,-100.0,-4.925835609436035,0.9668522549266569
mbe_396,nan,MBE-1978-83-part5,train,Brown suffered from the delusion that he was a special agent of God. He frequently experienced hallu,B,B,True,1,579,120,"B

The gold passage indicates that a finding of insanity requires proof that the accused acted under a delusional compulsion and that the criminal act was connected with the delusion. In the context of the M'Naghten test, the strongest argument for Brown's defense would be that he did not know that his act was morally wrong, as his delusions led him to believe he was carrying out a divine command. This aligns with the requirement that the delusion must relate to a fact that would justify the act, which suggests that he lacked the understanding of the moral wrongness of his actions.",,-3.7737081050872803,-0.2737080156803131,-100.0,-100.0,0.9706877717925421
mbe_397,nan,MBE-1978-83-part5,train,The violation of the crosswalk statute by Walker should not defeat her cause of action against Drive,D,B,False,1,684,112,"B  
The gold passage indicates that a statute's violation is deemed negligence per se if the injury was caused by the law's violation and was of the type intended to be prevented by the statute. However, it does not state that a pedestrian's violation of a crosswalk statute automatically defeats their cause of action against a driver who also violated a traffic law. Therefore, pedestrians are entitled to assume that automobile drivers will obey the law, which supports Walker's position that she should not be held solely responsible for her injuries due to her violation of the crosswalk statute.",,-15.127479553222656,-0.00247981958091259,-6.0024800300598145,-100.0,0.9975271087380211
mbe_398,nan,MBE-1978-83-part5,train,The failure of Driver to have a valid driver's license has which of the following effects?,B,B,True,1,699,89,"B  
The gold passage discusses contributory negligence and does not provide any information that would support the idea that the failure of Driver to have a valid driver's license would furnish a basis for liability. The passage does not indicate that Driver's lack of a valid license makes him a trespasser, proves his unfitness, or makes him absolutely liable for Walker's injury. Therefore, the correct answer is that it would not furnish a basis for liability.",,-100.0,-18.375036239624023,-100.0,-100.0,1.0
mbe_399,nan,MBE-1978-83-part5,train,"If Walker establishes liability on the part of Driver for her physical injuries, should Walker's rec",D,D,True,1,663,86,"D  
According to the ""eggshell plaintiff"" rule, the tortfeasor (Driver) is responsible for the full extent of the plaintiff's (Walker's) damages, even if those injuries would not have occurred but for Walker's pre-existing condition (her brittle bones). Therefore, Walker's recovery should include damages for her broken leg, regardless of whether the extent of her injury was a foreseeable consequence of the impact.",,-16.375001907348633,-100.0,-13.500001907348633,-1.981667537620524e-06,0.9999985516986843
mbe_400,nan,MBE-1978-83-part5,train,Walker's violation of the crosswalk statute should not be considered by the jury because,D,D,True,1,711,86,"D  
The gold passage indicates that for a violation of a statute to constitute negligence per se, the statute must protect the class of persons in which the plaintiff is included and protect against the type of harm that has occurred as a result of the violation. If Walker's injury was not a result of a risk that the statute was designed to protect against, then her violation of the crosswalk statute should not be considered by the jury.",,-9.629239082336426,-100.0,-100.0,-0.004238666035234928,0.9999339478826411
mbe_401,nan,MBE-1978-83-part6,train,Paulsen was eating in a restaurant when he began to choke on a piece of food that had lodged in his ,C,C,True,1,347,84,"C  
The gold passage states that generally, a bystander has no duty to provide affirmative aid to an injured person, even if the bystander has the ability to help. Since Dow, as a bystander, had no legal obligation to assist Paulsen, he cannot be held liable for not rendering aid, regardless of the consequences of his inaction. Therefore, Paulsen will not prevail in his claim against Dow.",,-100.0,-100.0,-0.0001801801408873871,-10.7501802444458,0.999978555052958
mbe_402,nan,MBE-1978-83-part6,train,"Pine, aged 25, contemplates marrying Ross, aged 25. Both are residents of the state of Champlain. Pi",D,D,True,1,781,88,"D  
The gold passage defines ""ripeness"" as a requirement that there be an actual injury to the individual invoking judicial power, rather than a hypothetical one. Since Pine has not yet proposed to Ross and is merely contemplating marriage, there is no actual injury or dispute based on present facts. Therefore, the court could dismiss the action on the grounds that the suit is unripe, as it does not involve a current, concrete controversy.",,-100.0,-15.875021934509277,-18.75002098083496,-2.165027217415627e-05,0.9999998652868572
mbe_403,nan,MBE-1978-83-part6,train,"In a case in which the constitutionality of the Young Adult Marriage Counseling Act is in issue, the",C,C,True,1,590,83,"C  
The burden of persuasion will probably be on the state because the Young Adult Marriage Counseling Act imposes a requirement that affects the right to marry, which is recognized as a fundamental right. The gold passage indicates that heightened scrutiny applies when there is a substantial burden on fundamental rights, including the right to marry. Therefore, the state must justify the law's constitutionality in light of its impact on this fundamental right.",,-19.12502670288086,-100.0,-2.7610454708337784e-05,-100.0,0.9999999950555449
mbe_411,nan,MBE-1978-83-part6,train,"If Child's claim against Seller is based on negligence, the minimum proof necessary to establish Sel",D,D,True,1,566,121,"D  
The gold passage indicates that a manufacturer may be held strictly liable for placing a defective product on the market if the plaintiff's injury results from a reasonably foreseeable use of the product. For a negligence claim against Seller, it is necessary to establish that the ventilating system was defective and that the defect would have been discovered if Seller had exercised reasonable care in inspecting the system. This aligns with option D, which requires proof of a defect and that reasonable care in inspection would have revealed it. Options A, B, and C do not fully encompass the necessary proof regarding the exercise of reasonable care in inspection.",,-3.211911678314209,-100.0,-4.461911678314209,-0.08691169321537018,0.94649906759975
mbe_412,nan,MBE-1978-83-part6,train,"If Child's claims against Mobilco, Heatco, and Coolco are based on strict liability in tort, Child w",A,C,False,1,511,133,"C  
The gold passage states that a manufacturer is strictly liable if its product is defectively manufactured, defectively designed, or distributed without adequate instructions or warnings. In this case, Mobilco is likely liable for the defectively designed ventilating system, which caused the excessive heat in Child's room. Heatco may also be liable because its furnace contributed to the excessive heat that caused Child's injuries. However, there is no indication in the passage that Coolco's air conditioning unit was defectively designed or contributed to the injuries. Therefore, the most appropriate answer is C, as it includes both Mobilco and Heatco, who are likely responsible for the injuries.",,-5.287574291229248,-100.0,-0.037574417889118195,-3.537574529647827,0.9657684352477373
mbe_413,nan,MBE-1978-83-part6,train,"Cars driven by Pugh and Davidson collided, and Davidson was charged with driving while intoxicated i",B,B,True,1,552,80,"B  
The gold passage indicates that a ""record of conviction"" is a written account evidencing the fact of conviction. Since Davidson pleaded guilty to driving while intoxicated, the authenticated record of her conviction serves as proof of her intoxication, which is relevant to Pugh's claim that Davidson's intoxication caused the collision. Therefore, the record should be admitted as proof of Davidson's intoxication.",,-9.139405250549316,-0.014404896646738052,-100.0,-100.0,0.9998911031285082
mbe_415,nan,MBE-1978-83-part6,train,A state statute makes it a felony for any teacher at a state institution of higher education to acce,C,C,True,1,424,94,"C  
The gold passage emphasizes the importance of ascertaining the intent of the Legislature as expressed through the language of the statute. Since the statute specifically makes it a felony for a teacher to accept anything of value from a student, it implies that the focus of the statute is on the teacher's conduct. Therefore, Monroe can argue that the legislature did not intend to punish the person giving the thing of value, which supports his position for dismissal of the charge against him.",,-100.0,-5.07145881652832,-0.07145857810974121,-100.0,0.9933071506607352
mbe_416,nan,MBE-1978-83-part6,train,In which of the following situations is Defendant most likely to be guilty of the crime charged?,B,D,False,1,472,103,"D  
According to the gold passage, to constitute theft, there must be a taking with the intent to deprive the owner of their property wholly and permanently. In option D, Defendant borrows the car with permission but later decides to keep it until the next morning, which indicates an intent to deprive the owner of the car for a longer period than agreed upon. This situation aligns with the elements of embezzlement, as it involves a taking with the intent to deprive the owner of their property.",,-8.750246047973633,-10.000246047973633,-100.0,-0.00024596223374828696,0.9997961803135343
mbe_418,nan,MBE-1978-83-part6,train,"Dean, charged with murder, was present with her attorney at a preliminary examination when White, wh",A,A,True,1,553,88,"A  
The evidence of White's testimony at the preliminary examination is admissible as former testimony under Evidence Code section 1291. The passage indicates that if the party against whom the former testimony is offered had a similar motive and opportunity for cross-examination at the first proceeding, the testimony can be admitted. Since Dean was present with her attorney at the preliminary examination and had the opportunity to cross-examine White, the testimony is admissible.",,-0.0015047440538182855,-100.0,-14.626504898071289,-13.251504898071289,0.9999977945736414
mbe_419,nan,MBE-1978-83-part6,train,"Potts, a building contractor, sued Dennis for failure to pay on a small cost-plus construction contr",B,B,True,1,326,66,"B  
The gold passage states that witnesses must have first-hand knowledge of the subject on which they are testifying for that testimony to be admissible. Potts personally supervised all of the work and is testifying based on his own recollections of the project, which constitutes first-hand knowledge. Therefore, his testimony is admissible.",,-14.000036239624023,-3.6550729419104755e-05,-15.375036239624023,-100.0,0.9999989582286567
mbe_420,nan,MBE-1978-83-part6,train,"While testifying as a witness in a civil trial, Walters was asked on cross-examination if he had bee",D,D,True,1,527,98,"D  
The gold passage indicates that for many crimes, including perjury, the prosecution must prove not only that the defendant made a false statement but also that they had the necessary mental state, or ""mens rea."" If Walters genuinely believed he had not been convicted based on the incorrect advice of his attorney, this suggests he lacked the necessary mental state to be guilty of perjury. Therefore, if the jury believes Walters, they should find him not guilty because he lacked the requisite mental state.",,-100.0,-100.0,-3.2915894985198975,-0.04158942773938179,0.9626731151992686
mbe_421,nan,MBE-1978-83-part6,train,A grand jury was investigating a bank robbery. The only information known to the prosecutor was a ru,B,D,False,1,404,83,"D  
The gold passage states that grand jury testimony is admissible as substantive evidence at trial in limited circumstances. This implies that a witness cannot be precluded from testifying if their testimony is given voluntarily, which aligns with choice D. The passage does not support the other options, as it does not address the rights of codefendants or the implications of Taylor's grand jury testimony on Simmons' ability to testify.",,-6.065670013427734,-1.0656697750091553,-1.5656697750091553,-0.8156697750091553,0.44318091537465504
mbe_422,nan,MBE-1978-83-part6,train,Doe is prosecuted for giving his 14-year-old daughter a glass of wine in violation of a state statut,B,B,True,1,469,82,"B  
The court may not properly determine the reasonableness of Doe's religious beliefs. The gold passage indicates that the US Supreme Court has not provided detailed guidance on how to identify a religious belief, and it emphasizes that to establish a free exercise claim, the plaintiff must show that they sincerely hold their beliefs. The reasonableness of those beliefs is not a factor that the court should consider in this context.",,-6.508206367492676,-0.00820614118129015,-6.758206367492676,-100.0,0.9973328146936902
mbe_423,nan,MBE-1978-83-part6,train,"A federal statute requires United States civil service employees to retire at age 75. However, that ",D,D,True,1,346,94,"D  
The gold passage discusses the Equal Protection Clause of the Fourteenth Amendment, which restricts invidious discrimination based on characteristics such as race or gender. Although the passage does not explicitly mention age discrimination, the strongest argument Prentis can make is that the law discriminates against him on the basis of age, which aligns with the principle of invidious discrimination referenced in the passage. Therefore, option D is the most relevant choice based on the information provided.",,-2.0742130279541016,-100.0,-100.0,-0.32421308755874634,0.8519527944504226
mbe_424,nan,MBE-1978-83-part6,train,Light Company is the sole distributor of electrical power in City. The Company owns and maintains al,A,C,False,1,744,121,"C  
The gold passage indicates that property owners have a duty to maintain their property and make reasonable repairs to avoid injuries. In this case, Light Company is responsible for maintaining its electric poles and equipment. The passage suggests that liability arises when a property owner fails to exercise reasonable care to inspect and repair dangerous conditions. Since the insulators were repeatedly destroyed by unknown persons, the key issue is whether Light Company failed to take reasonable steps to prevent the lines from falling when the insulators were destroyed. Therefore, Paul would not recover unless it can be shown that Light Company failed to exercise reasonable care in this regard.",,-7.178628921508789,-100.0,-0.05362915247678757,-5.678628921508789,0.9956080769128545
mbe_425,nan,MBE-1978-83-part6,train,"The city of Metropolis has an ordinance that makes it an offense, punishable by fine, for the owner ",C,B,False,1,654,97,"B  
To prevail on a claim of intentional infliction of emotional distress (IIED), Joplin must show that Smythe's conduct was extreme and outrageous with respect to Nelson, as well as that it caused Joplin severe emotional distress. The passage indicates that the conduct must be extreme and outrageous, which is a key element for establishing IIED. Therefore, if it is found that Smythe's behavior towards Nelson was indeed extreme and outrageous, Joplin could prevail.",,-100.0,-0.8006459474563599,-100.0,-100.0,1.0
mbe_426,nan,MBE-1978-83-part6,train,Davison was driving through an apartment building area plagued with an unusually high incidence of b,A,C,False,1,459,59,"C  
The gold passage indicates that the exclusionary rule is subject to exceptions and does not state that the officer's conduct was unlawful in this context. Since the officer's actions were consistent with an established police plan to combat crime in the area, the motion to suppress the evidence should be denied.",,-100.0,-100.0,-0.9364389181137085,-100.0,1.0
mbe_427,nan,MBE-1978-83-part6,train,In which of the following situations is Defendant most likely to be guilty of common-law murder?,B,B,True,1,345,100,"B  
The gold passage discusses the felony-murder rule, which applies when a murder occurs during the commission of a felony. In option B, Defendant is committing a robbery when the accidental discharge of the revolver results in the death of Johnson. This situation fits the criteria of the felony-murder rule, as the murder (Johnson's death) is part of the continuous transaction of committing the felony (robbery). The other options do not involve a felony being committed at the time of the death.",,-13.750001907348633,-1.8624639324116288e-06,-100.0,-100.0,0.9999989322971778
mbe_428,nan,MBE-1978-83-part6,train,"Morgan conveyed Greenacre, her one-family residence, to ""Perez for life, remainder to Rowan, her hei",A,C,False,1,2145,150,"(C) 

According to the gold passage, the life tenant (Perez) has the obligation to pay the interest on the mortgage encumbrance during the period of his estate, but he is not obligated to pay any part of the principal. The passage states that ""the life tenant's only duty to the remainderman is to pay the interest"" and that ""he is under no obligation to pay any part of the principal."" Therefore, since Perez is the life tenant, he must pay the interest, but he is not responsible for the principal payment. The remainderman (Rowan) does not have any obligation to pay the interest or principal unless specified otherwise in the instrument creating the estate. Thus, the correct allocation of the burden",,-100.0,-100.0,-2.1748995780944824,-100.0,1.0
mbe_429,nan,MBE-1978-83-part6,train,"Anders conveyed her only parcel of land to Burton by a duly executed and delivered warranty deed, wh",C,C,True,1,592,95,"C  
The gold passage discusses equitable charges and trusts, but it does not provide any information regarding the creation of property interests such as determinable fees or fees subject to conditions subsequent. Therefore, the passage does not support the idea that Anders retains any property interest or that the deed created a reversionary interest. Instead, it suggests that the language of the deed may only create a contractual obligation without retaining property interest by the grantor. Thus, Anders should lose her claim.",,-4.279313564300537,-5.529313564300537,-0.02931346371769905,-100.0,0.981979687319435
mbe_431,nan,MBE-1978-83-part6,train,"Congress passes a law regulating the wholesale and retail prices of ""every purchase or sale of oil, ",D,D,True,1,757,75,"D  
The strongest argument in support of the constitutionality of the statute is that the domestic purchases or sales of oil, natural gas, and electric power, when considered in inseverable aggregates, affect interstate or foreign commerce. The gold passage indicates that Congress has the authority to regulate activities that have a substantial relation to interstate commerce, which aligns with the assertion in option D.",,-100.0,-8.250348091125488,-10.500348091125488,-0.00034845535992644727,0.9997112882666969
mbe_432,nan,MBE-1978-83-part6,train,"In an action by Wheeler against Byer, Wheeler probably will recover",A,C,False,1,418,70,"C  
The gold passage indicates that a seller may recover the full contract price only if the buyer wrongfully refuses to accept the property. In this case, the chairs were destroyed before delivery, and therefore, Wheeler, as the assignee, cannot recover anything because the chairs had not been delivered to Byer. Thus, Wheeler will likely recover nothing.",,-8.911393165588379,-100.0,-0.16139350831508636,-1.9113935232162476,0.851837804367195
mbe_433,nan,MBE-1978-83-part6,train,"In an action by Byer against Singer for breach of contract, Byer probably will",D,B,False,1,489,118,"B  
According to the gold passage, when the seller (Singer) ships the goods (the chairs) by carrier and does not have to deliver them to a particular destination, the risk of loss passes to the buyer (Byer) when the goods are duly delivered to the carrier. Since Singer placed the chairs on board the carrier on January 30, the risk of loss passed to Byer at that time. Therefore, when the chairs were destroyed in transit, the risk of loss was on Byer, and Byer would not succeed in an action against Singer for breach of contract.",,-100.0,-0.5855185389518738,-100.0,-0.8355185389518738,0.5621765008857981
mbe_434,nan,MBE-1978-83-part6,train,"Dutton, disappointed by his 8-year-old son's failure to do well in school, began systematically depr",B,C,False,1,592,123,"C  
The gold passage discusses but-for causation, emphasizing that it determines whether a particular factor was necessary to produce a result, without regard to the degree of contribution. In this case, Dutton's actions of depriving his son of food and failing to seek medical treatment demonstrate a reckless indifference to the value of life, as he knowingly allowed his child to suffer from malnutrition, which was a necessary factor in the child's suffering and eventual death. Therefore, the father's treatment of his son aligns with the criteria for conviction due to malice aforethought, as it reflects a disregard for the child's well-being.",,-7.510870933532715,-5.760870933532715,-0.010871073231101036,-100.0,0.996278039057627
mbe_435,nan,MBE-1978-83-part6,train,"Vance had cheated Dodd in a card game. Angered, Dodd set out for Vance's house with the intention of",C,C,True,1,372,75,"C  
Dodd should be found guilty because he had the intent to commit a crime of violence (shooting Vance) and was close enough to entering Vance's property, which constitutes a substantial step toward the commission of the substantive offense. The gold passage indicates that an attempt requires both intent and conduct that strongly corroborates that intent, which Dodd's actions fulfill.",,-13.125556945800781,-13.750556945800781,-0.0005566088366322219,-100.0,0.9999969375726998
mbe_436,nan,MBE-1978-83-part6,train,Congress enacted a statute providing that persons may challenge a state energy law on the ground tha,B,B,True,1,469,83,"B  
The provisions of the statute that authorize direct United States Supreme Court review of specified decisions rendered by lower state courts are constitutional because Congress may establish the manner by which the appellate jurisdiction of the United States Supreme Court is exercised. The gold passage indicates that the judicial power of the United States is dependent on the action of Congress, which implies that Congress has the authority to regulate how the Supreme Court's jurisdiction is applied.",,-18.12509536743164,-9.627176768844947e-05,-100.0,-100.0,0.9999999865595781
mbe_437,nan,MBE-1978-83-part6,train,"After several days of negotiations, Ohner wrote to Plummer: ""Will pay you $3,000 if you will install",D,D,True,1,505,123,"D  
There was no contract between the parties as of April 5. According to the gold passage, a contract is formed when an offer is made and accepted. Plummer's initial response on March 15 was a counteroffer, which did not accept Ohner's original offer. Plummer's subsequent letter on March 20 indicated a willingness to accept the original offer, but Ohner did not respond to this letter. Since Ohner did not manifest an intent to accept the offer by replying or taking any action, there was no acceptance of the offer, and thus no contract was formed by April 5.",,-9.377806663513184,-100.0,-6.252806186676025,-0.0028062984347343445,0.9979887805990095
mbe_438,nan,MBE-1978-83-part6,train,"For this question only, assume that Ohner was unable to obtain the loan, and, on January 31, phoned ",A,A,True,1,456,128,"A  
According to the gold passage, a ""condition precedent"" is defined as an act that must be performed or an event that must occur before a contract becomes effective or before one party is obligated to perform. In this case, the agreement that Ohner must obtain a $5,000 loan from the First National Bank before January 31 is clearly a condition precedent to the enforceability of the contract. Since Ohner was unable to obtain the loan, the contract did not become effective, and he is justified in asserting that the deal is off. Therefore, he will be successful in asserting his inability to obtain the loan as a defense.",,-18.393150329589844,-100.0,-100.0,-100.0,1.0
mbe_439,nan,MBE-1978-83-part6,train,"For this question only, assume that Ohner obtained the loan, that Artisan completed the remodeling o",D,D,True,1,1013,101,"D  
No, because on May 3, Artisan and Ohner effectively modified their written contract, thereby depriving Neese of whatever rights she may have had under that contract. The gold passage indicates that a contract can be modified through the parties' mutual intent and their course of dealing. Since Artisan and Ohner engaged in a course of conduct that involved Ohner paying Artisan instead of Neese, this suggests that they modified the original agreement, which would impact Neese's rights as a potential beneficiary.",,-100.0,-100.0,-3.292056083679199,-0.04205600172281265,0.9626731156008578
mbe_440,nan,MBE-1978-83-part6,train,Dryden is tried on a charge of driving while intoxicated. When Dryden was booked at the police stati,B,B,True,1,411,85,"B  
The videotape has probative value as it tends to establish the material proposition of Dryden's intoxication by showing his unsteady behavior, abusive language, and slurred speech. The passage indicates that evidence should be admitted if its value is not substantially outweighed by unfair prejudice. Since the tape is relevant to the charge of driving while intoxicated, it should be admitted as long as the foundation is properly laid.",,-6.582092761993408,-0.207092747092247,-100.0,-100.0,0.9982992776138645
mbe_441,nan,MBE-1978-83-part6,train,"Talbot and Rogers, as lessees, signed a valid lease for a house. Lane, the landlord, duly executed t",C,B,False,1,566,87,"B  
Talbot will prevail because the lease provision explicitly prohibits assignment without the landlord's express written consent. This provision creates a clear restriction on the ability to assign any rights under the lease, which aligns with the legal principle that contracts are freely assignable only in the absence of clear language expressly prohibiting assignment. Since the lease contains such a prohibition, Talbot's objection to Andrews moving in is valid under the terms of the lease.",,-100.0,-0.49069297313690186,-0.9906929731369019,-100.0,0.6224593312018546
mbe_442,nan,MBE-1978-83-part6,train,"If Jones sues Abstract Company for damages caused to Jones by the presence of the right-of-way, the ",A,C,False,1,576,101,"C  
The gold passage states that a third-party beneficiary will only be bound by the terms of the underlying contract where the claims asserted arise from its third-party beneficiary status. In this case, Jones is not a third-party beneficiary of the contract between Sloan and Abstract Company, as his claims do not arise from that status. Additionally, Abstract Company had no knowledge of the right-of-way, which supports a decision in favor of Abstract Company. Therefore, the most likely result will be a decision for Abstract Company.",,-9.00213623046875,-100.0,-0.002136101946234703,-6.25213623046875,0.9979503460334844
mbe_443,nan,MBE-1978-83-part6,train,"If Jones sues Sloan because of the presence of the right-of-way, the most likely result will be a de",B,C,False,1,676,122,"C  
Sloan is likely to prevail because he was without knowledge of any defects in the title to Newacre. The gold passage outlines the elements of negligent misrepresentation, which require a false statement made with carelessness or negligence, an intention to induce reliance, and damage resulting from that reliance. Since Sloan did not have actual knowledge of the right-of-way and did not make any false statements, he cannot be held liable for negligent misrepresentation. Additionally, Jones relied on the abstract prepared by Abstract Company, not directly on any representations made by Sloan. Therefore, the most likely result is a decision for Sloan.",,-100.0,-1.0265498161315918,-0.776549756526947,-1.7765498161315918,0.4658355820981162
mbe_444,nan,MBE-1978-83-part6,train,"Congress enacts a criminal statute prohibiting ""any person from interfering in any way with any righ",A,C,False,1,370,143,"C

The gold passage discusses fundamental rights in the context of equal protection, but it does not provide specific guidance on the application of the statute in question. However, among the options, (C) involves a public service (the bus driver operating a free school bus service) that is likely to be subject to equal protection principles, as it relates to access to public services. The coercion of the bus driver to exclude Black pupils based on race directly interferes with the rights conferred by the equal protection clause, making this application of the statute to Jones most clearly constitutional. The other options either involve private actions or do not clearly relate to the enforcement of rights under the equal protection clause as described in the passage.",,-1.725095272064209,-3.225095272064209,-0.7250953316688538,-1.225095272064209,0.48626421216282795
mbe_445,nan,MBE-1978-83-part6,train,"If Innes asserts a claim against Paint Company, the most likely result is that she will",A,C,False,1,550,69,"C  
The gold passage indicates that an invitee is someone who enters the premises of another at the invitation of the owner or occupier for mutual benefit. However, it does not provide any information that would support Innes recovering against Paint Company without establishing negligence. Therefore, Innes will not recover unless she can prove that Paint Company was negligent.",,-6.553657531738281,-3.3036575317382812,-0.05365762859582901,-100.0,0.9612818261643465
mbe_446,nan,MBE-1978-83-part6,train,"If Innes asserts a claim against Glass, the most likely result is that she will",D,C,False,1,799,119,"C  
The gold passage discusses the doctrine of respondeat superior, which holds an employer liable for the negligence of an employee acting within the scope of employment. However, it also emphasizes that an employee's actions must be within the scope of their employment for the employer to be liable. In this case, Glass used the glue for its intended purpose during a remodeling job, and the employees did not know that the fumes could travel into Innes' office. Therefore, since the employees were acting within the scope of their employment and using the product as intended, Innes is unlikely to recover against Glass.",,-100.0,-1.380743384361267,-0.3807434141635895,-2.8807435035705566,0.6896720844004277
mbe_447,nan,MBE-1978-83-part6,train,In an action by Esther against Miller on account of the executor's repudiation of Gray's promise to ,C,A,False,1,420,111,"(A) The parties did not manifestly intend a contract.

The gold passage states that gratuitous promises are not enforceable as contracts due to the lack of consideration. If Miller's strongest defense is that the parties did not manifestly intend a contract, it implies that there was no consideration or mutual assent to create a binding agreement. This aligns with the principle that without an intention to create a contract, the promise would be considered gratuitous and thus unenforceable. The other options do not directly relate to the principle of consideration as outlined in the passage.",,-3.03934907913208,-2.53934907913208,-100.0,-100.0,0.37754066879814546
mbe_448,nan,MBE-1978-83-part6,train,"In an action against Gray's estate for $2,000 on account of the two ""A's,"" if the only defense raise",B,B,True,1,790,104,"B  
The gold passage indicates that a bargained-for exchange exists if one party's promise induces the other party's promise or performance. In this case, Gray's promise to pay Esther for her performance (the ""A's"") in law school can be seen as a classic example of a bargained-for exchange. Esther's performance (earning ""A's"") was sought by Gray in exchange for his promise of payment. Therefore, Esther is likely to succeed on a theory of bargained-for exchange for her father's promise.",,-4.266974449157715,-0.26697462797164917,-1.516974687576294,-100.0,0.7663889859325168
mbe_449,nan,MBE-1978-83-part6,train,"In Polk's negligence action against Dell arising out of a multiple-car collision, Witt testified for",C,C,True,1,494,101,"C  
The inquiry into Witt's prior statement made in a deposition is admissible for both impeachment and as substantive evidence. The gold passage explains that impeachment evidence is designed to discredit a witness, which applies to Witt's prior inconsistent statement about the light being yellow. Additionally, evidence can serve both purposes, as illustrated in the passage with examples of how certain evidence can be used to both substantiate a claim and discredit a witness. Therefore, the court should rule the inquiry admissible for both purposes.",,-2.312532901763916,-100.0,-1.062532901763916,-100.0,0.7772998611746911
mbe_450,nan,MBE-1978-83-part6,train,"In 1965 Hubert Green executed his will which in pertinent part provided, ""I hereby give, devise, and",D,B,False,1,645,149,"B  
The gold passage states that the rule against perpetuities voids a contingent remainder or executory interest that may vest beyond a life or lives in being at the effective date of the instrument, plus 21 years and 10 months. In this case, the remainder to Allan and Beth is valid because they were alive at the time the will was executed. However, the substitutionary gift to the grandchildren (Carter, who was born after the will was executed) is void because it could potentially vest beyond the lives of Allan and Beth, as they could die before reaching the age of 30, and their children (if any) would not be guaranteed to be born within the required timeframe. Thus, the correct answer is B.",,-100.0,-0.5192978382110596,-1.3942978382110596,-100.0,0.7057850278370112
mbe_451,nan,MBE-1978-83-part6,train,Siddon worked as a private duty nurse and on occasion worked in Doctors' Hospital. The hospital call,D,D,True,1,437,101,"D  
Siddon will not recover if the hospital reasonably believed that Siddon took the narcotics. The gold passage indicates that a conditional privilege to make a defamatory statement may be lost if the speaker does not believe the statement is true or lacks reasonable grounds to believe it is true. If Doctors' Hospital had reasonable grounds to believe that Siddon was involved in the disappearance of narcotics, then their statement would likely be protected by this privilege, and Siddon would not have a valid defamation claim.",,-6.504338264465332,-100.0,-6.254338264465332,-0.004338375758379698,0.9965778575620233
mbe_453,nan,MBE-1985-part7,train,"Cycle Company manufactured a bicycle that it sold to Bike Shop, a retail bicycle dealer, which in tu",B,A,False,1,473,76,"A  
Pérez will prevail because Cycle Company placed a defective bicycle into the stream of commerce. The gold passage indicates that for a strict-liability manufacturing defect claim, the product must be defective and unreasonably dangerous, and the defective condition must exist at the time the product left the defendant's control, which applies to the situation where the brake failure resulted from a manufacturing defect.",,-0.0031876976136118174,-12.128188133239746,-12.628188133239746,-100.0,0.9999912890714237
mbe_454,nan,MBE-1985-part7,train,A federal statute sets up a program of dental education. The statute provides that the Secretary of ,D,D,True,1,587,91,"D  
The gold passage indicates that there is no express constitutional language granting the President the power to unilaterally suspend the effect of a valid federal statute that imposes a duty to spend appropriated monies. Since the statute requires the Secretary of Health and Human Services to spend all appropriated funds for the dental education program, the Secretary must distribute the full $100 million as mandated by the statute, regardless of the President's executive order to cut expenditures.",,-100.0,-100.0,-100.0,-19.500001907348633,1.0
mbe_455,nan,MBE-1985-part7,train,"Powers sued Debbs for battery. At trial, Powers' witness Wilson testified that Debbs had made an unp",A,C,False,1,396,66,"C  
The question is improper because the impeachment involved a specific instance of misconduct. The gold passage does not provide any support for the admissibility of specific instances of misconduct for impeachment purposes, and it emphasizes the discretion of the trial court in allowing leading questions, which does not apply to the specific instance of Wilson's alleged false claim.",,-6.131141662597656,-100.0,-0.006141495890915394,-100.0,0.9978172839177342
mbe_456,nan,MBE-1985-part7,train,Which of the following correctly states Byco's rights and obligations immediately after receipt of S,C,C,True,1,785,117,"C  
Byco has no cause of action for breach of contract, but can suspend its performance and demand assurances that Selco will perform. The gold passage indicates that a party's uncured material breach can suspend the other party's obligation to perform and that each party is entitled to assurance that they will not be called upon to perform if there has been an uncured material failure by the other party. Since Selco's notice on May 10 raised doubts about its ability to perform, Byco can suspend its performance and seek assurances from Selco regarding its ability to fulfill the contract.",,-12.875126838684082,-100.0,-0.00012713817704934627,-14.125126838684082,0.999996704899581
mbe_457,nan,MBE-1985-part7,train,Which of the following is NOT a correct statement of the parties' legal status immediately after Sel,D,D,True,1,784,110,"D  
The gold passage indicates that a material breach does not discharge the non-breaching party's obligations that arose before the breach. Byco has a cause of action for breach of contract due to Selco's repudiation, and it can choose to await performance for a commercially reasonable time without losing its right to sue for breach. However, the passage does not support the idea that Byco must give Selco a commercially reasonable time to perform before it can assert its cause of action for breach of contract. Therefore, statement D is not correct.",,-100.0,-0.8860364556312561,-3.1360363960266113,-0.6360364556312561,0.5373784931925144
mbe_458,nan,MBE-1985-part7,train,A state statute provides that persons moving into a community to attend a college on a full-time bas,B,B,True,1,586,99,"B  
The gold passage indicates that strict scrutiny requires the government to show that a regulation is narrowly tailored to serve a compelling government interest, and that there must be no less restrictive alternative that would serve the same purpose. Choice (B) argues that there are less restrictive means by which the state could ensure that only actual residents vote in its elections, which directly aligns with the requirement of strict scrutiny as outlined in the passage. This makes it the strongest argument against the constitutionality of the state statute.",,-6.0037665367126465,-0.003766351379454136,-100.0,-100.0,0.9975273773004912
mbe_459,nan,MBE-1985-part7,train,"At a time when Ogawa held Lot 1 in the Fairoaks subdivision in fee simple, Vine executed a warranty ",D,B,False,1,1517,107,"B  
Rand should prevail because he paid fair market value for Lot 1 and had no knowledge of any claim by Purvis. The passage emphasizes the importance of the chain of title and the public record, which suggests that a buyer who conducts due diligence and is unaware of prior claims may be protected. Since Rand's deed was recorded and he had no notice of Purvis' claim, he is likely to be considered a bona fide purchaser for value, which typically affords him superior rights to the property over a prior unrecorded claim.",,-6.408080577850342,-0.03308039903640747,-100.0,-100.0,0.9982992778921603
mbe_460,nan,MBE-1985-part7,train,Dillon held up a gasoline station. During the robbery he shot and killed a customer who attempted to,C,C,True,1,347,82,"C  
The gold passage states that double jeopardy bars a retrial when a conviction is reversed due to insufficient evidence presented at the first trial. However, it does not indicate that there is a constitutional requirement for all known charges to be brought in the same prosecution. Therefore, the motion to dismiss should be denied, as there is no constitutional prohibition against prosecuting Dillon for armed robbery after his conviction for murder.",,-100.0,-100.0,-19.375009536743164,-19.375009536743164,0.5
mbe_461,nan,MBE-1985-part7,train,"Ellis, an electrical engineer, designed an electronic game known as Zappo. Ellis entered into a lice",A,C,False,1,532,99,"C  
No, because Toyco, as the manufacturer, was strictly liable to Carla. The gold passage indicates that a product can be deemed defective in various ways, including design defects. Since Carla recovered a judgment against Toyco based on a finding that the Zappo game was defective due to Ellis' improper design, Toyco, as the manufacturer, is strictly liable for the defect. Therefore, Toyco cannot seek indemnity from Ellis based on the strict liability principle outlined in the passage.",,-100.0,-100.0,-0.12012415379285812,-4.120124340057373,0.9820137933278436
mbe_462,nan,MBE-1985-part7,train,The Prindles have lived in their residential neighborhood for many years. Delbrook moved into the ho,D,A,False,1,502,143,"(A) No, if beekeeping on Delbrook's land was not prohibited by local ordinance.

The gold passage outlines the elements required to prove a nuisance claim, which includes the condition having a natural tendency to create danger and inflict injury, being a continuing danger, the use of land being unreasonable or unlawful, and the existence of the nuisance being the proximate cause of the plaintiffs' injuries and damages. If beekeeping is not prohibited by local ordinance, it may not be considered an unreasonable use of land, which is a necessary element for the Prindles to prevail in their claim. Therefore, if Delbrook's beekeeping is lawful, the Prindles would not succeed in their claim.",,-2.1771228313446045,-100.0,-100.0,-100.0,1.0
mbe_463,nan,MBE-1985-part7,train,"While crossing Spruce Street, Pesko was hit by a car that she did not see. Pesko sued Dorry for her ",C,C,True,1,427,85,"C  
Williams' testimony about the driver's statement should be excluded because it is hearsay not within any exception. The statement made by the driver does not qualify as a present sense impression since it was made after the event (the hit-and-run accident) had occurred, and it does not describe or explain the event while it was being perceived or immediately thereafter. Therefore, it does not meet the criteria outlined in the gold passage.",,-14.125128746032715,-12.250128746032715,-0.00012916464766021818,-100.0,0.9999944810892372
mbe_464,nan,MBE-1985-part7,train,Post sued Dean for personal injury alleged to have been caused by Dean's negligence. A major issue a,B,C,False,1,486,63,"C  
The textbook passages are inadmissible because they are hearsay not within any exception. The gold passage does not provide any information that would support the admissibility of the textbook passages as substantive evidence or for impeachment purposes. Therefore, the correct answer is that they are inadmissible due to being hearsay.",,-100.0,-100.0,-0.00397890480235219,-7.128978729248047,0.9991959139233235
mbe_465,nan,MBE-1985-part7,train,"At the trial, can Vault prove Kernel's oral commitment to repay the loan on or before July 1?",D,D,True,1,608,91,"D  
The parol evidence rule states that extrinsic evidence is inadmissible to add to, vary, or explain the terms of a written instrument if the terms of the instrument are clear and unambiguous. In this case, the written memorandum clearly states the repayment date as September 1, which contradicts the oral commitment to repay on or before July 1. Therefore, evidence of the oral commitment is barred by the parol evidence rule.",,-100.0,-100.0,-100.0,-20.25002670288086,1.0
mbe_466,nan,MBE-1985-part7,train,"At the trial, can Vault prove Gritz's oral promise to guarantee the loan?",D,D,True,1,546,93,"D  
The gold passage indicates that to enforce an oral promise that is otherwise made unenforceable by the statute of frauds, one would need to incur costs in reliance on that promise. Since Gritz's oral promise to guarantee the loan is not documented in a way that satisfies the statute of frauds, Vault cannot prove Gritz's oral promise to guarantee the loan. Therefore, the correct answer is that such proof is barred by the statute of frauds.",,-15.000009536743164,-100.0,-13.875009536743164,-9.253090865968261e-06,0.9999987518541096
mbe_470,nan,MBE-1985-part7,train,O'Neal entered into a written contract to sell her house and six acres known as Meadowacre to Perez ,C,C,True,1,546,129,"C  
The gold passage indicates that when a property conveyance is ""subject to"" an existing deed of trust, the new owner takes the property with the existing obligations. In this case, the contract specified that Meadowacre was to be conveyed ""subject to easements, covenants, and restrictions of record."" Since the easement granted to Electric Company was recorded, Perez is bound by the terms of the contract and must accept the property subject to that easement. Therefore, O'Neal would lose her action for specific performance because Perez did not contract to take subject to the easement, which was a significant change in the property condition.",,-6.013785362243652,-100.0,-0.01378557924181223,-100.0,0.9975273763081371
mbe_473,nan,MBE-1985-part7,train,"Darden was prosecuted for armed robbery. At trial, Darden testified in his own behalf, denying that ",A,C,False,1,521,88,"C  
The gold passage discusses the relevance of evidence and the requirement that material propositions of fact must be proved true to some level of probability. It does not provide any support for the idea that a burglary conviction can be used for impeachment purposes, particularly since it does not mention that burglary involves dishonesty or false statements. Therefore, the question concerning the burglary conviction is improper because it does not meet the criteria for admissibility based on the passage.",,-5.889747142791748,-100.0,-0.014747105538845062,-5.639747142791748,0.9936255373625354
mbe_474,nan,MBE-1985-part7,train,"Osif owned Broadacres in fee simple. For a consideration of $5,000, Osif gave Bard a written option ",B,B,True,1,628,86,"B  
The gold passage indicates that specific performance may be granted in cases involving contracts for the sale of land due to the uniqueness of each parcel of real property. Since Bard exercised his option and paid the agreed price, he has a strong basis for seeking specific performance against Cutter, who refused to consummate the purchase. The passage supports the idea that specific performance is an appropriate remedy in this context, making option B the correct choice.",,-13.50003719329834,-3.7146746763028204e-05,-16.375036239624023,-100.0,0.9999985516987858
mbe_476,nan,MBE-1985-part7,train,"In Peel's personal injury action, Wilson, a physician who had no previous knowledge of the matter, s",B,B,True,1,406,53,"B  
Yes, because an expert may base her opinion on facts made known to her at the trial. The gold passage indicates that an expert can rely on facts and data that are reasonably relied upon by experts in the field, which includes information presented during the trial.",,-7.504725933074951,-0.004725718405097723,-100.0,-100.0,0.9994472214816758
mbe_477,nan,MBE-1985-part7,train,A federal criminal law makes it a crime for any citizen of the United States not specifically author,A,A,True,1,1016,86,"A  
The gold passage discusses the powers of Congress in relation to foreign policy, emphasizing that Congress has several enumerated powers that allow it to legislate in order to preserve the national government's monopoly over foreign affairs. This supports the idea that Congress can enact laws, such as the one in question, to regulate the conduct of citizens in negotiations with foreign governments, thereby validating the law on the grounds of Congress's authority in foreign policy.",,-19.376171112060547,-100.0,-100.0,-100.0,1.0
mbe_478,nan,MBE-1985-part7,train,"Arthur and Celia, brother and sister, both of legal age, inherited Goodacre, their childhood home, f",C,D,False,1,785,95,"D  
The gold passage states that one cotenant cannot acquire title by adverse possession against another. It emphasizes that actual ouster must be clear and unmistakable, and mere exclusive possession does not suffice to establish adverse possession against a cotenant. Since Arthur has not demonstrated an unequivocal claim of exclusive right and title that would constitute an ouster of Celia, he cannot claim the entire title to Goodacre through adverse possession. Therefore, the decision should be for Celia.",,-100.0,-100.0,-4.512299060821533,-0.0122992480173707,0.9890130553352937
mbe_479,nan,MBE-1985-part7,train,If Farber asserts a claim against Gasco for the los of his lettuce crop and-is unable to show any ne,A,A,True,1,561,85,"A  
The operation of the storage facility is considered an abnormally dangerous activity, as indicated in the gold passage. This type of activity can cause harm to others in geographic proximity, which applies to Farber's situation where his lettuce crop was destroyed due to the explosion and subsequent smoke. Therefore, even without showing negligence on Gasco's part, Farber can prevail based on the nature of the activity being abnormally dangerous.",,-0.008638089522719383,-12.508638381958008,-10.883638381958008,-100.0,0.9999773483601466
mbe_480,nan,MBE-1985-part7,train,If Farber asserts a claim against Acme Company for the loss of his lettuce crop will Farber prevail?,D,C,False,1,502,124,"(C) Yes, because the operation of the storage facility was an abnormally dangerous activity.

The gold passage indicates that the character of the accident and the circumstances surrounding it can lead to a reasonable belief that negligence may have occurred if the accident is one that does not happen if proper care is used. The operation of a storage facility for flammable gases under high pressure is inherently dangerous and could be classified as an abnormally dangerous activity. Therefore, if Farber can demonstrate that the explosion and subsequent damage to his crop were a direct result of the operation of this facility, he may prevail in his claim against Acme Company.",,-100.0,-100.0,-2.8589344024658203,-100.0,1.0
mbe_481,nan,MBE-1985-part7,train,Johnson and Tenfliel owned Brownacre as joint tenants with the right of survivorship. Johnson execut,C,A,False,1,370,144,"(A) 

According to the gold passage, in a title theory of mortgage jurisdiction, the legal title is vested in the mortgagee (Lowden) but is defeasible, meaning that the mortgagor (Johnson) can redeem or reacquire legal title by paying the debt. Since Johnson died intestate, her interest in Brownacre would pass to her heir, Stokes, but the mortgage remains attached to the property. Therefore, Tenniel retains his interest in Brownacre, but it is subject to the mortgage because the mortgage was executed by Johnson, one of the joint tenants. Thus, the entire interest in Brownacre is vested in Tenniel, but it is subject to the mortgage held by Lowden.",,-1.8555676937103271,-100.0,-100.0,-100.0,1.0
mbe_482,nan,MBE-1985-part7,train,"Pursuant to a state statute, Clovis applied for tuition assistance to attend the Institute of Libera",C,C,True,1,465,75,"C  
The gold passage states that laws creating classifications based on alienage are presumptively invalid, and the state must demonstrate that the law is the least restrictive means to achieve a compelling state interest. Since the state has not shown that its restriction on tuition assistance for resident aliens not seeking citizenship meets this standard, the classification is likely unconstitutional. Therefore, the restriction is invalid.",,-17.125158309936523,-14.87515926361084,-0.000158842682139948,-100.0,0.9999996168327099
mbe_487,nan,MBE-1985-part7,train,Simmons and Boyd entered into a written contract for the sale and purchase of Wideacre. The contract,C,C,True,1,510,78,"C  
The gold passage indicates that the right to specific performance is not automatic and that the party seeking equity must come into court with clean hands. In this case, Simmons cannot compel Boyd to purchase the property because Boyd is not required to buy a lawsuit, even if Simmons has a strong chance of prevailing against Olson. Therefore, Simmons would not prevail in an action for specific performance against Boyd.",,-7.501754283905029,-8.876753807067871,-0.0017540723783895373,-100.0,0.9993075538950023
mbe_489,nan,MBE-1985-part7,train,Congress passes an act requiring that all owners of bicycles in the United States register them with,B,B,True,1,449,114,"(B) Yes, because Congress could determine that in inseverable aggregates bicycle thefts affect interstate commerce.

The gold passage indicates that Congress has the power to regulate commerce, but this power must have a real or substantial relation to some part of commerce. The act requiring bicycle registration could be justified if Congress determines that bicycle thefts, even if they primarily occur within a state, have a cumulative effect on interstate commerce. This aligns with the idea that Congress can regulate activities that, in aggregate, affect interstate commerce, making option B the most appropriate choice based on the passage.",,-100.0,-1.705965280532837,-100.0,-100.0,1.0
mbe_490,nan,MBE-1985-part7,train,Donaldson broke into Professor Ruiz' office in order to look at examination questions. The questions,B,B,True,1,369,79,"B  
The gold passage states that common law burglary requires the intent to commit a felony at the time of breaking and entering. Since Donaldson believed that looking at examination questions was a crime but was mistaken, he did not have the intent to commit a crime as defined by the law. Therefore, he should be acquitted because what he intended to do when he broke in was not a crime.",,-12.250033378601074,-3.309382373117842e-05,-14.375033378601074,-100.0,0.9999946434120529
mbe_491,nan,MBE-1985-part7,train,A statute of the state of Lanape flatly bans the sale or distribution of contraceptive devices to mi,B,B,True,1,366,72,"B  
The gold passage discusses substantive due process, which protects individuals from being arbitrarily deprived of their rights. In this context, Drugs, Inc. could argue that the statute denies minors one of their fundamental rights without due process, as it restricts their access to contraceptive devices. This aligns with the principle of substantive due process as outlined in the passage.",,-6.416781425476074,-0.041781406849622726,-100.0,-100.0,0.9982992776201893
mbe_492,nan,MBE-1985-part7,train,"In a tort action, Fisher testified against Dawes. Dawes then called Jones, who testified that Fisher",D,D,True,1,353,95,"D  
Weld's testimony is inadmissible because it is extrinsic evidence of a specific instance of misconduct. The gold passage states that extrinsic evidence is not admissible to prove specific instances of a witness’s conduct to attack or support the witness’s character for truthfulness, except for criminal convictions under Rule 609. Since Weld's testimony about Fisher's hoax does not fall under this exception, it cannot be used to impeach Fisher's character for truthfulness.",,-16.25008201599121,-100.0,-10.250081062316895,-8.113290095934644e-05,0.9999645561105629
mbe_493,nan,MBE-1985-part7,train,"Astin left her car at Garrison's Garage to have repair work done. After completing the repairs, Garr",D,C,False,1,556,135,"C  
Placek should have judgment for $100,000 against Astin and Garrison jointly, and Astin should have judgment against Garrison for 50 percent of any amount collected from Astin by Placek. The gold passage indicates that under the common-law doctrine of joint and several liability, both defendants can be held liable for the entire injury caused by their tortious conduct. Since the accident was caused solely by Garrison's negligent driving, both Astin and Garrison are jointly liable for the full amount of Placek's damages. Additionally, Astin can seek contribution from Garrison for half of the amount paid to Placek, as they are jointly liable.",,-100.0,-100.0,-0.22691981494426727,-2.9769198894500732,0.9399133540338004
mbe_494,nan,MBE-1985-part7,train,"Martinez, a widower, owns in fee simple a ranch, Ranchacre. Martinez has one child, Enrique, who is ",A,A,True,1,421,98,"(A) A contingent remainder

The gold passage defines a contingent remainder as a possibility or prospect of an estate that exists when it is given to an uncertain person or is subject to a condition precedent. In this case, Ana Maria's children are unborn at the time of the conveyance, making them uncertain persons. Therefore, the interest created in favor of Ana Maria's unborn children is a contingent remainder, as it is not vested due to their uncertain status at the time of the conveyance.",,-6.002484321594238,-100.0,-100.0,-100.0,1.0
mbe_495,nan,MBE-1985-part7,train,Did Clothier properly reject the ties delivered on June 3?,A,A,True,1,628,77,"A  
Clothier properly rejected the ties delivered on June 3 because the ties were nonconforming goods. The gold passage states that if the seller delivers nonconforming goods, the warranty is breached at that time. Since Kravat delivered three-inch ties instead of the ordered two-inch ties, this constitutes a breach of warranty, justifying Clothier's rejection of the shipment.",,-0.0003368926409166306,-17.375337600708008,-13.500336647033691,-100.0,0.9999986005892073
mbe_496,nan,MBE-1985-part7,train,Did Clothier properly reject the ties tendered on June 30?,C,C,True,1,522,97,"C  
Kravat cured the June 1 defective delivery by his tender of conforming goods on June 30. According to the gold passage, a seller who has the present ability to deliver conforming goods and puts those goods at the buyer's disposal shifts the burden to the buyer to either accept or reject them. Since Kravat was able to deliver the proper two-inch ties by the deadline and did so, Clothier's rejection of the ties on June 30 was not proper.",,-22.875,-100.0,-20.25,-100.0,0.9324533088603709
mbe_497,nan,MBE-1985-part7,train,"Dent, while eating in a restaurant, noticed that a departing customer at the next table had left a f",B,D,False,1,387,104,"D  
The gold passage states that voluntary manslaughter is an unlawful killing done without malice, in the heat of passion, or in unreasonable belief in the necessity of self-defense. In this case, Dent's actions were provoked by his own criminal misconduct of taking the five-dollar bill, which undermines any claim of adequate provocation for voluntary manslaughter. Therefore, the evidence shows that Dent provoked the assault on himself, and his request for the jury to consider voluntary manslaughter should be denied.",,-100.0,-100.0,-0.8299638628959656,-0.5799638628959656,0.5621765008857981
mbe_498,nan,MBE-1985-part7,train,Dever drove his car into an intersection and collided with a fire engine that had entered the inters,A,C,False,1,321,76,"C  
The gold passage states that compensatory damages are meant to indemnify the injured person for the loss suffered. Since Peters' house was consumed by fire and the fire engine was delayed due to Dever's negligence, Peters would not be able to recover damages related to the fire itself if Dever had nothing to do with causing the fire. Therefore, Peters would recover nothing.",,-3.0693275928497314,-100.0,-0.06932754814624786,-100.0,0.9525741288419872
mbe_499,nan,MBE-1985-part7,train,Miller applied to the state liquor board for transfer of the license of Miller's Bar and Grill to a ,A,C,False,1,307,51,"C  
Miller will recover because Hammond's statement was false. The gold passage states that truth is a complete defense to defamation, and since Hammond's claim about Miller having underworld connections was not true, Miller has a valid claim for defamation.",,-3.066269874572754,-100.0,-0.06626995652914047,-100.0,0.9525741231199173
mbe_500,nan,MBE-1985-part7,train,Santos agreed to sell and Perrine agreed to buy a described lot on which a single-family residence h,D,D,True,1,480,103,"D  
Perrine will prevail because the gold passage defines a marketable title as one that is free from encumbrances and any reasonable doubt to its validity. The fact that Santos' house is 8.4 feet from the side line, which is less than the required 8.5-foot setback, creates a reasonable doubt about the validity of the title. This setback violation exposes Perrine to potential litigation, which is sufficient to make the title unmarketable according to the principles outlined in the passage.",,-100.0,-100.0,-2.218956470489502,-0.21895651519298553,0.8807970732843035
mbe_501,nan,MBE-1985-part7,train,"Young, believing that Brown suffered from arthritis, told her that for $100 he could cure her with a",B,D,False,1,342,119,"D

The gold passage states that obtaining money based upon a fraudulent representation constitutes theft by false pretenses. In this scenario, if Brown was an undercover police officer and did not believe that the device would cure arthritis, it indicates that there was no fraudulent representation made to her, as she did not have a genuine belief in the efficacy of the device. This means Young's actions would still be considered fraudulent, as he was still misrepresenting the device's capabilities to someone who was not deceived. Therefore, this choice does not absolve Young of guilt for obtaining money by false pretenses.",,-100.0,-1.3974469900131226,-1.3974469900131226,-1.1474469900131226,0.39099131515943186
mbe_502,nan,MBE-1985-part7,train,"Congress enacted a law prohibiting the killing, capture, or removal of any form of wildlife upon or ",D,D,True,1,308,96,"D  
The gold passage provides the text of the Property Clause from Article IV, Section 3, Clause 2, which grants Congress the power to make rules and regulations regarding property belonging to the United States. Since the law in question prohibits the killing, capture, or removal of wildlife on federally owned land, it falls within the scope of Congress's authority to regulate its own property. Therefore, the Property Clause is the most justifiable source of national authority for this federal law.",,-100.0,-100.0,-100.0,-20.375,1.0
mbe_503,nan,MBE-1985-part7,train,David is being tried in federal court for criminal conspiracy with John to violate federal narcotics,A,B,False,1,320,84,"B  
The gold passage states that the prosecution cannot compel the defendant's spouse to testify against him, and this privilege applies only if they are currently married at the time of the prosecution. Since David and Wanda are married, Wanda has the choice to testify or not, but ultimately, it is David's right to assert the privilege against her testifying. Therefore, the most accurate statement is that the choice is David's.",,-5.032373905181885,-0.03237399458885193,-100.0,-100.0,0.9933071484813326
mbe_504,nan,MBE-1989-90-part2,train,"West, a witness in a contract case, testified on direct examination that four people attended a meet",B,B,True,1,395,89,"B  
The trial court is likely to consider the showing of the notes taken as a proper attempt to refresh West's recollection. According to Rule 612(a), an attorney may use any document to try to jog or refresh a witness's memory, which includes handwritten notes from a pretrial interview. This aligns with the scenario where West is unable to remember the name of the fourth person, and the attorney seeks to help her recall that information.",,-17.750335693359375,-17.250335693359375,-100.0,-100.0,0.6224593312018546
mbe_505,nan,MBE-1989-90-part2,train,"While hospitalized, Marsh requested her attorney to draw a deed conveying her home to her son, Simon",D,D,True,1,594,106,"D  
The gold passage states that for a deed to be valid, it must be delivered and accepted during the lifetime of both the grantor and the grantee. It also emphasizes that if the grantee refuses to accept the deed, the instrument is not delivered and the title is not transferred. In this case, Simon's declaration of not wanting any part of the property can be interpreted as a refusal to accept the deed, which means that the deed was not effectively delivered, and therefore, Marsh would retain title to the property.",,-18.50002670288086,-100.0,-16.75002670288086,-2.7610454708337784e-05,0.999999937604645
mbe_506,nan,MBE-1989-90-part2,train,"Plummer, a well-known politician, was scheduled to address a large crowd at a political dinner. Just",A,C,False,1,477,73,"C  
The gold passage indicates that conduct must be ""extreme and outrageous"" to be actionable, and it specifies that mere insults or indignities do not meet this standard. Since Plummer suffered no physical harm and his embarrassment does not rise to the level of extreme and outrageous conduct as defined in the passage, he is unlikely to prevail in a claim against Devon.",,-100.0,-22.25,-20.375,-100.0,0.8670357598021706
mbe_507,nan,MBE-1989-90-part2,train,"For this question only, assume that Threedee on learning of the assignment refused to allow Drafty t",C,C,True,1,703,115,"C  
Threedee is entitled to compel Plannah to resume and complete performance of the contract because the contract is for personal services, which are defined by their unique and special abilities that cannot be replaced by another person. The gold passage indicates that a promise to render personal service will not be specifically enforced, and that enforcing such a contract could lead to undesirable personal relations, especially after disputes have occurred. Therefore, since Plannah's services are considered personal and unique, Threedee can seek relief to have Plannah complete the contract rather than allowing a delegation to Drafty.",,-10.768187522888184,-100.0,-0.018187640234827995,-100.0,0.9999785550490626
mbe_508,nan,MBE-1989-90-part2,train,"For this question only, assume that Threedee allowed Drafty to proceed with the design work but that",A,A,True,1,789,150,"A  
The gold passage discusses the concept of divisibility in contracts and emphasizes that a contract is not divisible if the parties intended all promises to be considered as a single whole. In this case, Plannah is liable to Threedee for damages caused by Drafty's default because Plannah remains the original party to the contract and has not been released from his obligations. Drafty, having taken on the duties under the contract, is also liable to Threedee for damages due to her abandonment of the project. However, the passage does not support the idea that Threedee is indebted to Drafty for a prorated portion of the fee, as it does not indicate that the contract is divisible or that Threedee would owe Drafty anything.",,-0.4197637736797333,-2.4197638034820557,-1.6697638034820557,-3.4197638034820557,0.679519952179694
mbe_509,nan,MBE-1989-90-part2,train,Rose was convicted in federal court of Possession of one kilogram of heroin with intent to distribut,B,B,True,1,513,85,"B  
The motion to dismiss the indictment should be denied because each prosecution requires proof of an element that the other does not. The gold passage indicates that double jeopardy protects against a prosecution for the same offense after a conviction, but in this case, the charges of possession with intent to distribute and conspiracy to distribute are considered separate offenses, as they involve different elements. Therefore, the double jeopardy clause does not apply here.",,-8.280214309692383,-0.030214384198188782,-100.0,-100.0,0.9997388096614491
mbe_510,nan,MBE-1989-90-part2,train,There is high and persistent unemployment in the industrialized state of Green. Its legislature ther,A,B,False,1,521,111,"B  
The gold passage states that a plaintiff must show an injury that is fairly traceable to the defendant's conduct and likely to be redressed by the requested relief. Option B describes a corporation that is selling goods in Green but is not meeting the purchasing requirement set by the statute. This corporation has a direct, personal stake in the outcome of the case because the statute directly affects its business operations and purchasing obligations. The other options do not demonstrate a direct, personal stake in the outcome of the case as required by the standing principles outlined in the passage.",,-6.139889717102051,-0.014889819547533989,-7.514889717102051,-100.0,0.9972669144589184
mbe_511,nan,MBE-1989-90-part2,train,Constance owned Greenacre in fee simple. She executed two instruments in the proper form of deeds. T,D,A,False,1,804,120,"A  
The gold passage indicates that when the last owner of a property dies, the property must go through probate before it can be inherited, and that if multiple owners die simultaneously, their shares will pass under the terms of their wills or to their closest relatives under state law. In this scenario, since Henry, Audrey, and Susan all died simultaneously and there is no evidence of a will, the property will not pass to them as joint tenants but will instead revert to Constance, the original owner, as the property must go through probate. Therefore, title to Greenacre is entirely in Constance.",,-0.06392914056777954,-4.688929080963135,-3.6889290809631348,-100.0,0.9648293138446665
mbe_512,nan,MBE-1989-90-part2,train,"In Peck's antitrust suit against manufacturers of insulation, Peck's interrogatories asked for infor",A,C,False,1,370,72,"C  
The gold passage discusses adoptive admissions but does not provide any information that would support the admissibility of the annual journal as a business record or as an adoptive admission. Since the passage does not mention any exceptions to hearsay that would apply to the annual journal, it indicates that the evidence is inadmissible as hearsay not within any exception.",,-11.37819766998291,-100.0,-0.0031977968756109476,-100.0,0.9999885212304165
mbe_516,nan,MBE-1989-90-part2,train,A statute in a jurisdiction makes it a crime to sell ammunition to a minor (defined as a person unde,D,A,False,1,457,91,"A  
The gold passage states that an attempt cannot be committed by recklessness or negligence or on a strict liability basis. Since the sale of ammunition to a minor is a strict liability offense, Matthews can argue that it was impossible for the sale to have occurred because the clerk did not complete the transaction (the box was put back on the shelf). Therefore, there was no act in furtherance of the intent to sell, which is necessary for an attempt.",,-0.34314170479774475,-100.0,-100.0,-1.8431416749954224,0.817574471748733
mbe_518,nan,MBE-1989-90-part2,train,A state statute makes fraud for personal financial gain a crime. Jones was convicted of violating th,D,D,True,1,668,81,"D  
The strongest constitutional defense that Jones could assert is that this prosecution denied him the free exercise of religion in violation of the First and Fourteenth Amendments because it required the state to determine the truth or falsity of the content of his religious beliefs. The gold passage emphasizes the right to believe and profess any religious doctrine, which supports the idea that the state should not interfere in matters of religious belief.",,-12.750004768371582,-100.0,-100.0,-4.36574100604048e-06,0.9999970976891834
mbe_519,nan,MBE-1989-90-part2,train,"Pike sued Digger, the contractor who constructed Pike's house, for breach of warranty of habitabilit",D,D,True,1,466,93,"D  
The offered testimony from Wirth is inadmissible because its probative value is substantially outweighed by the danger that it will confuse the issues and waste time. The gold passage indicates that evidence must not only be relevant but also not outweighed by countervailing considerations such as being confusing or a waste of time. Wirth's testimony about a prior suit that was settled could lead to confusion regarding the current case and distract from the main issues at hand.",,-4.841358661651611,-100.0,-100.0,-0.2163584977388382,0.9902915250944195
mbe_520,nan,MBE-1989-90-part2,train,Jordan is an accomplice to,D,D,True,1,510,140,"D  
The gold passage outlines the requirements for criminally negligent homicide, which include the necessity for the actor to have caused the death and to have failed to perceive a substantial and unjustifiable risk of death. In this case, Jordan did not directly cause the death; she provided a harmless substance (Marvane) instead of the intended poison (curare). While her actions may have been negligent, the passage does not support the conclusion that she is an accomplice to any degree of criminal homicide, as she did not contribute to the death in a manner that meets the criteria for criminally negligent homicide. Therefore, the correct answer is that Jordan is an accomplice to no degree of criminal homicide.",,-8.257631301879883,-100.0,-5.007631301879883,-0.007631232030689716,0.9930494433041492
mbe_521,nan,MBE-1989-90-part2,train,"In a common-law jurisdiction, Hammond is guilty of",A,C,False,1,441,124,"C  
The gold passage outlines the requirements for a conspiracy conviction, which include an agreement to commit a crime, knowing and voluntary participation, and an overt act in furtherance of the conspiracy. In this case, Hammond intended to kill his wife and sought out Jordan to obtain poison, which indicates a conspiracy. However, since Jordan did not provide the poison and instead gave him a harmless substance, there was no overt act in furtherance of the conspiracy by Jordan. Therefore, Hammond's actions do not meet the criteria for conspiracy. He attempted to kill his wife but did not succeed, making him guilty of attempted murder only.",,-1.2443181276321411,-2.8693180084228516,-0.6193181276321411,-100.0,0.6095105593371488
mbe_522,nan,MBE-1989-90-part2,train,"While on a hiking trip during the late fall, Page arrived, toward the end of the day, at a clearing ",C,C,True,1,573,79,"C  
According to the gold passage, a landowner's duty to a trespasser is limited. Dwyer, as the landowner, has no obligation to anticipate Page's presence in the cabin since she entered without permission and is considered a trespasser. Therefore, Dwyer is not liable for Page's injuries because he had no reason to expect her presence in the cabin.",,-100.0,-13.000006675720215,-6.392202976712724e-06,-14.875006675720215,0.999997393045387
mbe_523,nan,MBE-1989-90-part2,train,"In a contract action by Awl against Howser, which of the following would the court decide under the ",A,A,True,1,569,116,"A  
The court would decide that Howser will win because Awl in legal effect committed a total breach of contract. According to the gold passage, a total breach occurs when the breach substantially impairs the value of the contract to the injured party. Awl's notification on February 1 that he would not proceed unless the price was increased to $90,000 indicates a refusal to perform under the original terms, which constitutes a total breach. Howser was justified in dismissing Awl and contracting with Gutter, as Awl's actions impaired the value of the contract.",,-0.1738579124212265,-5.673857688903809,-4.923857688903809,-100.0,0.9874217580622927
mbe_524,nan,MBE-1989-90-part2,train,"For this question only, assume that Awl is liable to Howser for breach of contract and also assume t",D,C,False,1,1032,150,"C  
According to the gold passage, compensatory damages are intended to cover the loss incurred by the nonbreaching party as a result of the breach of contract. In this case, Howser is the nonbreaching party and Awl is liable for breach of contract. The relevant measure of damages would be the difference between Awl's original contract price of $60,000 and the total amount Howser paid Gutter, which was $85,000 (the amount Gutter spent) plus an additional $10,000, totaling $95,000. However, since the question specifically asks for the difference between Awl's original contract price and the total amount Howser paid Gutter for building the house, the correct calculation is $95",,-11.25018310546875,-100.0,-0.00018280261429026723,-11.50018310546875,0.9999768631510807
mbe_525,nan,MBE-1989-90-part2,train,"During the night, Murphy broke into a house with the intention of stealing a typewriter. On not find",D,D,True,1,284,90,"D  
The gold passage defines arson as the willful and malicious burning of the dwelling house of another person. In this scenario, Murphy set fire to a couch, which is part of the dwelling, and the flames also burned a portion of the ceiling. Therefore, her actions constitute arson. Additionally, she broke into the house with the intent to commit theft, which constitutes burglary. Thus, Murphy is guilty of both burglary and arson.",,-100.0,-9.376006126403809,-100.0,-0.0010062543442472816,0.9999151889474266
mbe_526,nan,MBE-1989-90-part2,train,Argus Corporation is privately owned and incorporated in the state of Kiowa. It contracted with the ,B,B,True,1,456,87,"B  
The gold passage discusses the ""Dormant Commerce Clause,"" which prohibits states from passing legislation that discriminates against or excessively burdens interstate commerce. It emphasizes that private contractors performing work under a federal contract are not immune from nondiscriminatory state taxation. Since the passage does not indicate that the tax imposed by Arapahoe is discriminatory or excessively burdensome, it supports the conclusion that the state tax is constitutional in this context.",,-100.0,-0.30553776025772095,-2.305537700653076,-100.0,0.880797071719777
mbe_527,nan,MBE-1989-90-part2,train,"Parmott sued Dexter in an automobile collision case. At trial, Parmott wishes to show by extrinsic e",B,B,True,1,317,77,"B  
The gold passage states that evidence of bias, prejudice, or ulterior motives on the part of a witness is relevant at trial because it may discredit the witness or affect the weight given to the witness's testimony. Therefore, Parmott's attempt to show that Wade is Dexter's partner in a gambling operation is admissible as evidence of Wade's possible bias in favor of Dexter.",,-100.0,-16.750335693359375,-100.0,-100.0,1.0
mbe_528,nan,MBE-1989-90-part2,train,"Taylor and Scott, an unmarried couple, purchased a condominium as tenants in common and lived in the",D,D,True,1,457,93,"D  
The gold passage states that the statute of frauds (SOF) requires certain types of contracts to be executed in writing, including contracts for the sale of land. Since Taylor and Scott's verbal agreement regarding the condominium does not meet the requirements of the SOF, it is not enforceable. Therefore, upon their deaths, the ownership of the condominium would revert to their respective heirs, Mark and Martha, each owning an undivided one-half interest.",,-100.0,-100.0,-1.1493191719055176,-0.39931920170783997,0.6791786926816161
mbe_529,nan,MBE-1989-90-part2,train,"Telco, a local telephone company, negligently allowed one of its telephone poles, located between a ",D,D,True,1,530,127,"D  
Walker can prevail against both Telco and Rhodes for the full amount of his damages. According to the gold passage, the rule of joint and several liability applies when two or more tortfeasors' actions combine to cause a plaintiff's injuries. Since both Telco's negligence (the termite-ridden pole) and Rhodes' actions (driving intoxicated and at excessive speed) contributed to the incident that caused Walker's injuries, they can both be held liable. The passage does not indicate that either party bears less than fifty percent of the fault, so they can be jointly and severally liable for Walker's entire loss.",,-2.206512928009033,-100.0,-1.4565130472183228,-1.0815130472183228,0.49703227376139036
mbe_530,nan,MBE-1989-90-part2,train,"Dirk broke into Vera's house one night. As he started to stuff silverware into a sack, he was surpri",B,B,True,1,678,97,"B  
Dirk's waiver of his rights did not depend upon the nature of the charges that were later filed against him. The gold passage indicates that a confession is inadmissible if obtained by promises of mitigation or immunity, but it does not support the idea that a suspect's understanding of the specific circumstances of the case (such as Vera's condition) is necessary for a knowing and intelligent waiver of rights. Therefore, the motion to prevent the introduction of the confession should be denied.",,-7.252867221832275,-0.002867042785510421,-8.752866744995117,-100.0,0.9991321182390315
mbe_531,nan,MBE-1989-90-part2,train,"For this question only, assume that four months before the date for closing Perk quit possession and",C,C,True,1,589,101,"C  
Perk's decision to quit possession and notify Ventnor that he would not complete the transaction constitutes a repudiation of the contract. According to the gold passage, a repudiation can be a statement indicating an intention to breach the contract or an act that makes performance impossible. Since Perk has clearly indicated he will not fulfill his obligations under the contract, he has effectively repudiated it. Therefore, he is not entitled to recover any reimbursement for the improvements made, as he has breached the contract.",,-100.0,-100.0,-19.25009536743164,-100.0,1.0
mbe_532,nan,MBE-1989-90-part2,train,"For this question only, assume that Perk did not quit possession and desired to close, but, at the t",A,A,True,1,680,87,"A  
Perk should recover $8,000 because the improvement was made in reliance on Ventnor's contract obligation to convey in fee simple the entire, undivided interest. The gold passage indicates that reliance damages are based on expenditures made in performance of the contract. Since Perk made the improvement in reliance on the contract, he is entitled to recover the full amount he spent on the improvement, which is $8,000.",,-0.4813964068889618,-6.231396198272705,-5.981396198272705,-100.0,0.9927829112629827
mbe_534,nan,MBE-1989-90-part2,train,"On a wholly random basis, a state agency has given a few probationary employees who were not rehired",C,C,True,1,430,124,"C  
The gold passage states that procedural due process prohibits the government from depriving an individual of a liberty or property interest without providing appropriate procedural protections, such as notice and an opportunity to contest the decision. Since Masters was terminated without a statement of reasons or a hearing, he may argue that he was denied procedural due process. However, the passage does not indicate that he has a protected right to be rehired, which is essential for a successful claim under procedural due process. Therefore, the suit by Masters will likely be unsuccessful because he does not have a right to be rehired that is protected by procedural due process.",,-100.0,-15.6250581741333,-18.625059127807617,-100.0,0.04742583009376529
mbe_535,nan,MBE-1989-90-part2,train,"Able, an attorney, sued Clinton, a client, for his fee, based on an agreed hourly rate. Clinton subp",A,A,True,1,488,70,"A  
The information about hours billed is not within the attorney-client privilege as indicated in the gold passage. The passage states that courts generally agree that billing statements providing general descriptions of services performed do not reveal confidential communications and are therefore not privileged. Since Clinton's subpoena seeks to challenge the hours billed without revealing specific confidential communications, the subpoena should be upheld.",,-19.001502990722656,-100.0,-100.0,-100.0,1.0
mbe_536,nan,MBE-1989-90-part2,train,"In an action by Furrow against Quark for specific performance of the option agreement, which of the ",B,B,True,1,596,97,"B  
The description of the property to be sold in the parties' written agreement is too indefinite to permit the remedy sought. The gold passage states that a conveyance of real property must contain a sufficient description of the property to be conveyed, and it must allow for identification with reasonable certainty. Since the option to purchase only specifies ""five acres of the land"" without a clear description or reference to a specific location, it may be deemed too indefinite, making the option unenforceable.",,-100.0,-0.0723162367939949,-4.8223161697387695,-100.0,0.9914225140160562
mbe_537,nan,MBE-1989-90-part2,train,Assume for this question only that Quark is not liable to Furrow for breach of a land-sale contract.,A,A,True,1,517,107,"A  
The gold passage defines a ""quasi-contract"" as an obligation created by law to restore the aggrieved party to its former position by returning the thing or its equivalent in money. In this case, Furrow added improvements to the farm, and if Quark is not liable for breach of a land-sale contract, a quasi-contract theory would support Furrow's claim for the reasonable value of those improvements, as it seeks to restore him to his former position by compensating him for the benefits conferred upon Quark.",,-19.003177642822266,-18.878177642822266,-100.0,-100.0,0.46879062662624377
mbe_538,nan,MBE-1989-90-part2,train,"Abco developed a new drug, ZB, for treatment of Wegener's disease. Abco extensively tested ZB for se",D,B,False,1,546,106,"B  
Can liability be imposed on Abco without proof that Abco knew that the drug had an undesirable side effect? This question is decisive because, under strict liability, the focus is on the condition of the product and whether it was defective and unreasonably dangerous at the time it left the defendant's control, rather than the defendant's knowledge of the defect. The gold passage does not require proof of knowledge for liability to be imposed, making this the key question in determining Crane's potential success in his claim against Abco.",,-100.0,-0.09692037105560303,-3.5969204902648926,-100.0,0.9706877726405082
mbe_540,nan,MBE-1989-90-part2,train,"In litigation over the estate of Baggs, who died intestate, Payton, who is eighteen years old, claim",B,B,True,1,431,88,"B  
The Bible listing is admissible as a family record. According to the gold passage, evidence of a statement concerning a family relationship, such as a parent and child relationship, is not made inadmissible by the hearsay rule, even if the declarant had no means of acquiring personal knowledge of the matter declared. The Bible serves as a record of family births, which supports Payton's claim to be Baggs's niece.",,-11.82646369934082,-0.20146334171295166,-100.0,-100.0,0.9999910603068923
mbe_541,nan,MBE-1989-90-part2,train,"Smythe was charged with the murder of his wife. In his defense, he testified that at the time he kil",C,C,True,1,790,118,"C  
Smythe's testimony indicates that he believed he was acting to prevent a catastrophic event, which suggests he may not have had the requisite mental state (mens rea) to commit murder intentionally. The gold passage explains that a plea of ""not guilty by reason of insanity"" is based on the defendant's claim that they were so mentally disturbed at the time of the offense that they lacked the capacity to act with criminal intent. Therefore, Smythe's defense aligns with the insanity defense, as he may argue that his mental state at the time negated his culpability for the crime.",,-18.5,-21.5,-21.375,-100.0,0.05099979741726045
mbe_542,nan,MBE-1989-90-part2,train,"After being notified by Dr. Josephs that Nurse Norris' employment with his office was terminated, No",D,C,False,1,445,75,"C  
No, if Norris authorized Hospital to make inquiry of her former employer. According to the gold passage, for a defamation claim to succeed, the statement must be published to a third party without authorization. If Norris authorized Hospital to inquire about her former employment, then Josephs' statement would not be considered defamatory as it was made in the context of an authorized inquiry.",,-100.0,-100.0,-0.12357078492641449,-3.998570680618286,0.979667644579633
mbe_543,nan,MBE-1989-90-part2,train,Pullen used aluminum brackets in her business. On the telephone listed as hers in the telephone book,C,C,True,1,439,101,"C  
The strongest argument for admission of Pullen's testimony concerning the telephone call is that after hearing Denison speak in chambers, Pullen recognized Denison's voice as that of the person on the telephone. This recognition provides a basis for her testimony about the call, as it connects her prior experience with Denison's voice to the call in question. The gold passage indicates that authentication can be established, and Pullen's identification of Denison's voice supports the authenticity of her testimony regarding the call.",,-100.0,-0.9770345091819763,-0.4770345091819763,-100.0,0.6224593312018546
mbe_544,nan,MBE-1989-90-part2,train,The High National Grasslands is owned by the United States and is located in the center of a large w,B,B,True,1,404,70,"B  
The federal property clause of Article IV, Section 3 provides Congress with the power to make rules and regulations regarding the property belonging to the United States. This clause directly supports the federal statute authorizing the Bureau of Land Management to lease the grazing rights in the High National Grasslands, as it pertains to the management and disposition of federal property.",,-100.0,-16.750261306762695,-100.0,-100.0,1.0
mbe_545,nan,MBE-1989-90-part2,train,Ann leased commercial property to Brenda for a period of ten years. The lease contained the followin,C,C,True,1,393,91,"C  
The situation describes a novation because Ann, the lessor, agreed to accept Carolyn as the new lessee, effectively substituting her for Brenda. Since both Ann and Brenda (the original contracting parties) agreed to this substitution, Brenda was excused from her obligations under the lease. Therefore, if Ann loses the action against Brenda for rent due, it will be because a novation occurred, which relieved Brenda of her responsibilities under the lease.",,-100.0,-23.500003814697266,-21.250003814697266,-100.0,0.9046505351008906
mbe_546,nan,MBE-1989-90-part2,train,"For this question only, assume the following facts. Because she was overextended on other constructi",B,C,False,1,824,112,"C  
Homey will recover nothing because the passage indicates that liquidated damages are meant to approximate actual damages and that the parties' stipulation regarding liquidated damages is generally upheld unless it can be shown that the amount is unreasonable or shockingly excessive. By occupying the house and making the final payment, Homey effectively waived any claim for delay damages, as he did not assert any issues with the completion date until after he had accepted the house. Thus, the court will likely find that Homey has waived his right to claim liquidated damages for the delay.",,-4.51815128326416,-100.0,-0.01815134845674038,-100.0,0.9890130566610092
mbe_547,nan,MBE-1989-90-part2,train,"For this question only, assume the following facts. Structo completed the house on October 14 and, w",A,A,True,1,686,127,"A  
Structo wins because nonoccurrence of the condition requiring Bilevel's certificate of final approval was excused by Bilevel's bad-faith refusal to issue the certificate. The gold passage indicates that courts will excuse the non-performance of a condition precedent if it involves extreme forfeiture or penalty and if the condition's existence or occurrence forms no essential part of the exchange for the promisor's performance. In this case, Bilevel's refusal to issue the certificate appears to be in bad faith, and the condition of obtaining the certificate should not prevent Structo from receiving the final payment, especially since the work was completed satisfactorily.",,-0.018151111900806427,-14.89315128326416,-100.0,-100.0,0.9999996533674382
mbe_548,nan,MBE-1989-90-part2,train,Chemco designed and built a large tank on its premises for the purpose of storing highly toxic gas. ,A,A,True,1,390,135,"A  
The gold passage discusses the principle of res ipsa loquitur, which allows a jury to infer negligence when an injury-causing thing was under the control of the defendant and the occurrence does not happen if due care is exercised. In this case, to prevail in the suit against Chemco, it must be established that the toxic gas that escaped from Chemco's premises was the cause of Nyman's death (I). The passage does not provide support for the necessity of proving that the tank was built in a defective manner (II) or that Chemco was negligent in designing the tank (III). Therefore, only I must be established for the claim to prevail.",,-19.250158309936523,-100.0,-18.750158309936523,-100.0,0.37754066879814546
mbe_549,nan,MBE-1989-90-part2,train,"Zall, a resident of the state of Paxico, brought suit in federal district court against Motors, Inc.",C,C,True,1,367,70,"C  
The gold passage indicates that for a case to be heard in federal district court on the grounds of diversity jurisdiction, the amount in controversy must exceed $75,000. Since Zall is seeking a total of $24,000 in damages, which does not meet the threshold, the federal district court should not hear this suit on its merits.",,-100.0,-100.0,-0.001502717612311244,-15.251502990722656,0.999999761763155
mbe_550,nan,MBE-1989-90-part2,train,"Pack sued Donlon for slander, alleging that Donlon had publicly accused Pack of being a thief. In hi",A,A,True,1,409,81,"(A) 

The gold passage indicates that evidence of specific instances of conduct may be admissible to prove ""consequential facts"" such as intent or knowledge. In this case, Donlon's evidence that Pack stole a ring worth $10,000 is relevant to the truth of the accusation made against Pack, which is a consequential fact in the slander case. Therefore, the evidence should be admitted.",,-2.644657611846924,-100.0,-100.0,-100.0,1.0
mbe_551,nan,MBE-1989-90-part2,train,Rimm and Hill were fooling around with a pistol in Hill's den. Rimm aimed the pistol in Hill's direc,A,C,False,1,299,101,"C  
The gold passage outlines the elements of second-degree murder, which requires an unlawful killing with malice but without premeditation and deliberation. However, Rimm's actions do not demonstrate malice, as he was fooling around with a pistol and did not intend to kill Hill. Therefore, the most serious crime Rimm can be convicted of, given the circumstances of the accidental shooting, is involuntary manslaughter, which typically involves unintentional killing resulting from reckless or negligent behavior.",,-13.50861930847168,-100.0,-0.008619419299066067,-100.0,0.9999986290426411
mbe_553,nan,MBE-1989-90-part2,train,A statute authorizes a specified federal administrative agency to issue rules governing the distribu,D,D,True,1,442,104,"D  
The provision of the statute relating to the power of the designated standing joint committee of Congress is unconstitutional because it authorizes a congressional change of legal rights and obligations by means other than those specified in the Constitution for the enactment of laws. The Presentment Clause, as stated in the gold passage, requires that a bill can only become law through a specific process involving both Houses of Congress and the President. Allowing a committee to set aside rules without following this process undermines the constitutional requirements for enacting laws.",,-14.000432014465332,-100.0,-16.250431060791016,-0.0004317420825827867,0.9999990808298103
mbe_554,TORTS,1991-Feb,train,"Walter, a 16-year-old, purchased an educational chemistry set manufactured by Chemco. Walter invited",D,C,False,1,836,91,"C  
Peter will not prevail because Walter's negligence in knocking over the Bunsen burner was the direct cause of Peter's injury. The passage emphasizes that strict products liability is imposed on manufacturers for defects in their products, but it does not address liability for injuries caused by the negligent actions of users of the product. Since the injury resulted from Walter's careless actions rather than a defect in the chemistry set itself, strict liability would not apply in this case.",,-2.5982112884521484,-100.0,-0.3482113480567932,-1.5982112884521484,0.7184403290940097
mbe_555,CONTRACTS,1991-Feb,train,"On August 1, Geriatrics, Inc., operating a ""lifetime care"" home for the elderly, admitted Ohlster, w",C,C,True,1,571,118,"C  
The gold passage indicates that frustration of purpose is a defense to a breach of contract claim and does not apply to the situation at hand, which involves a restitutionary action rather than a breach of contract claim. The risk of Ohlster's life span and the duration of Geriatrics' commitment was assumed by both parties, meaning that the administratrix cannot recover the prepaid amount simply because Ohlster died shortly after the contract commenced. Therefore, the correct answer is that Ohlster's death does not provide grounds for recovery, as it was a risk inherent in the contract.",,-3.2971198558807373,-100.0,-0.04711996391415596,-100.0,0.9626731087738417
mbe_556,CRIM. LAW,1991-Feb,train,"While walking home one evening, Harold, an off-duty police officer, was accosted by Jones, a strange",A,A,True,1,441,107,"A  
Harold's claim of self-defense should be sustained because he reasonably believed that Jones was planning to kill him and that deadly force was required. The gold passage states that the use of deadly force is justifiable if the actor believes it is necessary to protect against death or serious bodily injury, and that belief must be reasonable in light of the facts as they appeared to the defendant at the time. Harold's fear for his life, given Jones's actions with the knife and threats, supports a reasonable belief that deadly force was necessary.",,-0.008738311938941479,-100.0,-9.00873851776123,-100.0,0.999876605449408
mbe_558,EVIDENCE,1991-Feb,train,"In a prosecution of Doris for murder, the government seeks to introduce a properly authenticated not",B,B,True,1,611,81,"B  
The admissibility of the note as a dying declaration is a preliminary fact question for the judge, and the judge may properly consider the affidavit. The gold passage indicates that preliminary fact determinations affecting the admissibility of evidence are subject to proof by a preponderance of the evidence, which implies that the judge can consider evidence, such as the affidavit from the attending physician, in making this determination.",,-11.128201484680176,-0.0032015969045460224,-100.0,-100.0,0.9999852610163715
mbe_559,TORTS,1991-Feb,train,"As Paul, a bartender, was removing the restraining wire from a bottle of champagne produced and bott",A,B,False,1,775,106,"B  
The gold passage indicates that the adequacy of a warning must be evaluated in conjunction with the knowledge and expertise of those who may be reasonably expected to use the product. Since Paul is a bartender and has experience opening champagne bottles, a reasonable bartender would likely understand the risk of a stopper ejecting from the bottle. Therefore, if the jury finds that a reasonable bartender would have realized that a stopper could eject and hit his eye, it would not be reasonable to hold Winery, Inc. liable for failing to provide a warning.",,-100.0,-0.06850225478410721,-3.068502187728882,-100.0,0.952574123793102
mbe_560,CONTRACTS,1991-Feb,train,"Swatter, a baseball star, contracted with the Municipal Symphony Orchestra, Inc., to perform for $5,",D,A,False,1,551,83,"A  
The trial court correctly instructed the jury that damages for breach of contract are limited to those losses that were foreseeable by the parties at the time of contracting. This aligns with the principle stated in the gold passage, which emphasizes that contractual damages are confined to those risks that were mutually contemplated and foreseeable when the contract was made. Therefore, the judgment awarding only the $5,000 fee is likely to be affirmed.",,-0.3135414123535156,-100.0,-100.0,-9.438541412353516,0.9998911030899734
mbe_561,CONST. LAW,1991-Feb,train,Road Lines is an interstate bus company operating in a five-state area. A federal statute authorizes,D,D,True,1,712,111,"D  
The state court should hear the case on its merits and decide for Road Lines, because a valid federal law preempts the state statute on which Foley relies. The gold passage explains that federal law can preempt state law through express language or implicitly through field or conflict pre-emption. In this case, the ICC's permission for Road Lines to discontinue the unprofitable route is a valid federal action that likely conflicts with the state statute prohibiting abandonment of service in areas without alternate transportation. Therefore, the federal law prevails over the state law.",,-100.0,-100.0,-100.0,-19.625,1.0
mbe_562,CRIM. LAW,1991-Feb,train,Shore decided to destroy his dilapidated building in order to collect the insurance money. He hired ,A,A,True,1,371,45,"A  
The vagrant's death occurred in connection with the felony of arson, as Parsons intentionally set fire to the building, which is classified as a felony that can lead to a felony-murder charge under federal law.",,-19.001502990722656,-100.0,-100.0,-100.0,1.0
mbe_564,CONST. LAW,1991-Feb,train,A federal statute prohibits the construction of nuclear energy plants in this country without a lice,B,B,True,1,684,74,"B  
The congressional veto of the license of Safenuke, Inc., is invalid because Article I, Section 7 of the Constitution requires that any action of Congress that alters the legal rights of persons must be presented to the President for his signature or veto. Since the veto did not go through the required presentment process, it does not have the force of law.",,-12.001956939697266,-0.1269567757844925,-100.0,-100.0,0.999993037744891
mbe_565,CRIM. LAW,1991-Feb,train,"Lipsky, a college student, purchased narcotics from Speed, whom he believed to be a ""street person"" ",C,C,True,1,1376,145,"C

Lipsky should be acquitted on the authority of Case C. The gold passage indicates that for a person to be held criminally liable as an accomplice, they must perform acts with the mental culpability required for the commission of the substantive crime. In Case C, the defendant was not found guilty as an accomplice because he did not share the intent or purpose of the principal actor in the bribery. Similarly, Lipsky, who purchased narcotics from someone he believed to be a street person (but was actually an undercover agent), did not have the requisite mental state or intent to engage in the crime of selling narcotics. Therefore, he should be acquitted based on the reasoning in Case C.",,-8.002227783203125,-100.0,-0.00222780997864902,-7.627227783203125,0.9991771197960102
mbe_566,CRIM. LAW,1991-Feb,train,"In this jurisdiction, conviction for statutory rape requires proof of the defendant's knowledge that",B,C,False,1,662,114,"C  
Howard should be acquitted on the authority of Case C because, similar to the situation in Case C, where the defendant was not guilty as an accomplice due to a lack of shared requisite mental state for the offense (the bribery statute), Howard's knowledge of Sarah's age does not establish that he shared the requisite mental state for statutory rape with George, who was unaware of Sarah's age. The gold passage emphasizes that to establish accomplice liability, the accomplice must share the requisite mental state for the offense, which Howard does not in this case.",,-4.401851654052734,-100.0,-0.15185154974460602,-3.7768516540527344,0.9606947803266659
mbe_567,CRIM. LAW,1991-Feb,train,"Larson, a plastic surgeon, agreed to remove the fingerprints from the hands of ""Fingers"" Malloy, who",A,C,False,1,660,105,"C  
The gold passage outlines the requirements for proving accomplice liability, which include the accomplice having the purpose to make the crime succeed, soliciting or aiding in the commission of the offense, and sharing the requisite mental state for the offense. In Case C, the defendant was not found guilty as an accomplice to Tooley's violation of the bribery statute, indicating that the defendant did not meet the necessary criteria for accomplice liability. Therefore, based on the authority of Case C, Larson should be acquitted.",,-100.0,-3.8699381351470947,-0.24493810534477234,-1.9949381351470947,0.8330396626845564
mbe_569,CONST. LAW,1991-Feb,train,Congressional hearings determined that the use of mechanical power hammers is very dangerous to the ,B,B,True,1,593,102,"B  
The amendment to the city of Green's building safety code is unconstitutional because it conflicts with the provisions of the federal statute prohibiting the use of mechanical power hammers. According to the Supremacy Clause, where state and federal law directly conflict, state law must give way. The federal statute clearly prohibits the use of mechanical power hammers, and the city council's amendment requiring their use creates a direct conflict, making it impossible for a private party to comply with both the federal and state/local requirements.",,-15.375075340270996,-7.553032628493384e-05,-100.0,-100.0,0.9999997897566191
mbe_570,CONTRACTS,1991-Feb,train,"For this question only, assume the following facts. Shortly after making the contract, and before Su",C,C,True,1,577,103,"C  
The gold passage discusses the nature of implied contracts and emphasizes the necessity of clear evidence of the parties' intent to contract. In this case, Bonnie's Buns' promise to sell Superpastries' baked buns exclusively implies a commitment to use its best efforts to sell those buns, which indicates an obligation to perform under the contract. Therefore, Superpastries is likely to win the lawsuit for breach of contract, as Bonnie's Buns' renouncement of the agreement undermines the implied promise to sell.",,-1.3635258674621582,-100.0,-0.9885258078575134,-100.0,0.5926666143433998
mbe_571,CONTRACTS,1991-Feb,train,"For this question only, assume the following facts. The parties' contract included a provision for t",C,C,True,1,640,112,"C  
Both motions should be denied because there are triable issues of fact regarding whether Superpastries provided reasonable notice of termination and whether its financial losses from continuing production of baked buns were substantial enough to justify ceasing production. The gold passage indicates that to constitute a triable issue of fact, there must be a genuine dispute regarding a material issue, and the non-moving party must produce significant probative evidence to show that there are indeed genuine issues of material fact. This suggests that the court should not grant summary judgment for either party without resolving these factual disputes.",,-12.630241394042969,-100.0,-0.0052414643578231335,-100.0,0.9999967112507032
mbe_572,EVIDENCE,1991-Feb,train,"Dirk is on trial for the brutal murder of Villas. Dirk's first witness, Wesley, testified that in he",A,C,False,1,413,148,"C

The gold passage discusses the requirements for admitting expert testimony, specifically focusing on qualification, reliability, and relevance. However, it does not provide any information regarding the admissibility of character evidence or the credibility of witnesses. 

In this context, testimony about Wesley's reputation for untruthfulness (Choice C) is likely to be considered inadmissible because it does not pertain to Dirk's character or the specific issue at hand, which is his alleged peacefulness and nonviolence. The other options involve either character evidence about Dirk or evidence that could potentially undermine Wesley's credibility in a way that is relevant to the case. Therefore, Choice C is the most clearly inadmissible based on the lack of support in the gold passage.",,-1.060772180557251,-100.0,-0.5607721209526062,-3.935772180557251,0.6094778412579901
mbe_573,REAL PROP.,1991-Feb,train,"Amos owned Greenfield, a tract of land. His friend Bert wanted to buy Greenfield and offered $20,000",D,C,False,1,680,147,"(C) II and III only.

The parol evidence rule (Point I) is not relevant to a decision in favor of Bert because the written agreement between Amos and Bert is clear and does not require any prior or contemporaneous oral agreements to be considered. The focus should be on the terms of the written contract itself. 

Point II, concerning the construction of the contract as to time of performance, is relevant because it addresses whether Bert had a reasonable time to perform his obligation to raise the money. 

Point III, regarding Bert's ability to perform, is also relevant because it directly relates to whether Bert could fulfill the conditions of the contract. 

Thus, the relevant points for a decision in favor of Bert are II and III.",,-100.0,-2.2882089614868164,-1.163209080696106,-100.0,0.7549149648117217
mbe_574,CONST. LAW,1991-Feb,train,"Modality City has had a severe traffic problem on its streets. As a result, it enacted an ordinance ",B,B,True,1,688,111,"B  
The gold passage indicates that in areas of social and economic policy, a statutory classification that does not involve suspect lines or fundamental rights must be upheld if there is any conceivable rational basis for it. The ordinance in question creates a classification based on the duration of time vendors have been selling from vehicles, which is a rational basis for the city to address its traffic problem. Since the ordinance is likely to be viewed under the rational basis test, and given the strong presumption of validity for such classifications, the court will probably rule that the ordinance is constitutional.",,-17.50009536743164,-9.627176768844947e-05,-100.0,-100.0,0.9999999748899864
mbe_575,TORTS,1991-Feb,train,"If Governor Doe asserts a defamation claim against XYZ, will Doe prevail?",D,D,True,1,437,109,"D  
The gold passage outlines the requirements for establishing a prima facie case of defamation, which includes demonstrating that the statement was defamatory and that it caused injury to the plaintiff's reputation. In this case, the term ""murderer"" could reasonably be interpreted as a characterization of Governor Doe's action in signing a death warrant, rather than a false statement about him personally committing homicide. Therefore, if the only reasonable interpretation of the signs is that they refer to his official capacity, Doe would not prevail in a defamation claim against XYZ.",,-100.0,-6.402977466583252,-5.402977466583252,-0.027977338060736656,0.9937053360708586
mbe_576,TORTS,1991-Feb,train,"If Doe asserts against XYZ a claim for damages for intentional infliction of emotional distress, wil",D,D,True,1,425,118,"D  
The gold passage outlines the requirements for a prima facie case of intentional infliction of emotional distress (IIED), which includes showing that the conduct is extreme and outrageous, intentional or reckless, causes emotional distress, and that the distress is severe. However, the passage does not support the idea that a claim for IIED can be based solely on the emotional distress caused by the signs without a false statement of fact or actual malice. Therefore, since XYZ did not publish a false statement of fact with ""actual malice,"" Doe is unlikely to prevail on his claim against XYZ.",,-100.0,-100.0,-1.3528074026107788,-0.3528073728084564,0.731058584489497
mbe_577,CONTRACTS,1991-Feb,train,"As of July 22, which of the following is an accurate statement as to whether a contract was formed?",A,C,False,1,503,100,"C  
A contract was formed when Snowco accepted Acme's order, as acceptance of an offer is defined as words or conduct that manifests an intent to accept the offer. Since Snowco's response was an acceptance of Acme's order, a contract was created. The passage does not indicate that Acme's reservation of the right to cancel the order affects the formation of the contract; rather, it suggests that the contract is terminable at the will of either party prior to September 1.",,-11.250622749328613,-9.875622749328613,-0.000622845720499754,-100.0,0.9999355519897672
mbe_578,CONTRACTS,1991-Feb,train,"For this question only, assume the following facts. Acme did not cancel the order, and Snowco shippe",A,D,False,1,545,113,"D  
The gold passage states that for a contract to be enforceable, it must be supported by consideration and that a mere promise is unenforceable. Acme's right to cancel the order prior to September 1 indicates that the order was not yet binding, as Acme had the option to cancel. Therefore, when Snowco shipped the shovels on September 15, it was merely an offer, as Acme had not yet relinquished its right to cancel. Thus, the shipment did not create an enforceable contract, aligning with option D.",,-4.465729713439941,-100.0,-2.8407294750213623,-0.09072951227426529,0.9289225584534734
mbe_580,CONST. LAW,1991-Feb,train,A federal statute enacted pursuant to the powers of Congress to enforce the Fourteenth Amendment and,A,A,True,1,520,79,"A  
The gold passage indicates that Congress has the authority to enact legislation that deters or remedies constitutional violations under its enforcement power, even if it intrudes into areas traditionally reserved for the states. This supports the argument that when Congress exercises its powers under the Fourteenth Amendment or the commerce clause, it can authorize private suits against states for damages, which directly counters State X's motion to dismiss.",,-0.03376614674925804,-100.0,-5.533766269683838,-100.0,0.995929862782428
mbe_581,TORTS,1991-Feb,train,"At a country auction, Powell acquired an antique cabinet that he recognized as a ""Morenci,"" an extre",B,C,False,1,689,118,"C  
The gold passage outlines the requirements for proving a product-liability claim, which include showing that the product was in a defective condition that was unreasonably dangerous for its intended use, that the defect existed when the product left the manufacturer's control, and that the defect proximately caused the injuries. In Powell's case, he would need to demonstrate that Restorall was defective when sold and that this defect caused the damage to the Morenci finish. The passage does not support the other options, as they do not align with the necessary elements for a product-liability claim as described.",,-6.654402732849121,-4.154402732849121,-0.029402708634734154,-100.0,0.9828103766371361
mbe_582,REAL PROP.,1991-Feb,train,"Two adjacent, two-story, commercial buildings were owned by Simon. The first floors of both building",C,C,True,1,458,78,"C  
The gold passage indicates that the law of implied easements recognizes that rights may be implied even if they were not expressly conveyed, which aligns with the idea that Dennis has an easement in the stairway. Since the stairway is necessary for the use of both buildings, it can be inferred that Dennis has an implied right to keep the stairway in repair, supporting choice C.",,-10.876529693603516,-100.0,-0.0015300977975130081,-100.0,0.9999810748441046
mbe_583,CONTRACTS,1991-Feb,train,"Hydro-King, Inc., a high-volume, pleasureboat retailer, entered into a written contract with Zuma, s",C,A,False,1,606,90,"A  
Zuma's claim should be denied, because, as the party in default, he is deemed to have lost any right to restitution of a benefit conferred on Hydro-King. The gold passage discusses liquidated damages and the enforcement of such provisions, but it does not provide any support for the idea that a party in default can recover benefits conferred. Therefore, the court would likely deny Zuma's claim for restitution of the advance payment.",,-0.018381832167506218,-9.14338207244873,-9.39338207244873,-100.0,0.9998063105643127
mbe_585,EVIDENCE,1991-Feb,train,"Park sued Officer Dinet for false arrest. Dinet's defense was that, based on a description he heard ",D,D,True,1,616,150,"D  
The gold passage discusses the admissibility of evidence in the context of a motion for summary judgment, specifically mentioning that properly authenticated documents can be used if they are appropriately authenticated by affidavit or declaration. In this case, Dinet's testimony (I) is admissible as it is based on his personal knowledge of the description he heard. Brigg's testimony (II) is also admissible as it relates to the description he read, which is relevant to what Dinet heard. The note (III) could be considered a document that may not be admissible in its current form at trial but could be used in a motion for summary judgment if authenticated. Therefore, all three items (I, II, and III) are relevant to the issue",,-2.0306992530822754,-100.0,-1.9056992530822754,-0.405699223279953,0.704204611385319
mbe_586,REAL PROP.,1991-Feb,train,Aris was the owner in fee simple of adjoining lots known as Lot 1 and Lot 2. He built a house in whi,B,B,True,1,927,129,"B

The gold passage specifically discusses the Rule Against Perpetuities, stating that it is concerned with whether interests vest too remotely and provides a clear definition of the rule. Since Aris is attempting to enforce rights created by the deed to Baker, the Rule Against Perpetuities will be a critical factor in determining whether those rights are valid and enforceable. The other options (I, II, and III) are not supported by the passage, which focuses solely on the Rule Against Perpetuities. Therefore, the correct answer is B, as it is the only option that directly relates to the legal principle discussed in the passage.",,-100.0,-1.0802738870552275e-05,-11.50001049041748,-100.0,0.9999898700058553
mbe_587,EVIDENCE,1991-Feb,train,"Perez sued Dawson for damages arising out of an automobile collision. At trial, Perez called Minter,",B,B,True,1,545,107,"B  
Wallingford's testimony is admissible to impeach Minter because she provided testimony that contradicted Perez's position regarding Dawson's speed, which is a material issue in the case. According to the gold passage, a party may impeach its own witness if that witness's testimony tends to disprove the party's position or affirmatively damages the party's case. Minter's estimate of Dawson's speed at 25 miles per hour does just that, allowing Perez to use Wallingford's testimony to challenge her credibility.",,-100.0,-0.7033581137657166,-0.7033581137657166,-100.0,0.5
mbe_589,TORTS,1991-Feb,train,"Palko is being treated by a physician for asbestosis, an abnormal chest condition that was caused by",D,B,False,1,544,112,"B  
The gold passage indicates that a cause of action for negligent infliction of emotional distress must generally be based on conduct that ""unreasonably endangers"" the plaintiff's physical safety. Since the court has ruled against recovery of damages for negligently inflicted emotional distress in the absence of physical harm, and Palko's claim is based on the increased risk of developing cancer rather than a present physical injury, it follows that he cannot recover for emotional distress unless the court recognizes a cause of action for that increased risk. Therefore, the correct answer is B.",,-6.75123405456543,-0.0012341608526185155,-100.0,-100.0,0.9988304896107858
mbe_590,EVIDENCE,1991-Feb,train,"Dalton is on trial for burglary. During crossexamination of Dalton, the prosecutor wants to inquire ",A,A,True,1,834,80,"A  
The gold passage states that evidence of a conviction could not be admitted if more than 10 years had passed since the witness was convicted or released from confinement. Since Dalton was released from prison 12 years ago, this fact provides a strong reason for the trial court to refuse the prosecutor's inquiry about his earlier conviction, as it falls outside the 10-year limit established in the Montgomery case.",,-0.26277679204940796,-100.0,-1.5127768516540527,-100.0,0.7772998714925403
mbe_591,CRIM. LAW,1991-Feb,train,If the driver moves to suppress the use as evidence of the marijuana and cocaine found in the search,D,D,True,1,603,121,"D  
The gold passage states that under the ""automobile exception,"" if a car is readily mobile and there is probable cause to believe it contains contraband, police are permitted to search the vehicle without further justification. In this case, the police had probable cause based on the information from the undercover officer and the matching description of the truck and its driver. Therefore, the search of the truck, which led to the discovery of both marijuana and cocaine, was lawful. As a result, the court should deny the motion to suppress evidence for both the marijuana and the cocaine found in the search of the truck.",,-5.007992267608643,-7.757992267608643,-100.0,-0.007992470636963844,0.9928823333576569
mbe_592,CRIM. LAW,1991-Feb,train,"If the young woman moves to suppress the use as evidence of the heroin, the court should",A,A,True,1,524,73,"A  
The court should grant the motion because the young woman did not fit the description given by the informant, and her mere presence in the truck does not provide sufficient individualized suspicion of wrongdoing to justify the search of her purse. The gold passage emphasizes that a search or seizure is ordinarily unreasonable without individualized suspicion, which is lacking in this case for the young woman.",,-0.16434982419013977,-100.0,-5.6643500328063965,-100.0,0.9959298631297449
mbe_593,REAL PROP.,1991-Feb,train,Len owned two adjoining parcels known as Lot 1 and Lot 2. Both parcels fronted on Main Street and ab,A,B,False,1,680,100,"B  
Tenny has access to the parking lot from the alley, which means that Tenny's use of the driveway over Lot 2 was not necessary for access to the parking lot. This undermines the claim of the use being ""hostile"" to the true owner, as Tenny had an alternative means of access. Therefore, if Tenny loses, it will be because he had another way to access the parking lot, which does not support the claim for a prescriptive easement.",,-4.77229118347168,-0.3972911238670349,-1.1472911834716797,-100.0,0.673421231532426
mbe_594,CONTRACTS,1991-Feb,train,"Dewar, a developer, needing a water well on one of his projects, met several times about the matter ",B,C,False,1,671,68,"C  
Waterman wins, because he never signed the proposal as required by its terms. The gold passage indicates that an acceptance must be communicated and that the proposal specifically stated it would not become a contract until signed by both parties. Since Waterman did not sign the proposal, there was no binding contract formed between Dewar and Waterman.",,-15.875009536743164,-12.875009536743164,-9.13388703338569e-06,-100.0,0.9999973112004829
mbe_595,TORTS,1991-Feb,train,"In an action brought against Driver by Walker's legal representative, the only proofs that the legal",D,D,True,1,640,128,"D  
The gold passage discusses the doctrine of res ipsa loquitur, which allows for an inference of negligence when an accident is of a kind that does not ordinarily happen unless the defendant was negligent. In this case, the evidence presented indicates that Walker was killed while walking on the shoulder of the highway and that Driver was the one who struck him. Given that there are no other witnesses and Driver denies negligence, the circumstances suggest that negligence on the part of Driver may be inferred. Therefore, the trial judge should deny the motion for a directed verdict, as there is a reasonable basis to conclude that Driver's actions may have caused the accident.",,-14.000000953674316,-100.0,-16.125001907348633,-1.2664456789934775e-06,0.9999990691600078
mbe_596,CRIM. LAW,1991-Feb,train,"Smith joined a neighborhood gang. At a gang meeting, as part of the initiation process, the leader o",C,C,True,1,361,76,"C  
The gold passage states that ""longstanding Mississippi law holds that duress is not a legal defense to murder."" Since Smith killed Hardy, he cannot use the defense of duress to avoid liability for murder. Therefore, he should be found guilty of first-degree murder, as the act was intentional and premeditated, fulfilling the definition of first-degree murder in the jurisdiction.",,-12.500556945800781,-100.0,-0.0005572011577896774,-100.0,0.9999962733597642
mbe_599,CONST. LAW,1991-Feb,train,A federal law provides that all motor vehicle tires discarded in this country must be disposed of in,A,A,True,1,553,80,"A  
The gold passage emphasizes that states must comply with valid federal laws that regulate matters affecting interstate commerce. Since the federal law requires that all motor vehicle tires be disposed of in licensed facilities, East Dakota's unlicensed facility does not comply with this requirement, regardless of whether it meets most of the federal standards in practice. Therefore, the state cannot continue to dispose of its used tires in this manner.",,-0.49430331587791443,-5.619303226470947,-4.744303226470947,-100.0,0.980189917666927
mbe_600,REAL PROP.,1991-Feb,train,"Arnold and Beverly owned a large tract of land, Blackacre, in fee simple as joint tenants with right",A,D,False,1,461,113,"D  
The gold passage defines a tenancy in common but does not provide information about joint tenancies or the effects of severance. However, it implies that there are distinct titles and ownership interests among cotenants. Given that Arnold conveyed his interest to Alice and then reconveyed it back to himself, this could be interpreted as a breach of fiduciary duty to Beverly, as he did not inform her of the valuable coal deposits and acted without her knowledge. Therefore, Beverly should prevail based on the breach of fiduciary duty as Arnold's actions compromised the joint tenancy.",,-3.1479177474975586,-100.0,-100.0,-0.14791762828826904,0.9525741322079105
mbe_601,TORTS,1991-Feb,train,Dent operates a residential rehabilitation center for emotionally disturbed and ungovernable childre,D,D,True,1,566,139,"D  
The gold passage outlines that a parent (or custodian) can be held liable for a child's tortious acts under certain conditions, particularly if the parent fails to exercise control over the child when they know or should know that injury to another is possible. In this case, Dent had custody of Camden and was aware of Camden's absence but made no attempt to locate him or secure his return. Given that Camden committed a brutal assault shortly after leaving the center, it can be argued that Dent failed to exercise the necessary control over Camden, especially since he had reason to know that Camden's absence could lead to harm. Therefore, Pell could prevail against Dent based on this failure to control Camden.",,-100.0,-6.521287441253662,-4.021287441253662,-0.02128741145133972,0.9805660847806301
mbe_602,EVIDENCE,1991-Feb,train,"Deetz was prosecuted for homicide. He testified that he shot in self-defense. In rebuttal, Officer W",B,B,True,1,443,76,"B  
The offered testimony from Officer Watts serves both substantive and impeachment functions. It is admissible to impeach Deetz's claim of self-defense by providing an alternative explanation for the shooting, which is that it was accidental while cleaning the gun. This aligns with the principle that evidence can be used to discredit a witness and also provide substantive evidence regarding the circumstances of the incident.",,-100.0,-17.875123977661133,-100.0,-100.0,1.0
mbe_603,TORTS,1991-Feb,train,"Landco owns and operates a 12-story apartment building containing 72 apartments, 70 of which are ren",D,D,True,1,707,83,"D  
The passage indicates that a landlord is generally not liable for injuries caused by conditions on premises that are under the control of a tenant. Since Walker has not provided any evidence to suggest that Landco was negligent or that any of the exceptions to the lessor immunity apply, there is no reasonable inference that Landco was negligent in this case. Therefore, Walker's claim would not survive a motion for directed verdict.",,-100.0,-11.575993537902832,-0.8259931206703186,-0.5759931206703186,0.5621712224916559
mbe_604,REAL PROP.,1991-Feb,train,"At the time of his death last week, Test owned Blackacre, a small farm. By his duly probated will, d",B,A,False,1,454,150,"(A) Arthur for life, remainder to Casper.

The gold passage indicates that a life estate is created when the language of the will clearly expresses the grantor's intent to pass a right to possess, use, or enjoy property during the life of the grantee. In this case, Test devised Blackacre ""to Arthur for the life of Baker,"" which establishes a life estate for Arthur. However, since Baker has died before Test, the life estate is effectively void. The remainder to Casper is contingent upon the life estate being valid, but since it is not, Casper does not take title. Therefore, title to Blackacre remains with Arthur for the duration of the life estate, which is now effectively terminated, leaving no valid remainder to Casper. Thus",,-0.8269068598747253,-100.0,-8.32690715789795,-100.0,0.9994472215277262
mbe_605,CONTRACTS,1991-Feb,train,"If Tower refuses to accept Copter's services, which of the following clauses in the GyroTower contra",A,C,False,1,477,120,"C  
The gold passage discusses an exculpatory clause and an indemnification clause but does not provide any information about the delegability of duties under a contract. However, the ""time is of the essence"" clause implies that timely performance is critical to the contract, which suggests that the specific expertise and timing of Gyro's performance are essential to the agreement. This clause can support Tower's contention that Gyro's duties were not delegable without consent, as it emphasizes the importance of the original party's performance in a timely manner. The other clauses do not address the issue of delegation directly.",,-4.86832857131958,-5.24332857131958,-0.11832846701145172,-2.36832857131958,0.892859435110492
mbe_606,CONTRACTS,1991-Feb,train,"For this question only, assume that Tower orally agreed with Gyro to accept Copter's services and th",A,C,False,1,515,100,"C  
No, because by accepting the substitution of Copter for Gyro, Tower effected a novation, and Gyro was thereby discharged of his duties under the Gyro-Tower contract. The gold passage defines a novation as the substitution of one contract for another, which extinguishes the pre-existing obligation and releases those bound thereunder. Since Tower orally agreed to accept Copter's services, this indicates that a new agreement was formed, releasing Gyro from his obligations under the original contract.",,-20.250911712646484,-100.0,-18.500911712646484,-100.0,0.8519528019683106
mbe_607,REAL PROP.,1991-Feb,train,"Allen owned Greenacre in fee simple of record on January 10. On that day, Maria loaned Allen $50,000",C,A,False,1,485,95,"A  
The gold passage indicates that a purchaser is presumed to have made inquiries if they have knowledge of facts that could lead them to discover conflicting rights or titles. Since Barnes did not know about Maria's mortgage at the time of his purchase, he is considered a bona fide purchaser for value without notice. Therefore, he has priority over Maria's unrecorded mortgage, as he recorded his deed before she recorded her mortgage. Thus, the court should decide in favor of Barnes.",,-0.5842390060424805,-6.4592390060424805,-100.0,-6.3342390060424805,0.9940441101695223
mbe_609,EVIDENCE,1991-Feb,train,Park sued Dunlevy for copyright infringement for using in Dunlevy's book some slightly disguised hou,A,C,False,1,457,97,"C  
Park's testimony is inadmissible because it constitutes hearsay not within any exception. The statement made by Dunlevy's executive assistant is not a statement by a party opponent, as it does not directly involve Dunlevy himself making the statement. Additionally, the passage indicates that statements against interest require the declarant to be unavailable and to have personal knowledge, which does not apply here. Therefore, the testimony does not meet the criteria for admissibility outlined in the gold passage.",,-4.163601875305176,-100.0,-0.1636020988225937,-2.663602113723755,0.9087599218877587
mbe_610,CONST. LAW,1991-Feb,train,Congress enacted a statute providing grants of federal funds for the restoration and preservation of,A,A,True,1,706,107,"A  
The gold passage states that Congress can condition the receipt of federal funds upon compliance with federal statutory and administrative directives, as long as the conditions are related to the federal interest in the program and are unambiguous. Since the statute requires that any courthouse restored with federal funds must be equipped with ramps and facilities for handicapped people, the County Board of Red County would be bound to install these facilities if they accept the grant. This aligns with the principle that Congress may impose reasonable conditions related to public welfare on grants of federal funds.",,-0.061973731964826584,-100.0,-12.436973571777344,-100.0,0.999995777165879
mbe_611,CRIM. LAW,1991-Feb,train,Arnold decided to destroy an old warehouse that he owned because the taxes on the structure exceeded,D,C,False,1,492,69,"C  
Arnold's belief that burning his own building constituted arson negates the necessary mental state for the crime. Since he thought he was committing arson by burning his own property, he lacked the intent required for the crime as defined in the jurisdiction. Therefore, his mistake regarding the law prevents him from being guilty of attempted arson.",,-5.710366249084473,-100.0,-0.21036632359027863,-1.7103663682937622,0.8148518669691941
mbe_612,CONST. LAW,1991-Feb,train,"""Look-alike drugs"" is the term used to describe nonprescription drugs that look like narcotic drugs ",B,B,True,1,451,85,"B  
The gold passage indicates that Congress has the authority to regulate activities that, while local, have a substantial effect on interstate commerce. The statute in question regulates the manufacture, distribution, and sale of nonprescription drugs, which can be seen as part of an economic class of activities that affect interstate commerce. Therefore, the commerce clause is the most appropriate source of constitutional authority to justify Congress's enactment of this statute.",,-100.0,-16.750553131103516,-100.0,-100.0,1.0
mbe_613,CONST. LAW,1991-Feb,train,"After several well-publicized deaths caused by fires in products made from highly flammable fabrics,",D,B,False,1,507,108,"(B) constitutional, because it is a legitimate means of protecting the safety of the public.

The gold passage indicates that a statute can be upheld if it regulates even-handedly to effectuate a legitimate local public interest, and if its effects on interstate commerce are only incidental. The statute in question aims to protect public safety by ensuring that only fabrics tested and approved for flame retardancy are used in products manufactured in Orange. This aligns with the legitimate local public interest of protecting the safety of the public, thus supporting the constitutionality of the statute.",,-100.0,-1.2421880960464478,-100.0,-2.492187976837158,0.7772998405389918
mbe_615,EVIDENCE,1991-Feb,train,"Decker, charged with armed robbery of a store, denied that he was the person who had robbed the stor",D,D,True,1,688,121,"D  
The evidence of Decker's past robberies is likely inadmissible because its probative value may be substantially outweighed by the danger of unfair prejudice. According to Rule 403, even if evidence is relevant, it can be excluded if it risks unfairly prejudicing the jury. The passage emphasizes the need to evaluate the probative value in the context of the case, suggesting that evidence that could arouse sympathy or prejudice should be excluded if not necessary to substantiate material facts. Thus, the introduction of evidence regarding Decker's prior robberies could unfairly influence the jury against him.",,-100.0,-10.125648498535156,-10.000648498535156,-0.0006482214666903019,0.9999145421002011
mbe_619,REAL PROP.,1991-Feb,train,"Mom owned Blackacre, a two-family apartment house on a small city lot not suitable for partition-in-",D,D,True,1,664,111,"D  
The gold passage discusses the principles surrounding partition actions and the burden of proof required to show that partition in-kind is impractical or unfair. Since Joe and John are co-owners of Blackacre and the court ordered a partition by judicial sale, Ken's judgment, which is a lien against Joe, will only attach to Joe's interest in the property. Therefore, after the sale, Ken's judgment will only be a lien on the portion of the proceeds of sale due to Joe, not on all of Blackacre or any interest belonging to John.",,-100.0,-6.669895648956299,-5.794895648956299,-0.04489554837346077,0.9955106840690717
mbe_620,CRIM. LAW,1991-Feb,train,"Suspecting that Scott had slain his wife, police detectives persuaded one of Scott's employees to re",C,C,True,1,703,91,"C  
The motion to suppress the evidence of the fingerprint comparisons should be denied because motions based on the exclusionary rule are considered premature in grand jury proceedings. The gold passage emphasizes that the grand jury's investigative and accusatorial functions should not be impeded by evidentiary and procedural restrictions that apply in criminal trials. Allowing such motions would disrupt the grand jury's proceedings and transform them into preliminary trials, which is contrary to the grand jury's purpose.",,-100.0,-100.0,-19.875,-23.625,0.9770226300899744
mbe_624,REAL PROP.,1991-Feb,train,"Adam entered into a valid written contract to sell Blackacre, a large tract of land, to Betsy. At th",C,C,True,1,467,97,"C  
Judgment for specific performance should be awarded to Betsy because Adam acquired title to Blackacre prior to the scheduled closing. The gold passage indicates that specific performance is routinely enforced in contracts for the purchase of real estate, particularly because the legal remedy of money damages is considered inadequate for unique parcels of land. Since Adam became the sole heir and thus acquired title after the contract was executed, he is now in a position to fulfill the contract with Betsy, making specific performance appropriate.",,-100.0,-100.0,-19.875001907348633,-18.375001907348633,0.18242552380635632
mbe_625,TORTS,1991-Feb,train,Dayton operates a collection agency. He was trying to collect a $400 bill for medical services rende,A,C,False,1,991,104,"C  
No, unless Pratt suffered physical harm as a result of Dayton's conduct. The gold passage indicates that for a claim of intentional infliction of emotional distress to succeed, the plaintiff must demonstrate that the defendant's conduct was ""so outrageous that it is not tolerated by civilized society."" It also states that liability has been found only where the conduct has been extreme and outrageous, and does not extend to mere insults or threats. Therefore, without evidence of physical harm or extreme and outrageous conduct, Pratt is unlikely to prevail.",,-1.3650346994400024,-2.865034580230713,-0.6150346994400024,-2.615034580230713,0.5837367136607367
mbe_626,CONST. LAW,1991-Feb,train,"Public schools in the state of Green are financed, in large part, by revenue derived from real estat",C,C,True,1,646,100,"C  
The gold passage states that wealth is not a suspect classification for purposes of the Equal Protection Clause. This implies that the court should not apply a heightened scrutiny standard, such as requiring the state to demonstrate a compelling interest. Since the plaintiffs do not allege a violation of a fundamental right or a suspect classification, the appropriate standard for review is rational basis review. Therefore, the plaintiffs must demonstrate that the funding allocation formula bears no rational relationship to any legitimate state interest, which aligns with option C.",,-17.264163970947266,-100.0,-0.014163747429847717,-100.0,0.9999999677581409
mbe_627,TORTS,1991-Feb,train,"A car driven by Dan entered land owned by and in the possession of Peter, without Peter's permission",A,C,False,1,327,86,"C

The gold passage indicates that liability for trespass can arise from intentional actions (as in allegation I) or from negligence (as in allegation II). Additionally, while allegation III does not directly address the basis for a claim, it implies damage resulting from the trespass, which can support a claim. Therefore, all three allegations (I, II, and III) provide a sufficient basis for a claim by Peter against Dan.",,-6.6645684242248535,-100.0,-0.1645684689283371,-100.0,0.9984988176762557
mbe_628,CRIM. LAW,1991-Feb,train,In which of the following cases is Morrow most likely to be convicted if she is charged with receivi,B,C,False,1,593,144,"C  
Morrow is most likely to be convicted if she is charged with receiving stolen property in case (C). In this scenario, Morrow was informed by Cooper that the car was stolen, and Cooper had indeed stolen the car and was cooperating with the police. The key factor here is that Morrow was aware of the theft before the purchase, which indicates that she did not demonstrate reluctance to engage in the transaction. The passage emphasizes that the most important factor in determining predisposition is whether the defendant demonstrated reluctance that was overcome by governmental inducement. Since Morrow was informed of the car's stolen status and proceeded with the purchase, it suggests she was not reluctant, making her more likely to be convicted.",,-4.773770809173584,-4.523770809173584,-0.02377074398100376,-6.023770809173584,0.9782443901651008
mbe_633,REAL PROP.,1991-Feb,train,"Leaseco owned Blackacre, a tract of 100 acres. Six years ago, Leaseco leased a one-acre parcel, Onea",B,B,True,1,623,108,"B  
Leaseco is likely to prevail because the conveyance of Oneacre to Jones did not terminate Eatco's covenant to contribute to the off-site improvement costs. The passage indicates that covenants may be terminated under certain conditions, but it does not suggest that the mere conveyance of property automatically terminates existing obligations unless there is a radical change that destroys the essential objects and purposes of the agreement. Since there is no indication in the passage that such a change occurred, Eatco remains obligated to fulfill its covenant despite the change in ownership.",,-10.001677513122559,-0.001677794847637415,-7.251677989959717,-100.0,0.9992449962685035
mbe_634,TORTS,1991-Feb,train,"While Patty was riding her horse on what she thought was a public path, the owner of a house next to",B,B,True,1,687,106,"B  
The gold passage indicates that a person aggrieved by a trespass may repel the intruder with reasonable force, but it also emphasizes that the use of unreasonable force is not justified. In this case, the property owner struck Patty's horse with a stick, which could be seen as an unreasonable use of force against her property (the horse) and could also create a reasonable fear of imminent harm to Patty herself, thus constituting assault. Therefore, Patty has a valid claim for battery and assault against the property owner.",,-3.967372179031372,-0.2173721194267273,-2.092372179031372,-100.0,0.8497095719578674
mbe_635,REAL PROP.,1991-Feb,train,"Five years ago, Sally acquired Blackacre, improved with a 15-year-old dwelling. This year Sally list",B,B,True,1,486,75,"B  
The gold passage states that when a buyer agrees to purchase property ""as is,"" she acknowledges that she is the sole cause of any damage that may result from unknown defects in the property. This indicates that the ""as is"" provision in the contract controls the rights of the parties, meaning that Sally would not be liable for the defects that Paul discovered after the sale.",,-100.0,-19.75,-100.0,-100.0,1.0
mbe_636,CRIM. LAW,1991-Feb,train,In which of the following situations would a court applying common-law doctrine be most likely to co,A,A,True,1,418,92,"A  
The gold passage states that generally, a mistake of law is not a defense. In situation (A), Defendant believed the statutory period for presuming a person dead was three years instead of five. This is a mistake of law regarding the statute governing the presumption of death, which would not absolve him of the charge of bigamy. Therefore, a court applying common-law doctrine would be most likely to convict Defendant in this situation despite his mistake.",,-0.043721750378608704,-5.668721675872803,-3.5437216758728027,-100.0,0.967301392970004
mbe_637,CONTRACTS,1991-Feb,train,"Assuming that there is no controlling statute, is the April 1 agreement an effective defense for Spe",A,C,False,1,627,100,"C  
No, because there was no consideration for Midas's promise not to sue, in that Spender was already obligated to pay $1,000 plus interest at 8% until the payment date. The gold passage defines consideration as something that is sought by the promisor in exchange for a promise and given by the promisee in exchange for that promise. Since Spender was already legally obligated to pay the amount due, Midas's promise not to sue did not provide any new consideration.",,-18.00007438659668,-100.0,-19.37507438659668,-100.0,0.20181322226037882
mbe_638,CONTRACTS,1991-Feb,train,"For this question only, assume that on January 2 of the following year Midas's suit has not come to ",D,D,True,1,1083,99,"D  
Spender's April 1 promise was conditioned upon Midas's forbearance to sue prior to December 31. According to the gold passage, a condition precedent is something that must happen or be performed before a right can accrue to enforce the main contract. Since Midas filed suit before the condition (forbearance to sue) was fulfilled, the promise made by Spender cannot be enforced. Therefore, the new count does not state a claim upon which relief can be granted.",,-100.0,-100.0,-3.7745754718780518,-0.024575525894761086,0.9770226288773312
mbe_639,CONST. LAW,1991-Feb,train,Which of the following acts by the United States Senate would be constitutionally IMPROPER?,C,C,True,1,316,78,"C  
The Senate appointing a commission to adjudicate finally a boundary dispute between two states would be constitutionally improper because, under 28 U.S.C. § 1251, the Supreme Court has ""original and exclusive"" jurisdiction to resolve controversies between states. This means that such disputes cannot be settled by the Senate or any other body, but must be addressed by the Supreme Court.",,-18.500911712646484,-100.0,-18.250911712646484,-100.0,0.5621765008857981
mbe_641,CONTRACTS,1991-Feb,train,"Pater and his adult daughter, Carmen, encountered Tertius, an old family friend, on the street. Carm",C,A,False,1,414,86,"A  
The gold passage states that a gift is conditional if it is conditioned upon the performance of some act by the donee or the occurrence of an event in the future. Pater's promise to Tertius was conditional upon Carmen's performance of repaying the loan. Since Pater received no consideration for his promise to pay if Carmen did not, this supports his best defense that he is not bound to repay the loan.",,-0.08872929215431213,-4.838729381561279,-6.588729381561279,-100.0,0.9899469565104403
mbe_643,EVIDENCE,1991-Feb,train,"In litigation on a federal claim, Plaintiff had the burden of proving that Defendant received a noti",B,B,True,1,461,102,"B  
The gold passage indicates that a claimant can rebut the presumption of receipt by making a ""reasonable showing to the contrary."" In this case, Defendant's testimony that she never received the notice serves as a reasonable showing to rebut the presumption. Therefore, the jury may find that the notice was received based on Plaintiff's evidence, but they are not required to do so, as Defendant has provided evidence of nonreceipt. Thus, the correct answer is that the jury may find that the notice was received.",,-8.17460823059082,-0.049608275294303894,-100.0,-100.0,0.9997040428732604
mbe_644,EVIDENCE,1991-Feb,train,"In a medical malpractice suit by Payne against Dr. Dock, Payne seeks to introduce a properly authent",A,D,False,1,443,110,"D  
The document is inadmissible because it is hearsay within hearsay. The notation made by the medical resident lacks personal knowledge of the operation and is based on information received from an unknown operating physician. Since the resident did not have direct knowledge of the event and cannot identify the source of the information, the statement is considered hearsay. Additionally, the resident's notation does not meet the requirements of W. Va. R. Evid. 803(6) because it was not made by a person with knowledge of the matters set forth.",,-10.875983238220215,-100.0,-10.375983238220215,-0.0009831507923081517,0.9999498741257141
mbe_645,EVIDENCE,1991-Feb,train,Parr sued Davis for damages for physical injuries allegedly caused by Davis's violation of the feder,D,A,False,1,472,107,"(A) 

The gold passage emphasizes the importance of the physician-patient privilege, stating that it is an absolute bar against unauthorized disclosure of patient medical records, including those of nonparty patients. Since the case is being tried in federal court but involves a state law privilege that is preserved intact in Chippewa, the court should apply state law and recognize the claim of privilege. This aligns with the passage's focus on protecting the interests of nonparty patients, which supports Parr's objection to the disclosure of confidential statements made to Dr. Webb.",,-2.2093236446380615,-100.0,-3.9593236446380615,-100.0,0.8519528019683106
mbe_646,CRIM. LAW,1991-Feb,train,"Kathy, a two-year-old, became ill with meningitis. Jim and Joan, her parents, were members of a grou",A,A,True,1,708,84,"A  
The gold passage emphasizes the importance of malice aforethought in determining murder. Since Jim and Joan did not intend to kill or harm Kathy, their best defense would be that they lacked the requisite mental state for murder, which is the intent to kill or to do serious bodily injury. This aligns with the understanding that murder requires a specific mental element, and their lack of intent is a strong defense against the charge.",,-0.13314209878444672,-4.633141994476318,-3.8831419944763184,-100.0,0.966532137179162
mbe_647,EVIDENCE,1991-Feb,train,"In a prosecution of Dahle for assault, Wharton is called to testify that the victim, Valerian, had c",C,C,True,1,456,108,"C  
Wharton's testimony is most likely to be admitted if he is Valerian's husband, whom she telephoned immediately after the event. The gold passage discusses the adverse spousal testimony privilege, which allows a spouse to testify against the other spouse. Since the privilege rests with the testifying spouse, Valerian could waive any privilege that might apply, allowing Wharton to testify about her complaint regarding Dahle. The other options do not provide the same context for admissibility as they involve individuals who are not Valerian's spouse.",,-6.5057783126831055,-100.0,-0.005778408143669367,-6.6307783126831055,0.997177767643981
mbe_648,CONTRACTS,1991-Feb,train,"On January 15, Geetus is entitled to a judgment against Bower for which of the following amounts?",B,C,False,1,625,111,"C  
According to the gold passage, a material breach of contract is defined as a non-performance of a duty that is so significant that it justifies the injured party in considering the entire transaction as ended. Bower's failure to pay three installments constitutes a material breach, as it indicates a significant non-performance of her duty to repay the loan. Therefore, Geetus is entitled to a judgment against Bower for the total amount of the loan plus accrued interest, as her unexcused failure to make the payments justifies treating the entire obligation as breached.",,-100.0,-100.0,-0.0017363476799800992,-7.501736164093018,0.9994472212616494
mbe_649,CONTRACTS,1991-Feb,train,"For this question only, assume that Bower's entire $1,000 debt is due and that she has failed to rep",D,D,True,1,555,95,"D  
The gold passage states that to prove the existence of a contract, plaintiffs must establish four elements, including ""a sufficient cause or consideration."" However, the passage does not provide any information regarding the timing of the offer's acceptance or the implications of Cash's death on the enforceability of his promise. Therefore, none of the defenses listed (I, II, or III) are supported by the passage, making the correct answer D: Neither I nor II nor III.",,-4.760143280029297,-7.010143280029297,-7.385143280029297,-0.010143226943910122,0.9899124914458051
mbe_651,CONST. LAW,1991-Feb,train,The Federal Family Film Enhancement Act assesses an excise tax of 10% on the price of admission to p,D,D,True,1,776,117,"D  
The strongest argument against the constitutionality of the Federal Family Film Enhancement Act is that it imposes a tax solely on the basis of the content of speech without adequate justification, which is prohibited by the freedom of speech clause of the First Amendment. The gold passage emphasizes that for the state to enforce a content-based exclusion, it must show that its regulation serves a compelling state interest and is narrowly drawn to achieve that end. The act's tax on admission to films with sexual content appears to be a content-based regulation that lacks the necessary justification, making option D the most compelling argument.",,-100.0,-100.0,-100.0,-0.005234002135694027,1.0
mbe_654,TORTS,1991-Feb,train,"As a result of an accident at the NPP nuclear power plant, a quantity of radioactive vapor escaped f",D,B,False,1,511,92,"B

The gold passage discusses the complexities surrounding the accrual of a cause of action in cases involving long-latency diseases, emphasizing the challenges in determining when a legal injury occurs due to the lengthy latency period associated with such diseases. However, it does not address the issue of proving the amount of damages. Therefore, the question of whether the plaintiffs can prove the amount of their damages does not present a substantial issue based on the information provided in the passage.",,-3.214620590209961,-0.9646206498146057,-0.9646206498146057,-1.714620590209961,0.38793283526591593
mbe_655,CONST. LAW,1991-Feb,train,A city ordinance makes the city building inspector responsible for ensuring that all buildings in th,A,C,False,1,659,119,"C  
The statements made by the building inspector were lawful comments on a matter of public concern, as they pertain to the conditions of buildings and the treatment of their occupants. According to the gold passage, if the employee spoke as a citizen on a matter of public concern, then a First Amendment claim arises. The city council's action in discharging the building inspector does not appear to have an adequate justification based on the content of his speech, which reflects his views on a public issue rather than a failure to perform his job duties. Therefore, the action of the city council is not constitutional.",,-6.765715599060059,-100.0,-0.01571582444012165,-100.0,0.9988304894716684
mbe_657,EVIDENCE,1991-Feb,train,Pitt sued Dill for damages for back injuries received in a car wreck. Dill disputed the damages and ,B,B,True,1,365,89,"B  
The best ground for objecting to the hypothetical question posed to Dr. Webb is that it omitted a clearly significant fact, specifically the childhood horseback riding accident. The gold passage indicates that lay witness testimony must be based on personal perceptions and that hypothetical questions should include all relevant facts to ensure accurate and informed responses. By omitting a significant fact, the hypothetical question may lead to an incomplete or misleading conclusion regarding the cause of Pitt's disability.",,-8.260321617126465,-0.010321768000721931,-100.0,-5.010321617126465,0.9930494417806616
mbe_658,EVIDENCE,1991-Feb,train,"Daggett was prosecuted for murder of Vales, whose body was found one morning in the street near Dagg",B,B,True,1,445,98,"B  
Witt's testimony is admissible as a report of an excited utterance. The gold passage defines an excited utterance as a statement made while the declarant is under the stress of excitement caused by a startling event. In this case, the statement ""You killed him! You killed him!"" was made in response to a startling event (the murder), and it relates directly to that event. Therefore, it meets the criteria for an excited utterance as outlined in the passage.",,-12.288064956665039,-0.03806455805897713,-100.0,-100.0,0.9999952149074125
mbe_659,REAL PROP.,1991-Feb,train,"Orin owned in fee simple Blueacre, a farm of 300 acres. He died and by will duly admitted to probate",D,D,True,1,781,104,"D  
The gold passage indicates that the mortgagor is responsible for making mortgage payments, but it also notes that a mortgage can be a non-recourse in rem mortgage, meaning the mortgagor has no personal liability for the debt. Therefore, Clara cannot be held personally liable for any amounts due on the mortgage. However, if the mortgage installments are not paid, her share in the remainder could be at risk, as the property could be foreclosed upon. Thus, option D is the correct choice.",,-7.251781940460205,-100.0,-100.0,-0.0017821642104536295,0.9992903294422232
mbe_660,CONTRACTS,1991-Feb,train,The trial court will probably rule that the evidence proffered by Bill's is,D,D,True,1,605,84,"D  
The trial court will probably rule that the evidence proffered by Bill's is admissible because the gold passage indicates that when a contract's language is ambiguous, the parties' course of performance is highly relevant to interpreting the contract. Since Bill's has a history of returning undefective radios for credit, which Tune accepted without objection, this course of performance is significant in understanding the parties' intentions regarding the agreement.",,-18.375431060791016,-100.0,-100.0,-0.0004306692280806601,0.9999999895326025
mbe_661,CONTRACTS,1991-Feb,train,"For this question only, assume the following facts. When Bill's returned the 25 radios in question, ",B,D,False,1,866,110,"D  
The gold passage discusses the concept of lack of consideration and the presumption of consideration in the existence of a written contract. However, it does not directly address the specific scenario of a good-faith dispute suspending the duty to pay. Given that the passage emphasizes the burden of proof regarding lack of consideration, it suggests that if there is a good-faith dispute over the return of the radios, it could potentially suspend any obligation to pay until the dispute is resolved. Therefore, option D is the best defense for Bill's in this context.",,-1.1581242084503174,-100.0,-100.0,-0.4081242084503174,0.679178699175393
mbe_662,TORTS,1991-Feb,train,Plaintiff was a passenger in a car that was struck in the rear by a car driven by First. The collisi,A,A,True,1,653,88,"A  
The gold passage states that under the theory of joint and several liability, each tortfeasor is liable for the entire injury, regardless of proportional fault. This supports the argument that the wrongdoers (the defendants) should bear the burden of the impossibility of apportionment, as they are responsible for the entire harm caused to the Plaintiff. Therefore, option A is the best argument in opposition to the defendants' motions.",,-18.875709533691406,-100.0,-100.0,-100.0,1.0
mbe_663,EVIDENCE,1991-Feb,train,"Darby was prosecuted for sexually abusing his 13-year-old stepdaughter, Wendy. Wendy testified to Da",A,C,False,1,432,78,"C  
The question is improper because it falls outside the scope of direct examination. According to the gold passage, it is not error for a trial court to refuse to permit a cross-examiner to go beyond the scope of the direct examination. The incident mentioned in the question does not relate to Wendy's truthfulness or the specific allegations of abuse, making it irrelevant to the direct examination.",,-9.141209602355957,-100.0,-0.016209973022341728,-4.266210079193115,0.9858305187500258
mbe_664,CRIM. LAW,1991-Feb,train,"David entered the county museum at a time when it was open to the public, intending to steal a Picas",C,B,False,1,415,117,"B

David entered the museum with the intent to commit a crime (theft), which satisfies the definition of burglary. However, he did not successfully commit larceny because the item he took was not the original etching but a photocopy, which he had no intent to permanently deprive the owner of, as he believed it was a valuable item. Since he intended to take something he thought was valuable but was not, this constitutes attempted larceny rather than completed larceny. Therefore, the correct answer is that David is guilty of burglary and attempted larceny.",,-100.0,-0.17092593014240265,-5.295926094055176,-1.9209259748458862,0.8476586572251649
mbe_665,CONST. LAW,1991-Feb,train,Insurance is provided in the state of Shoshone only by private companies. Although the state insuran,C,C,True,1,513,71,"C  
The Equal Protection Clause of the Fourteenth Amendment protects citizens from conduct by the government, not from conduct by private actors. Since the insurance company is a private entity and not a government actor, Foster's claim that the differential in insurance rates unconstitutionally denies her equal protection of the laws is not applicable. Therefore, her suit will not succeed.",,-100.0,-100.0,-0.00013333676906768233,-9.500133514404297,0.9999251537857837
mbe_666,CRIM. LAW,1991-Feb,train,"If charged with murder of Chip, Jack should be found",A,C,False,1,497,90,"C  
Jack should be found not guilty because he did not intend for Chip to be shot by the security guard. The gold passage indicates that transferred intent applies when a defendant intends to kill one person but accidentally kills another. In this case, Jack did not have the intent to kill Chip; he merely incited Chip to act violently. Therefore, Jack's actions do not meet the criteria for transferred intent or extreme recklessness as defined in the passage.",,-2.133028745651245,-100.0,-1.2580287456512451,-100.0,0.7057850278370112
mbe_667,CRIM. LAW,1991-Feb,train,"If charged with attempted murder of Morgan, Jack should be found",A,C,False,1,602,90,"C  
The gold passage discusses the doctrine of transferred intent, which applies when a defendant intends to kill one person but accidentally kills another. In this case, Jack did not directly attempt to kill Morgan, and there is no indication that Morgan was in imminent danger of being killed by Chip at the time of the incident. Therefore, Jack should not be found guilty of attempted murder, as the necessary elements of intent and imminent danger to Morgan are not present.",,-2.446413040161133,-100.0,-0.1964130997657776,-100.0,0.9046505299595163
mbe_668,CONST. LAW,1991-Feb,train,"The National AIDS Prevention and Control Act is a new, comprehensive federal statute that was enacte",D,D,True,1,488,112,"D  
The provision requiring all legal challenges concerning the National AIDS Prevention and Control Act to be filed directly in the United States Supreme Court is unconstitutional because it is inconsistent with the specification in Article III of the Constitution regarding the original jurisdiction of the Supreme Court. Article III, Section 1 clearly delineates the types of cases in which the Supreme Court has original jurisdiction, and all other cases fall under its appellate jurisdiction. By mandating that challenges to this statute be filed only in the Supreme Court, it improperly expands the original jurisdiction beyond what is specified in the Constitution.",,-100.0,-0.8464615345001221,-4.096461296081543,-0.5964615345001221,0.5527921556484217
mbe_671,CONTRACTS,1991-Feb,train,"For this question only, assume the following facts. If Paul had started to paint on the following Sa",A,D,False,1,750,127,"D  
The gold passage indicates that when unforeseen and substantial difficulties arise in the performance of a contract, and the other party promises additional compensation to complete the contract, that promise is supported by valid consideration. In this case, Paul's inability to complete the painting alone due to underestimating the time required constitutes an unforeseen difficulty. Alice's agreement to pay ""whatever it takes"" to ensure the work is completed can be seen as a new or modified contract, which is valid under the circumstances described. Therefore, Paul is likely to recover the $1,200 he demands, as the original contract was effectively discharged and replaced by the new agreement.",,-100.0,-100.0,-1.67935049533844,-0.6793504953384399,0.7310585786300049
mbe_672,CONTRACTS,1991-Feb,train,"For this question only, assume the following facts. Paul commenced work on Saturday morning, and had",B,A,False,1,559,105,"A  
Both parties' contractual duties are discharged, and Paul can recover nothing from Alice. The gold passage indicates that a quasi-contract is an obligation created by law without regard to the intention of the parties, and it is designed to restore the aggrieved party to their former position. Since the fire destroyed the office building without fault from either party, it implies that the contract is impossible to perform, thus discharging both parties from their obligations. Therefore, Paul cannot recover anything from Alice under the contract or quasi-contract principles.",,-0.13344590365886688,-2.883445978164673,-4.133445739746094,-100.0,0.9240064750112418
mbe_673,CONST. LAW,1991-Feb,train,The state of Erehwon has a statute providing that an unsuccessful candidate in a primary election fo,C,C,True,1,543,78,"C  
The gold passage indicates that regulations imposing severe burdens on plaintiffs' rights are subject to strict scrutiny, which requires the state to demonstrate that the regulation is narrowly tailored to serve a compelling state interest. Therefore, in Sabel's suit challenging the constitutionality of the Erehwon statute, the proper burden of persuasion lies with the state to prove that the statute meets this strict scrutiny standard.",,-6.276273250579834,-100.0,-0.026273127645254135,-100.0,0.9980732655730784
mbe_674,REAL PROP.,1991-Feb,train,Rohan executed and delivered a promissory note and a mortgage securing the note to Acme Mortgage Com,B,B,True,1,537,101,"B  
The gold passage states that the legal owner of a promissory note may maintain a cause of action even if actual or beneficial ownership lies with another. Since XYZ Bank was the last recorded assignee of the note and mortgage from Acme, it retains legal ownership. Peterson, despite having paid value and recorded his assignment, does not have legal ownership because he was not aware of the prior assignment to XYZ Bank. Therefore, the court should hold that XYZ Bank owns both the note and the mortgage.",,-3.6120524406433105,-0.11205250024795532,-100.0,-100.0,0.9706877675527112
mbe_677,EVIDENCE,1991-Feb,train,"Paul sued Dyer for personal injuries sustained when Dyer's car hit Paul, a pedestrian. Immediately a",C,A,False,1,320,41,"A  
Paul's testimony concerning Dyer's statement is admissible because it constitutes an admission of liability by a party opponent, which is an exception to the hearsay rule as stated in the gold passage.",,-0.018274372443556786,-100.0,-9.018274307250977,-100.0,0.9998766054159703
mbe_679,CONTRACTS,1991-Feb,train,"Seisin and Vendee, standing on Greenacre, orally agreed to its sale and purchase for $5,000, and ora",A,A,True,1,522,92,"A  
The gold passage discusses clerical errors, which are mistakes made in writing or keeping records that do not involve judicial reasoning or determination. In option (A), the agreement was later reduced to writing and included two acres that were not part of the original oral agreement due to a clerical mistake. This situation aligns with the concept of reformation for correcting a clerical error, making option (A) the most appropriate choice for the remedy of reformation.",,-0.00016313401283696294,-12.375163078308105,-14.875163078308105,-100.0,0.9999954305366073
mbe_680,TORTS,1991-Feb,train,Airco operates an aircraft maintenance and repair business serving the needs of owners of private ai,A,B,False,1,557,98,"B  
Flyer will recover no compensation because Airco was not negligent. The gold passage indicates that a product is considered defective if it is ""not reasonably safe"" or ""unreasonably dangerous."" However, in this case, Airco was guilty of no negligence in the procurement, inspection, or installation of the engine, and the defect was not discoverable through available inspection and testing procedures. Therefore, since Airco did not act negligently, Flyer cannot recover compensation from Airco.",,-5.280407428741455,-0.03040752187371254,-100.0,-100.0,0.9947798738228173
mbe_681,CONST. LAW,1991-Feb,train,"To encourage the growth of its population, the state of Axbridge established a program that awarded ",C,C,True,1,781,95,"C  
The exclusion of aliens from the Axbridge award program is unconstitutional because classifications based on alienage are subject to strict scrutiny, as stated in the gold passage. The court must carefully examine the governmental interest claimed to justify the discrimination and determine whether that interest is legitimate and substantial, as well as whether the means adopted to achieve the goal are necessary and precisely drawn. Since Axbridge cannot demonstrate that the classification is necessary to advance a compelling state interest, the exclusion cannot stand.",,-100.0,-100.0,-19.125553131103516,-100.0,1.0
mbe_682,TORTS,1991-Feb,train,"While driving at a speed in excess of the statutory limit, Dant negligently collided with another ca",C,C,True,1,566,114,"C  
No, because a jury could find that Page's injury arose from a risk that was a continuing consequence of Dant's negligence. The gold passage indicates that proximate cause requires the act or omission to be a substantial factor in causing the injury. Dant's negligent driving led to the initial collision, which created a hazardous condition on the highway. Page's injury from the subsequent collision with Thomas could be seen as a foreseeable consequence of Dant's negligence, thus allowing a jury to find that Dant's actions were a substantial factor in causing Page's injuries.",,-100.0,-100.0,-19.750001907348633,-14.250001907348633,0.004070137715896127
mbe_683,REAL PROP.,1991-Feb,train,"Olin owned Blueacre, a valuable tract of land located in York County. Olin executed a document in th",A,D,False,1,593,92,"D  
The gold passage indicates that a deed is prima facie valid until rebutted, which supports the idea that the recorded deed establishes delivery of the property. In this case, the deed was properly executed and recorded, which would typically create a presumption of validity and delivery. Therefore, the defendants (the Protestant churches) would have a valid claim based on the recorded deed, and Plum would need to rebut that presumption to succeed in quieting title.",,-2.9395155906677246,-100.0,-1.3145155906677246,-0.6895155906677246,0.6095105640049248
mbe_684,CONST. LAW,1991-Feb,train,Old City police officers shot and killed Jones's friend as he attempted to escape arrest for an arme,C,C,True,1,391,102,"C  
The gold passage indicates that federal courts can only adjudicate the constitutionality of a statute when there is an actual controversy involving the legal rights of litigants. In this case, Jones is seeking a declaration regarding the constitutionality of the state statute without a direct legal right being affected in a traditional sense, as he is not a party to the criminal act nor is he claiming a personal injury from the statute itself. Therefore, the court should dismiss the action because it does not present a case or controversy.",,-100.0,-6.259371757507324,-0.009371870197355747,-8.259371757507324,0.9978130801599996
mbe_686,TORTS,1991-Feb,train,"Pocket, a bank vice president, took substantial kickbacks to approve certain loans that later proved",B,D,False,1,450,96,"D  
Dudd threatened Pocket with a harmful or offensive bodily contact by stating that he would have the guards throw Pocket out bodily if he did not leave within ten minutes. This constitutes a threat to touch Pocket in a harmful manner. Additionally, it could reasonably appear to Pocket that Dudd was about to carry out this threat, especially given the context of being fired and the urgency of the situation. Therefore, Pocket could prevail on his claim of assault based on Dudd's conduct.",,-10.014263153076172,-4.264263153076172,-100.0,-0.014263052493333817,0.9858922443971992
mbe_687,CONST. LAW,1991-Feb,train,"Lee contracted with Mover, an interstate carrier, to ship household goods from the state of Green to",A,A,True,1,663,89,"A  
The federal statute governing the liability of interstate carriers is the supreme law of the land and preempts state tort law. Since the statute allows Mover to limit its liability through a contract, and Lee voluntarily signed a contract that limited Mover's liability, the court should dismiss the case. There is no conflict between the federal statute and state law in this scenario, as the federal law explicitly governs the contractual relationship and liability of interstate movers.",,-0.0001234428636962548,-19.000123977661133,-100.0,-100.0,0.9999999943972067
mbe_688,CRIM. LAW,1991-Feb,train,John asked Doris to spend a weekend with him at his apartment and promised her they would get marrie,D,A,False,1,374,92,"(A) 

John is guilty of kidnapping because he abducted Doris by holding her against her will in his apartment without lawful authority. The elements of kidnapping are satisfied: he illegally held her (she was at his apartment), there was an overmastering of her will (she was unaware of his intentions and was not free to leave), and there was asportation (she was taken to his apartment). Therefore, the correct answer is (A) kidnapping.",,-1.9642201662063599,-100.0,-1.8392201662063599,-100.0,0.46879062662624377
mbe_689,CONST. LAW,1991-Feb,train,Metro City operates a cemetery pursuant to a city ordinance. The ordinance requires the operation of,B,B,True,1,625,98,"B  
The suit is likely to be unsuccessful because the ordinance has a secular legislative purpose, as it is designed to operate a city cemetery and provide for its maintenance. The primary effect of allowing religious memorials does not advance or inhibit religion, as it is a matter of personal choice for the lot owners. Additionally, the ordinance does not foster excessive government entanglement with religion, as the city’s involvement is limited to maintenance and does not extend to the religious aspects of the memorials.",,-100.0,-17.500911712646484,-100.0,-100.0,1.0
mbe_690,EVIDENCE,1991-Feb,train,"In a civil action for personal injury, Payne alleges that he was beaten up by Dabney during an alter",B,B,True,1,343,84,"B  
The notation ""Patient says he was attacked by Dabney"" is an assertion made out of court and is being offered to prove the truth of the matter asserted (that Dabney attacked Payne). According to the gold passage, this qualifies as hearsay. Since the passage does not provide any exceptions to hearsay that would apply to this situation, the notation is inadmissible as hearsay not within any exception.",,-12.125439643859863,-0.00043925188947468996,-12.875439643859863,-100.0,0.999992016529724
mbe_691,EVIDENCE,1991-Feb,train,Dexter was tried for the homicide of a girl whose strangled body was found beside a remote logging r,A,C,False,1,410,96,"C  
The evidence is inadmissible because it constitutes improper character evidence. The gold passage emphasizes that a witness can only be contradicted on matters that are germane to the issue being tried, and it suggests that introducing evidence of prior bad acts, such as Dexter's alleged attempt to strangle Wilma, would divert the jury's attention from weighing the evidence impartially. This aligns with the principle that character evidence is generally not admissible to prove conduct on a particular occasion.",,-5.022151470184326,-5.147151470184326,-0.14715124666690826,-2.147151231765747,0.8697858228648183
mbe_693,REAL PROP.,1991-Feb,train,"Blackacre was a tract of 100 acres retained by Byron, the owner, after he had developed the adjoinin",A,A,True,1,565,92,"A  
The gold passage states that a purchaser is bound by every recital, reference, and reservation contained in or fairly disclosed by an instrument that forms an essential link in the chain of title. Since the deed imposing the restrictions was not in the chain of title for the 95 acres when Dart bought, he is not bound by those restrictions. Therefore, if Dart wins, it will be because the deed imposing the restrictions was not part of the chain of title.",,-0.011047935113310814,-15.761048316955566,-17.38604736328125,-100.0,0.9999998270486962
mbe_694,CRIM. LAW,1991-Feb,train,"A grand jury indicted Alice on a charge of arson, and a valid warrant was issued for her arrest. Pau",A,A,True,1,464,95,"A  
The court should deny the motion because the gold passage states that ""Miranda warnings are required only when there is a custodial interrogation."" Alice's statement was made while she was in custody but not during an interrogation, as the officer did not ask her any questions. Therefore, the lack of Miranda warnings does not provide a basis for suppression. Additionally, the passage does not support the claim that the officer deliberately elicited the statement in a manner that would require suppression.",,-0.2524891793727875,-8.62748908996582,-100.0,-100.0,0.9997694932574026
mbe_695,CONTRACTS,1991-Feb,train,"Debtor's $1,000 contractual obligation to Aunt was due on July 1. On the preceding June 15, Aunt cal",C,C,True,1,379,91,"C  
The gold passage states that payments voluntarily made are not recoverable. Since Aunt accepted the $1,000 from Debtor without objection, this indicates that she accepted the payment and did not contest the situation. Therefore, Aunt's acceptance of the payment can be interpreted as a revocation of any prior intention to assign the debt to Niece, making it impossible for Niece to succeed in an action against Debtor for the $1,000.",,-15.163043022155762,-100.0,-0.03804321587085724,-100.0,0.9999997300421701
mbe_696,TORTS,1991-Feb,train,"On appeal, the judgment entered on the directed verdict in Dooley's favor on the battery claim shoul",C,A,False,1,666,112,"A  
The judgment entered on the directed verdict in Dooley's favor on the battery claim should be affirmed because the jury found that Dooley could not foresee that the ball would pass through the wire mesh fence. According to the gold passage, for a civil battery claim, the defendant must have intentionally performed an act that resulted in harmful or offensive contact. Since the jury determined that Dooley could not foresee the ball passing through the fence, it implies that he did not intend to cause harmful contact with the hecklers, which is a necessary element for establishing battery.",,-0.0018814003560692072,-100.0,-6.7518815994262695,-100.0,0.9988304899674869
mbe_697,TORTS,1991-Feb,train,"For this question only, assume that, on appeal, the court holds that the question of whether Dooley ",A,C,False,1,790,97,"C  
The gold passage states that vicarious liability is imposed by operation of law upon employers for acts of their employees within the course and scope of employment. However, it also emphasizes that an employer is not vicariously liable for a servant's battery. Since the question of whether Dooley committed a battery is a jury issue, the judgment in favor of the City Robins should be affirmed because the passage indicates that an employer is not liable for a battery committed by an employee.",,-1.9122835397720337,-100.0,-0.16228355467319489,-100.0,0.8519528000888387
mbe_698,CONST. LAW,1991-Feb,train,"The School Board of the city of Rulb issued a rule authorizing public school principals to punish, a",C,C,True,1,1105,118,"C  
Because application of the school board rule in this case denies the student freedom of movement and subjects him to bodily restraint in a manner grossly disproportionate to his offense and circumstances, it violates the due process clause of the Fourteenth Amendment. The gold passage emphasizes that the state cannot hold and physically punish an individual except in accordance with due process of law, and it specifically mentions that the liberty interest includes freedom from bodily restraint and punishment. Teddy's punishment of being confined for 15 school days with his hands clasped is a significant imposition that implicates his Fourteenth Amendment rights.",,-100.0,-100.0,-19.6250057220459,-100.0,1.0
mbe_699,EVIDENCE,1991-Feb,train,Davidson and Smythe were charged with burglary of a warehouse. They were tried separately. At Davids,B,C,False,1,792,96,"C  
The statement made by Smythe to his cellmate Walton is inadmissible because it constitutes hearsay and does not fall within any recognized exception. The gold passage indicates that prior inconsistent statements can be admitted as substantive evidence but must be corroborated by other evidence to sustain a conviction. Since Smythe's statement is being offered for the truth of the matter asserted (that he broke into the warehouse alone), it is hearsay and does not meet the criteria for admissibility.",,-100.0,-13.000916481018066,-0.0009163398644886911,-13.250916481018066,0.9999959793410143
mbe_702,REAL PROP.,1991-Feb,train,"Owen owned Greenacre, a tract of land, in fee simple. By warranty deed he conveyed Greenacre to Lafe",B,A,False,1,506,124,"A  
The passage defines a vested remainder as a present fixed right in the remainderman to take possession upon the natural termination of the preceding estate, with no conditions precedent imposed on the time for the remainder to vest in interest. In this case, Rem had a vested remainder in Greenacre that was transmitted by her will to Dan upon her death. However, since Lafe's life estate ended with his death and there was no surviving contingent remainder (as Rem predeceased Lafe), Owen's reversion would take effect immediately upon Lafe's death. Therefore, title to Greenacre is now in Owen.",,-0.9341111779212952,-1.6841111183166504,-100.0,-100.0,0.6791786861878392
mbe_703,CONST. LAW,1991-Feb,train,A statute of the state of Illitron declares that after five years of continuous service in their pos,C,A,False,1,1242,82,"(A) 

The gold passage indicates that a claim regarding the constitutionality of a state statute is not ripe for adjudication in federal court until all judicial remedies provided by state law have been exhausted. Since the faculty member did not appeal the decision of the state administrative board to the Illitron state courts, her claim is not ripe for federal court consideration. Therefore, the federal district court should dismiss the suit.",,-100.0,-100.0,-100.0,-2.3751845359802246,4.0001966992533595e-43
mbe_704,TORTS,1991-Feb,train,"Dorfman's dog ran into the street in front of Dorfman's home and began chasing cars. Peterson, who w",B,C,False,1,361,90,"C  
The gold passage defines negligence as the failure to use due care, but it does not provide any specific information regarding the liability of a dog owner for injuries caused by their dog. It does not support the idea that a dog, as a domestic animal, inherently creates liability for the owner. Therefore, without additional context or legal principles regarding domestic animals and owner liability, the most appropriate answer is that Peterson will not prevail based on the information provided.",,-100.0,-5.168902397155762,-0.04390236735343933,-3.5439023971557617,0.9651171905978714
mbe_705,TORTS,1991-Feb,train,"Dower, an inexperienced driver, borrowed a car from Puder, a casual acquaintance, for the express pu",A,B,False,1,390,122,"B

The gold passage states that the measure of damages for the conversion of a chattel is the market value of the chattel at the time and place of conversion. In this case, the car was worth $12,000 at the time of conversion, but the relevant damage claim is for the cost to repair the car, which is $3,000. Since the car can be fully restored to its former condition, the appropriate measure of damages for the conversion claim would be the cost of repair, which is $3,000. Therefore, Puder should recover a judgment for $3,000.",,-100.0,-0.0958615094423294,-2.8458614349365234,-100.0,0.9399133456181842
mbe_706,CRIM. LAW,1991-Feb,train,"Miller's, a department store, had experienced a growing incidence of shoplifting. At the store's req",B,C,False,1,518,88,"C  
The search and seizure were made incident to a valid arrest based on probable cause. Detective Best observed Davis committing the act of shoplifting, which provided the necessary probable cause for the arrest. The passage indicates that the reasonableness of a privacy expectation depends on the context, and in this case, the actions of Davis were not protected by a reasonable expectation of privacy since they were observed in a public fitting room by a police officer.",,-100.0,-10.129405975341797,-0.004405670799314976,-6.754405498504639,0.9987905195067672
mbe_707,REAL PROP.,1991-Feb,train,"After Dora had torn down the existing building, she proceeded to excavate deeper. Dora used shoring ",B,A,False,1,869,111,"(A) 

Dora is liable, because she removed necessary support for Pam's lot. The gold passage indicates that liability arises when the removal of lateral support causes the soil to subside, and it is clear that Pam's building suffered extensive damage due to the subsidence caused by Dora's excavation. Since the passage emphasizes that a party may be held liable for the loss of lateral support when injury occurs, and Pam's building was indeed injured, Dora's actions in removing necessary support without providing adequate artificial support make her liable for the damages incurred by Pam.",,-2.614837646484375,-5.364837646484375,-100.0,-100.0,0.9399133498259924
mbe_708,REAL PROP.,1991-Feb,train,Assume that no problems with subsidence or other misadventures occurred during construction of Dora',D,D,True,1,636,121,"D  
The gold passage discusses the rights of landowners regarding lateral support and the limitations of those rights when it comes to structures placed on the land. It indicates that while a landowner has a right to have their land preserved unbroken, this right does not extend to protecting against changes caused by the construction of buildings on adjacent properties. Since Dora has received all necessary governmental approvals and there is no statute or ordinance that restricts her ability to build a taller structure, Pam does not have a valid cause of action against Dora for the shadow created by the new building. Therefore, judgment should be for Dora.",,-18.125,-100.0,-17.75,0.0,0.9999999670039101
mbe_710,CONST. LAW,1991-Feb,train,"Roberts, a professional motorcycle rider, put on a performance in a privately owned stadium during w",D,D,True,1,439,77,"D  
The gold passage indicates that the First and Fourteenth Amendments do not provide immunity to a television broadcasting company when it broadcasts a performance without the performer’s consent. This suggests that entertainers retain the commercial value of their performances, and thus the television station's actions could be seen as infringing upon that value. Therefore, the court should find the station liable for its unauthorized actions.",,-14.000336647033691,-100.0,-8.000336647033691,-0.00033665422233752906,0.9996638188967024
mbe_711,CONTRACTS,1991-Feb,train,"Stirrup, a rancher, and Equinox, a fancier of horses, signed the following writing: ""For $5,000, Sti",B,D,False,1,558,111,"D  
The parol evidence rule precludes the admission of prior or contemporaneous oral statements that vary or contradict the terms of a written contract that is clear, unambiguous, and fully integrated. In this case, the written agreement between Stirrup and Equinox is clear and unambiguous regarding the sale of a gray horse for $5,000. The alleged oral agreement regarding the saddle and the option to choose a brown horse contradicts the terms of the written contract. Therefore, the court will not admit any evidence of the alleged oral agreement.",,-12.250052452087402,-13.250052452087402,-100.0,-5.2762428822461516e-05,0.9999934545771072
mbe_712,CONTRACTS,1991-Feb,train,"Testator, whose nephew Bypast was his only heir, died leaving a will that gave his entire estate to ",C,D,False,1,451,113,"D  
The gold passage discusses undue influence in the context of a will caveat, indicating that actions taken under such influence are not freely done. This suggests that agreements related to will contests may be scrutinized for public policy reasons, particularly if they could undermine the court's jurisdiction to decide on the validity of a will. Since Bypast's agreement with Craven could be seen as an attempt to settle a dispute that should be resolved by the court, it is contrary to public policy. Therefore, Bypast is not entitled to recover under the prevailing view.",,-7.162978172302246,-6.787978172302246,-1.9129780530929565,-0.16297808289527893,0.8503310175371726
mbe_713,EVIDENCE,1991-Feb,train,Parker sues Dix for breach of a promise made in a letter allegedly written by Dix to Parker. Dix den,C,D,False,1,664,89,"D  
The gold passage discusses various methods for authenticating a signature, including direct testimony, circumstantial evidence, and proof of custody. However, it does not mention that the context or content of the letter (such as it being a response to another letter) serves as a basis for authentication. Therefore, evidence that the letter was written in response to one written by Parker to Dix does not provide a sufficient basis for admitting the letter into evidence.",,-10.87662410736084,-100.0,-9.25162410736084,-0.0016236489173024893,0.999884976126276
mbe_716,REAL PROP.,1991-Feb,train,"Able, owner of Blackacre and Whiteacre, two adjoining parcels, conveyed Whiteacre to Baker and coven",A,D,False,1,555,121,"D  
Dodd can prevail because Egan has constructive notice of the possibility of the covenant resulting from the circumstances. The gold passage indicates that an unrecorded land use restriction is not enforceable against a bona fide purchaser for value unless the purchaser has actual knowledge of the restriction. While Egan had actual knowledge of the covenant to impose restrictions, the passage emphasizes the importance of actual knowledge over constructive notice. Therefore, the reasoning aligns with the idea that Egan's awareness of the covenant's existence, even if not recorded, could lead to a conclusion that he should have been aware of the potential restrictions.",,-1.2435684204101562,-100.0,-100.0,-0.49356839060783386,0.6791787056691698
mbe_717,TORTS,1991-Feb,train,"While walking on a public sidewalk, Anson was struck by a piece of lumber that fell from the roof of",B,C,False,1,386,89,"C  
The gold passage states that a principal can be held vicariously liable for the acts of an independent contractor only under specific circumstances, such as negligence in selecting, instructing, or supervising the contractor, if the work is inherently dangerous, or if there is a specific non-delegable duty. Since none of these exceptions apply to Bruce in this case, and Chase is considered an independent contractor, Anson will not prevail against Bruce.",,-100.0,-13.876511573791504,-0.0015115276910364628,-11.751511573791504,0.9999911685080941
mbe_718,REAL PROP.,1991-Feb,train,Owen contracted to sell Vacantacre to Perry. The written contract required Owen to provide evidence ,C,C,True,1,622,115,"C  
The court will hold for Perry because Owen's title was not marketable. According to the gold passage, a marketable title must be free from encumbrances and any reasonable doubt as to its validity. The presence of Alice's undivided one-eighth interest in Vacantacre creates a reasonable doubt regarding the completeness of Owen's title, which Perry is entitled to object to. Since the contract specified that ""time is of the essence,"" Perry's refusal to close based on the title defect is justified, and thus he is entitled to recover his earnest money.",,-18.125017166137695,-17.250017166137695,-1.676292231422849e-05,-100.0,0.9999999543177432
mbe_719,CRIM. LAW,1991-Feb,train,"A statute provides: A person commits the crime of rape if he has sexual intercourse with a female, n",B,D,False,1,579,150,"D  
The gold passage states that the due process clause requires the prosecution to prove beyond a reasonable doubt every fact necessary to constitute the crime charged. In this case, the jury was instructed that they must find beyond a reasonable doubt that Dunbar had sexual intercourse with Sally without her consent. The instructions also allowed for a not guilty finding if the jury found either that Sally was Dunbar's wife or that Dunbar reasonably believed that Sally had consented, placing the burden of persuasion on the defendant for these issues. However, the passage does not indicate that these instructions violated Dunbar's constitutional rights, as the prosecution still had the burden to prove the essential elements of the crime beyond a reasonable doubt. Therefore, Dunbar's constitutional rights were not violated by",,-8.000658988952637,-9.000658988952637,-9.125658988952637,-0.0006590616540051997,0.9994325409494825
mbe_720,TORTS,1991-Feb,train,"Star, who played the lead role in a television soap opera, was seriously injured in an automobile ac",D,D,True,1,1018,131,"D  
The gold passage explains that an actor's liability is limited to those physical harms that result from the risks that made the actor's conduct tortious. In this case, Danton's negligent driving caused physical harm to Star, but the economic loss suffered by Penn as a result of the cancellation of the television series does not fall within the scope of liability for Danton's actions. The passage emphasizes that liability should be confined to the reasons for holding the actor liable in the first place, which in this case pertains to physical harm to Star, not the economic consequences to Penn. Therefore, Penn cannot recover for his loss of income attributable to the accident.",,-100.0,-100.0,-12.75000286102295,-3.173704271830502e-06,0.9999970976871073
mbe_721,CONTRACTS,1991-Feb,train,"On December 1, Broker contracted with Collecta to sell her one of a certain type of rare coin for $1",A,A,True,1,612,80,"A  
Broker wins, because Collecta, if a beneficiary at all of the Broker-Hoarder contract, was only an incidental beneficiary. The gold passage defines an incidental beneficiary as someone who benefits from a contract but is neither a promisee nor an intended beneficiary. Since Collecta does not have enforceable rights under the Broker-Hoarder contract, she cannot successfully sue Broker based on that contract.",,-0.6243612766265869,-4.624361038208008,-3.749361276626587,-100.0,0.9413956922920922
mbe_724,REAL PROP.,1991-Feb,train,"Owen owned Greenacre in fee simple. The small house on Greenacre was occupied, with Owen's oral perm",D,D,True,1,644,104,"D  
Baker should prevail because the gold passage does not provide any information regarding the rights of tenants or the effect of a conveyance on existing tenancies. It only discusses joint tenancies and the unities required for their creation and continuance. Since the passage does not support the idea that Owen's conveyance to Able terminated Baker's tenancy, it can be inferred that Baker remains a tenant of Owen, not of Able. Therefore, Able's attempt to oust Baker lacks legal support based on the information provided.",,-100.0,-100.0,-0.8603867292404175,-0.6103867292404175,0.5621765008857981
mbe_725,REAL PROP.,1991-Feb,train,"Owens owned Whiteacre, a dwelling house situated on a two-acre lot in an area zoned for single-famil",C,C,True,1,719,93,"C  
Owens should lose because the illegal conversion of Whiteacre creates the risk of litigation. The gold passage discusses a situation where a landlord's illegal conversion of space led to a lack of recourse against a tenant, indicating that illegal conversions can complicate legal claims and create risks. In this case, Peters learned of the zoning violation and refused to close, which suggests that the illegal conversion poses a significant risk that would prevent Owens from conveying a marketable title.",,-11.87556266784668,-100.0,-0.0005622077151201665,-100.0,0.9999930377469534
mbe_728,TORTS,1991-Feb,train,"Ann's three-year-old daughter, Janet, was killed in an automobile accident. At Ann's direction, Jane",C,C,True,1,1336,123,"C  
The gold passage indicates that liability in negligence will not lie in the absence of a special duty owed by a particular defendant. In this case, if the mausoleum failed to use reasonable care to safeguard Janet's body, it could be argued that they breached a duty of care, leading to Ann's emotional distress. The foreseeability of the injury, as discussed in the passage, supports the idea that a reasonably prudent person would have anticipated that failing to secure the body properly could result in harm. Therefore, Ann could prevail if she can demonstrate that the mausoleum's actions constituted a failure to exercise reasonable care.",,-1.14592444896698,-5.0209245681762695,-0.39592447876930237,-100.0,0.6746863388877129
mbe_729,CONTRACTS,1991-Feb,train,"Wastrel, a notorious spendthrift who was usually broke for that reason, received the following lette",D,A,False,1,686,84,"A  
A promise to make a gift in the future is not enforceable. The gold passage does not provide any support for the enforceability of a promise to make a future gift, indicating that such promises lack the necessary elements to be legally binding. Therefore, Bullion's best defense is that his promise to give Wastrel $5,000 is not enforceable as it constitutes a promise to make a gift.",,-0.16318760812282562,-100.0,-7.163187503814697,-7.038187503814697,0.9980585965716461
mbe_730,CONST. LAW,1991-Feb,train,Congress passed a bill prohibiting the President from granting a pardon to any person who had not se,C,C,True,1,388,67,"C  
The gold passage indicates that the power to grant pardons flows from the Constitution alone and cannot be modified, abridged, or diminished by Congress. Therefore, the act of Congress prohibiting the President from granting pardons to certain individuals is unconstitutional as it interferes with the President's plenary power to grant pardons.",,-19.37509536743164,-100.0,-19.50009536743164,-100.0,0.46879062662624377
mbe_731,EVIDENCE,1991-Feb,train,"Defendant is on trial for the crime of obstructing justice by concealing records subpoenaed May 1, i",D,C,False,1,397,90,"C  
The gold passage discusses the ""necessary witness"" test, which allows an attorney to be called as a witness if their testimony is material, unobtainable elsewhere, and may be prejudicial to the client. This implies that if the attorney's testimony is necessary and relates to illegal conduct, it may not be privileged. Therefore, if Attorney knew of the concededly illegal purpose for which the advice was sought, the testimony would not be privileged.",,-7.195560455322266,-100.0,-0.6955602169036865,-0.6955602169036865,0.4996244226201766
mbe_732,TORTS,1991-Feb,train,"Prad entered Drug Store to make some purchases. As he was searching the aisles for various items, he",D,D,True,1,753,113,"D  
Prad will recover a judgment against Drug Store if the clerk had reason to believe that Prad was unaware of the open shaft. The gold passage indicates that a store owner has a duty to warn customers of unsafe conditions that are unknown to them but known to the store owner. Since the clerk knew about the open shaft, if she had reason to believe that Prad was unaware of it, she would have had a duty to warn him, and her failure to do so could constitute a breach of that duty, leading to liability for Prad's injuries.",,-4.1746039390563965,-4.4246039390563965,-1.5496039390563965,-0.2996039092540741,0.7556165242508066
mbe_733,CRIM. LAW,1991-Feb,train,A statute in the jurisdiction defines murder in the first degree as knowingly killing another person,B,B,True,1,831,134,"B

Duncan's actions of firing several rounds through the front window of the store demonstrate a conscious disregard for human life, which aligns with the definition of murder in the second degree as ""all other murder at common law except felony-murder."" The passage indicates that murder requires ""malice aforethought,"" which can be established through intentional actions or conduct that shows a reckless indifference to human life. Since Duncan did not deliberately kill the burglar but rather fired shots to create a distraction, his actions do not meet the criteria for first-degree murder, which requires deliberation. Therefore, the most serious degree of criminal homicide he is guilty of is murder in the second degree.",,-100.0,-0.13800843060016632,-3.0130083560943604,-100.0,0.9465966664338019
mbe_735,TORTS,1991-Feb,train,"In the course of a bank holdup, Robber fired a gun at Guard. Guard drew his revolver and returned th",C,C,True,1,332,65,"C  
No, if Guard fired reasonably in his own defense. The gold passage indicates that a battery requires unlawful touching or striking done with the intention of bringing about harmful or offensive contact. If Guard was acting in self-defense against Robber, his actions may be considered privileged, thus negating the claim of battery by Plaintiff.",,-100.0,-15.50407886505127,-0.004079112783074379,-15.25407886505127,0.9999995762239717
mbe_739,TORTS,1991-Feb,train,"Jones and Smith, who were professional rivals, were attending a computer industry dinner where each ",C,B,False,1,420,91,"B  
According to the gold passage, to establish a prima facie case of defamation, the plaintiff must demonstrate that the defamatory statement was published to a third person and identified the plaintiff to that third person. In this case, Jones's statement was made directly to Smith and not to Brown, who overheard the conversation. Therefore, since the statement was not published to Brown in a manner that identified Smith, Smith cannot prevail on a defamation claim.",,-12.250208854675293,-0.00020866614067927003,-100.0,-100.0,0.9999952149064073
mbe_741,CONST. LAW,1991-Feb,train,Small retailers located in the state of Yellow are concerned about the loss of business to certain l,B,B,True,1,461,123,"B  
The argument that the state statute imposes an unreasonable burden on interstate commerce is likely to be the most persuasive. The gold passage indicates that a state statute can be upheld if it regulates even-handedly to effectuate a legitimate local public interest and if its effects on interstate commerce are only incidental. However, if the burden on interstate commerce is clearly excessive in relation to the local benefits, the statute may be deemed unconstitutional. The plaintiffs can argue that the statute places an unreasonable burden on their ability to sell goods at competitive prices across state lines, which would be a strong basis for challenging the statute's constitutionality.",,-19.000001907348633,-18.875001907348633,-100.0,-100.0,0.5312093733737563
mbe_742,TORTS,1991-Feb,train,"The Pinners, a retired couple, had lived in their home in a residential neighborhood for 20 years wh",C,A,False,1,548,89,"A  
The Pinners should prevail if the children's noise constituted a substantial interference with their use and enjoyment of their home. The gold passage states that to prove a nuisance, a plaintiff must show that the defendant's actions unreasonably impair the plaintiff's right to peacefully use their property. Therefore, if the noise from the children playing in the pool is substantial enough to disturb the Pinners' enjoyment, they would have a valid claim for nuisance.",,-0.5459195971488953,-100.0,-1.04591965675354,-100.0,0.6224593452091672
mbe_743,EVIDENCE,1991-Feb,train,Which of the following items of evidence is LEAST likely to be admitted without a supporting witness,C,D,False,1,456,123,"D  
The gold passage states that in order to be admissible at trial, a document must be authenticated, which generally requires competent testimony concerning the document. While some documents may be self-authenticating, the pamphlet issued by the State Highway Department does not fall into the categories mentioned in the passage that would allow it to be admitted without a supporting witness. The other options (A, B, and C) involve documents that are more likely to be authenticated through their connection to the parties involved, while the pamphlet lacks a direct connection to the parties in the case and would likely require a witness for authentication.",,-3.4042582511901855,-2.9042582511901855,-2.9042582511901855,-0.15425817668437958,0.8571698571384596
mbe_744,CONTRACTS,1991-Feb,train,"If Mater subsequently asserts and Nirvana denies that the parties had a binding contract on May 3, w",A,A,True,1,594,90,"A  
The gold passage indicates that in many cases, it is not necessary to determine which act or document constituted the offer and which the acceptance when the writings of the parties do not establish a contract. This supports Mater's position that a contract may have been formed through their correspondence, as it emphasizes that the moment of making a contract can be undetermined. Therefore, choice (A) most persuasively supports Mater's assertion of a binding contract.",,-1.115373969078064,-100.0,-1.365373969078064,-100.0,0.5621765008857981
mbe_745,CONTRACTS,1991-Feb,train,"For this question only, assume the following facts. On May 4, Mater and Nirvana Motors both signed a",B,B,True,1,1149,150,"B  
The court will probably decide in favor of Dilbert because he is a third-party intended beneficiary of the contract between Mater and Nirvana. The gold passage indicates that a third party must establish the existence of a valid and binding contract intended for their benefit, and that the benefit is sufficiently immediate. In this case, the contract was explicitly made for the benefit of Mater's son, Dilbert, as it was stated to be a wedding gift for him. Additionally, Dilbert's reliance on the contract by selling his Cheetah demonstrates that he has a vested interest in the contract, which aligns with the requirement that the benefit to the third party is not merely incidental. Therefore, Dilbert's rights as an intended beneficiary became vested by his prejud",,-100.0,-0.3884517550468445,-1.1384518146514893,-100.0,0.6791787121629466
mbe_746,CONST. LAW,1991-Feb,train,"A federally owned and operated office building in the state of West Dakota is heated with a new, pol",C,C,True,1,436,59,"C  
No, because the operations of the federal government are immune from state regulation in the absence of federal consent. The gold passage states that under the Supremacy Clause, the activities of the Federal Government are free from regulation by any state, indicating that state laws cannot regulate federal operations directly.",,-100.0,-100.0,-20.500003814697266,-100.0,1.0
mbe_748,EVIDENCE,1991-Feb,train,Under the rule allowing exclusion of relevant evidence because its probative value is substantially ,C,C,True,1,293,74,"C  
The gold passage lists specific considerations for excluding relevant evidence, including unfair prejudice, confusing the issues, misleading the jury, undue delay, wasting time, and needlessly presenting cumulative evidence. However, it does not mention the opponent being surprised by the evidence and not being fairly prepared to meet it as a consideration. Therefore, option C is not supported by the passage.",,-16.001502990722656,-100.0,-0.0015024791937321424,-100.0,0.9999998874648954
mbe_749,CONTRACTS,1991-Feb,train,"On June 1, Buyem, Inc., a widget manufacturer, entered into a written agreement with Mako, Inc., a t",C,C,True,1,761,110,"C  
The gold passage indicates that a modification of a contract is a change in the obligations of a party by a subsequent mutual agreement of the parties. In this case, Buyem and Mako mutually agreed to modify the contract on July 1, increasing the contract price to $60,000. Since the modification was agreed upon by both parties, Mako has a valid claim to recover the additional $10,000 based on the modified contract terms. The other options do not directly relate to the concept of contract modification as described in the passage.",,-15.375123977661133,-100.0,-18.375123977661133,-100.0,0.04742587317756679
mbe_750,REAL PROP.,1991-Feb,train,"Twenty years ago, Test, who owned Blackacre, a one-acre tract of land, duly delivered a deed of Blac",C,A,False,1,541,122,"A  
The gold passage states that a quiet title action is about perfecting an existing title against other claimants. In this case, Owner has a quitclaim deed from School District, which had a limited interest in Blackacre due to the original deed's condition. Since the School District no longer uses the property for school purposes, it has effectively lost its interest in the property, allowing Owner to claim title. The passage emphasizes that a plaintiff must prevail on the strength of their own claim, which in this case is Owner's quitclaim deed. Therefore, the court should find that title is now in Owner.",,-0.2515834867954254,-4.251583576202393,-100.0,-100.0,0.9820137916170774
mbe_751,REAL PROP.,1991-July,train,"By warranty deed, Marta conveyed Blackacre to Beth and Christine ""as joint tenants with right of sur",C,A,False,1,332,101,"(A) Darin.

The gold passage indicates that a joint tenant may convey her interest in the property, which defeats the right of survivorship. In this case, Beth conveyed her interest to Eugenio, which means that her right of survivorship with Christine was severed. After Beth's death, Christine's interest remained, but she later conveyed her interest to Darin. Therefore, Darin holds the title to Blackacre, as he received Christine's interest after the severance of the joint tenancy.",,-2.120666027069092,-100.0,-100.0,-100.0,1.0
mbe_752,TORTS,1991-July,train,"Peavey was walking peacefully along a public street when he encountered Dorwin, whom he had never se",C,C,True,1,450,99,"C  
Dorwin's best defense would be that he did not know that he was striking a person. The gold passage emphasizes that battery requires intentional harmful contact. If Dorwin was unaware that he was striking a person, it undermines the element of intentionality required for a battery claim. The other options do not negate the intentional act of striking, as they either address his understanding of the act's wrongfulness or his desire to cause harm, which are not defenses to the intentional act itself.",,-5.77630090713501,-100.0,-0.026300877332687378,-4.52630090713501,0.9859095999453139
mbe_754,CONTRACTS,1991-July,train,"For this question only, assume the following facts. Structo informed Bailey (accurately) that becaus",C,A,False,1,489,95,"A  
The gold passage states that a contract is not substantively unconscionable unless the terms are grossly unfair under the circumstances that existed when the parties entered into the contract. In this case, Bailey's promise to pay the additional $20,000 lacks consideration because the original contract was already fulfilled as per its terms, and there was no new consideration provided for the modification. Therefore, Structo is only entitled to the original contract price of $500,000.",,-0.3928694725036621,-100.0,-6.017869472503662,-100.0,0.9964063974185798
mbe_755,CONTRACTS,1991-July,train,"For this question only, assume the following facts. Upon encountering the rock formation, Structo, i",D,B,False,1,697,125,"B  
The gold passage indicates that the proper measure of damages in a breach of contract for real estate is the difference between the contract price and the fair market value of the property at the time of the breach. Since Structo has substantially performed the contract, the cost of correcting the driveway, which is $30,000, is relevant. However, the passage does not provide a basis for recovering the full cost of correction if it would result in economic waste. Therefore, the maximum amount Structo is entitled to recover is $30,000, as it reflects the cost of correcting the driveway while considering the substantial performance doctrine.",,-2.817584991455078,-0.5675849914550781,-1.3175849914550781,-3.317584991455078,0.6091270481548867
mbe_756,CRIM. LAW,1991-July,train,Larson was charged with the murder of a man who had been strangled and whose body was found in some ,A,A,True,1,759,72,"A  
The court should admit the diary because Larson's consent to the search was not obtained through intentional police misconduct, and he was not compelled to make the diary entry. The gold passage emphasizes that the exclusionary rule is designed to deter governmental misconduct, and since there is no evidence of such misconduct in obtaining Larson's consent, the diary should be admissible.",,-20.62500762939453,-100.0,-100.0,-100.0,1.0
mbe_757,EVIDENCE,1991-July,train,"In contract litigation between Pixley and Dill, a fact of consequence to the determination of the ac",A,A,True,1,507,66,"A  
The court may take judicial notice even though Pixley does not request it. The gold passage indicates that a court can take judicial notice of certain facts, and it does not specify that a request is necessary for the court to do so. Therefore, option A is the most clearly correct statement regarding judicial notice in this context.",,-0.005233882926404476,-100.0,-100.0,-17.880233764648438,0.9999999827421703
mbe_758,CONST. LAW,1991-July,train,A statute of the state of East Dakota requires each insurance company that offers burglary insurance,C,C,True,1,549,116,"C  
The statute requiring insurance companies to charge a uniform rate for burglary insurance within the same county can be seen as a reasonable exercise of the state's police power. According to the gold passage, for a statute to be a proper exercise of police power, it must be appropriate and reasonably necessary to accomplish a purpose within the scope of the police power, and it must be reasonable and not arbitrary or unjust. The statute aims to regulate insurance rates, which can be justified as a means to protect consumers and ensure fairness in the insurance market. Therefore, the court should hold the statute constitutional.",,-100.0,-100.0,-19.62502098083496,-17.87502098083496,0.1480471980316895
mbe_759,CRIM. LAW,1991-July,train,Dawson was charged with felony murder because of his involvement in a bank robbery. The evidence at ,B,D,False,1,505,121,"D  
The gold passage indicates that the Eighth Amendment does not permit the imposition of the death penalty on someone who aids and abets a felony in which a murder is committed by others, provided that the person did not kill, attempt to kill, or intend for a killing to occur. In this case, Dawson did not kill anyone, attempt to kill, or intend for lethal force to be employed, as he drove away before the murder occurred. Therefore, he cannot be convicted of felony murder with the death penalty. The correct answer is that Dawson is guilty of no crime under the circumstances described.",,-100.0,-4.155299663543701,-100.0,-0.15529966354370117,0.9820137900379085
mbe_760,EVIDENCE,1991-July,train,"In an automobile negligence action by Popkin against Dwyer, Juilliard testified for Popkin. Dwyer la",B,C,False,1,636,84,"C  
The question posed by Popkin's counsel is improper because it attempts to prove character through a specific instance of conduct, which is not allowed. The gold passage states that ""courts do not allow one witness to comment upon the veracity of another witness,"" and this includes using specific instances to challenge credibility. Therefore, the question about Watts making a false affidavit is not permissible under the principles outlined in the passage.",,-100.0,-16.12908363342285,-0.004083385691046715,-5.504083156585693,0.9959297628502816
mbe_761,TORTS,1991-July,train,David built in his backyard a garage that encroached two feet across the property line onto property,C,B,False,1,537,68,"B  
No, because David no longer owns or possesses the garage. The gold passage does not provide any information that would support Prudence's claim against David after he has sold the property. Since David is no longer the owner of the garage, he cannot be held liable for trespass regarding the encroachment on Prudence's property.",,-11.381735801696777,-0.0067355032078921795,-100.0,-100.0,0.9999885212352991
mbe_762,EVIDENCE,1991-July,train,Poole sued Darrel for unlawfully using Poole's idea for an animal robot as a character in Darrel's s,D,D,True,1,376,93,"D  
The gold passage states that the best evidence rule applies to documents, requiring the original or a sufficient excuse for its nonproduction. Since the question pertains to the appearance of a model and not a document, the best evidence rule does not apply in this context. Therefore, Poole does not need to show that he did not destroy the model in bad faith, give advance notice, or introduce a photograph, as the rule is not relevant to the situation described.",,-10.500152587890625,-14.000152587890625,-9.000152587890625,-0.00015229015843942761,0.9998482452960191
mbe_763,REAL PROP.,1991-July,train,"Lanny, the owner of Whiteacre in fee simple, leased Whiteacre to Teri for a term of ten years by pro",D,B,False,1,712,106,"B  
The gold passage indicates that the option to purchase is valid as long as the lease is still in effect. Since Lanny's contract to sell Whiteacre to Jones explicitly states that it is ""subject to the rights of Teri under her lease,"" it implies that the option has not been exercised and thus does not affect the marketability of the title. Therefore, the position favorable to Lanny is that marketable title can be conveyed as long as any outstanding option not mentioned in the purchase contract has not yet been exercised.",,-5.522223472595215,-0.02222326584160328,-100.0,-100.0,0.9959298631221943
mbe_764,TORTS,1991-July,train,Daniel and a group of his friends are fanatical basketball fans who regularly meet at each others' h,B,B,True,1,867,126,"B  
The best argument in support of Daniel's motion to dismiss the complaint is that a police officer is not entitled to a recovery based upon the negligent conduct that created the need for the officer's professional intervention. The gold passage indicates that recovery for damages is precluded when the injury occurs while the officer is performing a duty that exposes them to a heightened risk of injury. In this case, Officer was responding to a situation that arose from the rowdy behavior of Daniel's guests, which was a direct result of the circumstances created by the invitation to watch the game. Thus, Daniel's conduct does not provide a basis for liability.",,-3.6424782276153564,-0.1424783319234848,-2.8924782276153564,-100.0,0.913972139785199
mbe_769,CRIM. LAW,1991-July,train,Jones wanted to kill Adams because he believed Adams was having an affair with Jones's wife. Early o,A,C,False,1,367,101,"C  
According to the gold passage, the essential elements of attempted murder require that the defendant engaged in conduct that constituted a substantial step toward killing another human being. In this case, Jones fired shots at Adams, but none of the shots came close to him because he was out of range. Therefore, it was impossible for Jones to have killed Adams under the circumstances, which means he did not take a substantial step toward committing murder. Thus, he is not guilty of attempted murder or any lesser included offense.",,-11.87509822845459,-10.00009822845459,-9.841743303695694e-05,-100.0,0.9999476404972798
mbe_770,CONST. LAW,1991-July,train,Widgets are manufactured wholly from raw materials mined and processed in the state of Green. The on,C,C,True,1,656,99,"C  
The argument that states have plenary authority to construct their tax system in any manner they choose, based on the Tenth Amendment, is the least helpful in defending the constitutionality of the proposed state tax on widgets. The gold passage emphasizes the limitations imposed by the dormant Commerce Clause, which prohibits state regulations that discriminate against or unduly burden interstate commerce. While states have certain powers, this argument does not address the potential conflict with the Commerce Clause, making it less relevant in this context.",,-10.12530517578125,-100.0,-0.0003048378275707364,-10.25030517578125,0.9999245829154116
mbe_771,REAL PROP.,1991-July,train,"Blackacre is a large tract of land owned by a religious order known as The Seekers. On Blackacre, Th",C,C,True,1,935,126,"C  
The court is likely to hold for The Seekers because the passage indicates that the use of an easement can be extended if the parties intended to allow such an extension at the time they entered into the easement agreement. Since the easement has been used for 20 years without incident or objection, it suggests that the use was accepted by Sally, and the increased use due to the nursing home does not necessarily terminate the easement unless it unreasonably burdens the servient estate. The passage does not indicate that the parking situation has unreasonably burdened Sally's property, thus supporting The Seekers' position.",,-18.62502670288086,-16.87502670288086,-2.7610454708337784e-05,-100.0,0.9999999449362921
mbe_772,REAL PROP.,1991-July,train,"Three months ago, Bert agreed in writing to buy Sam's single-family residence, Liveacre, for $110,00",D,D,True,1,581,101,"D  
Sam may keep the $5,000 deposit, because Bert breached the contract. The gold passage indicates that to prevail in a breach of contract action, a plaintiff must prove a valid contract, a material breach, and damages. In this case, Bert's notification of his inability to close due to a job transfer constitutes a breach of the contract. Since the contract explicitly allowed Sam to retain the deposit as liquidated damages in the event of Bert's default, Sam is entitled to keep the deposit.",,-100.0,-6.397507667541504,-100.0,-0.02250770665705204,0.9982992775221533
mbe_773,CONTRACTS,1991-July,train,"Rollem, an automobile retailer, had an adult daughter, Betsy, who needed a car in her employment but",A,C,False,1,528,94,"C  
The gold passage states that consideration, which is that which is bargained for and given in exchange for a promise, is a necessary element of a binding contract. In this case, Betsy paid $3,000 for a car that was worth $10,000, which indicates that the payment was inadequate consideration to support Rollem's promise. Therefore, the absence of adequate consideration precludes the formation of a valid contract, making option C the correct answer.",,-7.051449298858643,-100.0,-0.05144942179322243,-6.926449298858643,0.9980585965355547
mbe_774,TORTS,1991-July,train,"Peter, who was 20 years old, purchased a new, high-powered sports car that was marketed with an inte",C,C,True,1,562,87,"C  
Peter may prevail if the statement in the manual concerning the tires did not adequately warn of the danger of high-speed driving on the tires mounted on the car. The gold passage outlines that a claim for failure to warn requires the product to lack an adequate warning of the alleged defect or hazard, and if the manual did not sufficiently inform Peter about the limitations of the tires, this could be a basis for his strict product liability action.",,-100.0,-17.125261306762695,-0.0002613358374219388,-17.625261306762695,0.9999999413056898
mbe_775,EVIDENCE,1991-July,train,"In a federal court diversity action by Plant against Decord on an insurance claim, a question arose ",C,C,True,1,266,86,"C  
The gold passage indicates that the law of the state whose substantive law is applied is relevant in determining issues related to an insurance contract. Since the question involves a presumption regarding the order of death in a common accident, it falls under the substantive law of the state that governs the insurance claim. Therefore, the correct answer is that the presumption should be determined according to the law of the state whose substantive law is applied.",,-12.130242347717285,-100.0,-0.005242533516138792,-100.0,0.9999945777800224
mbe_776,CRIM. LAW,1991-July,train,"Plagued by neighborhood youths who had been stealing lawn furniture from his back yard, Armando rema",C,C,True,1,377,83,"C  
The gold passage states that the elements in a second-degree assault proceeding include reckless infliction of substantial bodily harm. Armando's actions of firing a shotgun into the bushes, where he believed intruders were hiding, demonstrate a reckless disregard for the safety of others, particularly since he struck a child. Therefore, he can be found guilty of second-degree assault for recklessly causing serious physical injury to the child.",,-100.0,-21.625009536743164,-19.625009536743164,-100.0,0.8807970779778823
mbe_777,CONST. LAW,1991-July,train,Twenty percent of the residents of Green City are members of minority racial groups. These residents,D,D,True,1,635,98,"D  
The plaintiffs' claim is most directly supported by the Fifteenth Amendment, which prohibits discrimination against individuals in voting based on race, color, or previous condition of servitude. The gold passage emphasizes that the Fifteenth Amendment protects citizens from discrimination in the exercise of the elective franchise, which aligns with the plaintiffs' assertion that the single-member districting system diminishes the voting power of minority racial group members. Therefore, the most obvious constitutional provision for their claim is the Fifteenth Amendment.",,-100.0,-100.0,-100.0,-19.501171112060547,1.0
mbe_780,CONTRACTS,1991-July,train,"For this question only, assume the following facts. After completing 25% of the garage strictly acco",B,B,True,1,469,124,"B  
Only Karp is in breach and liable for Manor's damages, if any. The gold passage defines a material breach as a non-performance of a duty that is so significant that it justifies the injured party in considering the whole transaction as ended. Karp's demand for a progress payment of $2,000, despite the absence of any agreement regarding progress payments, constitutes a breach of the contract. Since Manor did not agree to make progress payments, Karp's abandonment of the job after Manor's refusal to pay is a material breach, making Karp liable for any damages Manor may incur as a result.",,-100.0,-0.8356537222862244,-1.7106537818908691,-2.585653781890869,0.6286793743587478
mbe_781,CONTRACTS,1991-July,train,"For this question only, assume the following facts. After completing 25% of the garage strictly acco",C,C,True,1,569,112,"C  
The gold passage states that the assignee of rights under a contract stands in the shoes of the assignor and can assert any rights that the assignor could have asserted. Since Karp breached the contract by abandoning the job, Manor has a right to recoup damages for that breach. Banquo, as Karp's assignee, cannot assert a claim against Manor that is greater than Karp's original rights, which are now subject to Manor's right to recoupment due to Karp's breach. Therefore, Manor wins against Banquo.",,-17.37507438659668,-17.87507438659668,-7.493430894101039e-05,-100.0,0.9999999542888011
mbe_783,CONTRACTS,1991-July,train,"On June 1, Topline Wholesale, Inc., received a purchase-order form from Wonder-Good, Inc., a retaile",D,A,False,1,747,106,"(A) 

The gold passage outlines the criteria for establishing a material alteration, which includes the existence of a material alteration to the underlying contract, lack of consent to the alteration, and harm resulting from the alteration. The liability-limitation clause in Topline's acceptance form can be considered a material alteration of the original offer from Wonder-Good. Since Wonder-Good did not consent to this alteration, it meets the criteria for a material alteration as described in the passage. Therefore, there is no contract due to the material alteration.",,-1.1719419956207275,-2.6719419956207275,-100.0,-100.0,0.8175744761936437
mbe_784,TORTS,1991-July,train,Electco operates a factory that requires the use of very high voltage electricity. Paul owns propert,C,D,False,1,773,94,"D  
The gold passage discusses the tort of interference with a prospective economic advantage, which requires the existence of a valid economic expectancy and resulting damage to the plaintiff. However, it does not support the idea that Paul can recover damages for purely economic loss without physical harm to his person or property. Since Paul's harm is described as purely economic and does not arise from physical harm, he is unlikely to prevail in his action against Electco based on the principles outlined in the passage.",,-11.375825881958008,-100.0,-7.250825881958008,-0.0008260641479864717,0.9992788669878934
mbe_785,REAL PROP.,1991-July,train,"Les leased a barn to his neighbor, Tom, for a term of three years. Tom took possession of the barn a",C,C,True,1,512,53,"C  
Tom should recover, because Les knew of the danger but did not warn Tom. The passage indicates that Les had knowledge of the wall's dangerous condition and failed to inform Tom, which suggests a breach of duty that could lead to liability for Tom's injuries.",,-100.0,-9.253278732299805,-0.0032784834038466215,-100.0,0.9999038976084178
mbe_786,EVIDENCE,1991-July,train,"Dahle is charged with possession of heroin. Prosecution witness Walker, an experienced dog trainer, ",A,C,False,1,538,104,"C  
Walker’s testimony is inadmissible because it is based on hearsay not within any exception. The gold passage emphasizes that an opinion must be rationally based on the perception of the witness and must be reasonably reliable. Walker's opinion that the dog's reaction indicated the presence of heroin in Dahle's briefcase does not meet these criteria, as it relies on the dog's behavior rather than direct evidence or a reliable basis for the opinion. Therefore, it cannot be considered admissible under the rules outlined in the passage.",,-100.0,-12.62502670288086,-2.7014437364414334e-05,-11.50002670288086,0.9999865813224025
mbe_789,CONTRACTS,1991-July,train,Does Dominique have a cause of action against Hardcash?,B,B,True,1,534,91,"B  
Dominique has a cause of action against Hardcash because her reliance on Hardcash's promise to lend her the money was substantial, reasonable, and foreseeable. The gold passage indicates that reliance damages are meant to reimburse a plaintiff for out-of-pocket expenditures caused by reliance on a contract. By accepting the demolition bid and having the building removed, Dominique acted on Hardcash's promise, which supports her claim for damages due to her reliance on that promise.",,-6.900406360626221,-0.40040624141693115,-100.0,-100.0,0.9984988179219493
mbe_790,CONTRACTS,1991-July,train,"For this question only, assume that Dominique has a cause of action against Hardcash. If she sues hi",C,C,True,1,644,133,"C  
The gold passage discusses expectation damages and the requirements for their recovery, emphasizing that damages must be foreseeable, caused by the breach, and shown with reasonable certainty. In this case, since Dominique incurred a $10,000 expense to remove the old building, reliance damages would be appropriate as they reflect the costs incurred due to reliance on Hardcash's promise. The adjustment for the market value of the land after the demolition aligns with the concept of reliance damages, which are meant to compensate for losses incurred due to the breach rather than lost profits or speculative future earnings. Therefore, option C is the most appropriate measure of recovery based on the information provided in the passage.",,-8.88193416595459,-100.0,-0.006934405770152807,-100.0,0.9998601778908258
mbe_792,TORTS,1991-July,train,"While Hill was in her kitchen, she heard the screech of automobile tires. She ran to the window and ",D,B,False,1,684,107,"B  
The issue on which Hill's right to recover will depend is whether it is foreseeable that a person may suffer physical harm caused solely by an injury inflicted on another. The gold passage discusses proximate cause and emphasizes the need for the negligence to be a substantial factor in producing the result. In this case, Hill's heart attack was a result of witnessing the injury to the child, which raises the question of foreseeability regarding emotional distress caused by witnessing harm to another. Therefore, option B is the most relevant to the situation described.",,-100.0,-0.21850189566612244,-1.7185019254684448,-100.0,0.8175744806385543
mbe_793,CRIM. LAW,1991-July,train,"Suffering from painful and terminal cancer, Willa persuaded Harold, her husband, to kill her to end ",D,C,False,1,309,135,"C

The gold passage indicates that the distinction between murder and aiding suicide depends on whether the defendant actively participates in the act causing death. In this case, Harold actively participated by holding a gun to Willa's head and killing her, which suggests that he was directly involved in the act of causing her death. Although Willa requested this action, the passage implies that Harold's direct involvement in the act of killing her would not qualify as aiding suicide but rather as a more serious form of homicide. Therefore, the most serious degree of criminal homicide of which Harold can be legally convicted is voluntary manslaughter, as it reflects the circumstances of his actions and Willa's consent.",,-1.1468561887741089,-100.0,-0.8968561887741089,-100.0,0.5621765008857981
mbe_794,EVIDENCE,1991-July,train,Peterson sued Dylan for libel. After Peterson testified that Dylan wrote to Peterson's employer that,A,C,False,1,340,49,"C  
The gold passage does not provide any information that supports the admissibility of character evidence through specific instances of conduct. Therefore, the evidence of Peterson's prior theft is inadmissible because character may not be shown by specific instances of conduct.",,-100.0,-100.0,-0.023332128301262856,-5.273332118988037,0.9947798742580791
mbe_795,CONST. LAW,1991-July,train,"The Federal Computer Abuse Act establishes the Federal Computer Abuse Commission, authorizes the Com",B,B,True,1,550,83,"B  
The gold passage states that federal legislation regulating economic activity that substantially affects interstate commerce will be sustained. The Federal Computer Abuse Act, which regulates the possession of computers, can be seen as addressing an activity that affects interstate commerce, especially given the context of computer usage and its implications for data security and integrity. Therefore, the court would likely hold the act to be constitutional under Congress's authority to regulate such matters.",,-6.011776924133301,-0.011776995845139027,-100.0,-100.0,0.9975273766664873
mbe_797,REAL PROP.,1991-July,train,Able conveyed Blackacre to Baker by a warranty deed. Baker recorded the deed four days later. After ,B,D,False,1,508,110,"D  
The gold passage indicates that a bona fide purchaser for value is one who has paid valuable consideration without notice of another's claim prior to acquiring title. Since Baker recorded the deed four days after the conveyance, he is still considered a bona fide purchaser for value, and the passage does not suggest that a four-day delay in recording is unreasonable. Therefore, if Smollett is unsuccessful, it will be because Baker's status as a bona fide purchaser for value, despite the four-day delay, protects him against Smollett's judgment lien.",,-3.230828285217285,-100.0,-100.0,-0.10582823306322098,0.9579122741870427
mbe_800,CONTRACTS,1991-July,train,"For this question only, assume the following facts. Kranc did not give Schaff notice of the resale u",B,B,True,1,590,96,"B  
Kranc's failure to give written notice by January 2 of his resale constitutes a failure of a condition precedent to the existence of the contract. According to the gold passage, a condition precedent is something that must happen before a right can occur to enforce the main contract. Since the parties agreed that the contract would only be effective if Kranc provided this notice by the specified date, and he did not do so, Schaff has a valid defense based on this failure.",,-100.0,-17.875017166137695,-100.0,-100.0,1.0
mbe_801,CONTRACTS,1991-July,train,"For this question only, assume the following facts. On December 16, Kranc notified Schaff by telepho",C,C,True,1,674,119,"C  
The concept that best supports Kranc's claim is waiver of condition. According to the gold passage, a party may waive a condition precedent after a breach by failing to assert its remedies for that breach. In this case, Schaff's response to Kranc's notification about the resale agreement indicates that he accepted the situation and agreed to proceed with the contract, thereby waiving the condition that required written notice. Schaff's later renunciation of the agreement on February 1, after having accepted the oral notification, suggests that he cannot assert the condition now that he has already waived it.",,-100.0,-20.750017166137695,-19.625017166137695,-100.0,0.7549149868676283
mbe_802,TORTS,1991-July,train,"David owned a shotgun that he used for hunting. David knew that his old friend, Mark, had become inv",A,A,True,1,580,119,"(A) indemnity for the full amount of the judgment, because Mark was an intentional tortfeasor.

The gold passage states that a negligent tortfeasor has a right to indemnity from an intentional joint tortfeasor. Since Mark, who took the shotgun and used it to shoot Paul, is considered an intentional tortfeasor, David, who was found negligent, can seek indemnity for the full amount of the judgment from Mark. This aligns with the principle that the intentional tortfeasor should bear the full responsibility for the loss, as established in the passage.",,-0.9741137027740479,-11.724113464355469,-100.0,-100.0,0.9999785550464664
mbe_804,REAL PROP.,1991-July,train,"Olwen owned 80 acres of land, fronting on a town road. Two years ago, Olwen sold to Buck the back 40",B,B,True,1,539,97,"B  
The gold passage states that an appurtenant easement is one that benefits the dominant estate and is transferred along with the land when it is sold or otherwise transferred. Since Buck conveyed the back 40 acres to Sam, the easement that was granted to Buck over Olwen's land should have passed to Sam as a result of Buck's deed to him, even though it was not expressly mentioned in the deed. Therefore, Sam has the right to use the easement.",,-12.12563419342041,-0.0006345203728415072,-9.50063419342041,-100.0,0.9999197323389103
mbe_805,EVIDENCE,1991-July,train,"Dickinson was charged with possession of cocaine. At Dickinson's trial, the prosecution established ",A,A,True,1,502,90,"A  
The objection should be overruled because there is sufficient evidence to find that the bag was the one Dickinson dropped. According to Rule 901(a), the proponent of the evidence must provide evidence sufficient to support a finding that the item is what it claims to be. The circumstances of Dickinson dropping the bag and the police finding it shortly thereafter provide a basis for the court to conclude that the bag found is indeed the one dropped by Dickinson.",,-0.0032245332840830088,-100.0,-100.0,-10.00322437286377,0.9999546021240152
mbe_806,TORTS,1991-July,train,Chemco manufactured a liquid chemical product known as XRX. Some XRX leaked from a storage tank on C,B,C,False,1,601,86,"C  
The gold passage discusses the duty of landowners to take reasonable measures to maintain artificial conditions on their property and suggests that a failure to do so can lead to liability. However, it does not establish strict liability for manufacturers or imply that Farmer would prevail without proving a defect or negligence on Chemco's part. Therefore, Farmer would not prevail unless he can establish that the storage tank was defective, which aligns with option C.",,-100.0,-100.0,-0.16661661863327026,-1.916616678237915,0.851952809486198
mbe_807,EVIDENCE,1991-July,train,A threatening telephone call that purports to be from Defendant to Witness is most likely to be admi,C,C,True,1,304,112,"C  
The gold passage discusses the admissibility of demonstrative evidence, emphasizing the need for a proper foundation and the balance of probative value against unfair prejudice. Among the options provided, (C) is the only choice that suggests a scenario where a proper foundation could be established, as it indicates that Witness had given his unlisted number only to Defendant and a few others, which could support the claim that the call was indeed from Defendant. The other options do not provide a basis for establishing the authenticity or relevance of the call in the context of the passage.",,-1.2173508405685425,-100.0,-0.46735087037086487,-100.0,0.6791786926816161
mbe_808,CONST. LAW,1991-July,train,The open-air amphitheater in the city park of Rightville has been utilized for concerts and other en,A,A,True,1,660,123,"A  
The gold passage states that even in a public forum, the government may impose reasonable restrictions on protected speech if they are justified without reference to the content of the regulated speech, are narrowly tailored to serve a significant governmental interest, and leave open ample alternative channels for communication. The ordinance in question is aimed at balancing sound quality and respect for nearby residents' privacy, which indicates a substantial government interest. Therefore, the correct standard to determine the constitutionality of the ordinance is that it is narrowly tailored to serve a substantial government interest and does not unreasonably limit alternative avenues of expression, aligning with option (A).",,-0.003177952254191041,-16.128177642822266,-100.0,-100.0,0.9999999006880361
mbe_809,CRIM. LAW,1991-July,train,Smith and Penn were charged with murder. Each gave a confession to the police that implicated both o,A,B,False,1,658,95,"B  
Smith's contention is correct, whether or not Penn testified at trial. The gold passage states that a confession made by a codefendant (in this case, Penn) is not competent evidence against the other defendant (Smith) unless the other defendant has had the opportunity to cross-examine the codefendant. Since Smith's conviction was based on the admission of Penn's confession, which she could not confront, her conviction should be reversed regardless of whether Penn testified.",,-1.2087980508804321,-0.4587980806827545,-100.0,-100.0,0.6791786926816161
mbe_810,CONST. LAW,1991-July,train,"The state of Orrington wanted to prevent its only major league baseball team, the privately owned an",C,C,True,1,716,114,"C  
The gold passage states that the Fourteenth Amendment only applies to actions that can be fairly attributed to the States and does not protect against private conduct, regardless of how discriminatory it may be. In this case, the owners of the Opossums are acting as a private entity, and the one-time grant of state funds does not create sufficient state involvement in their contracting decisions to subject those actions to the limitations of the Fourteenth Amendment. Therefore, the court will likely rule that the actions of the owners do not fall under the purview of the Fourteenth Amendment.",,-11.000571250915527,-100.0,-0.0005713827558793128,-100.0,0.99998329857595
mbe_813,REAL PROP.,1991-July,train,"Sixty years ago by a properly executed and recorded deed, Albert conveyed Greenacre, a tract of land",D,D,True,1,653,144,"D  
The gold passage states that a life estate is a possessory estate in which a vested remainder exists. In this case, Louis had a life estate, and upon his death, the remainder would go to his child, Norman, who was the only child of Louis. Since Norman died testate and left his estate to the American Red Cross, the American Red Cross would inherit the remainder interest. However, since Louis's widow, Zelda, is now the surviving spouse, she would hold a life estate in Greenacre under the terms of Albert's deed. Therefore, the court should find that title is vested in Zelda for life, with the remainder going to the American Red Cross as the successor in interest to Norman.",,-2.093125581741333,-2.718125581741333,-100.0,-0.3431256413459778,0.7893977886634607
mbe_814,EVIDENCE,1991-July,train,"In an automobile collision case brought by Poe against Davies, Poe introduced evidence that Ellis ma",C,A,False,1,312,88,"(A) excluded, because it is hearsay not within any exception.

The gold passage does not provide any information that supports the admissibility of Witt's testimony as impeachment evidence or substantive evidence. It only discusses the nature of impeachment evidence and does not indicate that hearsay can be admitted for any purpose. Therefore, since Witt's testimony is based on an out-of-court statement made by Ellis, it constitutes hearsay and should be excluded.",,-2.8901491165161133,-100.0,-3.5151491165161133,-100.0,0.6513548646660542
mbe_815,TORTS,1991-July,train,"Plaintiff, a jockey, was seriously injured in a race when another jockey, Daring, cut too sharply in",C,C,True,1,492,98,"C  
No, unless Daring intended to cause impermissible contact between the two horses or apprehension of such contact by Plaintiff. The gold passage indicates that for a recovery based on intentional tort, there must be an intentional act causing injury that goes beyond what is ordinarily permissible. Since the passage emphasizes the need for intent in cases of battery, Plaintiff would not prevail on the battery claim unless it can be shown that Daring intended to cause the contact or the apprehension of such contact.",,-100.0,-100.0,-19.000045776367188,-20.625045776367188,0.8354835371034369
mbe_816,REAL PROP.,1991-July,train,Able entered into a written contract with Baker to sell Greenacre. The contract was dated June 19 an,D,A,False,1,428,150,"A  
The relevant considerations in advising Able of his legal position include whether time is of the essence (I) and the Statute of Frauds (III). The gold passage indicates that for a contract to be considered ""of the essence,"" it must either expressly state so or show a clear intention from the parties. Since the contract does not contain such a provision, it suggests that time may not be of the essence. The Statute of Frauds is relevant because it pertains to the enforceability of contracts for the sale of real estate, which is the subject of this contract. The other options, the parol evidence rule (II) and specific performance (IV), are not directly supported by the passage provided. Therefore, the correct answer is (",,-0.1619982123374939,-100.0,-100.0,-6.911998271942139,0.9988304898045712
mbe_817,CRIM. LAW,1991-July,train,"Lester was engaged to marry Sylvia. One evening, Lester became enraged at the comments of Sylvia's e",D,B,False,1,473,88,"B  
The gold passage defines an accessory after the fact as someone who, knowing that an offense has been committed, provides assistance to the offender to hinder their apprehension, trial, or punishment. In this case, Sylvia's actions of moving with Lester and Cynthia occurred after the child abuse incident had already taken place. Therefore, any aid she rendered to Lester was after the crime was completed, which supports the dismissal of the charge against her.",,-1.7709696292877197,-0.520969569683075,-100.0,-100.0,0.7772998714925403
mbe_818,CONST. LAW,1991-July,train,In response to massive layoffs of employees of automobile assembly plants located in the state of Am,A,A,True,1,577,89,"A  
The statute imposes an undue burden on foreign commerce. The gold passage explains that the dormant Commerce Clause prevents state regulations that impede the free flow of goods and prohibits protectionist state regulation designed to benefit in-state economic interests by burdening out-of-state competitors. By prohibiting the parking of automobiles manufactured outside of the United States in state-owned parking facilities, the statute clearly burdens foreign-made automobiles, which constitutes an undue burden on foreign commerce.",,-19.750335693359375,-100.0,-100.0,-100.0,1.0
mbe_819,EVIDENCE,1991-July,train,Pate sued Dr. Doke for psychiatric malpractice and called Dr. Will as an expert witness. During Will,A,B,False,1,333,94,"B  
The gold passage indicates that expert testimony is necessary to establish the applicable standard of care in cases of alleged negligence that are beyond the experience of a layman. While Dr. Will can rely on the text as a basis for his opinion, the passage does not support the idea that the text can be read to the jury as substantive evidence of the proper standard of care. Therefore, the passage is admissible as a basis for his opinion but not as substantive evidence.",,-4.939835071563721,-0.06483485549688339,-100.0,-100.0,0.9924227603569241
mbe_820,TORTS,1991-July,train,"The Daily Sun, a newspaper, printed an article that stated: Kitchen, the popular restaurant on the t",B,A,False,1,640,68,"A  
The record contains no evidence that Plaintiff suffered special harm as a result of the publication. Under Florida law, to establish a claim for defamation, the plaintiff must show that the falsity of the statement caused injury to another. If there is no evidence of special harm, the defendant's motion for a directed verdict should be granted.",,-0.5288153886795044,-100.0,-1.2788153886795044,-3.153815269470215,0.6473303404330739
mbe_821,TORTS,1991-July,train,"Surgeon performed a sterilization operation on Patient. After the surgery, Surgeon performed a test ",D,B,False,1,803,119,"B  
The question of whether a person can recover damages for a life burdened by a severe birth defect based on a physician's wrongful failure to prevent that person's birth from occurring is currently the most difficult to answer. The gold passage discusses the principles of compensatory damages and the criteria for recovering future damages, but it does not provide a clear answer regarding the legal basis for recovering damages specifically related to a birth defect resulting from a failure to prevent birth. This issue involves complex legal and ethical considerations that are not addressed in the passage, making it the most challenging question in the context of the lawsuit.",,-2.221088171005249,-0.846088171005249,-100.0,-100.0,0.7981867777396212
mbe_822,CRIM. LAW,1991-July,train,Robert walked into a store that had a checkcashing service and tried to cash a $550 check which was ,B,B,True,1,423,137,"B

The gold passage defines an attempt in criminal law as an unfinished crime that consists of two elements: the intent to commit the crime and the doing of some direct act toward its consummation, but falling short of the accomplishment of the ultimate design. In this scenario, Robert intended to commit robbery by threatening the attendant to give him money. However, he did not successfully complete the act of robbery because he left the check on the counter and did not endorse it, indicating that he did not fulfill the requirements to complete the crime. Therefore, Robert is most likely guilty of attempted robbery, as he demonstrated the intent and took direct action toward committing the crime, but did not complete it.",,-4.587836742401123,-0.5878366827964783,-100.0,-100.0,0.9820137910906878
mbe_823,CONTRACTS,1991-July,train,"For this question only, assume the following facts. During the first month of the contract, Kabb pur",C,C,True,1,743,126,"C  
Artiste will not succeed in her action against Petrol because the failure of a constructive condition precedent excused Petrol's duty to place his advertising with her. According to the gold passage, express conditions must be literally performed, while constructive conditions, which are imposed by law, can be shaped to do justice and avoid hardship. In this case, Petrol's obligation to place advertising with Artiste was contingent upon Kabb fulfilling his obligation to purchase gasoline from Petrol. Since Kabb purchased gasoline from another supplier, this failure constitutes a failure of a constructive condition precedent, thereby excusing Petrol from his duty to place advertising with Artiste.",,-17.625,-100.0,-3.128163257315464e-07,-16.25,0.9999998901980057
mbe_824,CONTRACTS,1991-July,train,"For this question only, make the following assumptions. Artiste was an intended beneficiary under th",A,A,True,1,769,142,"A  
According to the gold passage, an intended beneficiary, such as Artiste, may enforce the contract's original terms even if the contractual parties (Kabb and Petrol) agree to change those terms. The passage states that a discharge or modification of a duty to an intended beneficiary by the promisee (Kabb) or by a subsequent agreement between the promisor (Petrol) and promisee (Kabb) is ineffective if a term of the promise creating the duty so provides. Since Artiste was an intended beneficiary and there is no indication that she consented to the modification or that the contract allowed for such a change, she is likely to succeed in her action against Petrol for breach of contract.",,-0.3199687600135803,-100.0,-1.3199687004089355,-100.0,0.7310585669110203
mbe_825,TORTS,1991-July,train,"Drew, the owner of a truck leasing company, asked Pat, one of Drew's employees, to deliver $1,000 to",B,B,True,1,487,87,"B  
Under New York Law, for Pat to establish a prima facie case of slander, one of the elements is that the defamatory statement must be ""published to a third party by the defendant."" In this case, Drew's statement was overheard by several other employees, which satisfies the publication requirement. Therefore, if Drew should have foreseen that the statement would be overheard, it supports Pat's claim for slander.",,-100.0,-0.012065254151821136,-4.762065410614014,-8.887064933776855,0.9912850819884241
mbe_827,EVIDENCE,1991-July,train,"In a suit by Palmer against Denby, Palmer sought to subpoena an audiotape on which Denby had narrate",A,C,False,1,349,140,"C  
The gold passage outlines the conditions under which communications between a client and a legal adviser are protected from disclosure. It emphasizes that these communications must be made in confidence and for the purpose of seeking legal advice. In option C, the fact that Denby has been deposed and there is good reason to believe the audiotape may contain inconsistent statements suggests that the audiotape could be relevant to the case and may not be protected by privilege, especially if it could contradict Denby's testimony. This scenario indicates a potential waiver of the privilege, making the audiotape more likely to be subject to subpoena. The other options do not provide sufficient grounds for overcoming the privilege as outlined in the passage.",,-11.250141143798828,-12.875141143798828,-0.00014084660506341606,-100.0,0.9999844316605788
mbe_830,REAL PROP.,1991-July,train,"Owen, the owner of Greenacre, a tract of land, mortgaged Greenacre to ABC Bank to secure his preexis",C,C,True,1,664,93,"C  
The court is likely to hold for Owen because his arrangements for the payment of the mortgage would satisfy his obligation to deliver a marketable title. The gold passage indicates that a marketable title is one that is free from reasonable doubt and does not interfere with the market value of the property. Since Owen has offered to pay off the mortgage at closing, this would eliminate the encumbrance and fulfill the requirement for a marketable title as outlined in the passage.",,-100.0,-11.750014305114746,-1.4140441635390744e-05,-17.25001335144043,0.99999207849733
mbe_833,EVIDENCE,1991-July,train,"Defendant was prosecuted for bankruptcy fraud. Defendant's wife, now deceased, had testified adverse",A,C,False,1,451,134,"C  
The testimony of Defendant's wife should be excluded because it is hearsay not within any exception. The gold passage states that if a witness is available to testify at a subsequent trial, their former testimony is ordinarily inadmissible against the accused. In this case, the wife is deceased, making her unavailable, but the passage emphasizes that the testimony is only admissible if the party against whom it is offered had an opportunity and similar motive to develop the testimony. Since no serious effort was made to challenge her credibility during the earlier proceedings, the conditions for admissibility under the hearsay exception are not met. Therefore, the testimony is hearsay and should be excluded.",,-9.500360488891602,-11.375360488891602,-0.00036049127811565995,-100.0,0.9999136767223671
mbe_834,CONTRACTS,1991-July,train,"For this question only, assume the following facts. At the time of contracting, Mermaid told Phinney",A,A,True,1,758,114,"A  
Mermaid can retain the $200 paid by Phinney, because it would be difficult for Mermaid to establish her actual damages and the sum appears to have been a reasonable forecast in light of anticipated loss of profit from the charter. The gold passage indicates that the nonbreaching party must establish its ability to perform at the time of the breach, and since Phinney did not show up until noon, Mermaid had the opportunity to mitigate her damages by chartering the boat to Tess. Therefore, retaining the deposit as liquidated damages is justified under the circumstances.",,-0.00020616286201402545,-100.0,-13.875205993652344,-14.125205993652344,0.9999983239355249
mbe_835,CONTRACTS,1991-July,train,"For this question only, assume the following facts. On May 15 at 1 a.m., the Coast Guard had issued ",A,D,False,1,615,100,"D  
The contract is not discharged, and Phinney is not entitled to return of his deposit, because the liquidated-damage clause in effect allocated the risk of bad weather to Phinney. The passage emphasizes the concept of compensatory damages, which implies that the parties have agreed to certain terms regarding losses. In this case, the liquidated-damage clause indicates that Phinney accepted the risk of cancellation, including due to weather conditions, thus Mermaid is entitled to retain the deposit.",,-4.037599563598633,-100.0,-1.7875995635986328,-0.2875995635986328,0.8021511087320908
mbe_836,REAL PROP.,1991-July,train,"Eight years ago, Orben, prior to moving to a distant city, conveyed Blackacre, an isolated farm, to ",C,C,True,1,502,85,"C  
The gold passage indicates that a quitclaim deed conveys the grantor's complete interest in the property but does not warrant the validity of the title. Since Sam took possession of Blackacre, his possession would charge Fred with notice of Sam's claim to the property. Therefore, Fred should lose because he was not a subsequent purchaser for value without notice, as Sam's possession provided sufficient notice of his interest in the property.",,-1.0170587301254272,-100.0,-0.5170587301254272,-100.0,0.6224593312018546
mbe_837,REAL PROP.,1991-July,train,"Brown owned Blackacre, a tract of undeveloped land. Blackacre abuts Whiteacre, a tract of land owned",A,A,True,1,836,103,"A  
The facts constitute adverse possession and title to the portion of Blackacre concerned has vested in Agency. According to the gold passage, adverse possession requires actual, visible, continuous, notorious, distinct, and hostile possession of the property, which Agency has demonstrated by using the portion of Blackacre for waste piling for 12 years. Since the time for acquiring title by adverse possession in the jurisdiction is ten years, Agency's use of Blackacre meets the criteria for adverse possession, thus potentially vesting title in Agency.",,-0.420568585395813,-1.420568585395813,-100.0,-100.0,0.7310585786300049
mbe_839,CRIM. LAW,1991-July,train,Donald was arrested in Marilyn's apartment after her neighbors had reported sounds of a struggle and,A,C,False,1,637,98,"C  
Donald’s claim is incorrect because, at the time of his first trial for attempted rape and assault, Marilyn had not yet died. Therefore, he was not placed in jeopardy for murder, as the charge of felony murder requires the death of the victim. Since the elements of double jeopardy require that jeopardy must have previously attached and terminated for the same offense, and since the murder charge did not exist at the time of the first trial, his double jeopardy claim fails.",,-100.0,-100.0,-20.875,-24.375,0.9706877692486436
mbe_840,REAL PROP.,1991-July,train,"Ogle owned Greenacre, a tract of land, in fee simple. Five years ago, he executed and delivered to L",A,A,True,1,541,104,"A  
Lilly should be adjudged to have the right to immediate possession because the gold passage indicates that to establish adverse possession, the claimant must prove certain elements, none of which apply to Lilly's situation. Lilly holds a life estate granted by Ogle, and the passage does not provide any information that would suggest her life estate is affected by Ogle's subsequent actions or his will. Therefore, Lilly's life estate remains valid, and she retains the right to possess Greenacre for the duration of her natural life.",,-0.1504664421081543,-100.0,-100.0,-100.0,1.0
mbe_841,CRIM. LAW,1991-July,train,Devlin was charged with murder. Several witnesses testified that the crime was committed by a person,C,C,True,1,676,92,"C  
The prosecution's request for Devlin to walk across the courtroom to display his limp is a legitimate part of a proper courtroom identification process. The gold passage discusses the identification procedures and emphasizes that if the trial court determines there was no unduly suggestive identification procedure, the identification evidence is admissible. Since the request does not appear to be unnecessarily suggestive and is relevant to the identification of the suspect, Devlin's objection will most likely be denied.",,-21.375001907348633,-100.0,-20.000001907348633,-100.0,0.7981867777396212
mbe_843,TORTS,1991-July,train,"Penkov suffered a severe loss when his manufacturing plant, located in a shallow ravine, was flooded",D,C,False,1,603,137,"C

The gold passage discusses the concept of causation in negligence actions, specifically focusing on but-for causation and proximate cause. In this case, the flooding was caused by the negligence of both City and Railroad, and Penkov's loss would not have occurred but for the negligence of either party. Since there is no special rule insulating City from liability, Penkov can recover from Railroad. However, the passage does not provide a basis for determining how to apportion liability between City and Railroad. Therefore, in the absence of evidence that enables the court to allocate responsibility fairly, Penkov should recover one-half of his loss, as this is a reasonable approach given the shared negligence.",,-100.0,-1.9386967420578003,-0.8136967420578003,-2.81369686126709,0.6849372610439594
mbe_844,CRIM. LAW,1991-July,train,"Smith asked Jones if he would loan him $500, promising to repay the amount within two weeks. Jones l",D,C,False,1,353,150,"(C) 

According to the gold passage, obtaining money by false pretenses involves obtaining possession of property through a trick or device with the intent to permanently deprive the owner of it. In this scenario, Smith asked Jones for a loan, which implies that he intended to repay it. However, once he took the money and lost it at the racetrack, he did not have the intent to repay Jones, which indicates a conversion of the money to his own use. Therefore, Smith's actions can be classified as obtaining money by false pretenses. 

Larceny by trick requires that the owner does not intend to transfer title, but in this case, Jones intended to loan the money, which means he did transfer possession with the expectation of repayment",,-3.536407470703125,-100.0,-1.411407470703125,-100.0,0.8933094060543487
mbe_846,CONST. LAW,1991-July,train,"The federal statute admitting the state of Blue to the Union granted Blue certain public lands, and ",A,C,False,1,579,103,"C  
The United States Supreme Court should decline to review the case because the decision of the Blue Supreme Court rests on an adequate and independent state ground. The Blue Supreme Court's ruling was based on the interpretation of the federal statute and its identical provisions in the state constitution, but since it did not discuss the state constitutional provision, the decision can be seen as relying on state law grounds that are independent of the federal question. According to the doctrine cited in the gold passage, the Supreme Court will not review such cases.",,-100.0,-100.0,-20.3750057220459,-22.3750057220459,0.8807970779778823
mbe_848,TORTS,1991-July,train,The manager of a department store noticed that Paula was carrying a scarf with her as she examined v,B,B,True,1,608,109,"B  
The store's best defense against Paula's claim of false imprisonment would be that the manager had a reasonable belief that Paula was shoplifting and detained her only briefly for a reasonable investigation of the facts. The gold passage states that a merchant may detain a suspected shoplifter if there is reasonable cause to believe that shoplifting occurred and if the detention is performed in a reasonable manner and for a reasonable length of time. Since the manager observed Paula with the scarf and had a basis for suspicion, this defense aligns with the legal standard provided.",,-100.0,-17.625,-100.0,-100.0,1.0
mbe_849,CONST. LAW,1991-July,train,A proposed federal statute would prohibit all types of discrimination against black persons on the b,B,B,True,1,696,117,"(B) Yes, because it could reasonably be viewed as a means of enforcing the provisions of the Thirteenth Amendment.

The gold passage discusses Congress's power to regulate local activities that have a substantial effect on interstate commerce. While the passage does not explicitly mention the Thirteenth Amendment, it implies that Congress has broad authority to enact laws that address economic practices affecting commerce. A statute prohibiting discrimination based on race could be seen as a means of enforcing the Thirteenth Amendment's prohibition of slavery and involuntary servitude, thereby justifying its constitutionality under Congress's enforcement powers.",,-100.0,-3.5601296424865723,-100.0,-100.0,1.0
mbe_851,TORTS,1991-July,train,"John's father, Jeremiah, died in Hospital. Hospital maintains a morgue with refrigerated drawers a b",A,A,True,1,740,100,"A  
John should prevail because the sensitivity people have regarding the care of the bodies of deceased relatives is recognized in the context of negligent infliction of emotional distress. The gold passage cites the case of Carney, which allows for recovery in cases involving the desecration of a grave and acknowledges that mental anguish will result from the mishandling of a corpse. This supports the idea that John's emotional distress from the mishandling of his father's body is valid, despite not seeking medical or psychiatric treatment.",,-0.2799091339111328,-100.0,-4.529909133911133,-5.404909133911133,0.9801899194029993
mbe_852,REAL PROP.,1991-July,train,"Able was the owner of Greenacre, a large tract of land. Able entered into a binding written contract",B,D,False,1,550,115,"D  
The gold passage indicates that a judgment lien can only attach to whatever interest the debtor has in the property. Since Able is bound by a contract to convey marketable title to Baker, and the judgment lien against Able encumbers his interest in Greenacre, Baker is justified in declining to accept the title. The statute creating judgment liens takes precedence over the recording act, as it establishes that the lien is valid against any property owned by the debtor, which includes Greenacre. Therefore, Baker's refusal to accept the title is valid, and the judgment should be for Baker.",,-100.0,-100.0,-0.9722551107406616,-0.7222551107406616,0.5621765008857981
mbe_853,EVIDENCE,1991-July,train,Post sued Dint for dissolution of their yearlong partnership. One issue concerned the amount of mone,A,C,False,1,513,69,"C  
Dint's testimony is inadmissible because the ledger is the best evidence of the amounts Post received. The passage emphasizes the importance of reliable evidence and the need for a proper basis for testimony. In this case, the ledger serves as the primary record of the transactions, and Dint's recollection cannot supersede the documented evidence.",,-6.765556812286377,-100.0,-0.01555680576711893,-100.0,0.9988304897425598
mbe_854,CONTRACTS,1991-July,train,"In a signed writing, Nimrod contracted to purchase a 25-foot travel trailer from Trailco for $15,000",A,A,True,1,539,123,"(A) Nimrod had a right to reject the trailer, but Trailco was entitled to a reasonable opportunity to cure the defect.

The gold passage indicates that under the Uniform Commercial Code's perfect tender rule, a buyer may reject a seller's tender for any trivial defect. While Nimrod did have the right to reject the trailer due to the missing spare tire, the passage implies that the seller (Trailco) is entitled to a reasonable opportunity to cure the defect. Therefore, Nimrod's rejection was not absolute, and Trailco's offer to install a spare tire demonstrates that they were willing to cure the defect.",,-1.924525260925293,-1.174525260925293,-100.0,-100.0,0.32082130082460697
mbe_855,REAL PROP.,1991-July,train,"Oker owned in fee simple two adjoining lots, Lots 1 and 2. He conveyed in fee simple Lot 1 to Frank.",D,B,False,1,752,137,"B  
Tim's claim against Henry is likely to fail because Frank's deed from Oker was never recorded. According to the gold passage, an unrecorded contract (or deed) is void against any person who subsequently purchases or acquires the same realty in good faith and for valuable consideration, provided that their conveyance is first duly recorded. Since Henry, as the current owner of Lot 2, is a subsequent purchaser who recorded his deed, he is protected against the unrecorded covenant in Oker's deed to Frank. Therefore, if judgment is for Henry, it will be because Tim's claim is based on an unrecorded deed that does not bind Henry.",,-12.625033378601074,-3.333223139634356e-05,-11.250033378601074,-100.0,0.9999837042087774
mbe_856,TORTS,1991-July,train,"While Prudence was leaving an elevator, it suddenly dropped several inches, causing her to fall. An ",D,C,False,1,611,137,"C  
The gold passage discusses the principle that a tortfeasor takes their victim as they find them, which is known as the ""eggshell plaintiff"" rule. This principle indicates that a tortfeasor is responsible for the full extent of the plaintiff's damages, even if those injuries are exacerbated by a pre-existing condition. In Prudence's case, although she had a preexisting physical disability, the negligence of Acme Elevator Company in maintaining the elevator led to her injuries. Therefore, she should recover damages for the full amount of her disability, as the tortfeasor is liable for the consequences of their actions, regardless of the plaintiff's prior condition.",,-100.0,-100.0,-0.0684480369091034,-5.443448066711426,0.9953904279573685
mbe_857,EVIDENCE,1991-July,train,"Dix is on trial for killing Vetter. The prosecutor calls Winn to testify that after being shot, Vett",A,A,True,1,656,118,"A  
The gold passage indicates that a district court has wide discretion in ruling on the admissibility of evidence and that the judge should consider the relevance of the evidence before allowing it to be presented to the jury. Since the issue at hand is whether Vetter believed his death was imminent when he made the statement, it is appropriate for the judge to hear evidence from both sides outside the presence of the jury to make a determination on the admissibility of the dying declaration. This aligns with option (A), which allows the judge to decide based on evidence presented by both parties without the jury present.",,-0.014196529053151608,-12.889196395874023,-100.0,-10.514196395874023,0.9999699031637176
mbe_858,CRIM. LAW,1991-July,train,"Police received an anonymous tip that Tusitala was growing marijuana in her backyard, which was surr",D,D,True,1,661,84,"D  
The court should deny the motion because Tusitala had no reasonable expectation of privacy from aerial observation. The gold passage states that observations made from public navigable airspace, where the officers were legally allowed to be, do not violate the Fourth Amendment. It emphasizes that what a person knowingly exposes to the public is not protected, and Tusitala's expectation that her garden was shielded from such observation is deemed unreasonable.",,-100.0,-20.000001907348633,-100.0,-20.125001907348633,0.46879062662624377
mbe_859,CONTRACTS,1991-July,train,"Buyem faxed the following signed message to Zeller, his long-time widget supplier: ""Urgently need bl",B,C,False,1,1120,128,"C  
Buyem may accept the shipment of red widgets, in which case he must pay Zeller the list price, less any damages sustained because of the nonconforming shipment. Alternatively, he may reject the shipment and recover from Zeller for total breach of contract, subject to Zeller's right to cure. The gold passage indicates that a breach can be material or immaterial, and if it is material, the non-breaching party may treat the contract as at an end. Since Zeller shipped nonconforming goods (red instead of blue), this constitutes a breach, and Buyem has the options outlined in choice C.",,-5.113216876983643,-100.0,-0.23821674287319183,-100.0,0.9924227597406265
mbe_860,CONST. LAW,1991-July,train,Members of a religious group calling itself the Friends of Lucifer believe in Lucifer as their Supre,D,D,True,1,877,98,"D  
The gold passage indicates that expression, including religious conduct, is subject to reasonable time, place, and manner restrictions that are justified without reference to the content of the speech and serve significant governmental interests. The U.S. National Park Service's prohibition of overnight camping and campfires on Mt. Snow is likely a nondiscriminatory restriction aimed at protecting public safety, which aligns with the passage's principles. Therefore, the denial of the permit can be considered valid under these constitutional principles.",,-8.500707626342773,-10.125707626342773,-100.0,-0.0007071906002238393,0.9997565257338692
mbe_861,EVIDENCE,1991-July,train,"Park sued Davis Co. for injuries suffered in the crash of Park's dune buggy, allegedly caused by a d",D,D,True,1,380,101,"D

The gold passage discusses the admissibility of evidence of other crimes or wrongs, specifically outlining a four-prong test for such evidence. Choice (D) refers to a judgment for another plaintiff against Davis Co. in a different case, which does not meet the criteria outlined in the passage. It does not pertain to the specific issue of whether the part was manufactured by Davis Co. and does not satisfy the relevance requirement of the four-prong test. Therefore, it is not admissible.",,-12.37505054473877,-100.0,-15.12505054473877,-5.013994814362377e-05,0.9999955072128763
mbe_862,REAL PROP.,1991-July,train,"Anna entered into a valid written contract to purchase Blackacre, a large tract of land, from Jones ",C,D,False,1,548,132,"D  
The gold passage states that title to real property can only be conveyed by a valid, acknowledged deed. In this case, the deed executed by Jones purported to convey Blackacre to Anna and Charles. However, since Charles had died before the closing, he could not legally be a party to the transaction, and thus the deed was not valid as to him. Consequently, Anna would only have legal title to her half of the property, while the other half would pass to Nelson, as he is the rightful heir under Charles's will. Therefore, the court should hold that legal title to Blackacre is vested one-half in Anna and one-half in Nelson.",,-100.0,-4.475088119506836,-100.0,-0.10008835792541504,0.9875683462197239
mbe_863,CONTRACTS,1991-July,train,"For this question only, assume that when Miller tendered the first installment to Eclaire in complia",D,D,True,1,505,97,"D  
The gold passage indicates that contracts are freely assignable under New York law unless there is clear language expressly prohibiting assignment. Since there is no indication in the fact pattern that the contract between Staff, Inc. and Eclaire contained such prohibitive language, the assignment of the contract to Miller, Inc. is valid. Therefore, arguments I, II, and III do not have legal support based on the passage, making Eclaire's rejection of the goods legally unsupported.",,-14.50009822845459,-100.0,-13.37509822845459,-9.829823102336377e-05,0.9999979421562607
mbe_864,CONTRACTS,1991-July,train,"For this question only, assume that Eclaire accepted Miller's delivery of the first installment unde",D,D,True,1,701,107,"D  
The gold passage discusses the duty to mitigate damages in a breach-of-contract action, but it does not provide any support for the defenses listed in the question. Specifically, it does not address whether Eclaire's lack of express agreement to accept Miller, the effect of payment to Staff on Eclaire's obligation, or Staff's continued obligation after the assignment to Miller. Therefore, none of the defenses I, II, or III are supported by the passage, making the correct answer D: Neither I nor II nor III.",,-14.625000953674316,-100.0,-18.000001907348633,-1.1472419600977446e-06,0.9999995396849076
mbe_865,CRIM. LAW,1991-July,train,"On October 22, Officer Jones submitted an application for a warrant to search 217 Elm Street for coc",D,A,False,1,552,96,"A  
The judge should grant the motion to suppress because the application contains a material statement that is false. The gold passage indicates that the validity of a search warrant is not undermined by inaccuracies in the informant's information as long as the applicant accurately represents what the informant provided. If the judge concludes that the statement attributed to Susie Schultz is incorrect, it means that Officer Jones did not accurately represent the information, which is a material falsehood affecting the warrant's validity.",,-0.4836910665035248,-5.233691215515137,-100.0,-100.0,0.9914225158534696
mbe_866,CONST. LAW,1991-July,train,The Personnel Handbook of Green City contains all of that city's personnel policies. One section of ,C,A,False,1,448,105,"(A) 

The gold passage indicates that property interests, including those related to employment, are not created by the Constitution but rather by existing rules or understandings, such as state law. Therefore, the initial burden of persuasion lies with the Green City Council to demonstrate that the personnel handbook did not create a constitutionally protected interest in city employment or in the procedures for termination. This aligns with choice (A), as it reflects the need to establish whether a protected interest exists based on the rules defined by the handbook and state law.",,-2.91595196723938,-100.0,-1.6659519672393799,-100.0,0.22270013882530884
mbe_867,EVIDENCE,1991-July,train,Dean was prosecuted in federal court for making threats against the President of the United States. ,C,C,True,1,328,98,"C  
The gold passage indicates that communications made during or in connection with the provision of mental health services are privileged against disclosure. However, it does not specify that all statements made in a medical setting are protected, particularly when they involve threats to public safety, such as threats against the President. Since Dean's statement about planning to shoot the President does not fall within the scope of any recognized privilege mentioned in the passage, his motion to prevent the nurse from testifying is likely to be unsuccessful.",,-20.0,-100.0,-20.5,-100.0,0.37754066879814546
mbe_868,REAL PROP.,1991-July,train,"Able, who owned Blackacre, a residential lot improved with a dwelling, conveyed it for a valuable co",A,A,True,1,408,97,"A  
Baker's success in recovering the cost of repairs hinges on Able's failure to disclose a latent defect, which is defined as a hidden or concealed defect that could not be discovered by reasonable and customary observation or inspection. Since Able was aware of the sewage issue and did not disclose it to Baker, this nondisclosure impairs Baker's right to receive the benefits of the contract. Therefore, the correct answer is that Baker would win because Able failed to disclose a latent defect.",,-7.719917630311102e-05,-100.0,-100.0,-13.000077247619629,0.9999977396758115
mbe_869,TORTS,1991-July,train,"Gardner's backyard, which is landscaped with expensive flowers and shrubs, is adjacent to a golf cou",A,D,False,1,559,114,"D  
According to the gold passage, trespass involves an intentional or negligent intrusion upon the possessory interest in property of another without consent. However, the passage does not explicitly address the concept of necessity as a defense to trespass. Given that Driver's entry onto Gardner's property was occasioned by necessity (to avoid being hit by a falling tree), it suggests that Driver may have been privileged to enter the property under these circumstances. Therefore, Gardner would not prevail in his action against Driver for damages, as Driver's actions were justified by the necessity of avoiding harm.",,-9.500237464904785,-100.0,-100.0,-0.00023762896307744086,0.9999251537602111
mbe_870,CRIM. LAW,1991-July,train,"Steve, in desperate need of money, decided to hold up a local convenience store. Determined not to h",D,D,True,1,470,95,"D  
Steve's best argument for being found NOT guilty is that he is not responsible for the acts of the customer. The gold passage indicates that felony-murder liability extends to deaths that are a natural and probable consequence of the unlawful activity, but it does not hold the defendant responsible for the actions of third parties, such as the customer who fired the gun. Therefore, Steve can argue that he should not be held liable for the clerk's death caused by the customer's actions.",,-7.005362510681152,-100.0,-6.505362510681152,-0.005362413823604584,0.9975904987940903
mbe_871,CONTRACTS,1991-July,train,"Client consulted Lawyer about handling the sale of Client's building, and asked Lawyer what her lega",B,B,True,1,778,117,"B  
Nothing, because the amount of Lawyer's fee was disputed in good faith by Client, and Lawyer impliedly agreed to an accord and satisfaction. The gold passage outlines the requirements for an accord and satisfaction, which include the existence of a disputed claim and an agreement by both parties to accept a lesser amount as full payment. Client's letter indicated a good-faith belief that the fee was capped at $5,000, and by endorsing and depositing the check marked ""Payment in full,"" Lawyer accepted that amount, thereby relinquishing any claims for the additional $2,500.",,-100.0,-17.504077911376953,-100.0,-100.0,1.0
mbe_872,REAL PROP.,1991-July,train,Pauline and Doris own adjacent parcels of land. On each of their parcels was a low-rise office build,D,D,True,1,630,89,"D  
The gold passage establishes that an owner has the right to shut off air and light from their neighbor's windows by building on their own property, regardless of the impact on the neighbor's convenience or inconvenience. Since Doris has secured all necessary governmental approvals and is acting within her rights to construct a new high-rise building, Pauline has no legal right to demand that sunshine continue to reach her building. Therefore, the court should grant judgment for Doris.",,-100.0,-100.0,-15.125001907348633,-1.7432603272027336e-06,0.9999997300422667
mbe_875,CRIM. LAW,1991-July,train,"State Y employs the Model Penal Code or American Law Institute test for insanity, and requires the s",A,A,True,1,496,76,"A  
The gold passage indicates that a judge may submit the issue of insanity to the jury unless it would be ""clearly unreasonable"" for the jury to find against the defendant. Therefore, if the judge believes that the jury could not reasonably find the prosecution has proved sanity beyond a reasonable doubt, she may grant a directed verdict for the defense. This aligns with option (A).",,-0.4118789732456207,-100.0,-1.1618789434432983,-100.0,0.6791786926816161
mbe_876,CRIM. LAW,1991-July,train,"Trelawney worked at a day-care center run by the Happy Faces Day Care Corporation. At the center, on",B,B,True,1,785,101,"B  
Trelawney's best argument that he is NOT guilty of murder is that he lacked the mental state necessary to the commission of the crime. The gold passage discusses the concept of depraved indifference murder, which requires a certain level of moral depravity and intent. Since Trelawney reported Smith's condition to his supervisor and was not aware of the duty-to-report statute, it suggests he did not act with the intent or depraved indifference necessary to be found guilty of murder.",,-100.0,-0.062317658215761185,-3.0623176097869873,-100.0,0.9525741246345829
mbe_877,TORTS,1991-July,train,"If Perkins asserts a claim for damages against Delval Airline based on negligence, Perkins will",D,D,True,1,401,81,"D  
The gold passage states that tort law requires a duty of reasonable care to avoid injury to others, which implies that if the flight attendants should have perceived Morton's condition and acted to protect Perkins, they may have breached that duty. This suggests that Perkins could recover if it can be shown that the flight attendants failed to exercise reasonable care in addressing Morton's intoxication and the risk it posed to Perkins.",,-8.010217666625977,-100.0,-100.0,-0.010217451490461826,0.999664649941655
mbe_878,TORTS,1991-July,train,"If Perkins asserts a claim for damages against Delval Airline based on battery, she will",C,C,True,1,418,86,"C  
Perkins will not prevail in her claim for damages against Delval Airline based on battery because Morton was not acting as an agent or employee of Delval Airline. The gold passage outlines the requirements for establishing a respondeat superior claim, which includes the necessity of a principal/agent or employer/employee relationship. Since Morton is not an employee or agent of Delval Airline, the airline cannot be held liable for his actions.",,-19.125003814697266,-18.000003814697266,-3.7697225252486533e-06,-100.0,0.9999999798255712
mbe_879,CONST. LAW,1991-July,train,Terrorists in the foreign country of Ruritania kidnapped the United States ambassador to that countr,C,C,True,1,479,74,"C  
The gold passage states that if constitutional executive agreements conflict with state law, the executive agreement controls. This supports the argument that the President's power to negotiate with foreign nations and make executive agreements implies authority that can prevail over state law, which is relevant to the situation where the President's agreement with Ruritania conflicts with the governor's refusal to release the prisoner.",,-100.0,-100.0,-20.5,-100.0,1.0
mbe_881,CONTRACTS,1991-July,train,Debbit is contractually obligated to deliver the stacks because,B,B,True,1,735,92,"B  
Debbit's letter (received by Barrister on November 10) and Barrister's fax-message of November 14 constituted an effective modification of the original sale-of-books contract. The gold passage explains that a modification of a contract introduces new elements or cancels some terms while leaving the general purpose and effect undisturbed. Barrister's acceptance of the stacks as part of the agreement introduces new elements into the contract, thus modifying the original terms.",,-12.250008583068848,-8.65707261255011e-06,-100.0,-100.0,0.999995214905151
mbe_882,CONTRACTS,1991-July,train,"For this question only, assume that on November 12 Debbit told Barrister that he had decided not to ",B,C,False,1,589,139,"C  
The gold passage discusses the concept of professionalism in determining who is a merchant under the statute, indicating that the knowledge and skill of professionals are relevant in such determinations. Since Debbit is not a merchant with respect to the book stacks, he is not bound by the same standards that would apply to a merchant. However, the passage does not provide any information that would support the idea that Debbit can revoke his offer after having given a signed assurance to hold it open until November 15. Therefore, the communication on November 12 would not operate as a legally effective revocation of his offer to deliver the stacks, as Barrister had a reasonable expectation based on Debbit's assurance.",,-11.63178539276123,-10.00678539276123,-0.006785116624087095,-100.0,0.9999456632616607
mbe_883,REAL PROP.,1991-July,train,"Seller owned Blackacre, improved with an aging four-story warehouse. The warehouse was built to the ",A,A,True,1,483,131,"A  
The gold passage outlines the requirements for a claim of fraudulent misrepresentation, which includes a false representation concerning a material existing fact that the plaintiff reasonably relied upon and was damaged as a result. In this scenario, if Seller failed to disclose the issue with the loading docks, which is a material fact affecting the use and value of Blackacre, Buyer could potentially claim misrepresentation. However, the passage does not provide support for the other options, such as breach of warranty, failure of consideration, or mutual mistake, as they are not discussed in the context of the provided legal rule. Therefore, the most appropriate claim based on the passage is misrepresentation.",,-0.2425321638584137,-3.242532253265381,-2.492532253265381,-100.0,0.8656612514633188
mbe_884,EVIDENCE,1991-July,train,"Prescott sued Doxie for fraud. After verdict for Prescott, Doxie talked with juror Wall about the tr",D,C,False,1,378,130,"C  
The gold passage indicates that to show probable injury, there must be an indication that the alleged misconduct likely caused a juror to vote differently than they would have otherwise. If juror Wall testifies that he relied on testimony that the judge had stricken and ordered the jury to disregard, this suggests that his vote was influenced by improper information, which could be seen as misconduct affecting the verdict. This aligns with the requirement of showing that the juror's decision was impacted in a way that could have changed the outcome of the trial. The other options do not demonstrate a direct link to misconduct that would likely cause a juror to vote differently.",,-18.125911712646484,-100.0,-17.875911712646484,-100.0,0.5621765008857981
mbe_886,REAL PROP.,1991-July,train,"Ody, owner of Profitacre, executed an instrument in the proper form of a deed, purporting to convey ",C,A,False,1,731,118,"The passage provided discusses the concept of waiver of statutory rights and does not address the specific legal principles related to life estates, remainder interests, or the rights of parties in a property conveyance. Therefore, it does not support any of the answer choices regarding the ownership and rights of Leon, Ralph, and Mona concerning Profitacre.

Since the passage does not provide relevant legal principles to evaluate the options, I cannot determine a correct answer based on the information given.

Thus, I cannot select any of the options (A, B, C, or D) as correct based on the gold passage.",,-2.542179822921753,-100.0,-100.0,-100.0,1.0
mbe_888,TORTS,1991-July,train,"At the trial of an action against Grandmother on behalf of Patrick, the following evidence has been ",D,D,True,1,418,105,"D  
The gold passage states that a duty of care arises when it is foreseeable that harm may result if care is not exercised. In this case, a jury could find that Grandmother had a duty to ensure that the gun cabinet was secured, especially given that it contained a firearm, which is inherently dangerous. The fact that she forgot to relock the cabinet could be seen as a breach of that duty, making it foreseeable that harm could result from her negligence. Therefore, the motion for a directed verdict should be denied.",,-18.125003814697266,-100.0,-13.250003814697266,-4.127333340875339e-06,0.9999982262158696
mbe_893,CONST. LAW,1991-July,train,A newly enacted federal statute appropriates $100 million in federal funds to support basic research,C,C,True,1,648,111,"C  
The statute is constitutional, because Congress has plenary authority to determine the objects of its spending and the methods used to achieve them, so long as they may reasonably be deemed to serve the general welfare and do not violate any prohibitory language in the Constitution. The gold passage indicates that the Spending Clause provides Congress with broad discretion to tax and spend for the general welfare, which includes funding specific programs or activities. Therefore, the method of determining the recipients of the funds, as outlined in the statute, falls within Congress's authority under the Spending Clause.",,-100.0,-100.0,-20.0000057220459,-19.2500057220459,0.32082130082460697
mbe_894,CONTRACTS,1991-July,train,Which of the following fact patterns most clearly suggests an implied-in-fact contract?,C,C,True,1,386,106,"C  
The gold passage defines an express contract as one where there is an exchange of promises communicated between the parties. An implied-in-fact contract arises from the conduct of the parties rather than from explicit communication. In option C, Asphalt mistakenly paved Nabor's driveway while Nabor looked on without objecting, which suggests that Nabor's silence and conduct could imply acceptance of the service, indicating an implied-in-fact contract. The other options do not clearly suggest an implied-in-fact contract based on the passage's definition.",,-5.385628700256348,-6.635628700256348,-0.010628477670252323,-100.0,0.9940775861139479
mbe_895,REAL PROP.,1991-July,train,"Ashton owned Woodsedge, a tract used for commercial purposes, in fee simple and thereafter mortgaged",B,D,False,1,669,98,"D  
First Bank is entitled to collect a deficiency judgment against Ashton, Beam, and Carter. According to the gold passage, the party seeking a deficiency judgment must prove that the fair market value of the property was less than the total mortgage debt owed. Since all three parties (Ashton, Beam, and Carter) are involved in the mortgage and the foreclosure process, and there is no indication that any of them are exempt from liability, First Bank can pursue a deficiency judgment against all three.",,-6.503538131713867,-6.253538131713867,-100.0,-0.003537940327078104,0.9965778585942922
mbe_896,TORTS,1991-July,train,Landco purchased a large tract of land intending to construct residential housing on it. Landco hire,B,C,False,1,520,90,"C  
The gold passage discusses the concept of duty and reasonable care in the context of negligence. It indicates that a duty of care is determined by existing social values and customs, and it emphasizes the importance of exercising reasonable care. In this case, if Poolco used reasonable care in conducting the blasting operations, then Landco would not be liable for the damages to Plaintiff's home. Therefore, Plaintiff should not prevail if Poolco acted with reasonable care.",,-4.904850959777832,-4.654850959777832,-0.029851147904992104,-4.904850959777832,0.9755394713904059
mbe_897,CONST. LAW,1991-July,train,The state of Atlantica spends several million dollars a year on an oyster conservation program. As p,C,A,False,1,736,113,"A  
The gold passage discusses the preemption doctrine and the reluctance of courts to find preemption unless there is a clear and manifest purpose of Congress. The argument in choice (A) that the higher permit charges for nonresidents constitute an undue burden on interstate commerce aligns with the principles of federalism and the potential for state laws to interfere with interstate commerce. This argument is the strongest because it directly addresses the conflict between state law and the interests of interstate commerce, which is a key consideration in evaluating the legality of state-imposed restrictions on nonresidents.",,-0.1820458620786667,-6.307045936584473,-2.8070459365844727,-100.0,0.9305552291674165
mbe_898,CONST. LAW,1991-July,train,The United States Department of the Interior granted Concessionaire the food and drink concession in,D,D,True,1,561,112,"D  
The strongest ground upon which Concessionaire could challenge the occupancy tax is that it violates the supremacy clause of Article VI and the federal statute authorizing such concessions. The gold passage states that the Supremacy Clause provides the basis for Congress's power to preempt state law, indicating that conflicts between federal and state law are resolved in favor of federal law. Since the federal statute authorizing the concessions allows for nominal rental and implies that state taxes should not apply, Concessionaire can argue that the state occupancy tax is preempted by federal law.",,-100.0,-100.0,-100.0,-20.875,1.0
mbe_899,TORTS,1991-July,train,"Davis has a small trampoline in his backyard which, as he knows, is commonly used by neighbor childr",A,A,True,1,774,117,"A  
The doctrine of primary assumption of the risk applies here, as Philip voluntarily engaged in the activity of jumping on the trampoline, which is a recreational activity that carries inherent risks. The passage indicates that if children are likely to be attracted by the trampoline, they would normally realize the risk of using it without mats. Since the trampoline is a common recreational item and the risks associated with jumping on it without proper safety measures (like mats) are ordinary and common knowledge, Philip's injuries would fall under the assumption of risk doctrine. Therefore, he would not prevail in his action against Davis.",,-0.3621569871902466,-1.6121569871902466,-2.987156867980957,-100.0,0.7358651909525357
mbe_900,EVIDENCE,1991-July,train,Deben was charged with using a forged prescription from a Dr. Kohl to obtain Percodan* from Smith's ,B,B,True,1,375,102,"B  
The gold passage indicates that a lay witness' opinion testimony is admissible in the identification context if there is a basis for concluding that the witness is more likely to correctly identify the defendant than the jury. Wallman and Witler's testimony serves to identify Deben as the person who presented prescriptions for Percodan at their respective drugstores on May 1, which is relevant to the identification of Deben in the context of the charges against him. Therefore, their testimony is admissible for this purpose.",,-13.000715255737305,-0.0007150543970055878,-13.000715255737305,-100.0,0.9999954793625326
mbe_901,CONST. LAW,1991-July,train,An ordinance of the city of Green requires that its mayor must have been continuously a resident of ,A,A,True,1,744,147,"(A) 

The court should refuse to determine the merits of this suit because there is no case or controversy. According to the gold passage, Article III of the U.S. Constitution limits judicial power to the resolution of ""cases"" and ""controversies."" The doctrine of standing requires a plaintiff to demonstrate an ""injury in fact"" that is concrete and particularized, actual or imminent, and not merely conjectural or hypothetical. In this scenario, Candidate has not yet been elected and will not meet the residency requirement at the time of taking office, which raises questions about whether he has a concrete and particularized injury that is actual or imminent. Therefore, the court may find that there is no justiciable controversy to resolve.",,-0.8259893655776978,-11.325989723205566,-100.0,-100.0,0.9999724643187327
mbe_902,REAL PROP.,1991-July,train,"Oliver, owner of Blackacre, needed money. Blackacre was fairly worth $100,000, so Oliver tried to bo",D,A,False,1,483,73,"A  
Len's oral agreement to reconvey is invalid under the Statute of Frauds, as the passage indicates that any contract creating an option to purchase an interest in real property must be in writing to be valid. Since Len's agreement to reconvey Blackacre to Oliver was not in writing, it is unenforceable, meaning Len owns Blackacre outright.",,-0.029805226251482964,-12.654805183410645,-10.029805183410645,-100.0,0.9999513136787436
mbe_903,CONST. LAW,1991-July,train,Big City High School has had a very high rate of pregnancy among its students. In order to assist st,D,D,True,1,618,104,"D  
The gold passage indicates that when a statute classifies individuals based on gender, the party seeking to uphold the classification must show that it serves important governmental objectives and that the means employed are substantially related to achieving those objectives. In this case, Joe is challenging the school's admission policy, which discriminates based on gender by excluding him from the child-care classes despite his legal custody of his son. Therefore, the burden of persuasion lies with the school to demonstrate that its admission policy is substantially related to an important governmental interest.",,-13.62747859954834,-14.37747859954834,-100.0,-0.0024787469301372766,0.9999982186349898
mbe_904,CRIM. LAW,1991-July,train,Defendant was upset because he was going to have to close his liquor store due to competition from a,A,C,False,1,492,131,"C  
The gold passage indicates that the offense of unlawfully causing a fire can include reckless accidents or unintentional fires, which require a person to be aware of and consciously disregard a substantial and unjustifiable risk. In this case, the defendant's act of starting the fire was a reflex action, which suggests that he did not consciously disregard a risk, as he did not intend to start the fire in that moment. Therefore, there is no concurrence between his mens rea (the intent to burn the building) and the act of starting the fire (which was unintentional). Thus, he is not guilty based on the information provided in the passage.",,-2.9342856407165527,-100.0,-0.43428555130958557,-1.6842855215072632,0.730679128562265
mbe_905,TORTS,1991-July,train,"In his employment, Grinder operates a grinding wheel. To protect his eyes, he wears glasses, sold un",C,C,True,1,480,95,"C  
No, because the glasses were not designed or sold for protection against the kind of hazard Grinder encountered. The gold passage indicates that a product is defective if it lacks any element necessary to make it safe for its intended use. The warning label on the glasses specifically states that they protect only against small, flying objects, which does not include the hazard posed by the disintegrating grinding wheel. Therefore, Grinder's injury was not covered by the intended use of the glasses.",,-100.0,-100.0,-19.3750057220459,-100.0,1.0
mbe_906,TORTS,1991-July,train,"Based upon the foregoing facts, if Paul sues Shampoo Company to recover damages for his dermatitis, ",D,D,True,1,764,124,"D  
The gold passage indicates that a supplier has a duty to warn end users of a dangerous product and that this includes providing adequate instructions for safe use. In this case, the label on the box clearly stated the maximum amount to use and warned against excessive use, which Paul ignored. However, the question of whether the warning was adequate can be evaluated based on the criteria provided in the passage. Since Paul did not have the box and may not have fully understood the risks associated with excessive use, he could argue that the labeling was inadequate to warn him of the dangers, making option D the most promising theory of liability.",,-100.0,-100.0,-100.0,-0.018150296062231064,1.0
mbe_907,TORTS,1991-July,train,"If Paul asserts a claim for his injuries against Shampoo Company based on strict liability in tort, ",D,D,True,1,753,126,"D  
The gold passage discusses the requirements for establishing a strict liability claim in Florida, specifically focusing on the manufacturer's relationship to the product, the unreasonably dangerous condition of the product, and the proximate causal connection between the product's condition and the plaintiff's injury. It does not provide any information regarding defenses to a strict liability claim, such as misuse of the product, contributory negligence, or the issue of privity. Therefore, none of the options I, II, or III can be supported by the passage, making the correct answer D, as it states that neither I, II, nor III constitutes a defense.",,-6.004101753234863,-6.504101753234863,-9.004101753234863,-0.004101673606783152,0.9959111861906288
mbe_908,TORTS,1991-July,train,"If Paul asserts a claim against Oscar for his dermatitis injuries, Oscar's best defense will be that",A,A,True,1,625,90,"A  
Oscar's best defense will be that Paul was contributorily negligent. The gold passage defines contributory negligence as conduct on the part of the plaintiff that falls below the standard to which he should conform for his own protection and which contributes to his harm. Paul disregarded the warning on the box and used the shampoo in a manner that was contrary to the instructions, which constitutes a failure to conform to the standard of care necessary for his own protection.",,-0.32323431968688965,-1.3232343196868896,-100.0,-100.0,0.7310585786300049
mbe_909,CONST. LAW,1991-July,train,A statute of the state of Wasminia prohibits the use of state-owned or state-operated facilities for,C,A,False,1,739,125,"A  
The Wasminia statute imposes a limit on the availability of abortions performed in state-owned or state-operated facilities to situations where it is necessary to save the life of the mother. According to the gold passage, the Supreme Court in Planned Parenthood of Southeastern Pennsylvania v. Casey recognized a woman's right to choose to have an abortion before viability without undue interference from the State. The statute's restriction creates a substantial obstacle for women seeking abortions, as it does not allow for any abortions unless the mother's life is at risk. This constitutes an undue burden on the woman's right to make her own reproductive choices, making the statute unconstitutional.",,-0.7193462252616882,-100.0,-3.969346284866333,-100.0,0.9626731147976793
mbe_911,TORTS,1991-July,train,"While Driver was taking a leisurely spring drive, he momentarily took his eyes off the road to look ",B,C,False,1,447,104,"C  
Driver's motion for summary judgment should be granted because the facts indicate that the proximate cause of Walker's injury was his own voluntary act of jumping backwards to avoid the car. The gold passage states that summary judgment will be granted when the facts clearly point to the negligence of one party without any fault or culpable conduct by the other party. In this case, Walker's action of jumping back, which led to his injury, suggests that he contributed to the situation, thus supporting Driver's motion for summary judgment.",,-100.0,-4.767732620239258,-0.01773240603506565,-100.0,0.9914225164078615
mbe_914,EVIDENCE,1991-July,train,"Dove is on trial for theft. At trial, the prosecutor called John and May Wong. They testified that, ",A,C,False,1,400,101,"C  
The tape recording of May Wong stating the license number is inadmissible because it is hearsay not within any exception. The gold passage indicates that a present sense impression must describe or explain the event and be made during or immediately after the perceived event. However, May Wong did not have firsthand knowledge of the license number; she was relaying information from Mr. Wong, who was looking out the window. Therefore, her statement does not qualify as a present sense impression and is considered hearsay.",,-5.242231369018555,-100.0,-0.6172316074371338,-100.0,0.9902915212263165
mbe_915,TORTS,1991-July,train,Diggers Construction Company was engaged in blasting operations to clear the way for a new road. Dig,B,B,True,1,543,58,"B  
Paul will not prevail, because he understood the signs and disregarded the warnings. The gold passage indicates that contributory negligence involves a plaintiff's conduct falling below the standard of care for their own protection, which applies to Paul's situation as he knowingly entered a dangerous area despite the warnings.",,-11.500116348266602,-0.00011677479778882116,-11.500116348266602,-100.0,0.9999797402146284
mbe_916,EVIDENCE,1991-July,train,Pike sued Day City Community Church for damages he suffered when Pike crashed his motorcycle in an a,C,C,True,1,327,71,"C  
The gold passage discusses impeachment evidence, which is used to attack a witness's credibility. Asking Winters whether she is a member of the church can be relevant to ascertaining her potential bias or partiality, as her affiliation may influence her testimony. Therefore, this question is proper for the purpose of establishing bias, making option C the correct choice.",,-5.778229713439941,-100.0,-0.02822990156710148,-100.0,0.9968273165625406
mbe_917,CONST. LAW,1991-July,train,Radon is a harmful gas found in the soil of certain regions of the United States. A statute of the s,C,C,True,1,906,118,"C  
The court will probably rule in favor of Magenta because the federal statute and the action of the EPA in including WeTest on its list of testers that use reasonably accurate methods are not inconsistent with the more rigorous Magenta licensing requirement. The passage indicates that state law can coexist with federal law as long as it does not conflict with federal objectives. The rigorous standards set by Magenta serve a legitimate public interest in ensuring accurate radon testing, which is not preempted by the federal law or the EPA's actions. Therefore, the Magenta licensing requirement is valid and enforceable.",,-100.0,-13.375263214111328,-0.00026288547087460756,-100.0,0.999998446502756
mbe_918,CONTRACTS,1991-July,train,"Bitz, an amateur computer whiz, agreed in writing to design for the Presskey Corporation, a distribu",D,D,True,1,639,105,"D  
No, because Presskey by its conduct waived the annual-quantity term and Bitz materially changed his position in reasonable reliance on that waiver. The gold passage discusses the reasonableness of reliance in the context of materiality and the plaintiff's knowledge or skill. In this case, Bitz's reliance on Presskey's acceptance of fewer game designs than originally agreed upon can be seen as reasonable, especially since he invested in new equipment based on the expectation that the contract would continue as modified by Presskey's conduct.",,-7.256649971008301,-100.0,-100.0,-0.006649764720350504,0.999290329747192
mbe_919,REAL PROP.,1991-July,train,"Test owned Blackacre, a vacant one-acre tract of land in State. Five years ago, he executed a deed c",A,D,False,1,503,123,"D  
The gold passage indicates that a charitable trust can be created by a conveyance by deed to a trustee for a legally charitable purpose. In this case, the deed conveying Blackacre to ""Church for the purpose of erecting a church building thereon"" suggests that a charitable trust was established for the purpose of constructing a church. Since Church did not fulfill this purpose and the state official asserts that the charitable trust has not terminated, the title to Blackacre remains with the charitable trust, which is under the control of the state official. Therefore, the court should find that title is now in the state official.",,-1.2640271186828613,-100.0,-100.0,-1.1390271186828613,0.5312093733737563
mbe_920,EVIDENCE,1991-July,train,Mr. Denby was charged with the sale of narcotics. The federal prosecutor arranged with Mrs. Denby fo,C,D,False,1,381,128,"D  
The gold passage states that a married person has a privilege not to be called as a witness by an adverse party without the prior express consent of the spouse. However, it does not state that this privilege prevents the spouse from being required to testify if the proper conditions are met. Since Mrs. Denby has been granted immunity and is being called as a witness by the prosecution, she can be required to testify about what she saw, including the sale of heroin by her husband. Therefore, the most clearly correct statement is that Mrs. Denby can be required to be a witness and to testify that she saw her husband sell heroin.",,-4.474538326263428,-100.0,-100.0,-0.09953814744949341,0.9875683513421315
mbe_922,CONST. LAW,1991-July,train,The legislature of the state of Gray recently enacted a statute forbidding public utilities regulate,C,C,True,1,723,88,"C  
The court should dismiss the complaint because the action is not ripe for decision. The gold passage explains that ripeness is a doctrine designed to prevent premature adjudication of issues that would benefit from further factual development. In this case, Economy Electric's uncertainty about when it will need a further rate increase suggests that the issues presented are not yet appropriate for judicial resolution, as they may require more factual development and could interfere with the legislative process.",,-100.0,-20.375,-20.125,-100.0,0.5621765008857981
mbe_923,EVIDENCE,1991-July,train,"Daniel is on trial for evading $100,000 in taxes. The prosecution offers in evidence an anonymous le",B,B,True,1,420,66,"B  
The letter is admissible as an admission of a party opponent because it contains a conscious acknowledgment by Daniel of his tax obligations, which is relevant to the prosecution's case against him. The statement acknowledges facts that are unfavorable to Daniel's position regarding the tax evasion charges, thus meeting the requirements outlined in the gold passage.",,-100.0,-1.688212614681106e-05,-15.625017166137695,-100.0,0.9999998362623602
mbe_924,CONTRACTS,1991-July,train,"For this question only, assume the following facts. Having received Broker's message on October 17, ",A,A,True,1,724,114,"A  
Broker's best argument in support of the motion to dismiss is that he did not repudiate the contract on October 17 and may still perform no later than the contract deadline of December 31. The gold passage indicates that if a contract specifies a time for performance, it must be performed by that time, and since Broker's obligation to replace the coin is due by December 31, he still has the opportunity to fulfill that obligation. Therefore, there is no basis for Hoarda's complaint at this time, as the performance deadline has not yet passed.",,-0.011196955107152462,-100.0,-10.386197090148926,-9.261197090148926,0.9998727016870714
mbe_925,CONTRACTS,1991-July,train,"For this question only, assume the following facts. After receiving Broker's message on October 17, ",C,C,True,1,727,116,"C  
The gold passage discusses the nature of breach of contract actions and the remedies available, specifically mentioning that when a party repudiates a contract, the aggrieved party may resort to any appropriate remedy for breach. This aligns with option C, which states that when one party repudiates a performance not yet due, the aggrieved party may seek remedies for breach. This supports Hoarda's argument against Broker's motion to dismiss, as it emphasizes her right to pursue remedies due to Broker's anticipatory repudiation. The other options do not find support in the gold passage.",,-3.7873265743255615,-100.0,-0.03732650354504585,-5.537326335906982,0.9731370231672741
mbe_926,REAL PROP.,1991-July,train,"Alice owned a commercial property, Eastgate, consisting of a one-story building rented to various re",B,B,True,1,765,98,"B  
The best argument for Richard is that the proposed demolition of the building constitutes waste. According to the gold passage, waste is defined as “an unreasonable or improper use, abuse, mismanagement, or omission of duty touching real estate by one rightfully in possession, which results in its substantial injury.” Richard can argue that demolishing the building and changing the use of the property from its current state would be an unreasonable use that could substantially injure the property, thus constituting waste.",,-100.0,-18.25,-16.0,-100.0,0.0953494648991095
mbe_927,EVIDENCE,1991-July,train,"Doppler is charged with aggravated assault on Vezy, a game warden. Doppler testified that, when he w",C,C,True,1,710,97,"C  
Willy's testimony is inadmissible because it constitutes improper character evidence. According to the gold passage, evidence of a person's character or character trait is not admissible to prove that on a particular occasion the person acted in accordance with that character or trait. Willy's testimony about a prior incident where Doppler allegedly shot a man without provocation is being used to suggest that Doppler acted in accordance with a violent character, which is prohibited under the rules outlined in the passage.",,-100.0,-5.2625532150268555,-0.012552979402244091,-5.7625532150268555,0.9916401785699666
mbe_928,CRIM. LAW,1991-July,train,"Eddie worked as the cashier in a restaurant. One night after the restaurant had closed, Eddie discov",A,A,True,1,544,106,"(A) larceny.

Eddie's actions meet the definition of larceny as provided in the gold passage. He took the bag containing the cash from the safe without the consent of the owner (Rita) and against her will, with the intent to convert the property to his own use. The passage states that larceny involves the unlawful taking of property of another, which applies to Eddie's situation since he took the cash after being accused and threatened by Rita. Therefore, he is guilty of larceny.",,-1.8947409391403198,-100.0,-2.5197410583496094,-100.0,0.6513548917374945
mbe_929,CRIM. LAW,1991-July,train,"A grand jury returned an indictment charging Daniels with bank robbery, and when he could not make b",B,D,False,1,461,105,"D  
The motion should be denied because Daniels was not interrogated by Innis. The gold passage indicates that the right to counsel accrues once formal charges are placed against an accused, and this right is violated when the government interrogates the individual. In this case, Innis was instructed not to ask direct questions about the bank robbery, and Daniels's statement was made voluntarily in response to Innis's boasting, not as a result of interrogation. Therefore, the privilege against self-incrimination was not violated in this scenario.",,-8.630514144897461,-100.0,-7.005514144897461,-0.005513942334800959,0.9989097479968773
mbe_931,CONST. LAW,1991-July,train,Clerk is a clerical worker who has been employed for the past two years in a permanent position in t,B,B,True,1,616,124,"B  
The gold passage indicates that the first inquiry in determining the constitutional protections for public employee speech is whether the employee spoke as a citizen on a matter of public concern. Clerk's remark about the governor can be interpreted as a statement on a matter of public concern. Since Clerk's speech qualifies under this inquiry, the next question is whether the government employer had an adequate justification for dismissing him. Given that Clerk's duties did not involve public interaction and his speech did not directly disrupt office operations, his right to express himself on this matter outweighs the state's interest in discharging him. Therefore, the dismissal was unconstitutional.",,-100.0,-0.04849470406770706,-3.548494815826416,-100.0,0.9706877724285167
mbe_934,REAL PROP.,1991-July,train,"Oren owned Purpleacre, a tract of land, in fee simple. By will duly admitted to probate after his de",D,C,False,1,543,108,"(C) Cynthia and Camelia, because Cam's remainder must descend by intestacy and is not devisable.

The gold passage defines a contingent remainder as one that is subject to a condition precedent or given to an uncertain person. Since Cam's remainder is contingent upon the survival of his children, and he died before Wen, his remainder would not vest in David, as it must descend by intestacy to Cynthia and Camelia, who are his heirs at law. Therefore, the title to Purpleacre should be awarded to Cynthia and Camelia.",,-100.0,-100.0,-2.178142786026001,-2.803142786026001,0.6513548646660542
mbe_935,TORTS,1991-July,train,Allen and Bradley were law school classmates who had competed for the position of editor of the law ,B,A,False,1,661,87,"A  
Bradley will recover because Allen's statement was false. According to the gold passage, for a defamation claim, one of the essential elements is that the statement must be defamatory concerning the plaintiff and must be false. Since the note was indeed prepared by Bradley without assistance, Allen's claim that it was largely the work of another student is false, satisfying the requirement for Bradley to establish a prima facie case for defamation.",,-0.18270164728164673,-3.557701587677002,-2.557701587677002,-100.0,0.8871283412128547
mbe_936,CONTRACTS,1991-July,train,"In an action for breach of contract by Prism against Starr, Prism's probable recovery is",C,A,False,1,408,73,"A  
The gold passage states that a contract executed by a minor is enforceable by the minor but may be avoided by the minor if not affirmed after reaching adulthood. Since Starr was a minor at the time of the original transaction and has not affirmed the contract after reaching majority, she has the privilege of avoiding the contract. Therefore, Prism's probable recovery is nothing.",,-0.0067156096920371056,-15.131715774536133,-17.381715774536133,-100.0,0.9999997015889397
mbe_937,CONTRACTS,1991-July,train,"For this question only, assume that Starr bought the telescope from Prism after reaching her majorit",D,A,False,1,442,79,"A  
The quoted language ""as soon as I am able"" does not make the promise indefinite to the extent that it would be impossible for a court to fix the legal obligations and liabilities of the parties. Therefore, it does not affect the enforceability of the promise. The promise remains enforceable as it does not fail for indefiniteness according to the legal principles outlined in the gold passage.",,-0.14200101792812347,-100.0,-4.392001152038574,-100.0,0.9859363748163087
mbe_939,EVIDENCE,1991-July,train,Prine sued Dover for an assault that occurred March 5 in California. To support his defense that he ,A,A,True,1,458,128,"(A) 

The letter is admissible under the ""state of mind"" exception to the hearsay rule because it is being offered to show Dover's state of mind regarding his intention to be in Utah on March 5. The passage indicates that such statements can be used for the limited purpose of demonstrating the declarant's state of mind if that state of mind is at issue in the trial. In this case, Dover's intention to be in Utah is relevant to his defense against the assault claim. However, it is important to note that the factfinder cannot consider the letter for its truth, only for the state of mind it reflects.",,-2.4094998836517334,-100.0,-100.0,-2.9094998836517334,0.6224593312018546
mbe_940,CONST. LAW,1991-July,train,"Maple City has an ordinance that prohibits the location of ""adult theaters and bookstores"" (theaters",B,B,True,1,908,103,"B  
The ordinance is valid because a city may enforce this type of time, place, and manner regulation on speech-related businesses, so long as this type of regulation is designed to serve a substantial governmental interest and does not unreasonably limit alternative avenues of communication. The passage supports the idea that regulations can be content-neutral and must serve a significant government interest while leaving open ample alternative channels of communication. The ordinance in question aims to protect surrounding property from adverse secondary effects, which aligns with the substantial governmental interest requirement.",,-100.0,-17.750158309936523,-100.0,-100.0,1.0
mbe_941,CRIM. LAW,1991-July,train,"Kingsley was prosecuted for selling cocaine to an undercover police agent. At his trial, he testifie",D,D,True,1,704,119,"D  
The gold passage indicates that California appellate courts focus on legal errors and whether those errors were prejudicial to the outcome of the case. It does not support the idea that admitting evidence of prior convictions or imposing a burden of persuasion on the defense for entrapment constitutes reversible legal errors. Additionally, the passage emphasizes that to win on appeal, the appellant must show that the errors were prejudicial, which is not established in the scenario provided. Therefore, neither of the reasons presented in options A or B constitutes a valid ground for reversal, leading to the conclusion that the conviction should be affirmed.",,-6.435536861419678,-3.060537099838257,-4.810536861419678,-0.06053699553012848,0.9432695261298999
mbe_942,TORTS,1991-July,train,Assume for this question only that a state statute provides for a system of pure comparative neglige,A,C,False,1,548,150,"C  
Under the pure form of comparative fault, Pat's total damages of $100,000 are reduced by her own percentage of fault, which is 30%. Therefore, Pat can recover 70% of her damages, amounting to $70,000. Since Donald is 30% at fault, he is liable for that percentage of the total damages, which is $30,000. However, because of the joint and several liability, Donald can seek contribution from Drew based on Drew's proportionate fault. Since Drew is 40% at fault, Donald can seek to recover $40,000 from Drew, but he is not entitled to collect anything from Drew because the passage does not indicate that Donald can recover from Drew after paying Pat",,-1.309996485710144,-2.3099966049194336,-0.559996485710144,-100.0,0.607481569706767
mbe_943,TORTS,1991-July,train,Assume for this question only that the state has retained the common-law rule pertaining to contribu,C,C,True,1,492,150,"C  
According to the gold passage, the system of pure comparative negligence assigns responsibility and liability for damage in direct proportion to the amount of negligence of each party. Since Pat's total damages are $100,000 and she is found to be 30% at fault, she can recover 70% of her damages, which amounts to $70,000. However, since Donald is only 30% at fault, he is not liable for more than his share of the damages. Therefore, if Pat executes against Donald alone, she can collect $30,000 from him, which is his share of the damages. Donald cannot seek contribution from Drew because the passage does not support the idea of joint and several liability, and thus he is entitled to",,-100.0,-4.279580593109131,-0.0295806135982275,-4.654580593109131,0.9764977598788303
mbe_946,CONST. LAW,1991-July,train,A statute of the state of Orrington provides that assessments of real property for tax purposes must,A,A,True,1,582,89,"A  
The strongest constitutional argument to support Owner's claim is that the comparative overvaluation of her property by the Blue County Tax Commission in making tax assessments over time deprives her of the equal protection of the laws. The Equal Protection Clause of the Fourteenth Amendment requires that all persons similarly situated should be treated alike, and Owner's situation, where her property is assessed at a much higher value than similar properties, suggests a violation of this principle.",,-19.625123977661133,-100.0,-100.0,-100.0,1.0
mbe_947,EVIDENCE,1991-July,train,Plaza Hotel sued Plaza House Hotel for infringement of its trade name. To establish a likelihood of ,B,B,True,1,348,93,"B  
The memoranda are hearsay because they are out of court statements made by employees regarding instances of confusion, and they are being offered for the truth of their content (i.e., to establish that confusion occurred). The gold passage states that hearsay statements are inadmissible unless they fit into one of the recognized exceptions, and there is no indication in the passage that these memoranda fall within any exception. Therefore, they should be excluded as hearsay.",,-100.0,-0.00861528143286705,-100.0,-100.0,1.0
mbe_948,nan,1992,train,Jackson and Brannick planned to break into a federal government office to steal food stamps. Jackson,C,B,False,1,705,94,"B  
Crowley should be found guilty because he knowingly and willingly aided and abetted the conspiracy by agreeing to buy the stolen food stamps. The gold passage indicates that an accomplice is someone who actively participates in the commission of a crime, and Crowley's agreement to purchase the stolen stamps demonstrates his participation in the conspiracy. Even though he did not help plan the theft, his actions in facilitating the sale of the stolen property make him liable as a principal in the conspiracy.",,-2.936474561691284,-0.18647463619709015,-3.561474561691284,-100.0,0.9106257382827012
mbe_949,nan,1992,train,"Defendant, a worker in a metalworking shop, had long been teasing Vincent, a young colleague, by cal",D,D,True,1,431,96,"D  
The gold passage defines voluntary manslaughter as an unlawful killing done without malice, in the heat of passion, or in unreasonable belief in the necessity of self-defense. However, the scenario presented does not fit the definition of voluntary manslaughter, as it does not indicate that the killing was done in the heat of passion or under an unreasonable belief in self-defense. Therefore, none of the options A, B, or C apply, making D the correct choice.",,-7.880020618438721,-6.630020618438721,-100.0,-0.005020394455641508,0.9982959995671083
mbe_950,nan,1992,train,"Opus, the owner of Stoneacre, entered into a written agreement with Miner. Under this written agreem",B,B,True,1,661,70,"B  
Miner is entitled to compensation because he has a profit a prendre, which is an incorporeal interest in land that confers the right to enter upon another's land and remove something of value from the soil. The gold passage indicates that a profit a prendre is a property right, and thus it is protected by the due process clause.",,-100.0,-0.03899893909692764,-4.788999080657959,-100.0,0.9914225157901105
mbe_951,nan,1992,train,Dan was an alcoholic who frequently experienced auditory hallucinations that commanded him to engage,D,D,True,1,2502,118,"D  
Dan's best chance of acquittal would be to rely on a defense of insanity. The gold passage explains that the insanity defense allows a defendant to admit the action but assert a lack of culpability based on mental illness. Given Dan's history of auditory hallucinations and his belief that he was being attacked, he may be able to argue that he did not know the nature and quality of his act or that he did not know it was wrong, which aligns with the M'Naghten rule for insanity. This defense is more applicable to his situation than the other options presented.",,-18.375,-100.0,-100.0,-1.9361264946837764e-07,0.9999999895325963
mbe_952,nan,1992,train,"For this question only, assume the following facts. The passbook was issued solely in Prodigal's nam",D,D,True,1,488,102,"D  
Prodigal's right, if any, to the funds on deposit was effectively abrogated by the second Mater-Vault deposit agreement. The gold passage emphasizes the importance of examining the entire contractual relationship and the intent of the parties. Since Mater changed the account to Distaff and left the passbook with Vault, this indicates that the original intent to benefit Prodigal was overridden by the new agreement, which did not confer any rights to Prodigal. Therefore, he cannot successfully claim the funds.",,-100.0,-100.0,-4.020383834838867,-0.020383862778544426,0.982013789544418
mbe_953,nan,1992,train,"For this question only, assume the following facts. The passbook was issued by Vault to Mater solely",C,B,False,1,755,115,"B  
The estate prevails, because Mater's gift to Prodigal was revocable and was terminated by her express revocation. The gold passage states that donative assignments are generally revocable, and one way to revoke such an assignment is for the assignor to notify the assignee of the revocation. In this case, Mater explicitly revoked her gift to Prodigal by writing to him and asking for the passbook to be returned, which constitutes an express revocation of the gift. Therefore, the estate retains the rights to the money on deposit with Vault.",,-5.757808208465576,-0.007808431051671505,-100.0,-100.0,0.9968273164535602
mbe_954,nan,1992,train,"In a civil suit by Pine against Decker, Decker called Wall, a chemist, as an expert witness and aske",A,A,True,1,369,85,"(A) admitted, because it is relevant to the weight to be given to Wall's testimony.

The gold passage discusses the admissibility of character evidence in specific situations, but it does not provide a basis for excluding evidence that is relevant to the weight of an expert's testimony. Wall's failure in two chemistry courses could be relevant to assessing his qualifications and the credibility of his opinion, thus making it admissible for that purpose.",,-2.4989099502563477,-100.0,-100.0,-100.0,1.0
mbe_955,nan,1992,train,Congress enacts a law providing that all disagreements between the United States and a state over fe,D,D,True,1,340,93,"D  
The law is unconstitutional because it vests authority in a federal court to render an advisory opinion. According to the gold passage, federal courts cannot issue advisory opinions due to the Constitution's case-or-controversy requirement. Since the law allows for a judgment to be transmitted to the head of the federal agency for execution only if the agency is satisfied with the judgment, it implies that the court's decision may not be binding, thus resembling an advisory opinion.",,-6.067088603973389,-6.567088603973389,-2.8170886039733887,-0.06708863377571106,0.9364084509667333
mbe_957,nan,1992,train,"In a contract suit by Perez against Drake, each of the following is an accepted method of authentica",A,C,False,1,385,70,"C  
The gold passage does not mention the method of authentication involving a document that has been in existence for at least 20 years and has no suspicious circumstances surrounding it. While it discusses the admissibility of expert opinions and various types of documents, it does not support the specific scenario described in option C as an accepted method of authenticating a signature.",,-1.6771897077560425,-1.1771897077560425,-0.9271897077560425,-2.302189826965332,0.3993599216561302
mbe_958,nan,1992,train,"For a valuable consideration, Amato, the owner of Riveracre, signed and gave to Barton a duly execut",B,C,False,1,505,108,"C  
No, because Barton's right to purchase is a restraint on the owner's power to make a testamentary disposition. The passage discusses factors that bear on the reasonableness of a restraint on alienation, but it does not support the validity of a right that restricts the owner's ability to sell or dispose of the property, especially in a manner that could be construed as a testamentary disposition. Since the instrument is not valid as a will, it implies that the right granted to Barton may unduly restrict Amato's ownership rights.",,-100.0,-3.1344921588897705,-0.25949209928512573,-3.3844921588897705,0.9087992116875793
mbe_960,nan,1992,train,"If Dunbar is prosecuted for murder on the basis of felony murder and the jury believes her claim, sh",D,C,False,1,426,99,"C  
The gold passage indicates that under the felony-murder rule, the necessary element is that the felony and the murder must be part of one continuous transaction. If Dunbar did not know that Balcom was armed, she may not have had the requisite mental state for felony murder, as her awareness of the risk of death is crucial to establishing her culpability in the murder. Therefore, if the jury believes her claim of ignorance regarding Balcom's weapon, she should be found not guilty.",,-2.196676731109619,-100.0,-0.5716766715049744,-100.0,0.8354835452961425
mbe_961,nan,1992,train,If Dunbar is prosecuted for murder on the basis of being an accessory to Balcom in committing a murd,C,C,True,1,440,69,"C  
Dunbar should be found not guilty because the gold passage indicates that accessorial liability requires intentional aid in the conduct constituting the offense. Since Dunbar had no idea that Balcom was armed and did not plan to use force, she did not meet the criteria for accessorial liability as she did not intentionally aid in the murder.",,-100.0,-15.875045776367188,-19.250045776367188,-100.0,0.033085978388704126
mbe_963,nan,1992,train,Acorp and Beeco are companies that each manufacture pesticide X. Their plants are located along the ,D,D,True,1,472,95,"D  
The gold passage states that the rule of joint and several liability applies when two or more tortfeasors' actions combine to cause a plaintiff's injuries. In this case, both Acorp and Beeco operated negligently, and their combined discharges of pesticide into the river caused harm to Landesmann's cattle. Since neither company alone caused the harm, but together they did, Landesmann can recover the entire amount of damages from both companies jointly and severally.",,-100.0,-100.0,-100.0,-19.375911712646484,1.0
mbe_964,nan,1992,train,"Paulsen sued Daly for nonpayment of a personal loan to Daly, as evidenced by Daly's promissory note ",B,D,False,1,376,74,"D  
The gold passage states that impeachment evidence is admissible if it is relevant to undermining the credibility of the witness being impeached. Wilson's testimony regarding the duration of Walters' employment is relevant to questioning Walters' credibility, as it contradicts his claim about his employment history. Therefore, Wilson's testimony is admissible as tending to impeach Walters' credibility.",,-100.0,-5.755849361419678,-100.0,-0.005849392618983984,0.9968273170588433
mbe_966,nan,1992,train,"If Roth asserts a claim against Bike Shop based on strict liability in tort, will Roth prevail?",A,A,True,1,428,89,"A  
Roth will prevail if the brake failed because of a defect present when the bicycle left the factory of Cycle Company. The gold passage states that a manufacturer may be held strictly liable for placing a defective product on the market if the plaintiff's injury results from a reasonably foreseeable use of the product. If the defect in the brake was present when the bicycle left the factory, it would support Roth's claim against Bike Shop under strict liability principles.",,-0.2050940841436386,-100.0,-5.830093860626221,-100.0,0.9964063966182336
mbe_967,nan,1992,train,If Perez asserts a claim based on negligence against Cycle Company and if it is found that the brake,B,A,False,1,508,84,"A  
To prevail in a manufacturing defect claim under Florida law, Perez must prove that the product was defective, the defect existed at the time it left Cycle Company's control, and the defect proximately caused his injuries. Since it is stated that the brake failure resulted from a manufacturing defect in the bicycle, this indicates that Cycle Company placed a defective bicycle into the stream of commerce, satisfying the necessary elements for Perez's claim.",,-0.029759865254163742,-12.279759407043457,-13.279759407043457,-100.0,0.9999934545761393
mbe_969,nan,1992,train,"For this question only, assume that on November 1, Toy Store sues Fido for damages and alleges the a",D,D,True,1,624,92,"D  
The gold passage states that to properly plead breach of contract, the complaint must identify the specific provision of the contract allegedly breached by a defendant. In this case, Toy Store's complaint alleges that Fido failed to deliver the mechanical dogs by the agreed date of November 15, which constitutes a breach of the contract. Therefore, the court should deny Fido's motion to dismiss because Toy Store's complaint alleges an actionable breach of contract by Fido.",,-15.750045776367188,-100.0,-100.0,-4.56102097814437e-05,0.9999998555020202
mbe_970,nan,1992,train,"For this question only, assume that by November 16, Fido, without legal excuse, has delivered no dog",A,A,True,1,854,92,"A  
The October 5 assignment by Fido to High Finance of Fido's contract with Toy Store was an assignment for security, which does not transfer beneficial ownership to High Finance. According to the gold passage, an assignment for the purpose of collection does not allow the assignee to recover from the debtor (Toy Store) as it does not effect a complete sale of the claim. Therefore, Toy Store cannot recover anything from High Finance based on this assignment.",,-0.0009126556105911732,-13.7509126663208,-100.0,-100.0,0.9999989322971414
mbe_971,nan,1992,train,A 10-lot subdivision was approved by the proper governmental authority. The authority's action was p,D,D,True,1,483,103,"D  
The passage defines marketable title as one that a reasonable buyer would accept because it appears to lack any defect and covers the entire property that the seller has purported to sell. Since the subdivision building restrictions apply to ""all the lots shown on said map,"" and the undesignated parcel is not clearly identified as a lot, there is uncertainty regarding whether it is subject to those restrictions. This uncertainty creates a reasonable doubt about the validity of the title to the undesignated parcel, making it unmarketable.",,-100.0,-100.0,-0.9863098859786987,-0.48630988597869873,0.6224593312018546
mbe_972,nan,1992,train,"A state statute requires the permanent removal from parental custody of any child who has suffered """,A,C,False,1,438,97,"C  
The gold passage states that the party challenging the constitutionality of a statute bears the burden of proving that the statute and its application are unconstitutional beyond a reasonable doubt. In this case, Zeller is the one challenging the application of the statute to his conduct, so he has the burden of persuasion. Therefore, the correct answer is that Zeller has the burden of persuading the court that the application of this statute to him is not necessary to vindicate an important state interest.",,-100.0,-100.0,-0.7139847278594971,-100.0,1.0
mbe_974,nan,1992,train,"In March, when Ohm was 17, Stereo delivered to Ohm a television set. At that time Ohm agreed in writ",C,A,False,1,343,122,"(A) Nothing

The gold passage states that damages recoverable for breach of contract are only those caused by the breach. In this case, Ohm, being a minor at the time of the contract, has the right to disaffirm the contract upon reaching the age of majority. Since Ohm sent a letter indicating he would only pay $300, which is less than the original contract price of $400, and given that he is not legally bound to the contract due to his status as a minor, Stereo cannot recover any damages. Therefore, the maximum amount that Stereo will be entitled to recover is nothing.",,-3.5135390758514404,-3.5135390758514404,-100.0,-100.0,0.5
mbe_975,nan,1992,train,"Dray was prosecuted for bank robbery. At trial, the bank teller, Wall, was unable to identify Dray, ",C,C,True,1,399,97,"C  
Wall's testimony is admissible as prior identification by the witness. According to the gold passage, a statement made by a witness identifying a party as a participant in a crime is not excluded by the hearsay rule if it meets certain criteria. Wall's identification of Dray from the photograph satisfies these criteria, as it was made at a time when the event was fresh in her memory, and she testified that her previous identification was a true reflection of her opinion at that time.",,-100.0,-100.0,-19.7500057220459,-100.0,1.0
mbe_976,nan,1992,train,Which of the following is LEAST likely to be the underlying felony in a prosecution for felony murde,B,B,True,1,456,91,"B

The gold passage defines manslaughter as a killing that occurs without malice aforethought, which is necessary to constitute murder. Since manslaughter itself does not involve malice, it is not typically classified as an underlying felony for felony murder, which requires a predicate felony that involves malice or a serious crime. Therefore, manslaughter is least likely to be the underlying felony in a prosecution for felony murder compared to the other options listed.",,-100.0,-17.500001907348633,-100.0,-100.0,1.0
mbe_977,nan,1992,train,"If Morris asserts a claim based on strict liability tort against Trailco, she will",B,B,True,1,623,98,"B  
Morris will recover because Dixon's knowledge of the dangerous propensity of the trailer does not relieve Trailco of liability. The gold passage states that manufacturers and sellers are strictly liable for injuries caused by unreasonably dangerous products, and it does not mention that the knowledge of a third party (Dixon, in this case) affects the liability of the manufacturer (Trailco). Therefore, Morris can assert a claim based on strict liability against Trailco regardless of Dixon's actions or knowledge.",,-17.875,-19.0,-100.0,-100.0,0.24508501313237172
mbe_978,nan,1992,train,"If Morris asserts a claim for her injuries against Dixon, she will",A,C,False,1,455,96,"C  
The gold passage indicates that a driver can be held liable for damages if they knew or should have known of a defective condition and failed to maintain their vehicle in a safe condition. In this case, Dixon knew of the dangerous propensity of the trailer and did not install a restraining device that could have prevented the load from shifting. Therefore, Morris would need to show that Dixon was driving in a negligent manner at the time of the accident to prevail in her claim for injuries.",,-9.12567138671875,-100.0,-0.0006718054646626115,-100.0,0.9998911030443782
mbe_979,nan,1992,train,"Fernwood Realty Company developed a residential development, known as the Fernwood Development, whic",A,A,True,1,566,85,"A  
The covenant does not touch and concern the land because it does not affect the nature, quality, or value of what is conveyed to Page. The covenant requires Page to purchase electrical power from Gaint, but since Page has the option to purchase power from General Power, it indicates that the covenant does not enhance or diminish the value of her property in a way that would satisfy the requirement of touching and concerning the land.",,-0.5323628783226013,-100.0,-100.0,-3.032362937927246,0.9241418241572634
mbe_980,nan,1992,train,Congress passes an Energy Conservation Act. The act requires all users of energy in this country to ,A,A,True,1,436,90,"A  
The provision that allows the President to set the exact percentage is probably constitutional because it creates a limited administrative power to implement the statute. The gold passage indicates that Congress has wide latitude in delegating power under broad general directives, as long as there is an intelligible principle guiding the delegation. Since the act sets forth specific standards and detailed procedures for the President to follow, it likely meets the requirement of providing sufficient guidance for the delegation of authority.",,-0.021315068006515503,-100.0,-5.771315097808838,-100.0,0.9968273172517682
mbe_981,nan,1992,train,"Ortega owned Blackacre in fee simple and by his will specifically devised Blackacre as follows: ""To ",C,B,False,1,546,110,"B

Luis's quitclaim deed did not transfer any interest in Blackacre to Jos& because he had no title to convey at the time of the quitclaim. Under Ortega's will, Jos& took nothing because Eugenia died survived by a husband and no children, which meant that Blackacre was specifically devised to Luis. Since Luis had not acquired any title to Blackacre through the quitclaim deed, he retains his claim to the property. Therefore, judgment should be for Luis, as Jos& did not receive any interest under Ortega's will.",,-1.4764279127120972,-1.1014279127120972,-100.0,-100.0,0.5926665999540697
mbe_982,nan,1992,train,"Duncan was charged with aggravated assault. At trial Duncan did not testify; however, he sought to o",D,C,False,1,302,71,"C  
The gold passage states that ""opinion testimony is not a proper method of admitting evidence regarding character traits."" This indicates that character evidence, particularly in the form of opinion testimony, is generally not admissible to prove conduct in conformity therewith. Therefore, the testimony Duncan sought to offer regarding his good character for truth and veracity should be excluded.",,-17.75000762939453,-100.0,-6.869017852295656e-06,-14.375006675720215,0.999999408943799
mbe_983,nan,1992,train,Alford was a suspect in a homicide committed during a robbery of a liquor store. Barber was a friend,C,C,True,1,619,91,"C  
Barber's statement was freely and voluntarily given, and he was not entitled to Miranda warnings at the beginning of the discussion. The gold passage indicates that Miranda warnings are required when a person is in custody and law enforcement intends to perform a custodial interrogation. However, it does not state that Barber was in custody at the time he made his statement. Therefore, his statement can be admitted as it was given voluntarily before the Miranda warnings were provided.",,-6.7660298347473145,-100.0,-0.01602967642247677,-7.8910298347473145,0.9984513935683825
mbe_984,nan,1992,train,The federal government has complete jurisdiction over certain parkland located within the state of P,A,A,True,1,485,106,"A  
The strongest ground supporting the constitutionality of the federal law forbidding the hunting of wild animals that wander off federal property is that this law is a necessary and proper means of protecting United States property. The gold passage indicates that Congress has the authority to take means that are rationally related to implementing its constitutionally enumerated powers, which includes protecting federal property and ensuring that taxpayer dollars are not wasted. This aligns with the federal government's interest in conserving wildlife within the federal park and preventing hunting of animals that have left that property.",,-0.01815006136894226,-16.018150329589844,-100.0,-100.0,0.9999998874648681
mbe_985,nan,1992,train,"If Poe asserts a claim based on defamation against Kane, will Poe prevail?",D,D,True,1,499,106,"D  
The gold passage states that defamation involves the publication or communication of a false statement of fact that injures someone by adversely affecting their reputation. For Poe to prevail in a defamation claim against Kane, he would need to demonstrate that Kane's statement was false and that it caused him special damage. The passage does not indicate that Kane's statement was false or that Poe suffered any special damage as a result of the statement. Therefore, Poe would not prevail unless he could show special damage, making option D the correct choice.",,-5.592957973480225,-100.0,-0.8429580926895142,-0.5929580926895142,0.5600550594109324
mbe_986,nan,1992,train,"If Poe asserts a claim based on intentional infliction of emotional distress against Kane, will Poe ",A,C,False,1,593,100,"C  
No, unless Poe suffered physical harm. The gold passage indicates that to present a prima facie case of intentional infliction of emotional distress (IIED), the plaintiff must show that the conduct caused emotional distress and that the distress is severe. However, it does not specify that emotional distress can be claimed without some form of physical harm or severe distress being demonstrated. Therefore, Poe's claim may not prevail unless he can show that he suffered severe emotional distress as a result of Kane's conduct.",,-5.338234901428223,-100.0,-0.08823502063751221,-100.0,0.9947798736874026
mbe_987,nan,1992,train,"If Kane asserts a claim of battery against Poe, will Kane prevail?",B,C,False,1,693,95,"C  
No, if Kane's conduct triggered Poe's response. The gold passage indicates that a battery involves unlawful, unauthorized violence inflicted on another person. In this case, Kane's aggressive behavior, using a bullhorn to publicly shame Poe, could be seen as provoking Poe's reaction. If Kane's conduct was deemed to have triggered Poe's response, then Poe's action of slamming the door may not constitute battery, as it was a reaction to Kane's offensive conduct.",,-100.0,-8.75035285949707,-0.0003529814421199262,-10.25035285949707,0.9998062187088653
mbe_988,nan,1992,train,A contract would arise from these communications only if,D,D,True,1,550,80,"D  
A contract would arise from these communications only if Gourmet's check and memo were mailed within a reasonable time after his receipt of Eureka's letter. The gold passage states that an offer lapses if not accepted within a ""reasonable time,"" indicating that the timing of acceptance is crucial for the formation of a contract. Therefore, the correct answer is that the acceptance must occur within a reasonable time frame.",,-17.750003814697266,-100.0,-100.0,-2.935296834039036e-06,0.9999999804443364
mbe_989,nan,1992,train,"For this question only, assume the following facts: Eureka shipped 24 LBVCs to Gourmet after receivi",C,B,False,1,813,113,"B  
The gold passage emphasizes that the formation of a valid contract requires a meeting of the minds and a manifestation of mutual intent to contract, which is typically evidenced by an offer and acceptance of definite terms. In this case, the invoice restriction stating ""These items shall not be offered for resale at retail"" could be considered a material alteration of the preexisting terms of the contract. If the invoice restriction materially altered the terms of the agreement, it could affect the enforceability of the contract, thereby providing Eureka with a cause of action against Gourmet for breach of contract.",,-100.0,-0.5945054888725281,-0.8445054888725281,-100.0,0.5621765008857981
mbe_990,nan,1992,train,Downs was indicted in state court for bribing a public official. During the course of the investigat,D,D,True,1,397,70,"D  
The gold passage indicates that the Fourth Amendment protects individuals from warrantless searches and seizures in places where they have a reasonable expectation of privacy. Since the records in question are business records of the bank, Downs likely does not have a legitimate expectation of privacy in those records. Therefore, his motion to prevent the introduction of the records should be denied.",,-15.125006675720215,-100.0,-13.625006675720215,-6.392202976712724e-06,0.9999985201776119
mbe_996,CONTRACTS,1998,train,"On July 15, in a writing signed by both parties, Fixtures, Inc., agreed to deliver to Druggist on Au",B,B,True,1,631,103,"B  
The August 1 agreement can be interpreted as a waiver of the original August 15 delivery term. According to the gold passage, waiver is defined as the voluntary and intentional relinquishment of a known right, and conduct may constitute waiver if there is clear evidence. The oral agreement to postpone the delivery date implies that both parties intended to relinquish the original delivery date, thus supporting the notion that Fixtures can succeed in an action against Druggist for breach of contract based on the waiver of the original term.",,-2.69399356842041,-0.19399359822273254,-100.0,-100.0,0.924141817889503
mbe_997,CRIM. LAW,1998,train,"Beth wanted to make some money, so she decided to sell cocaine. She asked Albert, who was reputed to",D,B,False,1,579,150,"B  
According to the gold passage, it is stated that ""it is no defense that, under the attendant circumstances, the crime was factually or legally impossible of commission, ‘if such crime could have been committed had the attendant circumstances been as such person believed them to be.’"" However, the passage also emphasizes that ""there can be no attempt to commit a crime which makes the causing of a certain result criminal even though wholly unintended."" Since the white powder was found not to be cocaine or any illegal substance, neither Albert nor Beth can be guilty of attempting to sell cocaine, as the essential element of the crime (the substance being cocaine) was not present. Therefore, the correct answer is that neither Albert nor Beth is guilty of attempting to sell",,-5.45102071762085,-0.0760207250714302,-100.0,-100.0,0.9953904277864402
mbe_998,TORTS,1998,train,"Neighbor, who lived next door to Homeowner, went into Homeowner's garage without permission and borr",B,B,True,1,501,104,"(B) Yes, for the value of the saw before Neighbor borrowed it.

Homeowner has a right to the property (the chain saw) and an absolute and unconditional right to immediate possession of it. Neighbor borrowed the saw without permission, which constitutes wrongful and unauthorized control over the property. Therefore, Homeowner can recover for the conversion of the saw, and the measure of damages for conversion is the fair market value of the property at the time of conversion, which would be the value of the saw before Neighbor borrowed it.",,-3.963441848754883,-2.213441848754883,-100.0,-100.0,0.8519528019683106
mbe_999,TORTS,1998,train,Homeowner hired Arsonist to set fire to Homeowner's house so that Homeowner could collect the insura,A,C,False,1,461,95,"C  
No, because the lighter was not being used for an intended or reasonably foreseeable purpose. The gold passage does not address the issue of whether the product was used for its intended purpose, but it implies that the context of use is relevant in determining liability. Since Arsonist was committing a felony by using the lighter to set fire to his own house, it is reasonable to conclude that the use of the lighter in this manner was not intended or foreseeable by the manufacturer.",,-100.0,-100.0,-0.0005550591740757227,-9.000555038452148,0.9998766054214571
mbe_1000,REAL PROP.,1998,train,"Susan owned Goldacre, a tract of land, in fee simple. By warranty deed, she conveyed Goldacre in fee",C,B,False,1,712,120,"B  
Benton is entitled to judgment because equitable interests are not subject to the recording act. The gold passage indicates that even if a deed is defectively executed, it can still transfer equitable title, and the recordation of such a deed provides notice of the equitable interest to subsequent parties. Since the written agreement between Susan and Ted, which established the trust for Benton, was not recorded, Patricia, as a bona fide purchaser, would not have notice of the equitable interest. However, the passage emphasizes that equitable interests exist independently of the recording act, thus supporting Benton's claim to the trust income.",,-1.7639296054840088,-0.513929545879364,-100.0,-100.0,0.7772998714925403
mbe_1001,EVIDENCE,1998,train,"In a federal investigation of Defendant for tax fraud, the grand jury seeks to obtain a letter writt",C,C,True,1,373,72,"C  
The gold passage indicates that the production of documentary evidence is necessary where the law requires such evidence. In this case, the letter contains a statement that suggests an intention to commit tax fraud, which falls under the crime-fraud exception to the attorney-client privilege. Therefore, the letter should be produced because it was in furtherance of a crime or fraud.",,-9.687437057495117,-100.0,-0.06243748962879181,-100.0,0.9999339478266038
mbe_1002,CRIM. LAW,1998,train,"After being fired from his job, Mel drank almost a quart of vodka and decided to ride the bus home. ",B,B,True,1,464,59,"B  
Mel should be acquitted because his mistake in believing the briefcase was his own negates the required specific intent to permanently deprive the owner of their property. The gold passage emphasizes the necessity of intent to steal for a robbery charge, and Mel's mistaken belief undermines that intent.",,-100.0,-0.02144552767276764,-6.0214457511901855,-7.5214457511901855,0.9969773283751071
mbe_1003,CONST. LAW,1998,train,A generally applicable state statute requires an autopsy by the county coroner in all cases of death,B,B,True,1,751,95,"B  
The state's autopsy statute is constitutional because it is a generally applicable statute that is rationally related to a legitimate state purpose. The gold passage indicates that a neutral law of general application does not need to be supported by a compelling government interest and only needs to survive rational basis review. Since the statute serves the purpose of ensuring the discovery and prosecution of illegal activity resulting in death, it meets the criteria for being constitutional under the Free Exercise Clause as described in the passage.",,-100.0,-18.125009536743164,-100.0,-100.0,1.0
mbe_1004,CONTRACTS,1998,train,"By the terms of a written contract signed by both parties on January 15, M.B. Ram, Inc., agreed to s",C,B,False,1,482,96,"B  
The gold passage indicates that a repudiation occurs when the obligor indicates they will commit a breach or takes an action that makes them unable to perform. In this case, Materboard's unjustified repudiation on February 1 gives Ram a claim for damages. However, the passage does not provide support for Ram's ability to recover damages without notifying Materboard of the resale. Therefore, since Ram failed to give proper notice of the resale, he will likely recover nothing.",,-2.121896266937256,-0.496896356344223,-100.0,-100.0,0.8354835248143776
mbe_1005,REAL PROP.,1998,train,"Anna owned Blackacre, which was improved with a dwelling. Beth owned Whiteacre, an adjoining unimpro",D,D,True,1,597,82,"D  
Visible use of the easement by Anna put Bank on notice of the easement. According to the gold passage, a bona fide purchaser who has no actual or constructive knowledge of an easement takes title free of the burden of the easement. Since Anna's use of the easement was clearly visible, it would have provided Bank with constructive notice, thereby protecting Anna's rights against Bank's mortgage.",,-8.502802848815918,-100.0,-100.0,-0.002802863484248519,0.9997965730189615
mbe_1006,REAL PROP.,1998,train,"A little more than five years ago, Len completed construction of a single-family home located on Hom",D,D,True,1,627,116,"D  
The gold passage discusses the implications of an ""as is"" agreement in the context of a warranty of habitability, but it does not provide specific limitations on what items a tenant may remove after installation. Since Tina's lease explicitly states that she may remove the items she installed at the termination of the lease, and there is no indication in the passage that this right is negated by the ""as is"" clause or any other provision, Tina is entitled to remove all of the items she installed. Therefore, the court should decide that Tina may remove all of the items.",,-4.765771389007568,-100.0,-100.0,-0.015771444886922836,0.9914225141110948
mbe_1007,CONST. LAW,1998,train,The mineral alpha is added to bodies of fresh water to prevent the spread of certain freshwater para,D,D,True,1,867,95,"D  
The tax imposed by Congress on the mining of alpha is constitutional because Congress has the plenary power to lay and collect taxes as stated in the Constitution. The passage indicates that Congress can enact taxes even on activities it cannot directly regulate, and as long as the tax is not prohibited by the Constitution and serves a legitimate end, it is constitutional. The tax does not contain any provisions extraneous to tax needs or purposes, aligning with the constitutional framework provided in the passage.",,-100.0,-100.0,-100.0,-20.625,1.0
mbe_1008,EVIDENCE,1998,train,Plaintiff sued Defendant for breach of a commercial contract in which Defendant had agreed to sell P,A,C,False,1,304,81,"C  
The gold passage does not provide any information that supports the admission of evidence regarding the Expert Witness's false testimony in divorce proceedings. It emphasizes the standard of ""clear and convincing evidence"" but does not address the relevance of the testimony to the current case or the concept of collateral issues. Therefore, the evidence should be excluded because it pertains to a collateral issue, which is not supported by the passage.",,-6.302412509918213,-100.0,-0.052412569522857666,-100.0,0.9980732652220515
mbe_1009,TORTS,1998,train,"Karen was crossing Main Street at a crosswalk. John, who was on the sidewalk nearby, saw a speeding ",B,D,False,1,344,88,"D  
According to the gold passage, a rescuer must exercise reasonable care when rendering aid. If John's intent was to save Karen and he acted in a manner he believed was necessary to protect her from danger, then he may not be liable for battery, as his intent was not to harm her. Therefore, if John's actions were aimed at saving Karen, he would not be liable for the injury she sustained as a result of his actions.",,-100.0,-100.0,-12.127484321594238,-0.002484096447005868,0.9999945777822509
mbe_1011,REAL PROP.,1998,train,"Olivia, owner in fee simple of Richacre, a large parcel of vacant land, executed a deed purporting t",B,B,True,1,609,100,"B  
The gold passage discusses the meaning of a warranty deed, which includes the vendor's covenant to convey clear title. However, it does not provide any information regarding the delivery of the deed or the validity of the conveyance based on conditions. Since Olivia's deed to Grant was not delivered, it implies that Grant did not have valid title to convey to Bonnie. Therefore, the court will decide in favor of Olivia because Grant's deed to Bonnie was based on a deed that was not effectively delivered.",,-4.513006687164307,-0.01300645712763071,-6.513006687164307,-100.0,0.9875446593178299
mbe_1012,TORTS,1998,train,Perry suffered a serious injury while participating in an impromptu basketball game at a public park,D,C,False,1,677,98,"C  
No, because Perry impliedly consented to rough play. The gold passage indicates that participants in contact sports accept the inherent risks of harm associated with the activity, including rough play and contact that may occur during the game. Since the game was described as rough from the beginning and Perry himself was making liberal use of rough tactics, he impliedly consented to the risks involved, which would preclude him from prevailing in a claim against Dever for the injury sustained during the game.",,-100.0,-100.0,-20.2500057220459,-19.0000057220459,0.22270013882530884
mbe_1013,CONST. LAW,1998,train,Water District is an independent municipal water-supply district incorporated under the applicable l,A,A,True,1,540,95,"A  
The gold passage states that the equal protection clause guarantees that ""all persons similarly situated should be treated alike."" The set-asides by the Water District create a distinction based on race, which could deny equal protection to other potential employees or contractors who are not members of racial minority groups. Therefore, the most appropriate ruling based on the passage would be that the set-asides are unconstitutional, as they would deny other potential employees or potential contractors the equal protection of the laws.",,-0.1602274775505066,-100.0,-100.0,-100.0,1.0
mbe_1016,TORTS,1998,train,"The police in City notified local gas station attendants that a woman, known as Robber, recently had",A,D,False,1,693,86,"D  
Traveler will prevail because Owner lied to her about the condition of her car, which was an act committed with the intention of confining her. This act directly resulted in her confinement in Owner's office, and she was conscious of her confinement. The passage states that false imprisonment occurs when the imprisonment is false because it occurs without right or authority. Owner's actions were deceptive and not justified, leading to a false imprisonment claim.",,-3.444463014602661,-6.694462776184082,-1.9444628953933716,-0.19446294009685516,0.8236882218378734
mbe_1018,TORTS,1998,train,"Powell, who was an asbestos insulation installer from 1955 to 1965, contracted asbestosis, a serious",B,B,True,1,579,99,"B  
The gold passage indicates that a manufacturer's duty to warn arises when there is a need to inform consumers of dangers of which they are unaware. The relevant legal question for the court to decide is whether Acme Asbestos Company should be held to the standard of a prudent manufacturer who knew of the risks, regardless of whether those risks were reasonably discoverable before 1966. This directly relates to the duty to warn and the knowledge of risks, making it a question of law for the court.",,-100.0,-0.35716092586517334,-1.6071609258651733,-100.0,0.7772998611746911
mbe_1020,REAL PROP.,1998,train,"Alex and Betty, who were cousins, acquired title in fee simple to Blackacre, as equal tenants in com",C,C,True,1,881,136,"C  
The gold passage indicates that a person holding an ownership interest in real property as a tenant in common may maintain an action for partition. Betty has established her ownership interest and right to possess the property as a tenant in common. While the right to seek partition is not absolute and may be defeated when the equities demand, the passage does not provide any specific equities that would favor Alex's claim of adverse possession or any other defenses he may assert. Therefore, the court should grant partition, and it is appropriate to require an accounting to determine if either party is indebted to the other for expenses related to the property, such as rental payments, taxes, insurance premiums, and maintenance costs.",,-100.0,-1.9104583263397217,-0.1604582965373993,-100.0,0.8519528057272543
mbe_1021,EVIDENCE,1998,train,"Plaintiff sued Defendant for illegal discrimination, claiming that Defendant fired him because of hi",B,A,False,1,446,106,"A  
The gold passage indicates that evidence of an extraneous act that tends to rebut testimony may be admissible to impeach a witness. Since the tape recording contains evidence that contradicts Witness's testimony about Defendant's reasons for firing Plaintiff, it can be used to impeach Witness's credibility. Additionally, the recording provides evidence of Defendant's alleged racial motivation, which is relevant to Plaintiff's claim of discrimination. Therefore, the tape recording is admissible both to impeach Witness's testimony and as evidence of Defendant's racial motivation.",,-0.5569427609443665,-2.0569427013397217,-100.0,-100.0,0.8175744673038221
mbe_1022,CONTRACTS,1998,train,"For this question only, assume that no other correspondence passed between Stationer and Lawyer unti",A,C,False,1,457,121,"C  
The gold passage indicates that an acceptance is effective upon mailing and not upon receipt, and it also states that an acceptance may be transmitted by any means authorized by the offeror. However, it does not provide any information about the duration of the offer's irrevocability. Therefore, if Stationer's offer was only valid for three months, then Lawyer's acceptance on April 15, four months later, would not be effective. Thus, the correct answer is that Lawyer's fax did not constitute an effective acceptance because the irrevocability of Stationer's offer was limited to a period of three months.",,-1.1628844738006592,-100.0,-0.7878844141960144,-100.0,0.5926666143433998
mbe_1023,CONTRACTS,1998,train,"For this question only, assume that on January 15, having at that time received no reply from Lawyer",B,C,False,1,409,90,"C  
The gold passage discusses the elements of promissory estoppel, which requires a promise made with the expectation that the promisee will rely on it, leading to reasonable reliance. Since Stationer did not receive consideration to support its assurance that it would not increase prices, it implies that the original offer could be revoked. Therefore, the price increase is effective for catalog orders received in February, as there was no binding promise preventing the price change.",,-3.712242603302002,-100.0,-0.4622427225112915,-100.0,0.9626731083722525
mbe_1024,CRIM. LAW,1998,train,"State X enacted a statute ""to regulate administratively the conduct of motor vehicle junkyard busine",C,C,True,1,894,123,"C  
Janet's motion to suppress the evidence should be denied because the statute deals reasonably with a highly regulated industry. The gold passage indicates that regulatory searches in closely regulated industries do not require a warrant if there is a substantial government interest, the inspections are necessary to further the regulatory scheme, and the inspection program provides a constitutionally adequate substitute for a warrant. The statute in question aims to deter motor vehicle theft and trafficking, which reflects a substantial government interest, and the inspections are part of a regulatory scheme designed to ensure compliance. Therefore, the inspection of Janet's junkyard is justified under the regulatory search doctrine.",,-100.0,-100.0,-0.12696349620819092,-2.1269636154174805,0.8807970904940926
mbe_1025,CONST. LAW,1998,train,Current national statistics show a dramatic increase in the number of elementary and secondary schoo,A,A,True,1,716,101,"A  
The federal statute is unconstitutional because Congress has no authority to require a state legislature to enact any specified legislation. The gold passage emphasizes the anticommandeering doctrine, which recognizes that Congress cannot issue direct orders to state governments. This principle is supported by the case of New York v. United States, where the Court held that Congress does not have the power to instruct state governments in this manner. Therefore, the requirement for state legislatures to enact a specific law violates this constitutional limit on congressional authority.",,-0.0031784253660589457,-18.003177642822266,-100.0,-100.0,0.9999999847700085
mbe_1026,REAL PROP.,1998,train,"Janet had a season ticket for the Scorpions' hockey games at Central Arena (Section B, Row 12, Seat ",B,A,False,1,624,93,"A  
ABC has a right and obligation to control activities on realty it owns and has invited the public to visit. The gold passage discusses the elements required to prove a nuisance cause of action, which Janet's solicitation does not meet. ABC's prohibition of solicitations is a reasonable exercise of its property rights, and Janet's actions do not establish a legal right to continue soliciting in violation of those rules. Therefore, the court will decide in favor of ABC.",,-0.0013514261227101088,-7.751351356506348,-100.0,-12.626351356506348,0.9995661569707945
mbe_1027,TORTS,1998,train,Company designed and built a processing plant for the manufacture of an explosive chemical. Engineer,C,C,True,1,620,94,"C  
No, because Engineer owed no duty to Plaintiff to prevent the particular risk of harm. The gold passage outlines the requirements for a products liability claim alleging design defect, but it does not establish that Engineer had a duty to prevent risks associated with the design defect that was unrelated to the filter system she designed. Since the explosion was caused by a design defect in the processing plant that was not related to Engineer's work, she cannot be held liable for Plaintiff's injuries.",,-100.0,-100.0,-19.500003814697266,-22.000003814697266,0.9241418199787566
mbe_1028,REAL PROP.,1998,train,"Several years ago, Bart purchased Goldacre, financing a large part of the purchase price by a loan f",A,C,False,1,543,91,"C  
Mort is entitled to judgment because Bart's deed to Pam violated the due-on-sale clause in the mortgage. The gold passage indicates that due-on-sale clauses are valid and enforceable in Illinois, meaning that Mort had the option to enforce the clause when Bart transferred his interest in Goldacre to Pam without obtaining Mort's written consent. This violation gives Mort the right to demand the entire principal balance of the debt, making Mort's claim against Pam valid.",,-100.0,-100.0,-20.1250057220459,-100.0,1.0
mbe_1029,CONST. LAW,1998,train,Congress recently enacted a statute imposing severe criminal penalties on anyone engaged in trading ,C,C,True,1,602,97,"C  
The plaintiffs, the association and its members, do not have an interest in the invalidation of the statute that is adequate to ensure that the suit presents an Article III controversy. They are not currently engaged in trading in the stock market and do not intend to do so in the future, which means they cannot demonstrate an ""injury in fact"" that is concrete and particularized, as required for standing. Therefore, the federal court may not determine the merits of this suit.",,-100.0,-100.0,-18.6250057220459,-100.0,1.0
mbe_1030,CRIM. LAW,1998,train,"Rachel, an antique dealer and a skilled calligrapher, crafted a letter on very old paper. She includ",C,B,False,1,472,87,"B  
Rachel has committed forgery because she created a false document with the intent to defraud, as indicated by her crafting a letter that misled knowledgeable readers into believing it was written by Thomas Jefferson. However, she has not committed false pretenses since she did not make a direct representation as to the authenticity of the document; she only stated that she could make no promises about its authenticity. Thus, the correct answer is B.",,-10.13127613067627,-0.006275724619626999,-7.006275653839111,-100.0,0.9990489580306235
mbe_1031,TORTS,1998,train,"Mom rushed her eight-year-old daughter, Child, to the emergency room at Hospital after Child fell of",C,D,False,1,491,108,"D  
The gold passage indicates that a duty of care is imposed on a defendant to prevent injury to a plaintiff only under specific circumstances, such as inducing reliance, having a relationship that imposes a duty, or a statute imposing such a duty. In this case, there is no indication that Hospital's personnel had a duty to prevent Mom's injury, as she was not in a position that created a duty of care towards her. Therefore, Hospital's personnel owed Mom no affirmative duty of care, and she would not prevail in her lawsuit.",,-100.0,-9.68718147277832,-2.812181234359741,-0.06218133494257927,0.9398549910069628
mbe_1035,EVIDENCE,1998,train,"At Dove's trial for theft, Mr. Wong, called by the prosecutor, testified to the following: 1) that f",A,C,False,1,450,94,"C  
Playing the tape recording for the jury would be improper because it is hearsay not within any exception. The gold passage outlines the requirements for recorded recollection, which include that the witness must have firsthand knowledge of the event. In this case, Mrs. Wong did not have firsthand knowledge of the license number; she merely relayed what Mr. Wong told her. Therefore, the tape recording does not meet the criteria for recorded recollection and is considered hearsay.",,-6.689656734466553,-100.0,-0.06465663760900497,-100.0,0.9986749777109551
mbe_1036,TORTS,1998,train,"For ten years, Vacationer and Neighbor have owned summer vacation homes on adjoining lots. A stream ",A,A,True,1,398,90,"A  
The gold passage states that nuisance involves the unreasonable use of one's property that substantially impairs another's right to enjoy their property. If Neighbor's damming of the stream unreasonably interferes with Vacationer's use and enjoyment of their property, then Vacationer could prevail. The passage does not require that Vacationer must have made use of the stream, only that the interference is unreasonable. Therefore, option (A) is the correct answer.",,-0.5760048627853394,-100.0,-9.951004981994629,-100.0,0.9999151889683858
mbe_1037,REAL PROP.,1998,train,"Corp, a corporation, owned Blackacre in fee simple, as the real estate records showed. Corp entered ",D,A,False,1,896,118,"(A) Polly, because George's judgment was obtained before Barbara recorded the deed from Corp.

The gold passage discusses how a recorded judgment creates a claim against property, which can be considered a lien. Since George's judgment was filed before Barbara recorded her deed, it creates a valid claim against Blackacre. The passage does not provide any information that would support Barbara's title being superior to George's judgment, especially since the judgment was recorded prior to the deed being recorded. Therefore, Polly's objection to Barbara's title is valid based on the timing of the recording of the judgment and the deed.",,-1.4519354104995728,-2.201935291290283,-100.0,-100.0,0.679178673200285
mbe_1040,EVIDENCE,1998,train,"Mrs. Pence sued Duarte for shooting her husband from ambush. Mrs. Pence offers to testify that, the ",D,D,True,1,313,86,"D  
The witness's testimony concerning her husband's statement is inadmissible because it is hearsay not within any exception. According to the gold passage, hearsay is defined as a statement made by a person not currently testifying and offered to prove the truth of the matter asserted. Mrs. Pence's testimony about her husband's statement regarding Duarte's threat is being offered to prove the truth of that threat, which qualifies as hearsay.",,-100.0,-100.0,-19.000123977661133,-0.0001234428636962548,0.9999999943972067
mbe_1043,REAL PROP.,1998,train,Arthur's estate plan included a revocable trust established 35 years ago with ABC Bank as trustee. T,C,B,False,1,591,108,"B  
The gold passage indicates that a power of appointment exists during the donor's lifetime and is legally operative, even if it may not become exercisable until a certain event occurs. Since Alice had a general power of appointment over the trust estate, the Rule Against Perpetuities does not apply to general powers of appointment, allowing her to direct the distribution of the trust estate as she wished. Therefore, if the court rules for Marie, it will be because the Rule Against Perpetuities does not apply to general powers of appointment.",,-7.018699645996094,-0.01869940757751465,-4.768699645996094,-100.0,0.9905270206588062
mbe_1044,CONTRACTS,1998,train,"Assuming that Glazier has no remedy quasi in rem under the relevant state mechanic's lien statute, w",A,A,True,1,663,150,"A  
The gold passage indicates that it is impermissible to seek damages in an action sounding in quasi contract when there is a valid written agreement that clearly covers the dispute. Since Glazier contracted with Tenant to replace the window, and that contract governs the situation, Glazier cannot pursue a quasi contract claim against Landlord. Therefore, option A is not viable. 

Options B, C, and D are not supported by the passage either, as the passage does not provide any information that would validate a claim based on promissory estoppel, an implied-in-fact contract, or as a third-party intended beneficiary of the Tenant-Landlord lease. Thus, none of the options provide Glazier with an effective remedy against Landlord based on",,-0.361432820558548,-100.0,-100.0,-3.7364327907562256,0.9669140206578809
mbe_1045,CONTRACTS,1998,train,"For this question only, assume the following facts. Upon vacating the building, Tenant mailed a $1,0",B,B,True,1,779,70,"B  
No, because the amount owed by Tenant to Glazier was liquidated and undisputed. The gold passage discusses the elements of contracts and does not provide support for the concept of accord and satisfaction in the context of a liquidated debt. Since the amount owed was clear and agreed upon, the defense of accord and satisfaction is unlikely to prevail.",,-4.956124305725098,-0.08112411946058273,-3.9561240673065186,-100.0,0.9723942789800478
mbe_1046,EVIDENCE,1998,train,Defendant is on trial for robbing a bank in State A. She testified that she was in State B at the ti,B,B,True,1,381,81,"B  
Witness's testimony is admissible because it involves a statement of Defendant's then-existing state of mind regarding her plans to be in State B. The gold passage states that a statement of the declarant’s then-existing state of mind, such as a plan, is not excluded by the hearsay rule. Therefore, Witness's testimony about Defendant's statement about her plans falls within this hearsay exception.",,-100.0,-17.25007438659668,-100.0,-100.0,1.0
mbe_1047,CRIM. LAW,1998,train,The legislature of State X is debating reforms in the law governing insanity. Two reforms have been ,B,B,True,1,492,74,"B  
The gold passage indicates that the United States Supreme Court has not established a constitutional requirement for an affirmative insanity defense and has upheld statutes that place the burden of proof for insanity on the defendant. Therefore, neither Proposal A (eliminating the insanity defense) nor Proposal B (placing the burden of proof on the defendant) would be unconstitutional under the due process clause.",,-6.147254943847656,-0.022254858165979385,-100.0,-100.0,0.9978172837412655
mbe_1048,CONST. LAW,1998,train,"A federal statute appropriated $7 million for a nationwide essay contest on ""How the United States C",D,D,True,1,894,103,"D  
The gold passage indicates that legislation is presumed to be valid if it is rationally related to a legitimate government purpose. The essay contest statute has a clear purpose of generating ideas to combat drug abuse, which is a legitimate government interest. Additionally, the statute provides concrete objectives and criteria for the contest, such as the basis for selecting winning essays (originality, aptness, and feasibility). Therefore, the statute is reasonably related to the general welfare and meets the requirements outlined in the passage, making it constitutional.",,-100.0,-100.0,-100.0,-19.625009536743164,1.0
mbe_1049,TORTS,1998,train,"Fran, who was driving at an excessive speed, applied her brakes to stop at a traffic light. Due to d",B,C,False,1,653,62,"C  
No, if the jury finds that Fran's conduct was in any way a legal cause of the accident. The gold passage indicates that contributory negligence is a bar to recovery, meaning that if Fran's actions contributed to the accident in any way, she would not be able to recover damages from Sid.",,-100.0,-100.0,-19.3750057220459,-20.6250057220459,0.7772998611746911
mbe_1050,REAL PROP.,1998,train,"Sal owned five adjoining rectangular lots, numbered 1 through 5 inclusive, all fronting on Main Stre",B,B,True,1,597,112,"B  
Peter should be awarded appropriate remedy, but recovery by the other plaintiffs is doubtful. The gold passage indicates that zoning ordinances do not relieve private property from valid restrictive covenants if the ordinances are less stringent. Since Peter's deed included a restriction for Lot 2, he has a valid claim against Betty for violating that restriction. However, the other plaintiffs (owners of Lots 1, 3, and 5) do not have a direct claim based on the information provided, as their lots were conveyed without restrictions, making their recovery doubtful.",,-3.225482225418091,-0.7254822254180908,-100.0,-100.0,0.9241418199787566
mbe_1051,CONST. LAW,1998,train,"Kelly County, in the state of Green, is located adjacent to the border of the state of Red. The comm",B,B,True,1,568,94,"B  
Judgment for Scarletville taxicab owners, because the ordinance unduly burdens interstate commerce by insulating Kelly County taxicab owners from out-of-state competition without adequate justification. The gold passage indicates that a statute must not discriminate against interstate commerce and should not impose a burden that is clearly excessive in relation to local benefits. The ordinance appears to create a barrier for out-of-state taxicab owners, which could be seen as an undue burden on interstate commerce.",,-100.0,-0.000344640837283805,-9.500344276428223,-11.750344276428223,0.9999172656606705
mbe_1052,EVIDENCE,1998,train,"Paul sued Donna for breach of contract. Paul's position was that Joan, whom he understood to be Donn",B,C,False,1,462,81,"C  
Paul's testimony concerning Joan's statement is inadmissible if Joan does not testify and her absence is not excused. The gold passage does not provide any exceptions that would allow for hearsay to be admissible in this situation, particularly since Joan's absence would prevent any direct evidence of her authority. Therefore, without Joan's testimony, Paul's statement about what she said cannot be considered valid evidence.",,-100.0,-1.392474889755249,-0.7674748301506042,-2.017474889755249,0.5489178649573726
mbe_1053,CONST. LAW,1998,train,A city ordinance requires a taxicab operator's license to operate a taxicab in King City. The ordina,D,D,True,1,693,79,"D  
The gold passage indicates that property interests are defined by existing rules or understandings that stem from an independent source, such as state law. In this case, the licensing ordinance does not provide John with a property interest in being free from competition from additional licensees. Therefore, he does not have a constitutionally protected interest that would require a hearing before the issuance of a license to Sandy.",,-17.750009536743164,-100.0,-16.625009536743164,-1.0325924449716695e-05,0.9999999202085238
mbe_1055,CONTRACTS,1998,train,"Bye Bye telegraphed Vendor on June 1, ""At what price will you sell 100 of your QT- Model garbage-dis",D,D,True,1,799,105,"D  
Bye Bye's letter received on June 9 can be interpreted as an unequivocal refusal to perform, which aligns with the doctrine of anticipatory repudiation outlined in the gold passage. The passage states that a party must distinctly and unqualifiedly communicate their refusal to perform, and Bye Bye's letter indicates a refusal to deal with Vendor on their terms. This refusal would excuse Vendor from any obligation to perform under the contract, even if a contract had been formed previously. Therefore, this argument best serves Vendor's defense.",,-10.500391006469727,-10.875391006469727,-100.0,-0.00039135036058723927,0.9999535401868728
mbe_1056,CRIM. LAW,1998,train,"At a party, Diane and Victor agreed to play a game they called ""spin the barrel."" Victor took an unl",B,C,False,1,612,126,"C  
The gold passage explains that for a defendant's conduct to be considered reckless, they must know they are putting others in imminent danger, even if they do not foresee the specific injury that results. Diane's act of pointing the gun at Victor and pulling the trigger, after having spun the barrel, demonstrates a reckless disregard for human life, as she was aware that the act posed a significant risk of death. Therefore, her actions could be classified as grossly negligent and reckless, which aligns with the definition of manslaughter provided in the question. The other options do not align with the definitions and principles outlined in the passage.",,-7.578517913818359,-1.7035179138183594,-0.203517884016037,-100.0,0.8171557735015279
mbe_1058,CONST. LAW,1998,train,A statute of State X permits a person's name to appear on the general election ballot as a candidate,C,C,True,1,550,93,"C  
The Fourteenth Amendment is relevant here because it prohibits government action that deprives an individual of life, liberty, or property without due process of law. The new political party could argue that the filing requirements imposed by State X disproportionately affect members of racial minority groups, thereby violating their rights under the Fourteenth Amendment. The passage emphasizes the importance of government conduct in relation to individual rights, making this amendment the most applicable basis for challenging the statute's constitutionality.",,-13.750001907348633,-100.0,-19.750001907348633,-100.0,0.0024726231566347748
mbe_1059,EVIDENCE,1998,train,Defendant is on trial for the murder of his father. Defendant's defense is that he shot his father a,C,B,False,1,377,78,"B  
The evidence is inadmissible because Witness lacks firsthand knowledge of who started the quarrels. The gold passage emphasizes that firsthand knowledge refers to what a witness actually saw or heard, and since the officer was called to the home after complaints and did not witness the arguments or the initiation of the quarrels, he cannot provide testimony based on firsthand knowledge regarding who instigated the conflicts.",,-3.048874855041504,-0.04887495934963226,-9.298874855041504,-100.0,0.9524869186160513
mbe_1060,REAL PROP.,1998,train,"Alex and Brenda owned in fee simple Greenacre as tenants in common, each owning an undivided one-hal",B,B,True,1,571,87,"B  
Brenda should lose because there was no redemption from the mortgage. The gold passage emphasizes the concept of ""equity of redemption,"" which is the right of a mortgagor to recover the property by fulfilling the obligation of payment. Since Brenda tendered only half of the amount due and did not fulfill the entire obligation, she did not exercise her equity of redemption, which is necessary to regain her interest in the property.",,-5.571773052215576,-0.07177294790744781,-100.0,-100.0,0.9959298627069244
mbe_1061,CRIM. LAW,1998,train,"As to the switchblade knife and the .45-caliber pistol, Jason's motion to suppress should be",C,C,True,1,889,92,"C  
Jason's motion to suppress should be denied because the search and seizure of the switchblade knife and the .45-caliber pistol were incident to a lawful arrest. The gold passage states that law enforcement officers may conduct a warrantless search of a person who is arrested and of his surrounding area when the search is incident to the arrest. Since Jason was arrested and the weapons were found on his person, the search falls within this exception to the warrant requirement.",,-100.0,-100.0,-21.75,-100.0,1.0
mbe_1062,CRIM. LAW,1998,train,"As to Jason's statement, his motion to suppress should be",C,C,True,1,769,78,"C  
Jason's statement was made in a context where there was no police interrogation, as defined by the legal standard that requires police conduct to be ""calculated to, expected to, or likely to, evoke admissions."" Since his statement was classified as a volunteered statement, it is not subject to suppression for lack of Miranda warnings. Therefore, his motion to suppress the statement should be denied.",,-100.0,-100.0,-19.875003814697266,-21.500003814697266,0.8354835371034369
mbe_1063,CRIM. LAW,1998,train,"As to the Uzi automatic weapon, Jason's motion to suppress should be",A,C,False,1,763,98,"C  
The police were lawfully in the bedroom as part of their execution of the search warrant, which allowed them to search for the brown suitcase and cocaine. The Uzi automatic weapon was found in a location where the police had a right to be, and it could be considered immediately identifiable as being subject to seizure due to the context of the search for illegal weapons related to Jason's cocaine distribution network. Therefore, Jason's motion to suppress the evidence of the Uzi should be denied.",,-10.755146980285645,-100.0,-0.005146946758031845,-5.7551469802856445,0.9968060081745658
mbe_1064,EVIDENCE,1998,train,Plaintiff is suing Doctor for medical malpractice occasioned by allegedly prescribing an incorrect m,C,C,True,1,324,76,"C  
The gold passage does not provide any information regarding the admissibility of offers to pay medical expenses or offers to compromise. However, based on general legal principles, offers to pay medical expenses are typically inadmissible as evidence of liability. Therefore, the evidence of Doctor's offer to pay Plaintiff's hospital expenses is inadmissible because it is an offer to pay medical expenses.",,-8.878562927246094,-100.0,-0.003563369158655405,-100.0,0.9998601778625721
mbe_1065,CRIM. LAW,1998,train,Sam and two of his friends were members of a teenage street gang. While they were returning from a d,B,B,True,1,335,68,"B  
The gold passage states that an accomplice to manslaughter is legally responsible for the principal's acts that proximately caused the victim's death. Since Sam's friends did not assist or encourage him to commit the crime (they urged him to flee instead), they cannot be considered accomplices. Therefore, they should be acquitted.",,-2.069852352142334,-0.3198523223400116,-100.0,-100.0,0.8519528057272543
mbe_1066,TORTS,1998,train,Employer retained Doctor to evaluate medical records of prospective employees. Doctor informed Emplo,A,A,True,1,405,108,"A

The gold passage outlines the types of invasion of privacy claims but does not provide any support for a claim of negligent misrepresentation or negligent infliction of emotional distress. Since the passage does not mention any of the elements necessary for those claims, they cannot be considered valid causes of action based on the information provided. Therefore, the only applicable cause of action is for negligent infliction of emotional distress, which is implied by the Applicant's heart attack resulting from the distress caused by the erroneous information. Thus, the correct answer is III only.",,-0.06531807035207748,-100.0,-5.9403181076049805,-100.0,0.9971990731369295
mbe_1067,CONTRACTS,1998,train,Is Gourmet obligated to permit Newman to perform the Gourmet-Deligor agreement?,C,C,True,1,492,77,"C  
The gold passage indicates that duties involving an exercise of judgment and discretion cannot be delegated. Deligor's role as an interior decorator likely involves personal judgment, taste, and skill, which are integral to the performance of the contract with Gourmet. Therefore, Gourmet is not obligated to permit Newman to perform the Gourmet-Deligor agreement because Deligor's duties are of a personal nature.",,-12.876505851745605,-100.0,-0.0015061709564179182,-100.0,0.9999974387169716
mbe_1068,CONTRACTS,1998,train,"If Gourmet allows Newman to perform and approves his design plan, but Newman fails without legal exc",D,D,True,1,594,106,"D  
The gold passage indicates that a beneficiary is considered an intended beneficiary when the promisee intends to give the beneficiary the benefit of the promised performance. In this case, Gourmet is an intended beneficiary of the agreement between Deligor and Newman, as he allowed Newman to perform and approved the design plan. However, Deligor's original duty to Gourmet was not discharged by the assignment to Newman, meaning Gourmet can still hold Deligor accountable. Therefore, Gourmet has an enforceable claim for breach of contract against either Deligor or Newman.",,-4.019550323486328,-100.0,-100.0,-0.019550351426005363,0.982013789544418
mbe_1070,REAL PROP.,1998,train,Otis owned in fee simple Lots 1 and 2 in an urban subdivision. The lots were vacant and unproductive,D,C,False,1,491,142,"C  
The gold passage discusses the doctrine of caveat emptor in the context of tax-sale properties, indicating that a tax-sale purchaser assumes the risks involved and has no remedy against the taxing authorities beyond what is provided by tax-sale statutes. However, it does not provide any information regarding the responsibilities of a life tenant or the rights of a remainderman in relation to property taxes. Therefore, based solely on the information in the passage, it cannot be concluded that Rose is entitled to recover any amount from Lena, as the passage does not support the notion that Lena has a duty to pay the taxes or that Rose has a right to reimbursement. Thus, the correct answer is that Rose should recover nothing.",,-4.6394362449646,-100.0,-0.014436023309826851,-6.3894362449646,0.9886236386071322
mbe_1072,EVIDENCE,1998,train,"Plaintiff sued Defendant under an age discrimination statute, alleging that Defendant refused to hir",D,B,False,1,338,79,"B  
The testimony of Defendant is inadmissible because Employer's statement is hearsay not within any exception. The gold passage does not provide any information that would support the admissibility of hearsay statements, and it specifically discusses the admissibility of demonstrative exhibits rather than testimonial evidence. Therefore, the best choice based on the passage is that the testimony is inadmissible due to hearsay.",,-8.007204055786133,-0.007203708868473768,-100.0,-100.0,0.9996646499858334
mbe_1074,TORTS,1998,train,"While approaching an intersection with the red light against him, Motorist suffered a heart attack t",C,C,True,1,539,74,"C  
The gold passage indicates that a loss of consciousness while driving is a complete defense if such loss was not foreseeable. In this case, Motorist had no history of heart disease and no warning of the heart attack, which suggests that the heart attack was unforeseen. Therefore, Motorist cannot be held liable for running the red light due to the sudden loss of consciousness.",,-100.0,-100.0,-0.2015550434589386,-1.7015550136566162,0.817574471748733
mbe_1075,EVIDENCE,1998,train,"In a jurisdiction without a Dead Man's Statute, Parker's estate sued Davidson claiming that Davidson",B,B,True,1,389,70,"B  
Smith's testimony about Parker's statement is inadmissible because it is hearsay not within any exception. The gold passage does not provide any information that would support the admissibility of the statement as an excited utterance or a statement under belief of impending death. Therefore, the only conclusion based on the passage is that it is hearsay.",,-100.0,-0.3806368112564087,-100.0,-1.8806368112564087,0.8175744761936437
mbe_1076,CONTRACTS,1998,train,"For this question only, assume the following facts. Logger offered to buy, sever, and remove the sta",C,C,True,1,636,135,"C  
The concept of unconscionability provides the best prospect for Landholder to effectively cancel the contract with Logger. According to the gold passage, a contract is deemed unconscionable if the inequality of the bargain is so manifest that it shocks the judgment of a person of common sense, and the terms are so oppressive that no reasonable person would make them. In this case, Logger's offer to buy the standing timber at a price 70% lower than the prevailing market rate could be seen as substantively unfair, meeting the criteria for unconscionability. Thus, Landholder may have grounds to argue that the contract is unconscionable and seek cancellation.",,-100.0,-100.0,-20.375001907348633,-21.375001907348633,0.7310585786300049
mbe_1077,CONTRACTS,1998,train,"For this question only, assume the following facts. Logger offered a fair price for the timber right",A,A,True,1,746,109,"A  
The neighbor will probably lose, as only an incidental beneficiary, if any, of the Logger-Landholder contract. The gold passage indicates that for a third-party to have standing as an intended beneficiary, there must be an express or implied intention of the parties to benefit that third-party. The neighbor does not appear to be specifically or individually identified in the contract, nor does it suggest that the contract was intended to benefit him directly. Therefore, he would not qualify for third-party beneficiary status and would be considered an incidental beneficiary at best.",,-0.0009124171338044107,-100.0,-14.0009126663208,-100.0,0.9999991684721796
mbe_1079,REAL PROP.,1998,train,"By a writing, Oner leased his home, Blackacre, to Tenn for a term of three years, ending December 31",A,A,True,1,480,122,"A  
The gold passage states that a judgment declaring the forfeiture of the lease does not relieve the lessee from liability. In this case, Tenn, as the original lessee, is liable for the unpaid rent for the entire term of the lease, which amounts to $24,000. Agrit, as a sublessee, is not liable for the unpaid rent because the passage does not indicate any liability on her part after the lease was forfeited. Therefore, Oner is entitled to a judgment against Tenn individually for the full amount of $24,000, and no judgment against Agrit.",,-0.11981827020645142,-4.869818210601807,-100.0,-3.9948182106018066,0.97143397859094
mbe_1081,REAL PROP.,1998,train,"Bill owned in fee simple Lot 1 in a properly approved subdivision, designed and zoned for industrial",A,D,False,1,595,101,"D  
Gail is not liable for the damage to Bill's building because the excavation was done in accordance with applicable law and did not constitute a trespass or take away a property right. The gold passage indicates that an adjoining owner may excavate their land without liability for damages to a neighbor's building, provided that the adjacent soil would not have fallen of its own weight. Since the excavation was authorized and not done negligently or with malicious intent, Gail is not responsible for the subsidence that occurred.",,-100.0,-100.0,-2.400397777557373,-0.5253976583480835,0.8670357735451834
mbe_1082,EVIDENCE,1998,train,Defendant is charged with murder in connection with a carjacking incident during which Defendant all,B,A,False,1,436,97,"(A) 

The gold passage outlines the necessary elements for determining the competency of a child of tender years to testify. It specifies that a child must have a present understanding of the obligation to speak the truth, mental capacity to observe and register the occurrence, sufficient memory to retain an independent recollection, and the ability to translate that memory into words. Therefore, the son's testimony should be admitted if the prosecutor can demonstrate that the son meets these competency requirements, which aligns with option (A).",,-4.115469455718994,-3.365469455718994,-100.0,-100.0,0.32082130082460697
mbe_1084,TORTS,1998,train,Patron ate a spicy dinner at Restaurant on Sunday night. He enjoyed the food and noticed nothing unu,C,C,True,1,542,117,"C  
Patron has failed to establish that Restaurant's food caused his illness. The gold passage indicates that for a defendant's act or omission to be considered a substantial factor in causing the injury, it must be shown that the defendant's negligence was not merely a condition that made the injury possible. In this case, while there were health code violations at Restaurant, there is no direct evidence linking the food Patron consumed to his illness, especially since no other patrons reported similar issues. Therefore, Restaurant's best argument is that Patron has not sufficiently established causation between the food and his illness.",,-100.0,-15.875335693359375,-18.375335693359375,-100.0,0.07585818002124356
mbe_1085,CRIM. LAW,1998,train,"In a jurisdiction that has abolished the felony-murder rule, but otherwise follows the common law of",D,B,False,1,545,143,"B  
The gold passage discusses the distinction between depraved heart murder and culpable negligence, indicating that depraved heart murder requires a higher degree of recklessness. Since the jurisdiction has abolished the felony-murder rule, Sally's actions of firing into the air, while reckless, do not demonstrate the higher mental state of depraved heart murder. Instead, her actions could be seen as exhibiting culpable negligence, which aligns with the unintentional nature of the homicide. Ralph, who did not directly cause the death, would also not be guilty of murder or manslaughter under these circumstances. Therefore, neither can be guilty of murder, but both can be convicted of manslaughter based on unintentional homicide.",,-4.2751545906066895,-0.02515450119972229,-5.1501545906066895,-100.0,0.9801899211390718
mbe_1086,CONST. LAW,1998,train,"In recent years, several large corporations incorporated and headquartered in State A have suddenly ",C,B,False,1,874,89,"B  
No, because the effect of the statute will necessarily be to hinder the acquisition of State A corporations by other corporations, many of whose shareholders are not residents of State A and, therefore, it will adversely affect the interstate sale of securities. The gold passage emphasizes that state laws violate the Commerce Clause if they create differential treatment that burdens out-of-state economic interests, which is relevant to the statute's impact on acquisitions by out-of-state entities.",,-3.194833278656006,-0.44483333826065063,-1.4448332786560059,-100.0,0.6984179926749706
mbe_1087,CONTRACTS,1998,train,"A written construction contract began with the following recital: ""This Agreement, between Land, Inc",A,D,False,1,615,92,"D  
The court would not admit Boss's proffered evidence because the contract is completely integrated, meaning that its terms are intended to be the final and complete expression of the parties' agreement. According to the ""four corners"" rule, the meaning of a completely integrated contract must be determined solely from its own terms, without reference to prior negotiations or understandings. Therefore, any evidence from pre-contract negotiations that contradicts the written agreement is inadmissible.",,-100.0,-100.0,-2.8123624324798584,-0.06236233934760094,0.9399133550857522
mbe_1088,TORTS,1998,train,"When Parents were told that their child, Son, should repeat second grade, they sought to have him ev",C,C,True,1,707,76,"C  
The passage indicates that the dissemination of news or news events does not generally constitute an invasion of the right of privacy. Since the article reported on a public meeting where the Parents made a request regarding reimbursement, it can be considered a fair and accurate report of what transpired at that meeting. Therefore, Son's legal representative would not recover in a privacy action against the newspaper.",,-100.0,-100.0,-19.625001907348633,-100.0,1.0
mbe_1089,EVIDENCE,1998,train,"On trial for murdering her husband, Defendant testified she acted in self-defense. Defendant calls E",D,D,True,1,344,60,"D  
The gold passage states that no expert witness may express an opinion regarding the mental state or condition of the accused that constitutes an element of the crime or a defense. Since Expert's testimony would express an opinion about Defendant's mental state at the time of the killing, it is not admissible.",,-100.0,-100.0,-4.769990921020508,-0.019990740343928337,0.9914225161227456
mbe_1090,CONST. LAW,1998,train,The legislature of State X enacts a statute that it believes reconciles the state's interest in the ,C,C,True,1,476,103,"C  
The gold passage indicates that while a state may regulate pre-viability abortion to further its legitimate interests, such regulations cannot place an ""undue burden"" on a woman's right to end her pregnancy. The statute in question prohibits abortions after the first trimester unless necessary to protect the woman's life or health, which could be interpreted as placing an undue burden on a woman's right to choose an abortion prior to fetal viability. Therefore, the statute is likely to be held unconstitutional based on the principles outlined in the passage.",,-11.250444412231445,-100.0,-0.0004444931691978127,-100.0,0.9999869928704809
mbe_1092,CRIM. LAW,1998,train,"While browsing in a clothing store, Alice decided to take a purse without paying for it. She placed ",D,D,True,1,382,95,"D  
The gold passage defines larceny as the taking and carrying away of another's goods without consent and with the intent to permanently deprive the owner of the property. Alice took the purse from its original location and concealed it under her coat, demonstrating the intent to steal. Even though she later placed the purse back near the counter, her initial actions constituted larceny as she had already taken and concealed the purse with the intent to deprive the owner of it.",,-100.0,-100.0,-12.500434875488281,-0.00043448375072330236,0.9999962733621758
mbe_1093,TORTS,1998,train,"In this action, will Mechanic obtain a judgment against Basher?",D,D,True,1,574,97,"D  
Yes, if Mechanic's injury was a proximate consequence of Basher's negligent driving. The gold passage defines proximate cause as the cause that produces the injury in a natural and continuous sequence, and without which the injury would not have occurred. Since Basher's negligence caused the initial accident, and Mechanic's injury resulted from the subsequent events stemming from that negligence, it can be argued that Basher's actions were a proximate cause of Mechanic's injuries.",,-100.0,-100.0,-6.107204437255859,-0.10720432549715042,0.9975273771190191
mbe_1094,TORTS,1998,train,"In this action, will Mechanic obtain a judgment against Adam?",C,B,False,1,511,109,"B

The gold passage discusses the concept of pure comparative negligence, which allows a plaintiff to recover damages even if they are more negligent than the defendant, with their recovery being reduced by their percentage of negligence. However, the passage does not provide any information regarding the specific duties or responsibilities of Adam in relation to the gasoline leak or whether he was aware of the risk it posed. Therefore, the correct answer is that Mechanic will not obtain a judgment against Adam unless it can be shown that Adam was aware of the risk that the gasoline leak represented.",,-100.0,-1.1087617874145508,-1.3587617874145508,-100.0,0.5621765008857981
mbe_1095,CRIM. LAW,1998,train,"At 11:00 p.m., John and Marsha were accosted in the entrance to their apartment building by Dirk, wh",A,A,True,1,622,97,"A  
Dirk is guilty of burglary, robbery, and murder. He committed burglary by entering the apartment with the intent to commit a felony (the robbery) while the dwelling was occupied. He also committed robbery by taking the diamond necklace from Marsha through means of violence or fear. Furthermore, under the felony murder rule, Dirk contributed to John's death during the commission of the robbery, as John's heart attack was a direct result of Dirk's actions. Therefore, all three charges apply.",,-0.16211186349391937,-1.9121118783950806,-100.0,-100.0,0.8519528038477825
mbe_1098,CONTRACTS,1998,train,"For this question only, make the following assumptions. On March 1, Fixtures tendered 24 sets to Apa",D,B,False,1,551,127,"B  
Apartments is entitled to accept any number of the 24 sets and to reject the rest, but is not entitled to cancel the contract as to any rejected sets or the lot due on April 1. The gold passage indicates that a material breach allows the aggrieved party to cancel the contract. However, the situation described does not indicate a material breach since Fixtures has offered to deliver a replacement for the damaged set within 5 days, which suggests that the breach may not relate to a vital provision of the agreement. Therefore, Apartments can accept or reject the sets but cannot cancel the contract entirely based on the information provided.",,-1.3419502973556519,-1.0919502973556519,-100.0,-100.0,0.5621765008857981
mbe_1099,EVIDENCE,1998,train,Defendant is on trial for nighttime breaking and entering of a warehouse. The warehouse owner had se,B,B,True,1,426,100,"B  
The gold passage states that photographs are generally admissible if they illustrate any fact, shed light on an issue in the case, or are relevant to describe the person, thing, or place depicted, provided their probative value outweighs any prejudicial effect. Since the infrared photograph is being offered to show similarities to the Defendant, it is relevant and can be compared by the jury. Therefore, the photograph is admissible, allowing the jury to compare the person in the photograph and the Defendant.",,-4.52012300491333,-0.02012300118803978,-100.0,-100.0,0.9890130574098868
mbe_1100,REAL PROP.,1998,train,"Olivia owned Blackacre, her home. Her daughter, Dawn, lived with her and always referred to Blackacr",D,A,False,1,519,88,"A  
The gold passage states that a purchaser is bound by every recital, reference, and reservation contained in or fairly disclosed by any instrument that forms an essential link in the chain of title. Since Dawn executed a warranty deed to Bruce, which purported to convey Blackacre, it indicates that she had something to convey at that time. Therefore, the assertion that Dawn had nothing to convey to Bruce two years ago is not supported by the passage.",,-0.34310653805732727,-5.343106746673584,-100.0,-1.3431065082550049,0.7274751517421701
mbe_1102,TORTS,1998,train,The warden of State Prison prohibits the photographing of the face of any prisoner without the priso,D,D,True,1,500,117,"D  
No reasonable person could conclude that Photographer's conduct was extreme and outrageous as to Prisoner. The gold passage indicates that to establish an intentional or reckless infliction of emotional distress (IIED) claim, the plaintiff must show that the defendant acted with the intent to inflict severe emotional distress or acted recklessly in disregard of the probability that such distress would result. Since Photographer did not intend to photograph Prisoner and was not aware that his actions would cause severe emotional distress to Prisoner, it can be argued that his conduct does not meet the threshold of being extreme and outrageous.",,-3.5330710411071777,-100.0,-100.0,-0.033070944249629974,0.9706877720045336
mbe_1103,CONST. LAW,1998,train,"The vaccination of children against childhood contagious diseases (such as measles, diphtheria and w",B,B,True,1,499,74,"B  
The gold passage indicates that the President's authority is at its maximum when acting pursuant to an express or implied authorization of Congress. Since there is no federal statute that prohibits the President from creating the commission, and the action falls within the scope of executive authority, it can be concluded that the President may constitutionally create such a commission for the purpose of encouraging vaccination.",,-100.0,-0.011279122903943062,-9.261279106140137,-9.261279106140137,0.9998078136353534
mbe_1104,EVIDENCE,1998,train,"Defendant is on trial for extorting $10,000 from Victim. An issue is the identification of the perso",D,D,True,1,393,117,"D  
Victim's testimony is admissible because the lack of certainty regarding the identification of the caller goes to the weight of the testimony rather than its admissibility. The gold passage discusses the best evidence rule, which requires the production of an original writing when its contents are in dispute. However, it does not state that Victim's testimony is inadmissible simply because he cannot positively identify the voice. Therefore, Victim's testimony can still be presented, and any uncertainty can be addressed during cross-examination or argument, affecting the weight of the evidence rather than its admissibility.",,-12.875165939331055,-100.0,-12.375165939331055,-0.0001657565007917583,0.9999932159072166
mbe_1105,REAL PROP.,1998,train,"Owner owned Greenacre, a tract of land, in fee simple. Owner executed an instrument in the proper fo",B,B,True,1,586,85,"B  
Owner should lose, because the validity of conveyance of land does not depend upon consideration being paid, whether recited or not. The gold passage indicates that a writing that embodies the elements of a contract is not open to variation or contradiction by parol evidence, and the mere acknowledgment of receipt of money does not invalidate the contract. Therefore, the lack of actual consideration does not affect the validity of the conveyance.",,-100.0,-0.03839006647467613,-8.288390159606934,-100.0,0.9997388097052232
mbe_1106,TORTS,1998,train,Vintner is the owner of a large vineyard and offers balloon rides to visitors who wish to tour the g,B,A,False,1,427,99,"(A) No, unless the crash landing was made necessary by negligence on Vintner's part.

The gold passage indicates that a property owner owes a reasonable duty of care to a trespasser only when the trespasser's presence becomes known. In this case, Vintner was unaware of Trespasser's presence, which means he did not owe a duty of care. Therefore, Trespasser cannot prevail unless it can be shown that Vintner was negligent in causing the crash landing.",,-3.372115135192871,-4.872115135192871,-100.0,-100.0,0.8175744761936437
mbe_1107,CRIM. LAW,1998,train,Matt and his friend Fred were watching a football game at Matt's home when they began to argue. Fred,D,D,True,1,556,80,"D  
The gold passage indicates that a person has the right to use deadly force to prevent the commission of a felony in their home, and that there is no duty to retreat in such circumstances. Since Fred was threatening Matt with a knife and refused to leave, Matt was justified in using deadly force to protect himself in his home. Therefore, he should be acquitted on the grounds of self-defense.",,-20.625009536743164,-100.0,-100.0,-20.500009536743164,0.5312093733737563
mbe_1108,CONST. LAW,1998,train,Central City in the state of Green is a center for businesses that assemble personal computers. Comp,D,D,True,1,1095,102,"D  
The court should rule for Assembler because the tax discriminates against interstate commerce by favoring in-state products over out-of-state products. The gold passage emphasizes that the negative implications of the Commerce Clause prohibit economic protectionism, which includes regulatory measures that benefit in-state economic interests by burdening out-of-state competitors. Since Assembler's components come entirely from outside the state and it does not receive any tax reduction, the ordinance effectively discriminates against Assembler in favor of those who use in-state components.",,-10.000385284423828,-100.0,-100.0,-0.00038527094875462353,0.9999546021319092
mbe_1109,CRIM. LAW,1998,train,"Hannah, who was homeless, broke into the basement of a hotel and fell asleep. She was awakened by a ",D,C,False,1,336,120,"C

The gold passage defines self-defense as an affirmative defense that can excuse a defendant from a criminal offense. In this scenario, Hannah's action of spraying the security guard with a fire extinguisher could potentially be viewed as self-defense in response to the guard's violent attack on her. However, the passage does not provide any information that would support a conviction for aggravated assault, burglary, or trespass. Therefore, the most serious crime for which Hannah could properly be convicted, considering the context of self-defense, would be assault, as it does not require the intent to cause serious bodily injury.",,-1.491438627243042,-100.0,-0.9914385676383972,-100.0,0.6224593452091672
mbe_1110,CONTRACTS,1998,train,"On March 1, Mechanic contracted to repair Textiles' knitting machine and to complete the job by Marc",B,C,False,1,599,93,"C  
Mechanic's best defense is that by entering into the Knitwear contract while knowing that its knitting machine was being repaired, Textiles assumed the risk of any delay loss to Knitwear. The gold passage indicates that consequential damages may be awarded when the loss was contemplated by the parties when the contract was made. Since both parties were aware of the machine's repair status and the potential for delay, Textiles assumed the risk of any resulting damages from that delay.",,-100.0,-7.500988483428955,-0.0009883884340524673,-100.0,0.9994472214155585
mbe_1111,EVIDENCE,1998,train,Plaintiff sued Defendant for personal injuries suffered in a train-automobile collision. Plaintiff c,C,C,True,1,404,90,"C  
The testimony by the investigator is proper because a police accident investigator has sufficient expertise to express an opinion on speed. The gold passage outlines that for expert testimony to be admitted, the witness must qualify as an expert based on their knowledge, skill, experience, training, or education. The investigator's background as an experienced police accident investigator suggests he meets these qualifications, making his testimony relevant and likely to assist the fact-finder in deciding the case.",,-100.0,-21.875003814697266,-21.000003814697266,-100.0,0.7057850278370112
mbe_1112,REAL PROP.,1998,train,"Ven owned Goldacre, a tract of land, in fee simple. Ven and Pur entered into a written agreement und",A,C,False,1,615,123,"C  
The gold passage does not provide any information regarding the enforceability of the provision relied upon by Ven, the termination of the contract due to Pur's death, or the doctrine of equitable conversion. However, it does imply that Ven is asserting a right based on the express agreement of the contracting parties, which included a provision for liquidated damages in the event of breach. Since Addy, as the administratrix, is demanding the return of the deposit and Ven is asserting his right to retain it based on the contract, the court should enforce the express agreement of the contracting parties, which supports Ven's position.",,-100.0,-100.0,-0.1725030094385147,-4.1725029945373535,0.9820137897747135
mbe_1113,CONST. LAW,1998,train,An ordinance of Central City requires every operator of a taxicab in the city to have a license and ,D,D,True,1,871,122,"D  
Driver has a meritorious defense based on the United States Constitution because the condition imposed on taxicab operators' licenses restricts political speech based wholly on its content, without any adequate governmental justification. The gold passage states that content-based laws are presumptively unconstitutional and may only be justified if the government proves they are narrowly tailored to serve compelling state interests. The ordinance's restriction on displaying political messages in taxicabs is a clear example of a content-based regulation, which would require strict scrutiny to be upheld. Since the ordinance does not appear to meet this standard, Driver's defense is valid.",,-100.0,-100.0,-100.0,-19.50007438659668,1.0
mbe_1115,EVIDENCE,1998,train,"At Devlin's trial for burglary, Jaron supported Devlin's alibi that they were fishing together at th",C,C,True,1,395,102,"C  
The testimony of Wilcox is inadmissible because the gold passage indicates that extrinsic evidence is generally admissible to correct errors in documents, but it does not support the idea that extrinsic evidence can be used to prove whether Jaron lied on his application. The focus of the passage is on correcting errors in documents rather than addressing credibility issues through extrinsic evidence. Therefore, the question of whether Jaron lied in his application cannot be proved by extrinsic evidence, making option C the correct choice.",,-1.889190435409546,-2.639190435409546,-0.3891904950141907,-100.0,0.7527119812096222
mbe_1116,REAL PROP.,1998,train,"Owen owned Blackacre in fee simple, as the land records showed, when he contracted to sell Blackacre",B,D,False,1,683,114,"D  
The court will most probably decide for Bryer because he was a purchaser without notice. The gold passage emphasizes the importance of record title and indicates that good and clear record title is established solely through the record. Since Bryer received a warranty deed and neither the contract nor the deed was recorded, he is considered a subsequent purchaser for value without notice of Cred's judgment lien against Owen. Therefore, Bryer's interest in Blackacre is protected under the jurisdiction's recording act, which states that conveyances are not good against subsequent purchasers for value and without notice unless recorded.",,-6.252220153808594,-100.0,-100.0,-0.0022200802341103554,0.9980732654781579
mbe_1117,CONTRACTS,1998,train,"A written construction contract, under which Contractor agreed to build a new house for Owner at a f",D,B,False,1,425,150,"B

The gold passage states that both oral agreements and unsubscribed written agreements involving an interest in or the sale of real property are subject to the statute of frauds. In this case, the modifications to the construction contract for the ""extras"" were made orally and not in writing, which means they fall under the statute of frauds. Therefore, Owner's defense that no written, signed authorization was ever effected is supported by the statute of frauds. 

The other options (I, II, and III) are not supported by the passage. The parol evidence rule (I) is not mentioned, the preexisting duty rule (II) is not applicable here, and there is no indication of a failure of an express condition (III)",,-100.0,-0.0015048631466925144,-100.0,-13.001504898071289,0.9999977396757811
mbe_1119,CRIM. LAW,1998,train,Susan entered a guilty plea to a charge of embezzlement. Her attorney hired a retired probation offi,A,A,True,1,629,87,"A  
The attorney-client privilege protects communications between an individual and their attorney, and this privilege extends to any person who is or may be the agent of either the attorney or the client. Since the consultant was hired by Susan's attorney to assist in preparing a sentencing plan, the communications between Susan and the consultant are protected under this privilege. Therefore, the motion to compel the consultant to testify should be denied based on the attorney-client privilege.",,-0.7188839912414551,-100.0,-0.9688839912414551,-100.0,0.5621765008857981
mbe_1122,CONTRACTS,1998,train,"Which of the following, if proved, best supports Buyer's suit against Owner for breach of contract?",A,C,False,1,748,114,"C  
The gold passage indicates that option contracts require exact compliance with the terms of the option, and that the optionee must accept the offer unqualifiedly and unconditionally within the specified time. Choice (C) supports Buyer's suit because it suggests that Owner's statement about the $100 consideration being non-essential could imply that the payment was not a strict condition for the option to be binding. This could be interpreted as Owner waiving the requirement for the payment to make the option effective, thus supporting Buyer's claim that he had a valid option to purchase Greenacre.",,-3.291948080062866,-6.791948318481445,-0.041948091238737106,-100.0,0.9615892338015644
mbe_1123,CONTRACTS,1998,train,"For this question only, assume that, for whatever reason, Buyer prevails in the suit against Owner. ",D,A,False,1,535,96,"A  
The gold passage discusses the determination of whether a breach of a material term renders an option to purchase void and unenforceable, depending on the intention of the parties. However, it does not provide any support for the recovery of damages or specific performance in this scenario. Since the passage does not indicate that Buyer is entitled to any specific recovery beyond nominal damages, the only option that aligns with the passage is (A), which states that Buyer is entitled to nominal damages only.",,-0.8626548051834106,-100.0,-2.612654685974121,-0.9876548051834106,0.4863172533199787
mbe_1124,REAL PROP.,1998,train,"Alpha and Beta owned Greenacre, a large farm, in fee simple as tenants in common, each owning an und",D,B,False,1,625,108,"B  
The gold passage states that a quiet title action is brought to quiet an existing title against an adverse claim. In this case, Hera's failure to pay real estate taxes, which led to the tax sale, indicates that she defaulted on the obligations that were previously undertaken by Alpha. This default is significant because it allowed Beta to acquire the property through the tax sale, thus giving Beta a claim to quiet title against Hera. Therefore, Beta is entitled to a decree quieting title because Hera defaulted in the obligations undertaken by Alpha.",,-2.8824379444122314,-0.1324380338191986,-4.0074381828308105,-100.0,0.9219290207118886
mbe_1125,CRIM. LAW,1998,train,"Eighteen-year-old Kenneth and his 14- year-old girlfriend, Emma, made plans to meet in Kenneth's apa",B,B,True,1,412,88,"B  
The conspiracy conviction should be reversed because Emma, being only 14 years old, could not be a conspirator to the crime of statutory rape. The gold passage emphasizes that a criminal conspiracy requires an unlawful agreement between two or more persons. Since Emma is below the age of consent and cannot legally agree to engage in sexual activity, she cannot be considered a conspirator in this context. Therefore, Kenneth's conspiracy conviction should be reversed.",,-100.0,-0.3567342162132263,-1.356734275817871,-100.0,0.7310585903489892
mbe_1127,CONST. LAW,1998,train,"The state of Green imposes a tax on the ""income"" of each of its residents. As defined in the taxing ",C,C,True,1,460,80,"C  
The gold passage indicates that a state tax imposed on individuals who deal with the Federal Government is constitutional as long as it is applied equally to similarly situated constituents of the state. Since the tax in question is imposed on the employees of the federal government rather than directly on the United States, and it does not discriminate against federal employees compared to other residents, the state of Green may collect this tax.",,-16.125001907348633,-19.000001907348633,-1.0280383548888494e-06,-100.0,0.9999998950853636
mbe_1129,EVIDENCE,1998,train,"Passenger is suing Defendant for injuries suffered in the crash of a small airplane, alleging that D",D,D,True,1,352,66,"D  
The testimony of Witness is admissible as some evidence of Defendant's ownership of or responsibility for the airplane. The gold passage states that evidence of insurance can be admitted for purposes such as proving ownership or control, which aligns with the context of the case where Passenger is alleging Defendant's negligence related to the maintenance of the plane.",,-20.125261306762695,-18.500261306762695,-100.0,-0.0002613358374219388,0.9999999889435885
mbe_1130,REAL PROP.,1998,train,"Opal owned several vacant lots in ABC Subdivision. She obtained a $50,000 loan from a lender, Bank, ",D,D,True,1,469,77,"D  
The alteration of the release was ineffective because the gold passage indicates that a material and obvious alteration raises a presumption that it was made before the instrument was finally executed and delivered. Since the release was altered to include Lot 5, it cannot be considered valid as to that lot, and therefore, Bank is entitled to set aside the release as it applies to Lot 5.",,-100.0,-7.882813930511475,-5.507813930511475,-0.007814108394086361,0.995552963282691
mbe_1131,CRIM. LAW,1998,train,"If Miller moves to suppress his admission about killing his neighbor, the court should",A,A,True,1,667,98,"(A) 

The court should grant the motion to suppress Miller's admission because the passage indicates that a valid Miranda waiver must be voluntary, meaning it cannot be the product of intimidation, coercion, or deception. The deputy's threat to ""shut you down and see your family on relief"" could be seen as coercive, which undermines the voluntariness of Miller's statement. Therefore, Miller did not voluntarily waive his right to silence, and the court should grant the motion.",,-2.5739245414733887,-3.0739245414733887,-100.0,-100.0,0.6224593312018546
mbe_1132,CRIM. LAW,1998,train,"If Miller moves to exclude the introduction of Jones's clothing into evidence, the court should",C,C,True,1,635,113,"C  
The court should deny the motion to exclude the introduction of Jones's clothing into evidence because Miller had no expectation of privacy in the fields around his farmhouse. The gold passage states that open fields do not provide the setting for intimate activities that the Fourth Amendment is intended to protect, and it emphasizes that there is no societal interest in protecting the privacy of activities that occur in open fields. Therefore, the deputies' search of the fields, where the clothing was found, was lawful, and Miller's expectation of privacy in that area is not recognized as reasonable by society.",,-100.0,-100.0,-21.625,-23.5,0.8670357598021706
mbe_1135,CONTRACTS,1998,train,"For this question only, assume the following facts. On October 1, Buyer told Seller, ""I'm increasing",D,D,True,1,426,98,"D  
Buyer's October 1 statement does not indicate a clear intention to commit a breach of the June 1 contract, as it expresses dissatisfaction but does not constitute a definitive repudiation. According to the gold passage, a repudiation requires a statement indicating a commitment to breach or an act that renders performance impossible. Since Buyer's statement does not meet these criteria, it cannot be considered a repudiation or a present breach of the contract. Therefore, Seller is likely to lose the suit.",,-14.500014305114746,-100.0,-14.875014305114746,-1.3902033970225602e-05,0.9999991490206633
mbe_1136,CONTRACTS,1998,train,"For this question only, assume the following facts. Buyer unequivocally repudiated the contract on A",C,C,True,1,556,104,"C  
The gold passage discusses the principle of restitution and the importance of a party not materially changing its position in reliance on a payment made under a mistake of fact. In this scenario, Buyer unequivocally repudiated the contract on August 1, and Seller materially changed his position by selling the ranch to Rancher on October 1. Since Buyer did not retract her repudiation before Seller's sale, she cannot enforce the contract, leading to the conclusion that Buyer will likely lose her breach of contract claim against Seller.",,-13.37747859954834,-100.0,-0.002478508511558175,-100.0,0.9999984465023868
mbe_1137,REAL PROP.,1998,train,"Owner owned a hotel, subject to a mortgage securing a debt Owner owed to Lender One. Owner later acq",A,C,False,1,847,150,"C  
The gold passage discusses judicial foreclosure as a civil action and indicates that the parties are entitled to the benefits and procedures available in a civil action. In this scenario, Lender One purchased the parking garage for an amount exceeding Lender Two's mortgage balance, resulting in a surplus. Since Lender One has a judgment lien on the parking garage and has also purchased it, the surplus should be distributed to the parties with interests in the property. Lender Two, as the mortgagee of the parking garage, is entitled to the amount of its mortgage balance, while Lender One, having purchased the property, is entitled to the remaining surplus. Therefore, the $200,000 surplus should be divided as $100,000 to Lender One and",,-2.277751922607422,-100.0,-1.1527518033981323,-2.527751922607422,0.6339176386315873
mbe_1139,TORTS,1998,train,The Rapido is a sports car manufactured by the Rapido Motor Co. The Rapido has an excellent reputati,A,A,True,1,563,76,"A  
The jury could find that the absence of a reasonable alternative design, which was presented as evidence, rendered the Rapido's engine unreasonably dangerous. Since the alternative design could have avoided or reduced the risk of harm, this supports the argument that the engine's defect was a proximate cause of the collision. Therefore, the motion for a directed verdict should be denied.",,-0.023347269743680954,-9.273346900939941,-100.0,-100.0,0.999903897549061
mbe_1140,EVIDENCE,1998,train,"Pedestrian died from injuries caused when Driver's car struck him. Executor, Pedestrian's executor, ",D,D,True,1,442,66,"D  
The gold passage states that hearsay is allowed in preliminary hearings when a statute authorizes it. This implies that the court can consider hearsay evidence, such as the Doctor's affidavit, when ruling on preliminary questions regarding the admissibility of other evidence. Therefore, the affidavit is properly considered by the court in this context.",,-100.0,-100.0,-19.000431060791016,-19.375431060791016,0.4073334000459302
mbe_1142,TORTS,1998,train,Driver was driving his car near Owner's house when Owner's child darted into the street in front of ,C,C,True,1,599,138,"C  
To prevail in a claim for negligent infliction of emotional distress (NIED), the plaintiff must show that the defendant engaged in negligent conduct, that the plaintiff suffered serious emotional distress, and that the defendant's negligent conduct was a legal cause of that distress. Additionally, the plaintiff must establish the existence of a duty owed by the defendant and must demonstrate some predicate injury either to property or to another person. In this case, while Owner suffered serious emotional distress, there was no physical harm to Owner or his property, which is required to recover for NIED. Therefore, Owner will not prevail unless it can be shown that Driver was negligent, which is not established in the scenario provided.",,-15.875004768371582,-100.0,-4.60414821645827e-06,-13.500004768371582,0.9999985015243459
mbe_1143,REAL PROP.,1998,train,"Vendor owned Greenacre, a tract of land, in fee simple. Vendor entered into a valid written agreemen",A,C,False,1,533,90,"C  
Yes, because in the absence of a contrary express agreement, an obligation to convey marketable title is implied. The gold passage defines a marketable title as one that is free from encumbrances and any reasonable doubt to its validity. Since there is an outstanding mortgage on Greenacre, this constitutes an encumbrance, and thus the title is not marketable. Therefore, Purchaser is entitled to damages for Vendor's breach of contract.",,-12.79862117767334,-100.0,-0.04862086474895477,-100.0,0.999997097688923
mbe_1144,CONST. LAW,1998,train,The state of Red sent three of its employees to a city located in the state of Blue to consult with ,A,A,True,1,694,97,"A  
The final judgment of the Blue court is entitled to full faith and credit in the courts of Red, as required by the full faith and credit clause of the U.S. Constitution. This means that the judgment must be recognized and enforced by the state of Red, giving it the same preclusive force it would have in the originating state, Blue. Therefore, the injured persons can recover the full balance of their Blue state court judgment from the state of Red in the enforcement proceeding.",,-0.6320815086364746,-100.0,-3.3820815086364746,-100.0,0.9399133498259924
mbe_1145,CRIM. LAW,1998,train,"Martha's high school teacher told her that she was going to receive a failing grade in history, whic",A,A,True,1,439,83,"A  
Martha's best defense would be that she committed no act that proximately caused the teacher's death. According to the gold passage, for the State to prove manslaughter, it must show that the defendant's conduct was the proximate cause of the alleged injury. If Martha can demonstrate that her actions did not substantially contribute to the teacher's death, she would have a strong defense against the charge.",,-19.376171112060547,-100.0,-100.0,-100.0,1.0
mbe_1146,EVIDENCE,1998,train,Plaintiff sued Defendant for personal injuries arising out of an automobile accident. Which of the f,D,B,False,1,390,78,"B  
The gold passage discusses the reliability of eyewitness testimony and the influence of suggestive feedback on their confidence, but it does not provide any information regarding the rules of cross-examination, specifically about leading questions. Therefore, the judge's refusal to allow leading questions during cross-examination is not addressed in the passage, making it an error based on the lack of support from the provided information.",,-1.516782522201538,-0.7667825222015381,-1.266782522201538,-3.516782522201538,0.46667365072959904
mbe_1147,EVIDENCE,1998,train,Phil is suing Dennis for injuries suffered in an automobile collision. At trial Phil's first witness,A,A,True,1,350,74,"A  
The question is proper because it tends to show the possible bias of Frank against Dennis. The gold passage states that evidence of bias, prejudice, or ulterior motives is relevant at trial as it may discredit the witness or affect the weight given to the witness's testimony. Therefore, Dennis's inquiry into Frank's prior actions towards him is relevant to establish potential bias.",,-17.876928329467773,-100.0,-100.0,-100.0,1.0
mbe_1148,REAL PROP.,1998,train,"Thirty years ago Able, the then-record owner of Greenacre, a lot contiguous to Blueacre, in fee simp",A,A,True,1,877,89,"A  
Charlie’s defense should fail because the location of the easement was established by the acts of Baker and Able. The original grant created a right-of-way for egress and ingress, and the use of the driveway by Dorcas, as established by Baker, indicates that the location was fixed by their actions. The gold passage does not support the idea that the location can be changed based on reasonableness or the servient owner's preferences.",,-0.16530172526836395,-3.41530179977417,-100.0,-100.0,0.9626731153331315
mbe_1150,CONTRACTS,1998,train,"For this question only, assume the following facts. After making the contract with Bank, Computers d",D,A,False,1,419,100,"A  
The court will probably decide the case in favor of Computers because the gold passage states that a party's breach of its contractual obligation will be excused when changed circumstances have rendered the promise vitally different from what was reasonably contemplated by both parties at the time of the contract. Since Computers discovered that the technology was unreliable and that no manufacturer could build a reliable computer using that technology, this situation constitutes a changed circumstance that makes performance impossible. Therefore, Computers' performance of the contract was objectively impossible.",,-0.06199861317873001,-10.81199836730957,-100.0,-100.0,0.9999785550463065
mbe_1151,EVIDENCE,1998,train,Defendant was charged with attempted murder of Victor in a sniping incident in which Defendant alleg,B,B,True,1,277,49,"(B) excluded, because it is improper character evidence.

The gold passage states that ""Generally, character evidence is neither relevant nor admissible."" This supports the conclusion that the evidence of Defendant's past violent acts should be excluded as improper character evidence.",,-15.326421737670898,-1.7014222145080566,-100.0,-100.0,0.9999987901337396
mbe_1152,REAL PROP.,1998,train,"Art, who owned Blackacre in fee simple, conveyed Blackacre to Bea by warranty deed. Celia, an adjoin",C,B,False,1,393,89,"B  
Bea should prevail because Art's deed to her included the covenant of warranty, which obligates Art to defend Bea's title against claims like Celia's. The gold passage states that a warranty deed includes a defense of title as to all claims, indicating that Art has a responsibility to defend Bea's title. Since Art refused to do so, Bea is entitled to recover her expenses incurred in defending against the action brought by Celia.",,-11.500038146972656,-3.786196975852363e-05,-100.0,-100.0,0.9999898700119061
mbe_1153,CONST. LAW,1998,train,Alex contracted for expensive cable television service for a period of six months solely to view the,C,C,True,1,665,110,"C  
The gold passage states that a lawsuit becomes moot when the parties lose a legally cognizable interest in the outcome of the litigation. In this case, since Clark's trial has concluded with a conviction and sentencing, Alex's interest in the televising of the trial has ceased to exist. There is no indication that the controversy will be revived, as the trial is over and there are no ongoing proceedings that would affect Alex's investment in cable television service. Therefore, the most proper disposition of the motion would be to grant it based on mootness.",,-100.0,-100.0,-20.75,-100.0,1.0
mbe_1154,TORTS,1998,train,Traveler was a passenger on a commercial aircraft owned and operated by Airline. The aircraft crashe,C,A,False,1,498,64,"A  
The legal representative has not provided any evidence as to the cause of the crash, which is essential to establish that Airline's wrongful act, neglect, or default proximately caused the death. Without such evidence, the claim for wrongful death cannot prevail, and therefore, the court should grant Airline's motion to dismiss.",,-0.006715728435665369,-15.256715774536133,-100.0,-100.0,0.999999761763101
mbe_1155,CONST. LAW,1998,train,Company wanted to expand the size of the building it owned that housed Company's supermarket by addi,D,D,True,1,577,128,"D  
The gold passage indicates that a ""rough proportionality"" test must be applied to determine whether the conditions imposed by the city on the building permit are related to the projected impact of the proposed development. The passage states that the city is required to make an individualized determination that the required dedication (in this case, the child care center) is related in both nature and extent to the impact of the proposed development (the coffeehouse addition). Since the city officials presented no evidence or findings to justify the requirement beyond a general assertion, they failed to meet their burden under the ""rough proportionality"" standard. Therefore, the requirement is unconstitutional.",,-100.0,-100.0,-13.529753684997559,-0.029753267765045166,0.9999986290433652
mbe_1156,REAL PROP.,1998,train,"Ollie owned a large tract of land known as Peterhill. During Ollie's lifetime, Ollie conveyed the ea",D,D,True,1,572,127,"D  
The quoted restriction is valid because it imposes an equitable servitude. The language in the conveyance indicates that the parties intended to create a binding agreement that restricts the use of the land to residential purposes and establishes specific requirements for lot sizes and dwellings. This aligns with the principles of equitable servitudes, as it reflects an intention to bind successors and enforce the covenant against future owners. The passage does not provide any basis for invalidating the restriction based on changes in circumstances or conflicts with zoning codes, nor does it suggest that the validity of the restriction is contingent upon the original grantees owning their respective tracts.",,-8.010152816772461,-100.0,-100.0,-0.010152910836040974,0.9996646498379999
mbe_1157,EVIDENCE,1998,train,"At Defendant's murder trial, Defendant calls Witness as his first witness to testify that Defendant ",A,D,False,1,310,63,"D  
The gold passage states that character evidence is generally not admissible to prove conduct, except in specific situations. Since the passage does not enumerate any exceptions that would allow for the admission of character evidence regarding peaceableness or truthfulness in this context, the court should exclude the testimony as to both character traits.",,-100.0,-100.0,-0.8628110885620117,-0.6128110885620117,0.5621765008857981
mbe_1158,CONST. LAW,1998,train,"The governor of the state of Green proposes to place a Christmas nativity scene, the components of w",B,C,False,1,1772,107,"C  
The proposed nativity scene display would be held constitutional because the components of the nativity scene would be donated to the state by private citizens rather than purchased with state funds. The passage indicates that the inclusion of religious displays can be permissible when there is a legitimate secular purpose, and the donation aspect suggests that the display is not solely motivated by religious considerations. The passage emphasizes that the display can be viewed in the context of celebrating a significant historical religious event recognized as a national holiday, which aligns with the secular purpose of the display.",,-100.0,-5.70571231842041,-0.20571216940879822,-1.7057121992111206,0.8148518653680418
mbe_1159,CRIM. LAW,1998,train,Two police officers in uniform were on foot patrol in a neighborhood frequented by drug sellers. The,B,D,False,1,691,83,"D  
Sandra voluntarily discarded the contraband when she threw the bag of cocaine into the bushes. The legal principle that applies here is that if an individual voluntarily discards evidence, it is not considered a seizure by law enforcement, and thus, the evidence can be used against them. The passage does not provide any indication that the police's actions constituted an unlawful seizure that would invalidate the evidence obtained from Sandra's actions.",,-100.0,-11.750129699707031,-10.625129699707031,-0.00012987985974177718,0.9999678108742875
mbe_1160,EVIDENCE,1998,train,"In a federal civil trial, Plaintiff wishes to establish that, in a state court, Defendant had been c",D,B,False,1,420,94,"B  
The gold passage indicates that a party is entitled to be heard regarding the propriety of taking judicial notice, and that judicial notice does not necessarily establish a fact. Testimony from Plaintiff, who was present at the time of the sentence, is not supported by the passage as a reliable mode of proof for establishing the conviction, as it does not involve a formal document or judicial notice. Therefore, it is the least likely to be permitted compared to the other options.",,-100.0,-0.2614724338054657,-2.261472463607788,-2.261472463607788,0.7869860471576302
mbe_1161,REAL PROP.,1998,train,"Three years ago Adam conveyed Blackacre to Betty for $50,000 by a deed that provided: ""By accepting ",A,A,True,1,604,112,"A  
The provision quoted from the deed could be seen as violating the Rule Against Perpetuities because it creates a future interest that may not vest within the required time frame. The Rule Against Perpetuities states that no interest is good unless it must vest, if at all, not later than twenty-one years after some life in being at the creation of the interest. If the covenant regarding the use of Blackacre and the right to repurchase does not comply with this rule, it could be deemed invalid, which would support a ruling against Adam.",,-0.05140197277069092,-100.0,-5.9264020919799805,-100.0,0.9971990733658402
mbe_1162,CONTRACTS,1998,train,"Loyal, aged 60, who had no plans for early retirement, had worked for Mutate, Inc., for 20 years as ",B,C,False,1,587,102,"C  
The gold passage discusses reasonable reliance and indicates that if a reasonably prudent person would have discovered the true facts, the plaintiffs should not recover. In this case, the promise of a lifetime pension from the Board could be viewed as an unenforceable gift promise, as there is no indication of a contractual obligation or consideration exchanged for the promise. Therefore, Loyal's reliance on the promise does not create an enforceable contract, leading to the conclusion that he would likely lose his suit against Mutate, Inc.",,-8.126639366149902,-6.8766398429870605,-0.0016398312291130424,-100.0,0.9986724223111968
mbe_1163,CONST. LAW,1998,train,Congress wishes to enact legislation prohibiting discrimination in the sale or rental of housing on ,B,B,True,1,841,105,"B  
The most credible argument for congressional authority to enact the statute prohibiting discrimination in housing based on affectional preference or sexual orientation would be based on the commerce clause of Article I, Section 8. The gold passage indicates that Congress has the power to regulate activities that have a substantial effect on interstate commerce. Since the sale or rental of housing can be seen as having a substantial effect on interstate commerce, this provides a strong basis for Congress to enact such legislation. The other options do not find support in the passage provided.",,-100.0,-17.875028610229492,-100.0,-100.0,1.0
mbe_1164,TORTS,1998,train,"Because of Farmer's default on his loan, the bank foreclosed on the farm and equipment that secured ",C,C,True,1,423,87,"C  
The gold passage indicates that strict liability applies to a defendant regardless of whether they were negligent or took proper care. However, it does not provide support for the idea that the auctioneer can be considered a ""seller"" for purposes of strict liability in tort. Since the auctioneer is not the original seller of the tractor and the passage does not indicate that they are liable under strict liability, the result should be for the defendant.",,-15.375123977661133,-17.000123977661133,-0.00012368128227535635,-100.0,0.9999997483573755
mbe_1166,EVIDENCE,1998,train,Plaintiff sued Defendant for injuries sustained in an automobile collision. During Plaintiffs hospit,D,D,True,1,531,99,"D  
The entry reporting Doctor's diagnosis is admissible as a record of regularly conducted business activity. The gold passage states that a record made at or near the time by a person with knowledge, kept in the course of a regularly conducted business activity, is admissible if it was the regular practice of that business to make such records. The hospital records custodian testified that the hospital record was made and kept in the ordinary course of the hospital's business, satisfying the requirements outlined in the passage.",,-100.0,-100.0,-17.125,-4.320199877838604e-07,0.9999999634651635
mbe_1168,REAL PROP.,1998,train,"Adam owns Townacres in fee simple, and Bess owns the adjoining Greenacres in fee simple. Adam has ke",B,A,False,1,530,103,"A  
The strongest argument that Adam can present is that the condition of Greenacres has an adverse impact on real estate values. According to the gold passage, to establish a claim of private nuisance, plaintiffs must show that the defendants' actions interfere with the use or enjoyment of their property rights and privileges and cause significant harm. The fact that Greenacres is an eyesore that depresses market values of real property in the vicinity supports Adam's claim of significant harm due to the adverse impact on real estate values.",,-0.08193094283342361,-4.581931114196777,-4.206931114196777,-100.0,0.9734515556363502
mbe_1169,CONTRACTS,1998,train,Breeder bought a two-month-old registered boar at auction from Pigstyle for $800. No express warrant,C,C,True,1,616,116,"C  
Pigstyle wins, because Breeder assumed the risk of the boar's sterility. The gold passage discusses the caveat emptor doctrine, which places the duty to examine and judge the value and condition of the property on the buyer. Since the parties were aware that the fertility of a boar could not be determined until it reached about 12 months of age, Breeder assumed the risk regarding the boar's sterility at the time of purchase. There is no indication in the passage that any exceptions to the caveat emptor doctrine apply in this case.",,-100.0,-100.0,-0.002646644366905093,-8.752646446228027,0.99984156374951
mbe_1170,TORTS,1998,train,Homeowner owns a house on a lake. Neighbor owns a house across a driveway from Homeowner's property.,A,A,True,1,436,61,"A  
Neighbor will prevail because Homeowner installed the light solely to annoy Neighbor, which constitutes a sustained and intentional campaign to interfere with Neighbor's use and enjoyment of his property. This aligns with the principles of nuisance law as described in the gold passage, indicating that such conduct can amount to a private nuisance.",,-18.380233764648438,-100.0,-100.0,-100.0,1.0
mbe_1171,CRIM. LAW,1998,train,"On May 1, 1987, a car driven by Debra struck Peggy, a pedestrian. On July 1, 1987, with regard to th",D,D,True,1,651,123,"D  
The gold passage indicates that a conviction for a misdemeanor, such as reckless driving, does not bar a subsequent prosecution for manslaughter that arises from the same incident, particularly when the death of the victim occurs later. Therefore, Debra's double jeopardy claim is not valid because the manslaughter charge is not considered the same offense as the reckless driving conviction. Additionally, the passage does not provide any information regarding the statute of limitations for manslaughter, so we cannot conclude that the statute of limitations has run. Thus, Debra's motion to dismiss the indictment should be denied on both grounds.",,-2.157014846801758,-100.0,-100.0,-0.1570148915052414,0.8807970732843035
mbe_1173,CONST. LAW,1998,train,State Y has a state employee grievance system that requires any state employee who wishes to file a ,A,A,True,1,879,132,"A  
The court should hold that the panel selection process is unconstitutional because the gender classification used by the state's attorney does not satisfy the requirements of intermediate scrutiny. The gold passage indicates that any official classification based on gender must serve ""important governmental objectives"" and that the means employed must be ""substantially related to the achievement of those objectives."" The justification provided by the state's attorney, which is based on the belief that women would be biased in favor of another woman, relies on overbroad generalizations about gender and does not meet the demanding burden of justification required by the court. Therefore, the selection process is unconstitutional under the standards set forth in the passage.",,-0.06196959316730499,-100.0,-100.0,-100.0,1.0
mbe_1174,REAL PROP.,1998,train,"Theresa owned Blueacre, a tract of land, in fee simple. Theresa wrote and executed, with the require",C,C,True,1,609,114,"C  
The gold passage discusses conditions precedent and their implications in the context of contracts. In the scenario presented, if the court rules that the remainder is contingent, it implies that there is a condition that must be met for the remainder to vest. The choice that suggests the court's ruling implies a condition that remaindermen survive Della aligns with the concept of a condition precedent, as it indicates that the vesting of the remainder is dependent on the survival of certain individuals. The other options do not relate to the concept of conditions precedent as described in the passage.",,-1.1320165395736694,-3.007016658782959,-0.6320165395736694,-100.0,0.5883927279941547
mbe_1175,TORTS,1998,train,"Driver negligently drove his car into Pedestrian, breaking her leg. Pedestrian's leg was put in a ca",B,B,True,1,648,110,"B  
According to the gold passage, a defendant is liable for all injuries proximately caused by their negligence. In this case, Driver's negligence caused Pedestrian's broken leg. Furthermore, because Pedestrian's broken leg impaired her physical condition, her subsequent injury (the broken arm from slipping on the banana peel) is also considered to be proximately caused by Driver's negligence, as it was not due to her own negligence or an efficient intervening cause. Therefore, Pedestrian can recover from Driver for both her broken leg and her broken arm.",,-100.0,-0.17212232947349548,-100.0,-2.4221222400665283,0.904650527388829
mbe_1176,CRIM. LAW,1998,train,"FBI agents, without a warrant and without permission of Mexican law enforcement or judicial officers",D,B,False,1,659,150,"B  
The court should grant the motion of Steven and deny the motion of Joan. According to the gold passage, a warrantless arrest does not violate the Fourth Amendment if it is supported by probable cause. Steven was forcibly taken from Mexico without a warrant, which raises significant Fourth Amendment concerns. However, the passage does not provide specific details about whether the FBI agents had probable cause for Steven's arrest at the time of the kidnapping. On the other hand, Joan's arrest occurred in Texas, and the passage indicates that if probable cause exists for one crime, it is immaterial whether there was probable cause for other offenses. Since the FBI agents were acting within the U.S. when they arrested Joan, and assuming they had probable cause related to her involvement",,-2.460630416870117,-0.3356303572654724,-100.0,-100.0,0.893309411735131
mbe_1177,CONTRACTS,1998,train,Gourmet purchased the front portion of the land needed for a restaurant he desired to build and oper,C,C,True,1,691,86,"C  
Hope will probably win because Gourmet bargained for and received in exchange a quitclaim deed from Hope. The passage emphasizes that a valid contract requires a legal consideration, which in this case is the quitclaim deed that Gourmet received in exchange for his promise to pay. Despite the uncertainty of Hope's claim at the time of the agreement, the exchange of the quitclaim deed constitutes sufficient consideration for the contract to be enforceable.",,-8.000795364379883,-7.750795364379883,-0.0007954508764669299,-100.0,0.9992343813862373
mbe_1178,TORTS,1998,train,"Athlete, a professional football player, signed a written consent for his team's physician, Doctor, ",A,A,True,1,385,73,"A  
Athlete will prevail because he did not agree to allow Surgeon to perform the operation. The gold passage indicates that battery involves unprivileged touching or striking, and consent is a key factor in determining whether the touching is privileged. Since Athlete only consented to Doctor performing the operation and not Surgeon, the act of Surgeon performing the operation without consent constitutes battery.",,-0.004078997299075127,-15.25407886505127,-15.50407886505127,-100.0,0.9999995762240206
mbe_1179,CONST. LAW,1998,train,"Senator makes a speech on the floor of the United States Senate in which she asserts that William, a",B,C,False,1,650,125,"C  
The Speech or Debate Clause protects legislators from being questioned about their speech or debate in the legislative process. However, this immunity does not apply to speech that is not related to pending legislative business. In this case, since no legislation affecting the appointment or discipline of civil servants or the program of the federal agency was under consideration at the time of the Senator's speech, her statements do not fall under the protection of the Speech or Debate Clause. Additionally, Frank, as a legislative assistant, is not entitled to greater immunity than the legislator he assisted. Therefore, the court should deny the motion to dismiss for both defendants.",,-100.0,-8.752638816833496,-0.0026387954130768776,-100.0,0.9998415637842908
mbe_1181,CRIM. LAW,1998,train,Smart approached Johnson and inquired about hiring someone to kill his girlfriend's parents. Unknown,C,C,True,1,361,82,"C  
According to the gold passage, the crime of solicitation is complete when the solicitation is made, regardless of whether the act is consummated or any steps are taken towards its completion. Since Smart solicited Johnson to commit murder, the offense was completed at the time of the solicitation, even though Smart later attempted to withdraw. Therefore, Smart should be convicted because the offense was completed before his attempt to withdraw.",,-100.0,-14.761049270629883,-0.011049113236367702,-100.0,0.9999996072138615
mbe_1182,CONTRACTS,1998,train,"Retailer, a dry goods retailer, telephoned Manufacturer, a towel manufacturer, and offered to buy fo",B,C,False,1,468,76,"C  
There is no enforceable agreement, because Retailer never signed a writing. The gold passage states that price is an essential term of a contract, and without it, there cannot be an enforceable contract. Since the passage does not indicate that the price term was included in the letter of confirmation or that Retailer signed any writing, this choice aligns with the information provided.",,-100.0,-5.727465629577637,-0.47746574878692627,-0.9774657487869263,0.6204327699630345
mbe_1183,CONST. LAW,1998,train,"Doctor, a resident of the city of Greenville in the state of Green, is a physician licensed to pract",B,B,True,1,736,103,"B  
The privileges and immunities clause of Article IV would be most helpful to Doctor in challenging her exclusion from the Redville hospital. The clause ensures that citizens of one state are entitled to the same privileges as citizens of another state, and it has been used to invalidate laws that favor residents over nonresidents. Doctor's situation involves a residency classification that could burden her ability to practice medicine, which is a basic activity related to the livelihood of the nation. Therefore, this clause is directly applicable to her case.",,-100.0,-15.758614540100098,-100.0,-100.0,1.0
mbe_1184,REAL PROP.,1998,train,"Martin, the owner in fee simple of Orchardacres, mortgaged Orchardacres to Marie to secure the payme",B,B,True,1,801,118,"B  
Marie was a mortgagee in possession because she took control of the orchard to preserve her security interest after Martin, the mortgagor, left the state and was unable to care for the property. The gold passage indicates that a mortgagee may become a mortgagee in possession if the mortgage gives them the right to enter and take possession of the mortgaged premises. Since Marie undertook the care of the orchard and harvested the profits, she acted within her rights as a mortgagee in possession. Therefore, Paul can hold Marie liable for the injuries he suffered on the premises.",,-13.251189231872559,-0.0011891605099663138,-6.751189231872559,-100.0,0.9988287335902852
mbe_1185,TORTS,1998,train,"Actor, a well-known movie star, was drinking Vineyard wine at a nightclub. A bottle of the Vineyard ",C,C,True,1,636,91,"C  
According to the gold passage, a claim for a violation of the right to publicity protects against the appropriation of another's name and likeness without consent for the financial gain of the appropriator. In this case, Vineyard used Actor's photograph in a wine advertisement for financial gain without Actor's consent. Therefore, Actor has a valid claim against Vineyard for the unauthorized commercial use of his likeness, which supports the conclusion that Actor will prevail in his lawsuit.",,-14.000432014465332,-15.000432014465332,-0.0004320996522437781,-100.0,0.9999988625701574
mbe_1187,CONTRACTS,1998,train,"Buyer mailed a signed order to Seller that read: ""Please ship us 10,000 widgets at your current pric",D,D,True,1,619,83,"D  
According to the gold passage, once an offer is accepted, it becomes irrevocable. In this case, Seller accepted Buyer's order by mailing a letter of acceptance before Buyer attempted to revoke the order. Therefore, a contract was formed when Seller accepted the offer, and Buyer's subsequent attempt to revoke the order was ineffective. Thus, as of January 10, there is a contract between Buyer and Seller.",,-10.630353927612305,-100.0,-100.0,-0.005353770684450865,0.99997569976307
mbe_1188,TORTS,1998,train,"As Seller, an encyclopedia salesman, approached the grounds on which Hermit's house was situated, he",A,A,True,1,522,78,"A  
According to the gold passage, a landowner has a duty not to deliberately or maliciously cause injury to a trespasser. If Hermit was responsible for the explosive charge, he may have acted in a way that caused injury to Seller, who was a trespasser. Therefore, Seller could potentially recover damages if Hermit was found to be responsible for the explosive charge.",,-0.0631752461194992,-7.063175201416016,-8.438175201416016,-100.0,0.9988588617998574
mbe_1189,REAL PROP.,1998,train,Adam owned Blackacre. Adam entered into a written three-year lease of Blackacre with Bertha. Among o,A,C,False,1,423,137,"C  
Both actions by Bertha constitute a violation of the lease. The lease explicitly prohibits Bertha from assigning the lease or subletting Blackacre, in whole or in part. In action I, Bertha allowed Charles exclusive use of the garage for storage, which can be interpreted as a form of subletting since she is granting him exclusive rights to a part of the property for a fee. In action II, while it may seem less formal, allowing Doris to use the fields could also be seen as a violation of the lease's prohibition against subletting, as it grants another party access to a portion of the property. Therefore, both actions violate the lease terms.",,-1.7312641143798828,-100.0,-0.2312641590833664,-100.0,0.8175744695262777
mbe_1190,CRIM. LAW,1998,train,Defendant is charged with murder. The evidence shows that she pointed a gun at Victim and pulled the,D,D,True,1,426,78,"D  
The gold passage indicates that if the jury believes Defendant's testimony regarding her mistaken belief about the gun being a prop, and if that belief is found to be reasonable, it negates the culpability required for murder. Since the mistake of fact defense applies and negates the required mental state for both murder and manslaughter, the jury should find her not guilty of either charge.",,-100.0,-100.0,-16.751502990722656,-0.0015023599844425917,0.9999999468421837
mbe_1191,TORTS,1998,train,Del's sporting goods shop was burglarized by an escaped inmate from a nearby prison. The inmate stol,D,B,False,1,1177,100,"B  
The gold passage indicates that business owners have a legal duty to take reasonable security measures to protect against foreseeable criminal acts occurring on their premises. Del's failure to activate the alarm's motion detector can be seen as a negligent act that contributed to the theft of firearms, which were then used in a shooting spree. Since the passage emphasizes the foreseeability of danger and the duty to prevent harm, Paula would likely prevail in her lawsuit against Del due to his negligence in failing to secure the firearms properly.",,-6.755480766296387,-0.005480864085257053,-100.0,-100.0,0.9988304896207133
mbe_1192,CONST. LAW,1998,train,"A statute of the state of Texona prohibits any retailer of books, magazines, pictures, or posters fr",A,A,True,1,571,108,"A  
The best defense for Corner Store is that the statute violates the First Amendment as it is incorporated into the Fourteenth Amendment, because the statute is excessively vague and overbroad. The gold passage indicates that regulations limiting speech must clearly relay what conduct would violate the law, and that vagueness raises special First Amendment concerns due to its chilling effect on free speech. The passage outlines criteria for determining whether a law is unconstitutionally vague, which supports the argument that the statute in question fails to provide fair notice of what is prohibited.",,-18.875709533691406,-100.0,-100.0,-100.0,1.0
mbe_1193,EVIDENCE,1998,train,In an arson prosecution the government seeks to rebut Defendant's alibi that he was in a jail in ano,A,A,True,1,385,77,"(A) 

The testimony of Witness is admissible as evidence of absence of an entry from a public record. The gold passage states that evidence in the form of testimony that a diligent search failed to disclose a record is not inadmissible under the hearsay rule. Therefore, Witness's testimony about not finding any record of Defendant's incarceration is relevant and permissible to rebut the alibi.",,-1.3132619857788086,-100.0,-100.0,-100.0,1.0
mbe_1355,CONST. LAW,"Because the ordinance is not related to the exercise of a fundamental right or based on a suspect trait, it need only rationally relate to some legitimate governmental interest. Under the Equal Protection Clause, which is implicated because the ordinance treats some city employees differently from others, a governmental classification must be necessary to promote a compelling state interest when it relates to who may exercise a fundamental right or when it is based on a suspect trait (e.g., race or national origin). If a quasi-suspect classification (e.g., gender or legitimacy) is involved, the classification will be upheld if it is substantially related to an important government interest. In all other cases, the classification is valid if there is any conceivable basis on which it might relate to any legitimate governmental interest. This ""rational basis"" test is used for all classifications that relate only to matters of economics or social welfare. The right of police officers and firefighters to hold second jobs is not a fundamental right that will trigger strict scrutiny. In addition, the ordinance is not based on a suspect or quasi-suspect classification. Therefore, the validity of the ordinance is judged according to the ""rational basis"" test. A party attacking a classification under this test bears the difficult burden of demonstrating to the court that the classification does not have a rational relationship to a legitimate interest of government.",train,"A city passed an ordinance prohibiting all of its police officers and firefighters from ""moonlightin",D,C,False,1,610,103,"C  
The ordinance is constitutional, because the city has a significant interest that it seeks to regulate. The gold passage indicates that the ordinance is not related to the exercise of a fundamental right and does not involve a suspect classification. Therefore, it is evaluated under the ""rational basis"" test, which allows for classifications that relate to legitimate governmental interests. The city's interest in ensuring that police officers and firefighters are readily available for emergencies and overtime work is a legitimate governmental interest, thus supporting the constitutionality of the ordinance.",,-100.0,-100.0,-0.006750782020390034,-5.256750583648682,0.9947798732763218
mbe_408,nan,MBE-1978-83-part6,train,A statute of the state of Tuscarora made it a misdemeanor to construct any building of more than fiv,C,C,True,1,525,100,"C  
The strongest defense for the construction company is that the state sprinkler requirement violates the supremacy clause. According to the gold passage, the Supremacy Clause invalidates state laws that interfere with or are contrary to federal law, particularly when there is an actual conflict between state and federal law. In this case, the company constructed the building according to federal specifications, and compliance with both the state sprinkler requirement and federal law may be impossible, thus making the state law an obstacle to the objectives of Congress.",,-100.0,-100.0,-21.125,-100.0,1.0
mbe_890,CONTRACTS,1991-July,train,"For this question only, assume the following facts. On November 26, Galley without legal excuse repu",B,B,True,1,562,99,"B  
Joiner is entitled to recover $3,000 in expectancy damages because he would have made that profit on the job if allowed to perform. The gold passage indicates that expectation damages are recoverable when they were reasonably foreseeable by the breaching party at the time of contracting, caused by the breach, and shown with reasonable certainty. Since Joiner had a clear profit expectation from the contract, he can claim this amount. The other options do not align with the principles outlined in the passage.",,-100.0,-0.479798287153244,-6.229798316955566,-100.0,0.9968273172517682
mbe_991,nan,1992,train,"For this question only, assume that Prentis demonstrates that common carriers are permitted to trans",B,B,True,1,723,120,"B  
The application of the Midland statute to Prentis will probably be found constitutional because there is a rational basis for differentiating between the possession of snipe traps as interstate cargo by common carriers and the possession of snipe traps by private individuals. The gold passage discusses the Dormant Commerce Clause, which prohibits states from enacting legislation that discriminates against or excessively burdens interstate commerce. Since common carriers are permitted to transport snipe traps as cargo, the differentiation made by the Midland statute can be justified as a rational basis for protecting the rare species while still allowing interstate commerce to occur.",,-9.503279685974121,-0.003280025441199541,-100.0,-100.0,0.9999251537470834
mbe_47,nan,MBE-1972-78-part2,train,"If Parker asserts a claim against Driver for damage to Parker's automobile, the most likely result i",A,C,False,1,640,105,"C  
The gold passage discusses contributory negligence and defines it as conduct on the part of the plaintiff that falls below the standard to which he should conform for his own protection and which is a legally contributing cause of the harm. In this case, Parker parked his car unlawfully in front of a fire hydrant, which constitutes conduct that falls below the standard of care expected. Therefore, Parker's unlawful parking is likely to be viewed as contributory negligence, which would bar his recovery against Driver for the damage to his automobile.",,-11.500932693481445,-100.0,-0.0009331366163678467,-11.625932693481445,0.9999809304853804
mbe_48,nan,MBE-1972-78-part2,train,If City asserts a claim against Driver for the damage to the fire hydrant and Driver was negligent i,A,A,True,1,544,115,"A  
Driver's negligence in swerving his car is a cause in fact and a legal cause of City's harm. According to the gold passage, legal cause is established if the injury was foreseeable as the type of harm that a reasonable person would expect to see as a likely result of their conduct. Since Driver's actions led to the damage of the fire hydrant, it is reasonable to foresee that swerving could result in an accident that damages property, including a fire hydrant. Therefore, Driver's negligence satisfies both the cause in fact and legal cause requirements for City's harm.",,-0.02645042911171913,-3.7764503955841064,-100.0,-100.0,0.9770226293372993
mbe_72,nan,MBE-1972-78-part3,train,"Derrick testified in his own behalf that he was going 30 m.p.h. On cross-examination, Price's counse",B,B,True,1,436,76,"B  
Officer's testimony is admissible as an admission because Derrick's statement to the officer that he was driving 40 m.p.h. constitutes a conscious acknowledgment of a fact relevant to the case, which is inconsistent with his current testimony of driving 30 m.p.h. This aligns with the requirements outlined in the gold passage, making it an exception to the hearsay rule.",,-13.875056266784668,-5.621933451038785e-05,-100.0,-10.500056266784668,0.9999715221175328
mbe_107,nan,MBE-1972-78-part4,train,Mammoth's counsel seeks to have Sheriff testify that while he was investigating the accident he was ,A,A,True,1,468,104,"(A) 

The statement made by Pemberton, ""This was probably our fault,"" qualifies as an admission of a party-opponent under the criteria outlined in the gold passage. It is a conscious acknowledgment by Pemberton regarding the existence of certain facts related to the accident, it is relevant to the case as it pertains to the negligence claims, and it is unfavorable to Pemberton's position in the litigation. Therefore, the judge should rule the proffered evidence admissible as an admission of a party.",,-0.8261198401451111,-100.0,-100.0,-10.326119422912598,0.9999251537412636
mbe_597,CONTRACTS,1991-Feb,train,"For this question only, assume the following facts. Shortly before the agreement was signed, Ohner a",B,C,False,1,640,87,"C  
No, because the parol evidence rule bars evidence of a prior oral agreement even if the latter is consistent with the terms of a partial integration. The gold passage states that the parol evidence rule prohibits a party from contradicting the terms of a written contract with evidence of prior or contemporaneous oral agreements. Since the oral agreement regarding the approval by Ohner's spouse contradicts the written contract, it is not admissible.",,-100.0,-9.755338668823242,-0.005338824354112148,-5.255338668823242,0.9947221891937449
mbe_617,CONTRACTS,1991-Feb,train,Will Elda succeed in an action for $500 brought against Barry after April 30?,B,B,True,1,497,85,"B  
Elda will succeed in an action for $500 against Barry because she is an intended beneficiary of the agreement between Alice and Barry. The gold passage indicates that a beneficiary is considered an intended beneficiary when the promisee intends to give the beneficiary the benefit of the promised performance. In this case, Alice and Barry's agreement to pay Elda was intended to benefit her by providing the necessary funds for her live-in companion.",,-2.902474880218506,-0.277474969625473,-2.402474880218506,-100.0,0.8390157475533869
mbe_692,CONTRACTS,1991-Feb,train,"Fruitko, Inc., ordered from Orchard, Inc., 500 bushels of No. 1 Royal Fuzz peaches, at a specified p",D,D,True,1,463,104,"D  
Although a contract was formed when Orchard shipped the peaches, Fruitko does not have to accept them. The gold passage indicates that a contract is formed when an offer is made and accepted, and acceptance can occur through conduct that manifests intent to accept. However, it does not state that acceptance is mandatory in the case of a non-conforming shipment. Therefore, Fruitko has the right to refuse the shipment of No. 2 peaches, which do not conform to the original order for No. 1 peaches.",,-100.0,-100.0,-6.252374649047852,-0.0023745812941342592,0.9980732654669644
mbe_787,TORTS,1991-July,train,"Doe negligently caused a fire in his house, and the house burned to the ground. As a result, the sun",B,B,True,1,457,102,"B  
Doe's duty to avoid the risks created by a fire did not encompass the risk that sunshine would damage Peter's trees. The gold passage indicates that individuals are not responsible for all possible consequences arising from their negligence, but only those that are probable according to ordinary and usual experience. The loss of Peter's trees due to the exposure to sunlight is not a natural and probable consequence of Doe's negligence in causing the fire, as it is not a typical outcome that one would foresee from a house burning down.",,-100.0,-0.011939805932343006,-4.761940002441406,-100.0,0.9914225162573836
mbe_938,REAL PROP.,1991-July,train,Beach owned a tract of land called Blackacre. An old road ran through Blackacre from the abutting pu,A,A,True,1,650,107,"A  
Carrol will lose as to both defendants. The gold passage outlines the requirements for establishing a prescriptive easement, which include the need for continued and uninterrupted use for a period of twenty years, among other elements. In this case, Daniel only used the road for 15 years, which is insufficient to establish a prescriptive easement. Therefore, Carrol cannot compel contribution from either Beach or Daniel for the repairs, as Daniel does not have a prescriptive easement and Beach's rights are not implicated in this context.",,-0.8178513646125793,-100.0,-2.5678513050079346,-100.0,0.8519527944504226
mbe_944,CONTRACTS,1991-July,train,"Tess Traviata owed Dr. Paula Pulmonary, a physician, $25,000 for professional services. Dr. Pulmonar",D,C,False,1,578,150,"C  
Neither Bridey nor Margin can recover from Traviata, but Bridey, though not Margin, can recover $25,000 from Dr. Pulmonary. The gold passage indicates that contracts are freely assignable unless there is clear language prohibiting assignment. Since Dr. Pulmonary made two assignments of the same claim, the first assignment to Bridey was oral and not for value, while the second assignment to Margin was in writing and for value. However, Traviata paid Dr. Pulmonary directly without knowledge of either assignment, which means she fulfilled her obligation. Therefore, neither Bridey nor Margin can recover from Traviata. However, Bridey can recover from Dr. Pulmonary because she was the first assignee, even",,-4.385090351104736,-100.0,-0.13509035110473633,-100.0,0.9859363729567544
mbe_1034,CONTRACTS,1998,train,"For this question only, assume the following facts. Shareholder is willing and ready to consummate t",B,C,False,1,740,103,"C  
The court will probably exclude the evidence on the basis that the parties' written agreement was a complete integration of their contract. According to the gold passage, a fully integrated agreement is a complete and exclusive expression of the parties' agreement, which discharges prior agreements to the extent that they are within its scope. Since the oral condition regarding Conglomerate's approval is a prior agreement that contradicts the written terms, it would not be admissible to vary or broaden the written terms of the fully integrated agreement.",,-100.0,-3.7747933864593506,-0.024793365970253944,-7.1497931480407715,0.9762550573000678
mbe_4,nan,MBE-1972-78-part2,validation,"Suppose Peg pays the purchase price and accepts a deed. Subsequently, Sue's title to the one acre pr",B,B,True,1,505,87,"B  
The gold passage discusses the limitations and powers of a trustee in a deed of trust, emphasizing that the authority is defined by the instrument and must be executed in strict compliance. This implies that the terms of the deed are crucial in determining the rights and liabilities of the parties involved. Since the contract between Sue and Peg did not specify the quality of title, the terms of the deed would control Sue's liability regarding the title conveyed.",,-6.197512626647949,-0.32251280546188354,-100.0,-1.3225128650665283,0.7295605155346578
mbe_5,nan,MBE-1972-78-part2,validation,"Suppose Sue's contract had called for the conveyance of 'a good and marketable title."" Pursuant to t",C,C,True,1,795,106,"C  
Sue will win because the terms of the deed control her liability. The gold passage discusses the interpretation of restrictive covenants and emphasizes that the language used must be strictly construed. While the passage does not directly address the specifics of title conveyance, it implies that the terms of the deed are significant in determining liability. Since Peg accepted a deed that contained no covenants of title, it suggests that she accepted the risk associated with the title, and thus Sue is not liable for the defect in the title to the one acre.",,-100.0,-100.0,-0.006408516317605972,-5.38140869140625,0.9953904286239892
mbe_6,nan,MBE-1972-78-part2,validation,"Suppose that before closing, the house on the property had been totally destroyed by fire. In determ",D,D,True,1,477,132,"D  
The doctrine of conversion is relevant here because it involves the unauthorized and unlawful assumption of control over property, which aligns with the situation where the house on the property was destroyed by fire. In this case, the destruction of the house could be seen as Sue's failure to maintain dominion over the property, which may affect Peg's rights under the contract. The elements of conversion outlined in the passage indicate that if Peg had a right to the property and Sue unlawfully exercised control over it (by not ensuring its condition), Peg could potentially claim conversion. Thus, the court would most likely consider the doctrine of conversion in determining the rights of Sue and Peg.",,-100.0,-100.0,-100.0,-0.4740789234638214,1.0
mbe_29,nan,MBE-1972-78-part2,validation,Alex and Sam were arrested for holding up a gas station. They were taken to police headquarters and ,C,C,True,1,452,85,"C  
The gold passage indicates that evidence of other crimes, wrongs, or acts is generally not admissible to prove a person's character to show that they acted in conformity with that character. In this case, Sam's silence after Alex's statement does not imply an admission of guilt, as there was no duty or responsibility for Sam to respond to Alex's confession. Therefore, Sam's silence should be ruled inadmissible.",,-100.0,-100.0,-0.022972555831074715,-4.772972583770752,0.9914225148238845
mbe_66,nan,MBE-1972-78-part3,validation,"Dexter, a physician, and Caroline, his patient, had sexual intercourse in his office. Caroline is a ",D,A,False,1,297,150,"A  
The gold passage states that an individual charged with adultery may have a valid legal defense, such as the failure or physical incapacity to consummate the sex act. Among the options provided, (A) suggests that Caroline promptly reported the incident to her husband, who condoned her conduct. This does not relate to the failure or incapacity to consummate the act, nor does it provide a legal defense based on the principles outlined in the passage. Therefore, none of the options directly align with the legal defenses mentioned in the passage. However, (A) is the only option that suggests a potential defense based on the husband's reaction, which could be interpreted as a form of condonation, even though it is not explicitly supported by the passage",,-0.08781999349594116,-4.087820053100586,-100.0,-100.0,0.9820137910906878
mbe_68,nan,MBE-1972-78-part3,validation,The committee wants you to draft a statute governing the recording of deeds that fixes priorities of,B,A,False,1,319,86,"A  
The gold passage states that a deed to personalty does not require attesting witnesses to be valid. This implies that eliminating the requirement of witnesses could simplify the process of recording deeds and potentially clarify priorities of title. However, the passage does not provide support for the other options, which focus on recording priorities and considerations that are not addressed in the text. Therefore, option A is the best choice based on the information provided.",,-0.02905307523906231,-4.279053211212158,-7.279053211212158,-100.0,0.9852465183660367
mbe_81,nan,MBE-1972-78-part3,validation,"Henry hated Wanda, his former wife, for divorcing him and marrying John a short time thereafter. Abo",C,C,True,1,631,82,"C  
The gold passage indicates that contributory negligence is not a defense to an intentional tort. Since Henry's actions were intended to inflict emotional distress on Wanda, the fact that John was the one who showed her the microphone does not relieve Henry of liability. Henry's goal of causing distress was achieved regardless of John's conduct in revealing the microphone. Therefore, Henry remains liable for the emotional distress caused to Wanda.",,-100.0,-100.0,-0.00010247035970678553,-12.000102043151855,0.999993855822773
mbe_102,nan,MBE-1972-78-part4,validation,"Dock had been the unsuccessful suitor of Mary, who had recently announced her engagement to Paul. An",A,A,True,1,376,57,"A  
The gold passage states that ""truth is an absolute defense to a defamation claim,"" which means that if Dock's statement is proven to be true, it serves as a complete defense against Paul's defamation claim. Therefore, the proof of truth will be a defense by itself.",,-19.376502990722656,-100.0,-100.0,-100.0,1.0
mbe_130,nan,MBE-1972-78-part4,validation,"Defendant, an avid fan of his home town football team, shot at the leg ofa star playerfor a rival te",C,C,True,1,497,113,"C  
The defendant shot at the leg of the victim with the intent to injure him, which indicates a malevolent state of mind. According to the gold passage, murder can occur with the intent to kill or the intent to do grievous bodily harm. The defendant's actions resulted in the victim's death, which satisfies the criteria for murder. Since the intent was to cause serious injury, this aligns with the definition of murder as it involves a malevolent state of mind. Therefore, the most serious offense of which the defendant could be properly convicted is murder.",,-14.375001907348633,-15.125001907348633,-2.339278580620885e-06,-100.0,0.9999991585417207
mbe_131,nan,MBE-1972-78-part4,validation,"Defendant, a w orker in a metal working shop, had long been teasing Vincent. a young colleague. by c",D,B,False,1,476,123,"B

The gold passage indicates that involuntary manslaughter involves unintentional killing without malice, while voluntary manslaughter involves a killing that occurs in the heat of passion or as a result of provocation. In this scenario, the defendant was being teased and ridiculed by Vincent, which could be seen as provocation. The defendant's response to parry the blow and then strike Vincent, resulting in his death, suggests that the defendant acted in a moment of passion rather than with malice. Therefore, the most serious offense of which the defendant could be properly convicted is voluntary manslaughter.",,-3.625258207321167,-0.12525826692581177,-100.0,-100.0,0.9706877675527112
mbe_137,nan,MBE-1972-78-part4,validation,Which of the following statements concerning the order of performances is LEAST accurate?,C,C,True,1,509,138,"C  
The gold passage defines a condition subsequent as something that may occur after a promise is made, which will excuse the obligation of a party. In the context of the fact pattern, Beta's obligation to pay the $1,000 is voided if Alpha does not remove the shed within three months after the exchange. This indicates that Beta's obligation is contingent upon Alpha's action, but it does not establish that Beta's tendering of good title to the farm is a condition subsequent to Alpha's duty to convey the apartment house. Instead, the obligations of both parties are more accurately described as concurrent conditions, as they are to occur simultaneously. Therefore, statement C is the least accurate.",,-11.377506256103516,-6.252505779266357,-0.0025058630853891373,-100.0,0.9980618306020724
mbe_138,nan,MBE-1972-78-part4,validation,Alpha's removal of the shed from the parking area of the apartment house is,A,C,False,1,477,135,"C  
The gold passage defines a condition precedent as an event that must occur before a party is obligated to perform. In this case, Alpha's removal of the shed is a condition that must occur for Beta's obligation to pay the $1,000 to arise. Since the contract states that Beta's obligation to pay the $1,000 is voided if Alpha does not remove the shed within three months after the exchange, this indicates that the removal of the shed is a condition subsequent to Beta's duty to pay the $1,000. If the shed is not removed, Beta's obligation to pay is voided, which aligns with the definition of a condition subsequent.",,-5.171517372131348,-100.0,-0.0465175099670887,-100.0,0.9940889303338156
mbe_156,nan,MBE-1978-83-part1,validation,Bell's refusal to pay anything to Ames when he finished painting was a,C,B,False,1,469,90,"B  
Bell's refusal to pay anything to Ames when he finished painting was a partial breach of contract whether or not Ames had properly or substantially painted the porch. The gold passage defines a ""total breach"" as one that substantially impairs the value of the contract to the injured party, which implies that a breach can be partial regardless of the quality of performance. Therefore, Bell's refusal to pay can be classified as a partial breach in any circumstance.",,-3.843916416168213,-0.09391637146472931,-3.218916416168213,-100.0,0.9368079245412018
mbe_157,nan,MBE-1978-83-part1,validation,"After cashing the check, Ames sued Bell for $200. Ames probably will",C,C,True,1,497,92,"C  
Ames probably will not succeed because he cashed the check without objection. The gold passage indicates that in a breach of contract action, the non-breaching party may recover damages only upon proof of liability. By cashing the check, Ames effectively accepted Bell's settlement offer, which likely extinguished his right to claim the full amount of the original contract. Therefore, he cannot later assert a claim for the additional $200 after accepting the payment.",,-14.750075340270996,-16.750076293945312,-7.541112427134067e-05,-100.0,0.9999995540560108
mbe_158,nan,MBE-1978-83-part1,validation,In an action by Bell against Ames for any provable damages Bell sustained because the porch was not ,A,C,False,1,493,111,"C  
The gold passage indicates that an implied contract can arise from the acts and conduct of the parties, and that a meeting of the minds is necessary for a contract to exist. In this case, Bell's letter of June 18 constituted a counter-offer to Ames, which Ames did not accept by replying. Since there was no acceptance of the counter-offer, there was no mutual intention to contract regarding the repainting of the porch. Therefore, Bell will not succeed in an action against Ames for damages related to the porch not being repainted.",,-100.0,-16.3750057220459,-5.080963092041202e-06,-13.625004768371582,0.9999987127899619
mbe_199,nan,MBE-1978-83-part1,validation,Which of the following best describes the constitutionality of the Attorney General's action?,D,D,True,1,1491,95,"D  
The Attorney General's decision to refuse to sign the indictment is legal because the decision to prosecute is an exclusively executive act. The gold passage emphasizes that the executive power is vested in the President, and while the Attorney General operates under the authority of the executive branch, the passage implies that the decision-making regarding prosecutions falls within the executive's discretion. There is no indication in the passage that the Attorney General is obligated to prosecute simply because the House of Representatives directs it.",,-100.0,-100.0,-100.0,-20.37501335144043,1.0
mbe_200,nan,MBE-1978-83-part1,validation,"If the Attorney General signs the indictment, the strongest argument Green could urge as a defense i",A,A,True,1,846,112,"A  
The gold passage indicates that Congress has broad authority to conduct investigations in aid of its legislative function, which includes oversight of federal departments and executive agencies. However, this authority is not unlimited and is tied to Congress's legislative powers. Green could argue that if she can demonstrate that the questions posed by Congress are unrelated to matters upon which Congress may legislate, she may refuse to answer them. This aligns with the passage's mention of limits on congressional investigations being linked to Congress's constitutional authority. Therefore, option A presents the strongest argument for Green's defense.",,-0.01537344977259636,-9.140373229980469,-100.0,-6.890373229980469,0.9988590964880385
mbe_215,nan,MBE-1978-83-part1,validation,"In a collision case, Plaintiff offers in evidence a photograph showing the scene of the accident whi",C,C,True,1,285,98,"C  
The gold passage states that to lay the foundation for an exhibit, you must demonstrate to the court that you have the knowledge sufficient to prove that the exhibit is authentic. Among the options provided, a person who observed the cars while they were still in place (C) would have the necessary knowledge to authenticate the photograph by confirming that it accurately represents the scene at the time of the accident. The other options do not necessarily provide the required knowledge to establish authenticity as described in the passage.",,-1.1289974451065063,-2.378997325897217,-0.7539974451065063,-100.0,0.5307289466240193
mbe_225,nan,MBE-1978-83-part1,validation,Leader is a labor leader in Metropolis. Ten years ago he was divorced. Both he and his first wife ha,D,C,False,1,504,95,"C  
According to the gold passage, in order to prevail on a defamation claim, the plaintiff must prove that the publisher acted with fault, which includes knowledge of the falsity or reckless disregard for the truth. Since the reporter for News believed the story to be true based on information from two reliable sources, it indicates that News did not act with knowledge of falsity or reckless disregard. Therefore, Leader's first wife would not prevail in her defamation claim against News.",,-100.0,-6.751267910003662,-0.0012677322374656796,-100.0,0.9988304899426007
mbe_231,nan,MBE-1978-83-part1,validation,If HDS denies liability on the ground that CP had orally agreed to coordinate with HDS's methods of ,B,B,True,1,730,110,"B  
HDS's most effective argument is that the memorandum was not a completely integrated agreement. According to the gold passage, a completely integrated agreement is one that is adopted by the parties as a complete and exclusive statement of the terms of the agreement. If HDS can demonstrate that the memorandum does not represent a complete integration of the parties' agreement, it may be able to introduce evidence of the oral agreement regarding coordination with HDS's methods of accounting. This aligns with the definition provided in the passage, which distinguishes between completely and partially integrated agreements.",,-5.504271507263184,-0.004271665588021278,-100.0,-100.0,0.9959298616423227
mbe_232,nan,MBE-1978-83-part1,validation,"If CP in fact had half-completed the job on June 6, would it then have been entitled to $10,000 ?",D,C,False,1,651,133,"C  
The gold passage emphasizes the importance of interpreting a contract as a whole and finding the plain meaning of its provisions. In this case, the agreement specifies that HDS would pay CP $20,000 in two equal installments ""within one month of completion"" if CP was successful in shortening the processing time. Since the tests showed that the programs only cut processing time by 47% and were not perfectly coordinated, this indicates that CP did not achieve substantial completion of the work as required for payment. Therefore, HDS would not have a duty to pay the $10,000, as there is a constructive condition precedent requiring at least substantial completion of the work.",,-100.0,-12.879090309143066,-0.004090274218469858,-12.254090309143066,0.9999926536480628
mbe_233,nan,MBE-1978-83-part1,validation,Was the escrow agreement a valid modification?,A,C,False,1,737,83,"C  
The escrow agreement was not a valid modification because it was oral. According to the gold passage, a modification of an agreement must be supported by valid consideration and requires mutual assent to the meaning and conditions of the modification. Since the original agreement specified that modifications could only be made by a signed writing, the oral agreement to deposit the funds in escrow does not meet this requirement. Therefore, it is not valid.",,-12.878305435180664,-100.0,-0.003305681748315692,-5.753305912017822,0.9968247728293967
mbe_234,nan,MBE-1978-83-part1,validation,Assume for this question only that the programs completed on July 5 had cut processing time by one-h,C,C,True,1,689,97,"C  
The gold passage states that in contracts where time is not of the essence, a failure to complete the work within the specified time will not terminate the contract, but will subject the contractor to damages for the delay. Since the question assumes that the programs completed on July 5 had cut processing time by one-half, and there is no indication that time was of the essence in this contract, HDS is not entitled to renounce the contract due to CP's delay in completion.",,-18.250553131103516,-100.0,-17.875553131103516,-100.0,0.5926665999540697
mbe_235,nan,MBE-1978-83-part1,validation,Assume for this question only that CP's delay in completion did not give HDS the right to renounce t,D,C,False,1,716,87,"C  
The gold passage defines a condition subsequent as a contingency that, if it occurs, will defeat a contract already in effect. In this case, the requirement that CP shorten the processing time by one-half is an express condition of the contract. Since CP did not meet this condition (the processing time was only reduced by 47%), HDS is not liable for breach of contract, and thus CP is not entitled to recover damages.",,-17.875911712646484,-100.0,-18.000911712646484,-100.0,0.46879062662624377
mbe_236,nan,MBE-1978-83-part1,validation,Assume for this question only that CP was in breach of contract because of its four-day delay in com,B,C,False,1,673,85,"C  
The gold passage states that failure to satisfy a condition precedent is considered an affirmative defense. This implies that if an express condition precedent has failed, it excuses the other party (HDS) from any duty to compensate CP. Therefore, since CP was in breach of contract due to the delay and the condition precedent to HDS's duty to pay has failed, HDS is not obligated to pay CP for its services.",,-18.625,-17.125,0.0,-100.0,0.9999999553131591
mbe_278,nan,MBE-1978-83-part1,validation,"The prosecution, in its case in chief, offers evidence that when Miller was arrested one day after t",C,C,True,1,409,101,"C  
The evidence of Miller's possession of heroin and a hypodermic needle should be excluded because its probative value is substantially outweighed by the danger of unfair prejudice. The gold passage outlines factors to consider when determining whether the prejudicial effect of evidence outweighs its relevance, including the potential to unduly arouse the jury's emotions and distract from the main issues. The introduction of drug-related evidence could lead to emotional reactions and distract the jury from the central issue of the armed robbery charge.",,-15.87907886505127,-100.0,-0.004078878089785576,-100.0,0.9999998724809553
mbe_279,nan,MBE-1978-83-part1,validation,"The prosecutor offers the testimony of a bartender that when he saw the money in Miller's wallet, he",D,C,False,1,440,77,"C  
The evidence is inadmissible because it would violate Miller's privilege against self-incrimination. The gold passage emphasizes that evidence may be excluded if it creates undue prejudice or threatens injustice. In this case, Miller's silence in response to the bartender's statement could be interpreted as an admission of guilt, which would be prejudicial and infringe upon his right against self-incrimination.",,-5.519168853759766,-6.019168853759766,-0.01916906051337719,-4.519168853759766,0.9826324395529581
mbe_280,nan,MBE-1978-83-part1,validation,"At the request of police, the teller who was robbed prepared a sketch bearing a strong likeness to M",C,C,True,1,450,104,"C  
The sketch is inadmissible as hearsay not within any exception. The gold passage discusses the concept of past recollection recorded, which allows a witness to testify from notes or a memorandum made while the information was fresh in their memory. However, since the teller is deceased and cannot verify the accuracy of the sketch or testify about it, the sketch does not meet the requirements for admissibility under the hearsay rules or the past recollection recorded exception. Therefore, it is considered hearsay and inadmissible.",,-100.0,-5.25643253326416,-0.006432683207094669,-100.0,0.9947798735278065
mbe_281,nan,MBE-1978-83-part1,validation,Miller testified on direct examination that he had never been in the First Bank of City. His counsel,C,C,True,1,420,115,"C  
The statement ""I told them I had never been in the bank"" is inadmissible as hearsay not within any exception. The gold passage indicates that prior consistent statements are admissible as non-hearsay only if they meet specific conditions, including being offered to rebut an accusation of improper influence, motive, or recent fabrication. Since there is no indication in the fact pattern that Miller's statement is being offered for that purpose, it does not meet the criteria for admissibility as a prior consistent statement. Therefore, it is considered hearsay and inadmissible.",,-100.0,-5.5389227867126465,-0.03892291709780693,-3.7889230251312256,0.9731370241411157
mbe_282,nan,MBE-1978-83-part1,validation,"On cross-examination of Miller, the prosecutor asks Miller whether he was convicted the previous yea",A,C,False,1,268,92,"C  
The gold passage does not provide any information regarding the admissibility of prior convictions or their relevance to the current charges. Therefore, the question about Miller's previous conviction for tax fraud is improper because the conviction has insufficient similarity to the crime charged (armed robbery). The passage does not support any of the other options, as it does not address the issues of inclination to lie, inclination to steal money, or the balance of probative value versus unfair prejudice.",,-100.0,-100.0,-0.004435816314071417,-7.379436016082764,0.9993736659669342
mbe_284,nan,MBE-1978-83-part1,validation,Tess occupied an apartment in a building owned by Len. She paid rent of $125 in advance each month. ,B,B,True,1,499,128,"B  
The gold passage discusses the doctrine of ""curative admissibility,"" which relates to the introduction of evidence in legal proceedings. However, it does not provide any information about retaliatory eviction or the specific legal principles surrounding it. Since the question revolves around Tess contesting Len's right to terminate her tenancy, the most relevant choice is B, which suggests that the doctrine prohibiting retaliatory eviction is part of the law of the jurisdiction. This aligns with the context of Tess's situation, where her actions as part of the tenants' association may have prompted Len's retaliatory response. The other options do not have support in the passage.",,-100.0,-0.0007213685312308371,-100.0,-100.0,1.0
mbe_313,nan,MBE-1978-83-part1,validation,"Lester, the owner in fee simple of a small farm consisting of thirty acres of land improved with a h",D,D,True,1,465,86,"D  
The gold passage indicates that a covenant for quiet enjoyment is implied in every lease, which means that the landlord must provide a good title and an unencumbered lease for the term stipulated. However, the passage does not support the idea that condemnation automatically relieves the tenant of their obligation to pay rent. Therefore, since the relationship of landlord and tenant remains intact despite the condemnation, Tanner is still obligated to pay rent.",,-5.39177131652832,-4.51677131652832,-100.0,-0.01677127368748188,0.9845039912567558
mbe_377,nan,MBE-1978-83-part5,validation,Pedersen's counsel wants to introduce testimony from Sheriff concerning a discussion between Sheriff,D,C,False,1,464,78,"C  
The trial judge should rule Sheriff's oral testimony inadmissible because Passerby has not been shown to be unavailable as a witness. The gold passage does not provide any basis for admitting the statement made by Passerby through Sheriff, as it does not address the situation where a witness is unavailable. Therefore, without evidence of Passerby's unavailability, the statement cannot be admitted.",,-100.0,-100.0,-0.22787627577781677,-2.4778761863708496,0.904650527388829
mbe_378,nan,MBE-1978-83-part5,validation,Pedersen's counsel wants to introduce testimony of Sheriff that at the police station Carr told Sher,B,B,True,1,431,86,"B  
The statement made by Carr, ""I think this was probably my fault,"" qualifies as an admission of a party because it is a conscious acknowledgment of fault relevant to the case. It acknowledges the existence of certain facts (his potential fault in the accident) that are unfavorable to Carr's position in the litigation. Therefore, it meets the criteria outlined in the gold passage for admissibility as an admission by a party-opponent.",,-19.00009536743164,-18.25009536743164,-100.0,-100.0,0.679178699175393
mbe_379,nan,MBE-1978-83-part5,validation,"Pedersen's counsel wishes to prove that after the accident Carr went to Pedersen and offered $1,000 ",D,D,True,1,526,78,"D  
The evidence of Carr offering $1,000 to settle Pedersen's claim is inadmissible because it falls under the category of conduct or statements made during compromise negotiations, which are prohibited from being used to prove or disprove the validity or amount of a disputed claim. The policy of the law encourages settlement negotiations, and thus such offers cannot be used against a party in court.",,-100.0,-100.0,-100.0,-0.004078401252627373,1.0
mbe_380,nan,MBE-1978-83-part5,validation,Pedersen's counsel wants to have Sheriff testify to the following statement made to him by Walter Pa,C,C,True,1,439,119,"C  
The statement made by Walter Passenger to the Sheriff is considered hearsay because it is an out-of-court statement offered for the truth of the matter asserted, which is that they were returning from a party at which they had all been drinking. The gold passage defines hearsay as an out-of-court statement made by a declarant and offered for the truth of the matter asserted, and there is no indication in the passage that this statement falls within any exception to the hearsay rule. Therefore, the trial judge should rule this testimony inadmissible as hearsay not within any exception.",,-19.875335693359375,-100.0,-18.875335693359375,-100.0,0.7310585786300049
mbe_381,nan,MBE-1978-83-part5,validation,"On the evening of the day of the accident, Walter Passenger wrote a letter to his sister in which he",A,A,True,1,586,100,"(A) permissible under the doctrine of present recollection refreshed

The gold passage explains that under the doctrine of present recollection refreshed, a witness's memory can be jogged by using a writing, and the witness then testifies from their memory as refreshed. Since Walter Passenger is attempting to use the letter to assist his memory about the accident, this aligns with the concept of present recollection refreshed, where the witness has an independent recollection of the event and is merely using the memorandum to refresh details.",,-1.3518009185791016,-3.8518009185791016,-100.0,-100.0,0.9241418199787566
mbe_385,nan,MBE-1978-83-part5,validation,"Chase, as seller, and Scott, as buyer, enter into a written contract for the sale and purchase of la",B,B,True,1,374,65,"B  
The gold passage does not state that the contract is unenforceable or that Chase is only required to convey what he owned on the date of the contract. Instead, it implies that a marketable title is necessary for a sale to be valid, which suggests that Chase will be required to convey a marketable title.",,-100.0,-19.12500762939453,-100.0,-100.0,1.0
mbe_404,nan,MBE-1978-83-part6,validation,In an action brought by Bell to enjoin Akers from interfering with Bell's continued use of the commo,D,C,False,1,888,86,"C  
The gold passage states that an incorporeal hereditament, such as an easement, lies in grant and cannot be terminated without a writing. Since the easement between Akers and Bell was created by express grant and properly recorded, it cannot be terminated simply because the necessity for it has changed. Therefore, Bell has the right to continue using the common driveway, and the decision should be in favor of Bell.",,-100.0,-100.0,-0.03824964538216591,-3.2882497310638428,0.9626731157347207
mbe_405,nan,MBE-1978-83-part6,validation,In an action brought by Bell to enjoin Ogden from erecting the apartment building in such a way as t,D,D,True,1,710,72,"D  
The gold passage states that an easement for light and air will not be implied unless there is an absolute necessity that destroys the use of the plaintiff's building. Since Bell has no established easement for light, air, or view, he cannot enjoin Ogden from erecting the apartment building. Therefore, the decision should be for Ogden.",,-100.0,-100.0,-100.0,-20.25,1.0
mbe_406,nan,MBE-1978-83-part6,validation,"Dever was indicted for the murder of Vickers by poison. At trial, the prosecutor calls the county co",C,C,True,1,422,77,"C  
Dr. Wolfe's opinion should be admitted because she followed accepted medical practice in arriving at her opinion, which aligns with the standard for expert opinions being competent if held to a reasonable degree of scientific or medical certainty. The passage indicates that expert opinions are valid when they are based on accepted practices, and Dr. Wolfe's testimony reflects that she adhered to good practice in her specialty.",,-100.0,-6.2524919509887695,-0.002492183819413185,-100.0,0.998073264888934
mbe_407,nan,MBE-1978-83-part6,validation,"At the trial of Davis for a murder that occurred in Newtown, the prosecution called Waite, who testi",B,C,False,1,421,86,"C  
The gold passage states that when a witness refuses to answer cross-examination questions necessary to test their direct testimony, it undermines the trier of fact's ability to rely on that testimony. This supports the idea that the public interest in allowing an accused to defend themselves outweighs the interest of a non-party witness in the privilege, as the refusal to answer prevents adequate cross-examination and affects the fairness of the trial.",,-8.513097763061523,-4.763098239898682,-0.013098224997520447,-100.0,0.9912225621107467
mbe_409,nan,MBE-1978-83-part6,validation,"On January 15, Carpenter agreed to repair Householder's house according to certain specifications an",A,D,False,1,445,100,"D  
The defense of impossibility of performance applies when changed circumstances have made the performance of the contract vitally different from what both parties contemplated at the time of the agreement. If the area around Householder's property was frequently flooded during the month of March, this fact would support Carpenter's defense by demonstrating that the flooding was a changed circumstance that made it impossible for him to perform the repairs as originally agreed. This aligns with the principle that unforeseen events can excuse a party from fulfilling their contractual obligations.",,-8.25067138671875,-100.0,-8.25067138671875,-0.0006713286275044084,0.9994777557972683
mbe_414,nan,MBE-1978-83-part6,validation,Pitt sued Dow for damages for injuries that Pitt incurred when a badly rotted limb fell from a curbs,C,B,False,1,439,89,"B  
The offered evidence is inadmissible because it is irrelevant to the condition of the tree at the time of the accident. The gold passage states that for evidence to be relevant, it must have some reasonable tendency to help prove or disprove a fact. The fact in dispute is the condition of the tree at the time of the accident, and cutting down the tree a week later does not provide information about its condition at that earlier time.",,-6.005158424377441,-0.005158215761184692,-7.630158424377441,-100.0,0.9970419293412147
mbe_430,nan,MBE-1978-83-part6,validation,"A group of children, ranging in age from 8 to 15, regularly played football on the common area of an",A,A,True,1,711,112,"A  
Peter will prevail if the sprinkler head was a hazard that he probably would not discover. The gold passage indicates that a landowner has a duty to maintain their property in a reasonably safe condition, which includes considering the likelihood of injury to others. Since Peter had not noticed the sprinkler heads before and they protruded above the ground, it suggests that they could be a hidden hazard that he would not reasonably discover while playing. Therefore, if the sprinkler head was indeed a hazard that was not discoverable, Peter could successfully assert a claim against O'Neill.",,-0.003453125711530447,-6.503453254699707,-100.0,-11.128453254699707,0.9984841231747784
mbe_452,nan,MBE-1978-83-part6,validation,Zeller contracted in writing to deliver to Baker 100 bushels of wheat on August 1 at $3.50 a bushel.,C,C,True,1,549,87,"C  
Baker has a cause of action against Zeller for Zeller's failure to deliver 100 bushels of wheat. The gold passage states that when a party fails to deliver the goods as promised, a breach of contract occurs. Since Zeller only delivered 95 bushels instead of the contracted 100, he failed to perform his contractual obligation, which gives Baker the right to seek remedies for breach of contract.",,-1.483336091041565,-100.0,-0.7333360910415649,-100.0,0.679178699175393
mbe_471,nan,MBE-1985-part7,validation,"Pratt sued Danvers for injuries suffered by Pratt when their automobiles collided. At trial, Pratt o",D,D,True,1,524,61,"D  
The letter from Danvers is inadmissible because it was made in an effort to settle the claim. The passage does not provide any exceptions that would allow for the admissibility of statements made during settlement negotiations, which typically are not admissible as they could discourage parties from engaging in settlement discussions.",,-10.000518798828125,-100.0,-10.250518798828125,-0.000518716755323112,0.9999192490972499
mbe_472,nan,MBE-1985-part7,validation,"Dobbs, while intoxicated, drove his car through a playground crowded with children just to watch the",D,D,True,1,618,121,"D  
The best theory for finding Dobbs guilty of murder is reckless murder, which is characterized by a disregard for the risks associated with one's conduct, as indicated in the gold passage. The passage states that reckless murder results not from a specific intent to kill a particular person but from an indifference to or disregard of the risks attending the conduct. Dobbs drove his car through a playground crowded with children, demonstrating a high degree of danger to life and a disregard for the consequences of his actions, which aligns with the definition of reckless murder. The other options do not fit the criteria established in the passage.",,-100.0,-13.750001907348633,-13.750001907348633,-2.339278580620885e-06,0.9999978645956176
mbe_475,nan,MBE-1985-part7,validation,"Congress enacts a statute punishing ""each and every conspiracy entered into by any two or more perso",C,C,True,1,550,106,"C  
The Thirteenth Amendment empowers Congress to enforce its provisions against slavery and involuntary servitude and has been interpreted broadly to include legislation aimed at erasing ""all badges and incidents of slavery."" The statute punishing conspiracies to deny Black persons housing, employment, or education based on race aligns with this enforcement power, as it addresses acts of racial discrimination that can be seen as badges of slavery. Therefore, the authority of Congress to pass such a statute is most clearly and easily justifiable under the Thirteenth Amendment.",,-100.0,-100.0,-21.5,-19.5,0.11920292202211755
mbe_483,nan,MBE-1985-part7,validation,If Vintage refuses to distribute the wine through Claret and Claret then sues Vintage for breach of ,D,C,False,1,557,86,"C  
The gold passage emphasizes the requirement of a definite expression of acceptance and the necessity of mutual assent for a contract to be enforceable. In this case, Bouquet and Vintage did not expressly agree that Claret would have enforceable rights under their contract. Therefore, Claret lacks standing to sue for breach of contract, as he was not a party to the agreement and there was no objective manifestation of mutual assent that included him.",,-100.0,-20.250001907348633,-2.339278580620885e-06,-19.500001907348633,0.9999999949965019
mbe_484,nan,MBE-1985-part7,validation,"For this question only, assume the following facts. Amicusbank lent Bouquet $200,000 and Bouquet exe",C,A,False,1,579,86,"A  
The gold passage states that an assignee takes the assigned rights subject to all defenses that the opposing party might assert against the assignor. Therefore, if Vintage can assert a defense against Bouquet, it can also assert that defense against Amicusbank as the assignee. Since the Bouquet-Vintage contract did not expressly authorize an assignment of rights, this is a strong argument for Vintage in defending against Amicusbank's claim.",,-1.1897526979446411,-100.0,-1.4397526979446411,-2.5647525787353516,0.4922130882816287
mbe_485,nan,MBE-1985-part7,validation,"For this question only, assume the following facts. Soon after making its contract with Bouquet, Vin",A,C,False,1,829,93,"C  
No, because Vintage remains in a position to perform under the Bouquet-Vintage contract. The gold passage emphasizes that in order for damages to be recoverable, it must be shown that the breach has caused the damages and that the loss is not speculative. Since Vintage can still produce and market the wine as per the contract, it indicates that they are still capable of fulfilling their obligations, which undermines Bouquet's claim for a judicial remedy based on the breach.",,-7.259766578674316,-4.759766578674316,-0.009766596369445324,-100.0,0.9907249619406855
mbe_533,nan,MBE-1989-90-part2,validation,"In 1956, Silo Cement Company constructed a plant for manufacturing ready-mix concrete in Lakeville. ",B,B,True,1,497,76,"B  
Petrone will prevail if the cement dust interfered unreasonably with the use and enjoyment of his property. The gold passage states that a private nuisance involves a substantial invasion that is unreasonable. Therefore, if the cement dust from Silo's operations is found to unreasonably interfere with Petrone's enjoyment of his land, he has a valid claim for nuisance.",,-18.62500762939453,-18.25000762939453,-100.0,-100.0,0.5926665999540697
mbe_539,nan,MBE-1989-90-part2,validation,A state statute provides that only citizens of the United States may be employed by that state. In a,D,C,False,1,486,92,"C  
The gold passage indicates that statutes treating similarly situated individuals differently are evaluated under an equal protection analysis, and that suspect classifications, such as alienage, are subject to strict scrutiny. In this case, the burden of persuasion falls on the state to demonstrate that the citizenship requirement is rationally related to a legitimate state interest. Therefore, the correct statement is that the state must demonstrate that there is a rational relationship between the citizenship requirement and a legitimate state interest.",,-10.750670433044434,-100.0,-0.0006705015548504889,-7.750670433044434,0.9995480164016785
mbe_557,REAL PROP.,1991-Feb,validation,Anna entered a hospital to undergo surgery and feared that she might not survive. She instructed her,D,A,False,1,608,116,"A  
The gold passage states that a deed is not legally effective until it has been delivered, and it emphasizes that delivery refers to the intention of the maker at the time of the transaction. Since Anna executed the deed but did not deliver it to Bernard (as he was not informed of the conveyance), the gift of Blackacre was not effectively completed. Therefore, if Anna loses, it will be because the gift was inter vivos rather than causa mortis, meaning it was intended to take effect during her lifetime and not upon her death, which requires a different form of delivery.",,-0.13648086786270142,-7.011480808258057,-100.0,-2.3864808082580566,0.9038056765337452
mbe_579,CONST. LAW,1991-Feb,validation,"A federal statute prohibits the sale or resale, in any place in this country, of any product intende",A,A,True,1,326,86,"A  
The gold passage indicates that Congress has the authority to regulate activities that have a substantial relation to interstate commerce. The federal statute in question prohibits the sale or resale of products intended for human consumption that contain designated chemicals, which can be seen as regulating commerce related to health and safety across state lines. Therefore, the most appropriate justification for the constitutionality of the statute is based on Congress's power to regulate commerce among the states.",,-20.000261306762695,-100.0,-100.0,-100.0,1.0
mbe_584,EVIDENCE,1991-Feb,validation,"Deeb was charged with stealing furs from a van. At trial, Wallace testified she saw Deeb take the fu",B,B,True,1,604,113,"B  
The trial court should grant the motion to strike because the probative value of Wallace's unresponsive testimony about passing a lie detector test is substantially outweighed by the danger of unfair prejudice. The passage explains that ""unfair prejudice"" refers to evidence that may adversely affect the objecting party's position by introducing considerations extraneous to the merits of the lawsuit. In this case, the mention of a lie detector test could lead the jury to make a decision based on improper bases, such as bias or sympathy, rather than the actual evidence presented in the case.",,-7.379071235656738,-0.12907123565673828,-100.0,-100.0,0.9992903296008995
mbe_588,CRIM. LAW,1991-Feb,validation,"After waiting until all the customers had left, Max entered a small grocery store just before closin",C,C,True,1,353,100,"C  
The gold passage defines the essential elements of an attempted robbery as (1) intent to commit robbery and (2) an overt act towards that commission. In this scenario, Max clearly had the intent to commit robbery by threatening the clerk and demanding money. Although he did not successfully open the cash register, his actions of entering the store, threatening the clerk, and attempting to access the cash register constitute an overt act towards the commission of robbery. Therefore, he can be convicted of attempted robbery.",,-100.0,-20.75,-20.375,-100.0,0.5926665999540697
mbe_621,TORTS,1991-Feb,validation,"If Peterson brings an action, based on negligence, against the grocery store, the store's best defen",D,B,False,1,654,106,"B  
The grocery store's best defense would be that it owes no duty to its customers to control the conduct of other customers. The gold passage discusses negligence in terms of the failure to use due care, but it does not indicate that a store has a duty to control the actions of other customers, such as a child pushing a cart. Therefore, the store can argue that it was not negligent in this instance because it is not responsible for the actions of other customers, including Dora, who was under the supervision of her mother.",,-3.4833900928497314,-0.35839012265205383,-2.1083900928497314,-2.3583900928497314,0.7390730793650938
mbe_622,TORTS,1991-Feb,validation,"If Peterson brings an action, based on negligence, against Dora's mother, will Peterson prevail?",D,D,True,1,653,115,"D

To establish negligent parental supervision, Peterson must show that Dora's mother was aware of specific instances of prior conduct that would put her on notice that Dora's actions could lead to harm, and that she had the opportunity to control Dora. The passage indicates that parents can be liable if they fail to adequately control or supervise their children, and it emphasizes the need for the parent to know of the necessity and opportunity for exercising such control. If it can be shown that Dora's mother did not adequately supervise Dora's actions, then Peterson could prevail in his negligence claim against her.",,-3.087355136871338,-100.0,-100.0,-0.08735507726669312,0.952574129515172
mbe_623,TORTS,1991-Feb,validation,"If Peterson brings an action, based on negligence, against Dora, Dora's best argument in defense wou",A,A,True,1,475,94,"A  
Dora's best argument in defense would be that she exercised care commensurate with her age, intelligence, and experience. The gold passage states that the degree of care required of a child must be measured by what might ordinarily be expected from a child of like age, capacity, and experience under similar conditions. Since Dora is only eight years old, her actions would be evaluated based on what is reasonable for a child of that age, which supports her defense.",,-0.06507045775651932,-2.815070390701294,-100.0,-100.0,0.939913346038965
mbe_630,CONST. LAW,1991-Feb,validation,The constitution of State X authorizes a fivemember state reapportionment board to redraw state legi,A,B,False,1,673,103,"B  
The gold passage states that to prove intentional vote dilution under the Fourteenth Amendment, plaintiffs must show both discriminatory purpose and discriminatory effect. Choice (B) indicates that the reapportionment board included two black members who were satisfied with the plan, suggesting that there was no discriminatory purpose from the perspective of those members. This fact could support the validity of the board's action by demonstrating that the board did not intend to dilute the voting power of black residents, which is a key element in proving intentional vote dilution.",,-0.8425416350364685,-0.5925416350364685,-4.717541694641113,-100.0,0.5571141515086978
mbe_632,CRIM. LAW,1991-Feb,validation,Dan entered the police station and announced that he wanted to confess to a murder. The police advis,A,A,True,1,586,108,"A  
The gold passage indicates that coercive police activity is a necessary predicate to finding that a confession is not ""voluntary"" under the Due Process Clause. Since there was no indication of coercive police conduct in obtaining Dan's confession, it is deemed admissible. The passage emphasizes that inquiries into the mental state of a defendant regarding the reliability of a confession are governed by state laws and not by the Due Process Clause, which focuses on preventing fundamental unfairness rather than excluding potentially unreliable evidence. Therefore, Dan's confession is admissible.",,-0.00044044392416253686,-100.0,-11.75044059753418,-13.25044059753418,0.9999903504234581
mbe_652,TORTS,1991-Feb,validation,"Desmond fell while attempting to climb a mountain, and lay unconscious and critically injured on a l",C,C,True,1,381,104,"C  
The gold passage indicates that an actor is usually liable for injuries sustained by a rescuer attempting to help another person placed in danger by the actor's negligent conduct. However, it does not support the idea that an actor is liable for injuries sustained by a rescuer who is trying to rescue the actor from his own negligence. Therefore, Pearson will not prevail unless Desmond's peril arose from his own failure to exercise reasonable care, which aligns with the traditional common-law rules of contributory negligence and assumption of risk.",,-4.842831611633301,-100.0,-0.21783176064491272,-100.0,0.9902915220858951
mbe_653,CRIM. LAW,1991-Feb,validation,"At a party for coworkers at Defendant's home, Victim accused Defendant of making advances toward his",C,D,False,1,451,78,"D  
The gold passage indicates that murder requires malice aforethought, which can be established if the killing occurs in the course of an independent felony, such as aggravated assault. Since the Defendant struck Victim with a soft drink bottle, this act qualifies as aggravated assault, and thus, if the jury finds that the killing occurred during this assault, the Defendant may be found guilty of murder.",,-100.0,-100.0,-3.0488548278808594,-0.048854757100343704,0.9525741300200605
mbe_656,TORTS,1991-Feb,validation,"In preparation for a mountain-climbing expedition, Alper purchased the necessary climbing equipment ",D,D,True,1,494,119,"D  
According to the gold passage, a product is considered to be in a defective condition if it is unreasonably dangerous for its intended use and the defect existed at the time it left the defendant's control. Since Rollins was injured as a result of the malfunction of the safety device, which was intended to protect users like Alper, it is foreseeable that injury could occur to someone trying to assist Alper if the safety device failed. Therefore, Rollins can prevail in his action against Outfitters, Inc. because his injury was a foreseeable consequence of the defect in the safety device.",,-18.250045776367188,-100.0,-100.0,-4.5491004129871726e-05,0.9999999881388834
mbe_675,CONST. LAW,1991-Feb,validation,In order to provide funds for a system of new major airports near the ten largest cities in the Unit,A,A,True,1,731,109,"A  
The gold passage indicates that Congress has broad discretion in selecting subjects for taxation and that the only limitation is geographical uniformity throughout the United States. It states that as long as there is some reasonable relation to the exercise of the taxing authority conferred by the Constitution, the tax cannot be invalidated based on the motives behind it. Therefore, the tax on airline tickets, even for travel that does not involve the new airports, is constitutional because Congress is allowed to impose taxes at its discretion, regardless of the specific benefits to the travelers affected.",,-19.875036239624023,-100.0,-100.0,-100.0,1.0
mbe_709,TORTS,1991-Feb,validation,Deland operates a bank courier service that uses armored trucks to transport money and securities. O,C,C,True,1,523,111,"C  
According to the gold passage, when a person suffers damage partly due to their own fault and partly due to the fault of another, their claim is not defeated by their own fault. Instead, the damages recoverable must be reduced based on the claimant's share of responsibility for the damage. Therefore, Pilcher should recover his entire loss, but it will be reduced by a percentage that reflects the negligence attributed to him. This aligns with option C, which states that Pilcher should recover his entire loss, reduced by a percentage that reflects his negligence.",,-100.0,-19.25000762939453,-19.50000762939453,-100.0,0.4378234991142019
mbe_722,EVIDENCE,1991-Feb,validation,"In a prosecution of Dale for murdering Vera, Dale testified that the killing had occurred in self de",A,C,False,1,538,110,"C  
Walter's testimony is inadmissible as hearsay not within any exception. The gold passage specifies that the hearsay exception for a declarant's then-existing state of mind only applies to statements made by the declarant themselves, not statements made about the declarant by another person. Since Walter is testifying about what Vera said regarding her feelings for Dale, this does not reflect Vera's then-existing state of mind directly but rather is a statement made by someone else about her. Therefore, it does not meet the criteria outlined in the passage.",,-16.500158309936523,-18.500158309936523,-0.00015860427811276168,-100.0,0.9999999225064997
mbe_734,EVIDENCE,1991-Feb,validation,"Denn is on trial for arson. In its case in chief, the prosecution offers evidence that Denn had secr",C,C,True,1,458,123,"C  
The gold passage states that ""all relevant evidence is admissible"" and defines relevant evidence as having ""any tendency to make the existence of any fact that is of consequence to the determination of the action more probable or less probable."" Both pieces of evidence—Denn's obtaining duplicate insurance and his threatening to kill his ex-wife—are relevant to the case of arson. The duplicate insurance suggests a motive for committing arson, while the threat against his ex-wife could indicate a desire to intimidate a witness, which is also relevant to the prosecution's case. Therefore, both pieces of evidence should be admitted.",,-17.37501335144043,-19.37501335144043,-1.306760805164231e-05,-100.0,0.9999999676959203
mbe_738,EVIDENCE,1991-Feb,validation,"Roberta Monk, a famous author, had a life insurance policy with Drummond Life Insurance Company. Her",A,A,True,1,1170,96,"A  
Peter's testimony is admissible as circumstantial evidence that Roberta Monk was on the plane. The gold passage states that circumstantial evidence is legal evidence that can be used to connect facts to a conclusion, and it has probative value equal to that of direct evidence. Peter's statement about his mother's intention to use the pen name ""Roberta Rector"" can logically support the inference that she was on the flight, thus making it relevant circumstantial evidence in the case.",,-0.3932226300239563,-100.0,-100.0,-1.1432225704193115,0.6791786861878392
mbe_766,CONTRACTS,1991-July,validation,If County defends by offering proof of the advertisement concerning the possibility of multiple awar,A,C,False,1,509,108,"C  
No, because of the parol evidence rule. The gold passage indicates that if a contract provision's meaning is uncertain or ambiguous, extrinsic evidence may be considered. However, the parol evidence rule generally prohibits the introduction of evidence that contradicts or adds to the written terms of a fully integrated contract. Since the written agreement does not specify a quantity and includes the phrase ""all tires required by this agreement,"" it suggests a complete understanding between the parties, making the introduction of the advertisement evidence inappropriate under the parol evidence rule.",,-6.507108688354492,-100.0,-0.007108540274202824,-100.0,0.9984988179652248
mbe_767,CONTRACTS,1991-July,validation,If the court concludes that the Tyres-County contract is an agreement by County to buy its tire requ,B,C,False,1,853,114,"C  
The gold passage discusses the concept of contractual obligations and the potential for impairment by governmental action. It emphasizes that contractual rights are subject to the police power of the state and that a contract may carry the infirmity of its subject matter. In this case, the agreement between Tyres and County lacks a definite quantity of tires to be purchased, which raises concerns about mutuality of obligation. Therefore, if the court concludes that the contract is a requirements contract, Tyres may not recover because the agreement is indefinite as to quantity, leading to a lack of mutuality.",,-100.0,-8.577037811279297,-0.2020377814769745,-1.7020378112792969,0.8174203970094767
mbe_768,TORTS,1991-July,validation,Supermarket is in a section of town where there are sometimes street fights and where pedestrians ar,A,C,False,1,526,97,"C  
The gold passage indicates that a business generally has no duty to protect customers from crimes occurring on its premises unless it knows or has reason to know that such criminal acts are reasonably foreseeable. If the warning signs were plainly visible to Lorner, it suggests that Supermarket took reasonable steps to inform customers of the potential danger, which could absolve them of liability. Therefore, if Lorner saw the warning signs, the defendant (Supermarket) would not be liable for her injuries.",,-2.8579812049865723,-100.0,-0.10798130184412003,-100.0,0.9399133443558416
mbe_778,CONTRACTS,1991-July,validation,"Loomis, the owner and operator of a small business, encourages ""wellness"" on the part of his employe",D,D,True,1,552,87,"D  
Graceful wins, because she ran the specified mile as requested, and her motives for doing so are irrelevant. The gold passage emphasizes that motive is irrelevant in a breach of contract claim, indicating that the court will focus on whether the contractual obligation was fulfilled rather than the reasons behind the promisee's actions. Since Graceful completed the task Loomis set forth, she is entitled to the award regardless of her prior running experience.",,-7.0058274269104,-100.0,-100.0,-0.0058274720795452595,0.9990889487644854
mbe_782,CONST. LAW,1991-July,validation,The Sports Championship Revenue Enhancement Act is a federal statute that was enacted as part of a c,B,B,True,1,490,96,"B  
The gold passage indicates that a federal excise tax does not become invalid simply because it may have adverse economic consequences for the activity taxed. It emphasizes that the validity of such a tax is not diminished by its discouraging effect on the taxed activities or by the amount of revenue it generates. Therefore, the assertion that an act of Congress that appears to be a revenue-raising measure is valid, even if it has negative economic impacts, supports option B as the correct answer.",,-17.750017166137695,-1.676292231422849e-05,-100.0,-100.0,0.999999980444327
mbe_791,TORTS,1991-July,validation,"Dan, an eight-year-old, rode his bicycle down his driveway into a busy highway and Driver had to sto",C,B,False,1,566,107,"B

Peter's injury was attributable to his mother's knowing violation of a safety statute, which required that he be properly restrained in a baby car seat. The gold passage emphasizes the duty of reasonable care and the concept of creating an unreasonable risk of harm. In this case, the mother's failure to comply with the safety statute directly contributed to Peter's injuries, making it reasonable to conclude that her actions were a significant factor in the incident. Therefore, Peter will not prevail against Dan's parents due to the mother's negligence in violating the safety statute.",,-4.761788845062256,-0.011788899078965187,-6.261788845062256,-100.0,0.9895286593851933
mbe_798,CONST. LAW,1991-July,validation,The United States Department of Energy regularly transports nuclear materials through Centerville on,C,C,True,1,373,89,"C  
The gold passage states that the Supremacy Clause restricts the power of state and local governments to regulate federal offices and officeholders. Since the Department of Energy is a federal agency engaged in a lawful federal function, its activities, including the transportation of nuclear materials, may not be regulated by a local government like Centerville without the consent of Congress. Therefore, the Department of Energy may continue to transport these nuclear materials through the city.",,-100.0,-100.0,-19.375036239624023,-100.0,1.0
mbe_799,CRIM. LAW,1991-July,validation,"Dart is charged with the statutory offense of ""knowingly violating a regulation of the State Alcohol",D,B,False,1,469,79,"B  
The gold passage states that a mistake of fact can be a defense if it precludes the presence of any mental element required in the crime. If Dart had never been told he was supposed to check identification, this could support a reasonable mistake of fact regarding his obligations under the regulation. This would help Dart by potentially negating the required mental element of ""knowingly"" violating the regulation.",,-100.0,-0.09425719827413559,-3.844257116317749,-2.844257116317749,0.9195862183035182
mbe_803,CONST. LAW,1991-July,validation,The legislature of the state of Chetopah enacted a statute requiring that all law enforcement office,D,D,True,1,672,100,"D  
The gold passage indicates that classifications based on alienage are ""inherently suspect and subject to close judicial scrutiny."" This suggests that such classifications must be carefully examined to determine if they are justified by a legitimate and substantial governmental interest. The strongest ground for Alien's attack on the citizenship requirement is that it denies him equal protection of the laws, as it discriminates against him based on his alien status. Therefore, option D is the most appropriate choice based on the principles outlined in the passage.",,-100.0,-9.250226974487305,-11.875226974487305,-0.0002270198310725391,0.9998969366616879
mbe_811,CONTRACTS,1991-July,validation,"For this question only, assume that soon after the sale, Aberlone won three races and earned $400,00",B,C,False,1,433,98,"C  
Walker’s lack of knowledge about how to evaluate young and untested racehorses supports his chance of obtaining rescission because it highlights a substantial and fundamental misunderstanding regarding the value and potential of Aberlone at the time of the sale. This ignorance could be seen as defeating the object of the parties in making the agreement, as Walker believed he was selling a bad-tempered horse, while Sherwood, an experienced trainer, may have had a different understanding of the horse's potential.",,-3.8005599975585938,-1.0505599975585938,-0.5505600571632385,-100.0,0.6077900797284969
mbe_812,CONTRACTS,1991-July,validation,"Which one of the following scenarios would best support an action by Sherwood, rather than Walker, t",A,A,True,1,525,105,"A  
The gold passage indicates that an owner can recover for defects that are not readily discoverable by ordinary inspection or for defects that manifest after acceptance. In scenario (A), Aberlone's congenital heart defect was undiscoverable except by autopsy, which means it falls under the category of a defect not readily discoverable. This supports Sherwood's action to rescind the sale, as the defect was not known to either party at the time of sale and was not something that could have been discovered through reasonable inspection.",,-0.2738437354564667,-3.648843765258789,-2.523843765258789,-2.023843765258789,0.7613877277274161
mbe_828,CONST. LAW,1991-July,validation,The National Ecological Balance Act prohibits the destruction or removal of any wild animals located,A,A,True,1,898,93,"A  
The gold passage indicates that the Property Clause of Article IV, Section 3, of the Constitution grants Congress the power to create rules regarding public lands, and this power is described as being without limitations. Since the National Ecological Balance Act regulates the destruction or removal of wild animals on federal lands, it falls within the scope of Congress's authority under the Property Clause. Therefore, the Court of Appeals should hold the Act to be constitutional as applied to Hunter.",,-20.375045776367188,-100.0,-100.0,-100.0,1.0
mbe_831,EVIDENCE,1991-July,validation,Pawn sued Dalton for injuries received when she fell down a stairway in Dalton's apartment building.,D,D,True,1,354,80,"D  
Young's statement, as reported by Witt, is hearsay because it is an assertion made out of court and is being offered to prove the truth of the matter asserted (that the carpet was defective and that Dalton had notice of the defect). Since it does not fall within any recognized exception to the hearsay rule based on the information provided in the gold passage, it is inadmissible.",,-19.625045776367188,-100.0,-100.0,-19.375045776367188,0.5621765008857981
mbe_842,CONST. LAW,1991-July,validation,"A statute of the state of Kiowa provided state monetary grants to private dance, theater, and opera ",D,D,True,1,312,78,"D  
The gold passage states that political activity is protected free speech under the First Amendment. The last section of the statute, which conditions the grant on the recipient's agreement to refrain from political lobbying, directly implicates the First Amendment rights of free speech. Therefore, the strongest constitutional basis for an attack upon the validity of that section would be grounded in the First and Fourteenth Amendments.",,-100.0,-100.0,-100.0,-19.500123977661133,1.0
mbe_847,CONTRACTS,1991-July,validation,"Trawf, the manager of a state fair, contracted with Schweinebauch, a renowned hog breeder, to exhibi",C,C,True,1,586,96,"C  
The gold passage states that an obligation is deemed discharged if an unforeseen event occurs after the formation of the contract that makes performance impossible or highly impracticable. In this case, Megahawg's illness due to boarsitis qualifies as such an unforeseen event, making it impossible for Trawf to perform his obligations under the contract. Therefore, Trawf can terminate his own performance and treat Megahawg's illness as discharging all remaining duties under the contract.",,-10.250333786010742,-8.250333786010742,-0.0003335585934109986,-100.0,0.9997034719642606
mbe_850,CRIM. LAW,1991-July,validation,"Sam told Horace, his neighbor, that he was going away for two weeks and asked Horace to keep an eye ",D,D,True,1,498,98,"D  
Lewis is guilty of larceny because he took Sam's rings with the intent to convert them to his own use without Sam's consent, which aligns with the definition of larceny provided in the gold passage. Horace, on the other hand, was given permission to enter Sam's house to check on it, and there is no indication in the passage that he had any unlawful intent or knowledge of Lewis's actions. Therefore, Horace is not guilty of any crime.",,-100.0,-9.50654125213623,-5.2565412521362305,-0.006541050970554352,0.9947058084832563
mbe_885,CRIM. LAW,1991-July,validation,"Despondent over losing his job, Wilmont drank all night at a bar. While driving home, he noticed a c",D,D,True,1,512,110,"D  
Wilmont should be convicted because he acted recklessly and his apprehension of danger was not reasonable. The gold passage states that to convict for manslaughter, the conduct must show a ""reckless disregard for human life."" Wilmont's belief that he was being followed by robbers was not a reasonable basis for his actions, and he was charged with the knowledge of the probable results of his reckless driving, which resulted in the death of a pedestrian. Thus, his actions meet the criteria for criminal negligence as outlined in the passage.",,-100.0,-100.0,-0.9742995500564575,-0.4742995798587799,0.622459324198198
mbe_889,CONTRACTS,1991-July,validation,"For this question only, assume that on November 26 Joiner without legal excuse repudiated the contra",B,B,True,1,570,77,"B  
The gold passage states that courts of equity will not enforce specific performance of a contract for personal services that are material or mechanical, and Joiner's contract to remodel Galley's kitchen falls into this category. Therefore, the best defense for Joiner against Galley's action for specific performance is that specific performance is generally not available as a remedy to enforce a contractual duty to perform personal services.",,-100.0,-18.375017166137695,-19.375017166137695,-100.0,0.7310585786300049
mbe_891,CRIM. LAW,1991-July,validation,Yancey moves to suppress the use of the jewelry. The court should,D,B,False,1,923,81,"B  
The court should deny the motion on the ground that school searches are reasonable if conducted by school personnel on school grounds on the basis of reasonable suspicion. The gold passage indicates that warrantless searches are considered unreasonable unless they fall within a recognized exception, and school searches can be justified based on reasonable suspicion. Since the principal conducted the search at the school, it aligns with the recognized exception for school searches.",,-100.0,-0.19132834672927856,-3.941328287124634,-100.0,0.9770226287518852
mbe_892,CRIM. LAW,1991-July,validation,Assume for this question only that the court denied the motion to suppress the jewelry. Yancey moves,D,D,True,1,550,90,"D  
The best argument for excluding Yancey's statement to his parents is that the meeting was arranged by the police to obtain an incriminating statement. The gold passage emphasizes that a confession must be voluntary and not the result of coercive tactics. If the police orchestrated the meeting with the intent to elicit a confession, it could be argued that the confession was not the product of Yancey's free will, thus making it involuntary.",,-4.611949443817139,-100.0,-1.7369496822357178,-0.23694965243339539,0.8092459271027793
mbe_910,REAL PROP.,1991-July,validation,"Oscar, owner of Greenacre, conveyed Greenacre by quitclaim deed as a gift to Ann, who did not then r",B,PARSE_ERROR,False,1,499,100,"The passage provided discusses the qualifications for third-party beneficiaries, specifically distinguishing between donee and creditor beneficiaries. However, it does not provide any relevant information regarding property law, recording acts, or the specific situation involving Oscar, Ann, Belle, and Cal. 

Since the gold passage does not support any of the answer choices regarding the ownership of Greenacre or the implications of recording deeds, I cannot determine a correct answer based solely on the information provided in the passage.

Therefore, I cannot select an answer.",,-1.2394349575042725,-100.0,-2.4894349575042725,-100.0,0.7772998611746911
mbe_933,CONTRACTS,1991-July,validation,"A burglar stole Collecta's impressionist painting valued at $400,000. Collecta, who had insured the ",D,A,False,1,537,103,"(A) Collecta wins, because Snoop owed Artistic a preexisting duty to recover the picture if possible.

The gold passage states that under the preexisting duty rule, doing what one is legally bound to do is not consideration for a new promise. Since Snoop, as an investigator for Artistic, had a duty to recover the painting, his actions do not constitute valid consideration for the promise of a reward from Collecta. Therefore, Collecta is not legally obligated to pay Snoop the $25,000.",,-3.3988614082336426,-100.0,-100.0,-3.8988614082336426,0.6224593312018546
mbe_945,TORTS,1991-July,validation,"Patten suffered from a serious, though not immediately life-threatening, impairment of his circulato",B,D,False,1,730,129,"D  
According to the gold passage, a doctor has a duty to disclose all material risks involved in a medical procedure to ensure that the patient can make a truly informed and intelligent decision. In this case, Cutter failed to inform Patten of the 2% risk of death associated with the cardiac bypass operation, which constitutes a failure to disclose a material risk. The passage emphasizes that the physician's duty to disclose is shaped by the patient's need for information, and since Patten was not informed of this risk, he did not have the opportunity to make an informed decision. Therefore, Patten would prevail in his claim against Cutter based on negligence.",,-100.0,-100.0,-3.7732462882995605,-0.023246407508850098,0.977022627413796
mbe_956,nan,1992,validation,"Purvis purchased a used car from Daley, a used car dealer. Knowing that they were false, Daley made ",C,C,True,1,469,150,"C  
According to the gold passage, deceit involves the suggestion or assertion of a fact that is not true by someone who does not believe it to be true or has no reasonable ground for believing it to be true. Statement 1, which claims the car has never been involved in an accident, is a factual assertion that can be proven false and is likely to induce Purvis to alter his position regarding the purchase. Statement 2, which claims the car gets 25 miles to the gallon, is also a factual assertion that can be proven false and would similarly induce Purvis to make the purchase. Statement 3, while subjective (""as smooth-riding a car as you can get""), does not constitute a factual assertion that can be proven false in",,-7.397352695465088,-5.772352695465088,-0.022352905943989754,-100.0,0.9962049489815624
mbe_959,nan,1992,validation,James and Mary Green were walking to their car one evening after having seen a movie. As they were p,A,D,False,1,360,147,"D

The gold passage provides the definition of assault, which requires the defendant to have acted with the intent to make contact or to put the plaintiff in apprehension of such contact. In this scenario, Daves pushed Mary against the wall and held a gun to her head, which would certainly place her in apprehension of imminent harmful contact. Therefore, the most serious crime Daves may be convicted of, based on the elements of assault as described, is assault on Mary Green. 

While robbery and larceny are serious crimes, the passage does not provide definitions or elements for those offenses, making it impossible to evaluate them based on the provided information. Thus, the most serious crime supported by the passage is assault on Mary Green.",,-1.1038743257522583,-100.0,-3.4788742065429688,-0.6038743257522583,0.6013421454173892
mbe_962,nan,1992,validation,The President of the United States recognizes the country of Ruritania and undertakes diplomatic rel,C,C,True,1,707,122,"C  
The suit should be dismissed because it presents a nonjustifiable political question. The gold passage outlines the political question doctrine, which excludes from judicial review controversies that involve policy choices and value determinations that are constitutionally committed to the Executive Branch. The recognition of foreign governments and the undertaking of diplomatic relations are matters that fall within the purview of the Executive Branch, and thus, the court lacks the authority to adjudicate Dunn's claim. The case does not present a justiciable issue as it involves a decision that is clearly for nonjudicial discretion, aligning with the criteria outlined in the passage.",,-17.500431060791016,-100.0,-18.750431060791016,-100.0,0.22270013882530884
mbe_965,nan,1992,validation,"Andres conveyed Applewood Farm ""to Bogatz, her heirs and assigns, so long as the premises are used f",A,A,True,1,466,97,"A  
Cohen's interest in Applewood Farm is nothing because the conveyance creates a future interest that violates the Rule Against Perpetuities. The interest granted to Cohen is contingent upon the premises ceasing to be used for residential and farm purposes, which could occur at an indeterminate time in the future, thus failing to vest within the required timeframe of twenty-one years after a life in being. Therefore, Cohen's interest is invalid under the Rule Against Perpetuities.",,-0.023431699723005295,-9.398431777954102,-9.398431777954102,-100.0,0.9998303923144248
mbe_968,nan,1992,validation,Damson was short of money. He decided to go into Winston's house to take Winston's silverware and th,A,C,False,1,499,116,"C  
The gold passage defines larceny as the fraudulent taking and carrying away of a thing without claim of right, with the intention of converting it to a use other than that of the owner without his consent. In this case, Damson entered Winston's house with the intent to take the silverware, which constitutes the act of burglary. However, he did not complete the act of larceny because he ultimately decided not to take the silverware and returned it to its original place. Therefore, he is guilty of burglary but not guilty of any larceny offense.",,-100.0,-4.279250621795654,-0.029250482097268105,-100.0,0.9859363748937902
mbe_973,CONST. LAW,1992,validation,"According to a statute of the state of Kiowa, a candidate for state office may have his name placed ",B,B,True,1,509,129,"B  
The gold passage indicates that when assessing whether a state election law burdens First Amendment rights, it is important to consider the extent to which the law serves the state's interests and whether the objectives of the law could be achieved by less burdensome means. Choice (B) directly addresses this by suggesting that the objectives of the statute could be satisfactorily achieved by less burdensome means, which would strengthen Roderick's argument against the petition signature requirement. This aligns with the legal principle that laws imposing burdens must be narrowly tailored to serve compelling state interests, and if less burdensome alternatives exist, it supports the claim that the current requirement is unconstitutional.",,-15.000097274780273,-9.758300438988954e-05,-13.750097274780273,-100.0,0.9999986263951329
mbe_992,nan,1992,validation,"For this question only, assume that a valid federal administrative rule, adopted under a federal con",D,C,False,1,810,128,"C  
The gold passage indicates that federal preemption occurs when state law and federal law conflict, but it also notes that preemption applies in various contexts, including when Congress has explicitly preempted state regulation. In this case, the federal rule regulates the design of snipe traps to prevent injury to humans, while the Midland state statute prohibits possession of snipe traps to protect a rare species. Since the purposes of the federal rule and the Midland state statute are different—one focusing on human safety and the other on wildlife protection—the federal rule does not preempt the Midland state statute. Therefore, the best answer is (C).",,-10.753557205200195,-100.0,-0.00355742359533906,-8.003557205200195,0.9996432192237878
mbe_993,nan,1992,validation,"After Orris's conveyance to Powell, title to Brownacre was in",A,D,False,1,485,150,"D  
The gold passage states that to claim ownership by adverse possession, a party must prove five elements, including continuous, hostile, actual, open, notorious, and exclusive possession for a period of 20 years. In this case, Hull entered Brownacre in 1950 and possessed it for 12 years before transferring possession to Burns. Burns then leased Brownacre from Orris for five years and remained for an additional three years, totaling eight years of possession after Hull's initial possession. Since the total time of possession (12 years by Hull and 8 years by Burns) does not meet the required 20 years for adverse possession, Hull and Burns do not have title. Orris conveyed Brownacre to Powell after Burns left, making Powell the",,-6.752103805541992,-100.0,-100.0,-0.002103625563904643,0.9988304899451846
mbe_994,nan,1992,validation,"After Orris's conveyance to Powell, title to the earthen dam was in",A,A,True,1,643,137,"A  
The gold passage discusses the principles of adverse possession and the requirements for establishing it, specifically noting that color of title is not necessary unless specified by statute. In this case, Hull's construction of the dam and his possession of Brownacre for over 12 years could potentially establish adverse possession, as he claimed ownership and made improvements to the property. However, since Hull did not have legal title to Brownacre (as he entered without Orris' knowledge), he could not transfer any rights to Burns. Therefore, after Orris conveyed Brownacre to Powell, title to the earthen dam would be in the person who held title to Brownacre in fee simple, which is Powell.",,-0.0887528508901596,-5.838752746582031,-5.213752746582031,-2.5887527465820312,0.9164105246401159
mbe_1014,CONTRACTS,1998,validation,"Is Farmer obligated to make the $4,000 payment?",A,A,True,1,411,102,"(A) No, because Farmer has no duty under the contract to pay anything to Painter until all three barns have been painted.

The gold passage indicates that a contract is generally not severable or divisible when its parts and consideration are interdependent and common to each other. In this case, the contract specifies a single payment of $6,000 upon completion of all three barns, suggesting that the contract is entire rather than divisible. Therefore, Farmer is not obligated to make any payment until all three barns are completed.",,-1.5034862756729126,-7.878486156463623,-100.0,-100.0,0.9982992773861677
mbe_1015,CONTRACTS,1998,validation,"For this question only, assume that Farmer rightfully refused Painter's demand for payment. If Paint",C,A,False,1,521,38,"A  
Painter is entitled to nothing because the contract expressly conditioned payment on the completion of all three barns. Since Painter terminated the contract without completing the third barn, she cannot recover any payment.",,-0.9737917184829712,-100.0,-1.9737917184829712,-100.0,0.7310585786300049
mbe_1019,EVIDENCE,1998,validation,"PullCo sued Davidson, its former vice president, for return of $230,000 that had been embezzled duri",A,A,True,1,381,98,"A  
Witt's testimony about Davidson's deposits is admissible as circumstantial evidence of Davidson's guilt. The gold passage defines circumstantial evidence as proof of collateral facts from which the existence of the main fact (in this case, embezzlement) may be inferred. The fact that Davidson deposited $250,000 in his bank account during the period he was accused of embezzling $230,000 can reasonably lead to an inference regarding his guilt based on common experience.",,-0.5865269899368286,-100.0,-100.0,-4.961526870727539,0.9875683476832692
mbe_1039,EVIDENCE,1998,validation,"Plaintiff's estate sued Defendant Stores claiming that Guard, one of Defendant's security personnel,",D,C,False,1,368,94,"(C) admissible, although hearsay, as former testimony.

The gold passage discusses the hearsay rule and mentions that an ""admission"" is a statement made by a party-opponent or someone in privity with that party. Guard's testimony from the criminal trial, although hearsay, can be considered as former testimony since it was given under oath in a prior proceeding. Therefore, it is admissible under the exception for former testimony, despite being hearsay.",,-2.4534287452697754,-100.0,-1.5784286260604858,-100.0,0.7057850525911202
mbe_1054,CRIM. LAW,1998,validation,Homer lived on the second floor of a small convenience store/gas station that he owned. One night he,A,C,False,1,999,150,"C  
According to the gold passage, Augie's actions could be interpreted as reckless conduct that created a grave risk of death, which aligns with the definition of murder under § 13A-6-2(a). His deliberate act of driving into the gasoline pump demonstrates extreme indifference to human life, fulfilling the criteria for reckless murder. Additionally, the passage states that for arson, the actor must intentionally damage a building by starting or maintaining a fire or causing an explosion, which Augie did by severing the pump and causing an explosion that led to the building burning down. Therefore, he can be convicted of both arson and involuntary manslaughter, as the jury could reasonably conclude that he acted with extreme indifference to human life while",,-4.512448787689209,-7.512448787689209,-0.012448905035853386,-100.0,0.9884723540783015
mbe_1057,REAL PROP.,1998,validation,"Abel owned Blackacre in fee simple. Three years ago, Abel and Betty agreed to a month- to-month tena",C,C,True,1,661,124,"C  
The court should rule for Betty because the doctrine of part performance applies. According to the gold passage, for an oral agreement to be enforceable despite the statute of frauds, there must be an oral agreement that has been partially performed by the party seeking to enforce it, and that agreement must be clear, certain, and unambiguous in its terms. Betty has fully complied with her obligations under the agreement, which includes making payments and making structural modifications to Blackacre. This conduct is clearly referable to the contract, thus satisfying the requirements for part performance and allowing the agreement to be enforced despite being oral.",,-19.625,-100.0,-3.128163257315464e-07,-18.625,0.9999999888490151
mbe_1069,EVIDENCE,1998,validation,"Plaintiff sued Defendant Auto Manufacturing for his wife's death, claiming that a defective steering",A,A,True,1,459,82,"A  
Testimony concerning the wife's intoxication is admissible to provide an alternate explanation of the accident's cause. The gold passage states that evidence is relevant if it logically tends to establish a material fact in the case or supports a reasonable inference regarding a material fact. The defendant's claim that the steering mechanism was damaged and the wife's intoxication could provide an alternative explanation for the accident, making this testimony relevant.",,-0.00091217877343297,-17.750911712646484,-100.0,-14.125911712646484,0.9999992466230163
mbe_1071,EVIDENCE,1998,validation,Plaintiff Construction Co. sued Defendant Development Co. for money owed on a cost- plus contract th,B,A,False,1,404,81,"A  
The letter copy is admissible under the business record exception to the hearsay rule because it was created in the normal course of business, and the business (Plaintiff) is relying on it as part of its routine practice to send cost overrun notices. The passage indicates that records procured in the normal course of business can be admitted if they meet certain criteria, which this letter does.",,-0.3190401792526245,-6.319040298461914,-5.944040298461914,-100.0,0.9939514924837636
mbe_1078,CONST. LAW,1998,validation,A federal statute with inseverable provisions established a new five-member National Prosperity Boar,B,B,True,1,1889,150,"B  
The statute establishing the National Prosperity Board is unconstitutional because it violates the Appointments Clause of Article II, which requires that all principal officers of the United States be appointed by the President with the advice and consent of the Senate. The passage emphasizes that the Appointments Clause is a significant structural safeguard against congressional encroachment on the Executive Branch, and it specifies that the President has the exclusive power to select principal officers. Since the board members, particularly the three appointed by the President, are considered principal officers, their appointment must adhere to the requirements of the Appointments Clause. The inclusion of members not appointed in this manner (the general counsels of the Senate and House) further complicates the constitutionality of the statute. Thus, the correct",,-100.0,-0.01108484622091055,-12.13608455657959,-100.0,0.9999945777794595
mbe_1080,TORTS,1998,validation,"In a trial to a jury, Owner proved that Power Company's negligent maintenance of a transformer cause",C,C,True,1,607,63,"C  
The gold passage clearly states that ""mental anguish based solely on negligent property damage is not compensable as a matter of law."" Therefore, the judgment awarding $500,000 for emotional distress should be reversed because the law does not recognize a claim for emotional distress that arises solely from property loss due to negligence.",,-100.0,-100.0,-20.375003814697266,-21.250003814697266,0.7057850278370112
mbe_1083,CONST. LAW,1998,validation,A federal statute provides that the United States Supreme Court has authority to review any case fil,A,A,True,1,633,120,"A  
The best constitutional argument in support of the EPA's request is that the case is not within the original jurisdiction of the Supreme Court as defined by Article III, and it is not a proper subject of that court's appellate jurisdiction because it has not yet been decided by any lower court. The gold passage indicates that the appellate jurisdiction of the Supreme Court is subject to regulations made by Congress and that it extends to cases that have been decided by lower courts. Since the case in question has not yet been decided by the court of appeals, it does not fall within the appellate jurisdiction of the Supreme Court.",,-0.00640804274007678,-100.0,-100.0,-6.756408214569092,0.9988304899356651
mbe_1101,CRIM. LAW,1998,validation,"Grace, while baby-sitting one night, noticed that Sam, who lived next door, had left his house but t",D,D,True,1,421,99,"D  
Grace is guilty of larceny by the use of an innocent agent. The gold passage states that the asportation element of larceny may be imputed to a defendant who acts through an innocent agent. In this case, Roy, who is an innocent agent, took the television set from Sam's house at Grace's direction, intending to keep it for herself. Therefore, Grace's actions fulfill the criteria for larceny as she used Roy to carry out the theft.",,-18.75002670288086,-100.0,-17.50002670288086,-2.7610454708337784e-05,0.9999999676958472
mbe_1114,TORTS,1998,validation,Pat had been under the care of a cardiologist for three years prior to submitting to an elective ope,C,C,True,1,558,129,"C  
The gold passage states that a plaintiff in a medical malpractice action must prove (1) the applicable standard of care; (2) a deviation from that standard of care; and (3) that the deviation proximately caused the injury. In this case, while the plaintiff may argue that Surgeon was negligent in failing to consult a cardiologist, the plaintiff must also demonstrate that had a cardiologist examined Pat, the advice would have likely changed the outcome of the operation or prevented the subsequent death. Without evidence to support that the cardiologist's involvement would have altered the result, the plaintiff cannot prevail. Therefore, the correct answer is C.",,-10.750285148620605,-100.0,-0.000284696085145697,-100.0,0.9999785550612834
mbe_1118,CRIM. LAW,1998,validation,"Scott held up a drugstore at 10:30 at night, and drove away. His car broke down in an isolated area ",D,D,True,1,638,72,"D  
The police had the permission of the owner, Henry, to enter the house. According to the gold passage, consensual searches do not violate the Fourth Amendment when the police have been permitted to do so. Since Henry allowed the police to enter his home, the entry was valid, and therefore, Scott's motion to suppress the evidence should be denied.",,-9.500099182128906,-11.250099182128906,-12.125099182128906,-9.913265239447355e-05,0.9999067273293053
mbe_1121,TORTS,1998,validation,nan,B,C,False,1,315,76,"C  
The gold passage discusses the doctrine of res ipsa loquitur, which requires that the event causing injury must be within the exclusive control of the defendant. In this scenario, since Seller was neither the owner nor the occupier of the house at the time of Pedestrian's injury, Seller cannot be held liable under this doctrine. Therefore, option C is the correct answer.",,-8.500720024108887,-8.625720024108887,-0.0007196996593847871,-100.0,0.9996171182044576
mbe_1133,TORTS,1998,validation,Passenger departed on an ocean liner knowing that it would be a rough voyage due to predicted storms,C,C,True,1,411,126,"C  
The gold passage indicates that a violation of a statute constitutes negligence per se only if it protects the class of persons included in the plaintiff and against the type of harm that has occurred. In this case, even though the ocean liner was not equipped with the required lifeboats, the storm was so severe that it would have been impossible to launch a lifeboat, regardless of whether it conformed to the statute. Therefore, the representative of the Passenger will not prevail because the harm (drowning in a storm) was not preventable by the lifeboats, making the violation of the statute irrelevant in this context.",,-100.0,-100.0,-0.014236140064895153,-9.889236450195312,0.9999485578022108
mbe_1138,CONTRACTS,1998,validation,Kontractor agreed to build a power plant for a public utility. Subbo agreed with Kontractor to lay t,C,D,False,1,662,131,"D  
The gold passage indicates that at common law, a breaching party could not obtain restitution for benefits conferred due to the belief that breach was ""morally unworthy conduct."" Since Subbo committed a material, unexcused breach by refusing to perform further, he would not be entitled to recover anything for the benefits conferred. Additionally, the passage notes that the Restatement allows for recovery by a breaching party only for the value of benefits conferred in excess of damages, but since Subbo's breach was material and unexcused, he cannot recover anything. Therefore, the court's decision should be that neither party recovers anything.",,-5.394623756408691,-4.519623756408691,-5.894623756408691,-0.019623523578047752,0.9817890837680601
mbe_1165,CONTRACTS,1998,validation,"In exchange for a valid and sufficient consideration, Goodbar orally promised Walker, who had no car",B,D,False,1,778,103,"D  
Minivanity Fair cannot enforce Goodbar's promise to Walker because it was neither identified when Goodbar's promise was made nor aware of it when the minivan sale was made. According to the gold passage, for a third-party beneficiary to succeed on a breach of contract claim, the non-party must be an intended beneficiary of the contract. Since Minivanity Fair was not intended to benefit from Goodbar's promise at the time it was made, it does not have the right to enforce that promise.",,-100.0,-12.375107765197754,-10.500107765197754,-0.00010747690976131707,0.9999682417171496
mbe_1167,CONST. LAW,1998,validation,A city owns and operates a large public auditorium. It leases the auditorium to any group that wishe,D,D,True,1,570,88,"D  
The gold passage states that the Fourteenth Amendment only applies to actions that can be considered as that of the States and does not protect against private conduct, regardless of how discriminatory it may be. Since the organization in question is a private entity and not a state actor, its activities, including the restriction of its highest offices to men, are not subject to the provisions of the Fourteenth Amendment. Therefore, the plaintiff will not prevail.",,-100.0,-100.0,-17.875158309936523,-0.0001584850688232109,0.9999999827421694
mbe_1180,REAL PROP.,1998,validation,"Six years ago, Oscar, owner of Blackacre in fee simple, executed and delivered to Albert an instrume",B,B,True,1,548,150,"B  
The gold passage indicates that a life tenant can sell their life estate, which becomes an estate pur autre vie. In this scenario, Albert conveyed Blackacre to Bea, and since he was the life tenant, Bea received a life estate in Blackacre. Upon Albert's death, the life estate would end, and the property would revert to the remainderman, which is Donna, as Albert's only heir. However, since the statute states that any deed will be construed to convey the grantor's entire estate unless expressly limited, and there is no indication that Albert's deed to Bea was limited to a life estate, Bea holds a fee simple interest in Blackacre. Therefore, the correct answer is that Blackacre is now owned by",,-5.381075382232666,-0.00607549911364913,-7.256075382232666,-100.0,0.9946872819783551
mbe_1017,CRIM. LAW,1998,validation,In which of the following situations would Defendant's mistake most likely constitute a defense to t,B,B,True,1,429,64,"B  
Defendant's mistake in this situation most likely constitutes a defense because he was unaware that the person grabbing him was an undercover police officer. This lack of knowledge precludes the presence of any mental element required for the crime of assault, aligning with the principle that a reasonable mistake of fact can serve as a defense.",,-5.249866485595703,-0.7498666048049927,-2.999866485595703,-0.7498666048049927,0.47247630955010733
mbe_46,nan,MBE-1972-78-part2,test,"If Ned asserts a claim against Parker, the most likely result is that Ned will",C,C,True,1,587,99,"C  
The gold passage indicates that for a claim to be successful, the injury must be of a character that a reasonably prudent person could foresee as a probable result of the defendant's actions. In this case, the passage suggests that the injury sustained by Ned was not a foreseeable consequence of Parker's action of parking in front of the fire hydrant. Therefore, it is likely that Ned will not recover because a reasonably prudent person could not foresee injury to him as a result of Parker's action.",,-100.0,-100.0,-0.003228933084756136,-10.003229141235352,0.9999546021407467
mbe_52,nan,MBE-1972-78-part3,test,"Lee offered to prove by Marks, the restaurant manager, that in the week immediately preceding Paula'",D,D,True,1,738,114,"D  
The evidence offered by Lee through Marks does not bear on the issue of Lee's exercise of due care on the specific occasion of Paula's fall. The fact that 1,000 people used the hallway without incident does not directly address whether Lee maintained the floor in a safe condition at the time of Paula's fall. According to the gold passage, evidence must be relevant to the issues in the case and tend to establish or disprove them. Marks' testimony does not establish a proposition that has legal significance to the litigation regarding the specific circumstances of Paula's fall.",,-14.75012493133545,-14.50012493133545,-100.0,-0.00012487331696320325,0.9999991028668397
mbe_53,nan,MBE-1972-78-part3,test,If Paula offered to prove that the day after she fell Horne had the vinyl tile taken up and replaced,A,A,True,1,497,107,"A  
The evidence that Horne had the vinyl tile taken up and replaced with a new floor covering the day after Paula fell is relevant to the issue of whether Horne retained control of the hallway. According to the gold passage, the test of relevancy is whether the evidence renders the claimed inference more probable than it would be without the evidence. This evidence could suggest that Horne was aware of a problem with the hallway and took action to address it, which may imply some level of control or responsibility over the condition of the hallway.",,-1.1375771760940552,-1.3875771760940552,-100.0,-100.0,0.5621765008857981
mbe_69,nan,MBE-1972-78-part3,test,The committee wants you to draft legislation to make all restrictions on land use imposed by deeds (,C,C,True,1,334,124,"C

The gold passage defines sovereign immunity as the principle that the United States cannot be sued without its consent, which relates to the ability to bring a lawsuit against the government. In the context of drafting legislation to make restrictions on land use unenforceable, considerations such as compensation for property rights taken (A), impairment of contract (B), and police power (D) are directly relevant to the implications of changing land use laws. However, sovereign immunity (C) is least likely to be a consideration in this context, as it pertains to the government's ability to be sued rather than the legislative authority to regulate land use.",,-16.5,-17.625,-1.9361264946837764e-07,-18.875,0.999999903235667
mbe_70,nan,MBE-1972-78-part3,test,Vetter and Prue each signed a memorandum which stated that Vetter agreed to sell and Prue agreed to ,C,C,True,1,563,102,"C  
The gold passage states that a promise or agreement that falls under the statute of frauds must be in writing and signed by the party to be charged. Since the written memorandum between Vetter and Prue lacks a recitation of the purchase price, which is an essential element of the contract, Prue cannot enforce the contract based on the oral agreement regarding the price. Therefore, Prue should fail in her action for specific performance because the price must be in writing to satisfy the statute of frauds.",,-100.0,-17.500059127807617,-5.836499985889532e-05,-19.250059127807617,0.9999999705265696
mbe_71,nan,MBE-1972-78-part3,test,"Bystander, Price's eyewitness, testified on cross-examination that Derrick was wearing a green sweat",D,D,True,1,416,83,"D  
Wilson's testimony about the color of Derrick's sweater is inadmissible because it is extrinsic evidence that contradicts Bystander on a collateral matter. The gold passage states that the collateral evidence doctrine forbids the introduction of extrinsic evidence to contradict a witness on a collateral matter, which applies here since the color of the sweater does not pertain to the important issues in dispute regarding Derrick's negligence.",,-100.0,-15.500017166137695,-14.250017166137695,-1.759734732331708e-05,0.9999991668659811
mbe_92,nan,MBE-1972-78-part3,test,"If the claim is asserted against Dave's parents, the most likely result is they will be",B,B,True,1,514,84,"B  
The gold passage indicates that parents can be held liable for their own negligence, particularly if they fail to exercise parental control to prevent their child from harming others. In this case, Dave's parents encouraged him to be aggressive and tough, which suggests a failure to control his behavior. Therefore, they could be found liable for Pete's injuries as a result of their negligence in failing to prevent Dave from intentionally harming others.",,-15.000554084777832,-0.0005536287208087742,-100.0,-100.0,0.9999996940979127
mbe_93,nan,MBE-1972-78-part3,test,"If the claim is asserted against Dave, the most likely result is Dave will be",A,C,False,1,428,63,"C  
The gold passage states that a child under age 7 cannot be negligent. Since Dave is six years old, he falls under this category and therefore cannot be held liable for torts. The passage does not support the idea that he can be liable for his actions, making option C the most appropriate choice.",,-15.625021934509277,-100.0,-2.176947600673884e-05,-17.12502098083496,0.9999997997275031
mbe_105,nan,MBE-1972-78-part4,test,Pemberton's counsel proffers evidence showing that shortly after the accident Mammoth put a speed go,C,C,True,1,447,84,"C  
The proffered evidence regarding the installation of a speed governor on the truck is inadmissible for public policy reasons. According to the gold passage, one of the major areas of exclusion under the Federal Rules of Evidence is subsequent remedial measures, which includes actions taken to improve safety after an accident. This type of evidence is excluded because it could discourage parties from making improvements or taking corrective actions after an incident.",,-100.0,-15.005234718322754,-0.005234594456851482,-100.0,0.999999694097811
mbe_106,nan,MBE-1972-78-part4,test,"Pemberton's counsel seeks to introduce Helper's written statement that Edwards, Mammoth's driver, ha",A,C,False,1,735,93,"C  
The gold passage discusses the admissibility of hearsay statements made by an unavailable witness under Rule 804(b)(5). It emphasizes that for such statements to be admissible, the witness must be unavailable, and the statement must show special trustworthiness. Helper's written statement would be admissible if Helper is shown to be unavailable to testify, which aligns with option C. The other options do not find support in the passage regarding the requirements for admissibility.",,-4.028041362762451,-100.0,-0.028041565790772438,-100.0,0.9820137864518786
mbe_118,nan,MBE-1972-78-part4,test,In a contract suit between Terrell and Ward. Ward testifies that he recalls having his first convers,D,D,True,1,409,93,"D  
The gold passage indicates that anything may be used to refresh a witness' recollection, even if it is inadmissible evidence. Since Ward's reference to the newspaper story is being used to refresh his recollection about the date of the conversation, the judge should deny the motion to strike. The reference to the newspaper story serves as a collateral document that aids in recalling the conversation, and the court has discretion to allow such references without requiring the actual document.",,-100.0,-1.186204195022583,-100.0,-0.6862042546272278,0.6224593171945417
mbe_122,nan,MBE-1972-78-part4,test,Drew is charged with the murder of Pitt. The prosecutor introduced testimony of a police officer tha,B,D,False,1,343,97,"D  
The testimony of Wall is inadmissible because it is irrelevant to any substantive issue in the case. The gold passage indicates that hearsay statements made to a priest and attorney were not considered declarations against penal interest, suggesting that statements made by a declarant about their own involvement or absolving others are not admissible. Since Wall's testimony contradicts the dying declaration made by Pitt, it does not serve to substantively address the issues at hand regarding Drew's guilt or innocence.",,-2.1946628093719482,-100.0,-100.0,-0.444662868976593,0.8519527944504226
mbe_132,nan,MBE-1972-78-part4,test,"Patty sues Mart Department Store forpersonal injuries, alleging that while shopping she was knocked ",C,C,True,1,670,110,"C  
The report offered by Mart is inadmissible because it constitutes hearsay, as it is an out-of-court statement made by Handy that is being offered for the truth of its content (i.e., that Patty fell while leaning over to spank her child). The passage states that hearsay statements are inadmissible unless they fit into one of the recognized exceptions, and since Handy is available as a witness, the report does not fall under the exception for unavailable witnesses. Therefore, the report does not meet the criteria for admissibility.",,-16.750028610229492,-13.375029563903809,-2.9160102712921798e-05,-100.0,0.9999983933451589
mbe_142,nan,MBE-1972-78-part4,test,"If Brenda asserts a claim based on strict liability against Stove Company, she must establish that",D,D,True,1,557,61,"D  
The gold passage states that a design defect renders a product unreasonably dangerous as designed, which is the basis for establishing strict liability. Therefore, for Brenda to assert a claim based on strict liability against Stove Company, she must establish that the stove was defective and unreasonably dangerous to her.",,-100.0,-100.0,-100.0,-19.37520408630371,1.0
mbe_143,nan,MBE-1972-78-part4,test,"If Brenda asserts a claim based on strict liability against Local Retailer, she mustestablish that",B,B,True,1,708,110,"B  
The gold passage states that in a product liability lawsuit against a retailer, it must be proven that the product was defective and that the injury was caused by that defect. For Brenda to establish a claim based on strict liability against Local Retailer, she must show that the stove was in substantially the same condition at the time it tipped over as when it was purchased. This aligns with the requirement to prove that the product was defective and that the defect directly caused her injuries. The other options do not align with the necessary elements outlined in the passage.",,-16.750001907348633,-1.3856492842023727e-06,-16.625001907348633,-100.0,0.9999998866064812
mbe_151,nan,MBE-1972-78-part4,test,"Hank owned a secondhand goods store. He often placed merchandise on the sidewalk, sometimes for shor",D,D,True,1,725,120,"D  
The gold passage discusses special damages, which are defined as damages that are a natural consequence of the injury but do not necessarily flow from the harmful act. It also states that special damages must be specifically pleaded to give the opposing party an adequate opportunity to defend against the claims. In this case, if Fred had asserted a claim for public nuisance, Hank could argue that Fred did not sufficiently plead special damages related to his injuries, as the passage emphasizes the necessity of specificity in pleading such damages. Therefore, the defense that Hank would most likely prevail on is that there was no claim for special damage.",,-12.875099182128906,-100.0,-14.750099182128906,-9.949026571121067e-05,0.9999970459326908
mbe_201,nan,MBE-1978-83-part1,test,Which of the following constitutional provisions may be most easily used to justify federal enactmen,C,C,True,1,383,74,"C  
The gold passage explains that the Commerce Clause grants Congress the power to regulate commerce among the states. Since the Uniform Consumer Credit Code is intended to apply uniformly across the United States and protect borrowers against unfair practices, it falls within the scope of regulating interstate commerce. Therefore, the Commerce Clause is the most appropriate constitutional provision to justify the federal enactment of this statute.",,-100.0,-100.0,-20.375003814697266,-100.0,1.0
mbe_202,nan,MBE-1978-83-part1,test,A national religious organization makes loans throughout the country for the construction and furnis,A,B,False,1,536,105,"B  
The gold passage discusses federal preemption and the conditions under which it occurs, but it does not provide any specific burdens that must be sustained by either party in a constitutional law context. However, option B aligns with the general principle that a rational basis is often sufficient for legislation to be upheld, which is relevant when considering the application of a federal law like the UCCC to various entities, including religious organizations. The other options either impose a higher burden than what is typically required or introduce concepts not supported by the passage.",,-3.5197715759277344,-0.14477163553237915,-100.0,-100.0,0.966914019704466
mbe_223,nan,MBE-1978-83-part1,test,"On a foggy night, Vera was clubbed from behind by a man wielding a blackjack. Damon was arrested in ",D,D,True,1,492,97,"D  
Damon's objection should be denied because the passage does not indicate that the procedure used to show the photographs to Vera was unnecessarily suggestive. The passage states that lineup photographs are not unduly suggestive if the suspect's picture does not stand out more than those of the others and if all depicted individuals exhibit similar facial characteristics. Since there is no claim that Damon's picture stood out or that the procedure was suggestive, his objection lacks a basis in the provided legal rule.",,-100.0,-100.0,-3.5310328006744385,-0.031032729893922806,0.9706877712625634
mbe_238,nan,MBE-1978-83-part1,test,Dunn was arrested moments after a forcible rape and was prosecuted for it. The victim testified she ,A,A,True,1,419,82,"A  
The prosecutor's argument is proper as rebuttal to the inference that the evidence would be unfavorable to the prosecution. The gold passage states that rebuttal evidence is admissible when it explains or directly replies to new matters brought into the case by the accused. The defense's argument about the absence of the shirt suggested that it would be unfavorable to the prosecution, and the prosecutor's statement directly addressed that inference.",,-0.5100409984588623,-100.0,-3.8850409984588623,-100.0,0.9669140216112958
mbe_249,nan,MBE-1978-83-part1,test,"Driving down a dark road, Defendant accidentally ran over a man. Defendant stopped and found that th",C,C,True,1,453,52,"C  
The passage defines robbery as the felonious taking of personal property from another by means of violence or putting in fear. Since the Defendant did not use force or put the victim in fear when taking the identification papers, he is not guilty of robbery.",,-11.250150680541992,-11.500150680541992,-0.00015109812375158072,-100.0,0.9999768631344124
mbe_287,nan,MBE-1978-83-part1,test,"In a lawsuit by Harriet against Reggie to recover $200, which of the following arguments would plaus",C,C,True,1,657,150,"(C) II and III only

Reasoning: According to the gold passage, parol evidence is only admissible if the terms of a contract are ambiguous and can only be used to interpret, not contradict, the express language of the contract. Therefore, argument III, which suggests that consideration can be proved by parol evidence, is plausible only if the writing is ambiguous, which is not established in the passage. Argument I is incorrect because the writing explicitly states that the offer is revocable, and thus it cannot be considered an irrevocable offer. Argument II is correct because it acknowledges that the offer was indeed what Reggie bargained for, which aligns with the terms of the agreement. Thus, the only plausible arguments supporting Harriet's position are II",,-100.0,-100.0,-1.6524227857589722,-100.0,1.0
mbe_288,nan,MBE-1978-83-part1,test,"In a lawsuit by Harriet against Reggie to recover $200, which of the following arguments would plaus",B,B,True,1,626,150,"(B) I and III only

Reasoning: 

I. The argument that any promise implied by Harriet in making her offer was illusory because of the revocability provision is supported by the gold passage. Since the offer was revocable at Harriet's pleasure, it suggests that there was no binding commitment, making the promise illusory.

II. The argument that Harriet's offer, being in writing and involving realty, could not be revoked by telephone is not supported by the gold passage. The passage states that a revocable offer can be revoked at any time prior to acceptance, and it does not specify that the revocation must be in writing or that it cannot be done by telephone.

III. The argument that enforcing payment of $",,-100.0,-2.6889352798461914,-100.0,-100.0,1.0
mbe_289,nan,MBE-1978-83-part1,test,Which of the following would best describe the basis of any duty or duties created by Reggie's oral ,C,C,True,1,565,101,"C  
The gold passage defines a unilateral contract as one in which ""performance is based on the wish, will, or pleasure of one of the parties."" In this scenario, Reggie's oral promise to pay Harriet $200 for a written offer to sell her land creates a situation where Harriet's performance (the act of providing the written offer) is contingent upon Reggie's willingness to pay. Therefore, the relationship between Reggie's promise and Harriet's writing aligns with the characteristics of a unilateral contract.",,-17.500003814697266,-100.0,-19.500003814697266,-100.0,0.11920292202211755
mbe_290,nan,MBE-1978-83-part1,test,"In a lawsuit by Norma against Harriet to recover $750 as a brokerage fee, which of the following arg",D,B,False,1,633,150,"B

Harriet's position can be effectively supported by the arguments presented. 

I. Harriet made no promise to pay such a fee. This is valid because there is no evidence in the fact pattern that Harriet explicitly agreed to pay Norma a brokerage fee. 

II. Even if it be assumed arguendo that Harriet made a promise to pay such a fee, there was no bargained-for consideration for that promise. This is also valid because there is no indication that Norma provided any consideration in exchange for Harriet's promise to pay a fee, which is necessary for a contract to be enforceable.

III. There was no effective offer and acceptance between Norma and Harriet. This is valid as well because there was no formal agreement or acceptance of terms between Harriet",,-1.6547225713729858,-1.1547225713729858,-100.0,-2.1547226905822754,0.5064804023053523
mbe_301,nan,MBE-1978-83-part1,test,Realco Realtors acquired a large tract of land upon which Realco developed a mobile home subdivision,C,C,True,1,430,76,"C  
The gold passage states that the Equal Protection Clause requires that all persons similarly situated should be treated alike. This suggests that the case may hinge on whether the restriction against children under 21 years of age constitutes a violation of this clause, as it could be argued that it unfairly discriminates against families with children. The other options do not have support in the passage provided.",,-10.252013206481934,-10.252013206481934,-0.0020130984485149384,-100.0,0.9999292900061955
mbe_307,nan,MBE-1978-83-part1,test,The best argument that Minicar can make is that,D,D,True,1,402,89,"D  
The gold passage states that the Constitution gives the power of appointing federal officers to the President with the advice and consent of the Senate. Since the Commission's members include those appointed by the President, the argument that the Commission lacks authority because not all members were appointed by the President aligns with the constitutional requirement for appointments. This suggests that Minicar's best argument is that the Commission's composition does not fully comply with the constitutional appointment process.",,-4.311535358428955,-100.0,-100.0,-0.06153521686792374,0.9859363749196173
mbe_308,nan,MBE-1978-83-part1,test,The appropriate decision for the court is to,A,C,False,1,431,113,"C  
The gold passage discusses the Appointments Clause and specifies the means by which Officers of the United States can be appointed. It indicates that only the President, a court, or a head of department can appoint officers, and that Congress cannot authorize a method that deviates from this. Since the Commission's structure, as described in the fact pattern, does not comply with the Appointments Clause (as it allows for appointments by the President pro tempore of the Senate and the Speaker of the House), the court should forbid the Commission to take any action under the act.",,-1.7566032409667969,-1.8816032409667969,-1.0066032409667969,-100.0,0.5293165764052077
mbe_326,nan,MBE-1978-83-part1,test,In 1963 Hobson was appointed to a tribunal established pursuant to a congressional act. The tribunal,D,D,True,1,390,110,"D  
The gold passage indicates that Article III judges hold their office during good behavior and have a lifetime appointment, but it does not classify Hobson as a judge under Article III. Since Hobson was appointed to a tribunal established by a congressional act and not as an Article III judge, he does not have the protections of life tenure or the inability to be removed from office except through impeachment. Therefore, the court should grant the motion to dismiss based on the fact that Hobson was not a judge under Article III and is not entitled to life tenure.",,-100.0,-100.0,-19.25001335144043,-1.306760805164231e-05,0.9999999956365391
mbe_333,nan,MBE-1978-83-part1,test,Which of the following is the strongest argument for the constitutionality of the act?,B,B,True,1,407,69,"B  
The gold passage states that ""the jurisdiction of the inferior federal courts is subject to congressional prescription,"" which supports the idea that Congress has the authority to restrict the jurisdiction of federal courts. This aligns with option B, making it the strongest argument for the constitutionality of the act. The other options do not find support in the passage provided.",,-100.0,-19.000001907348633,-100.0,-100.0,1.0
mbe_334,nan,MBE-1978-83-part1,test,Which of the following is the strongest argument against the constitutionality of the act?,D,B,False,1,666,96,"B  
The gold passage discusses the application of the Privileges and Immunities Clause and emphasizes that not all forms of discrimination against out-of-state residents are constitutionally suspect. However, it does not directly address the authority of Congress to limit the jurisdiction of federal courts. The strongest argument against the constitutionality of the act is that Congress cannot limit the authority of federal courts to hear and decide cases properly presented for decision, which aligns with the principles of judicial authority and separation of powers.",,-8.514897346496582,-0.014897218905389309,-7.889897346496582,-4.264897346496582,0.9853694032621007
mbe_336,nan,MBE-1978-83-part1,test,Which of the following accurately states the legal effect of the covenant not to assign the contract,C,A,False,1,677,73,"A  
The gold passage states that anti-assignment clauses, such as the covenant not to assign the contract in this case, are routinely enforced unless rendered ineffective by certain legal principles. Since there is no indication in the passage that any such exceptions apply here, the assignment made by Stretch to Finance Company is ineffective due to the enforceable covenant not to assign the contract.",,-0.3219333291053772,-100.0,-1.5719332695007324,-100.0,0.7772998508568416
mbe_337,nan,MBE-1978-83-part1,test,"Assume for this question only that the assignment from Stretch to Finance Company was effective, and",B,D,False,1,468,82,"D  
The gold passage states that a covenant against assignment applies to voluntary assignments and does not include transfers or assignments by operation of law. Since the assignment from Stretch to Finance Company was effective and Sartorial was unaware of it when it made the payment to Stretch, Sartorial's payment to Stretch does not create liability to Finance Company. Therefore, neither Sartorial nor Stretch is liable to Finance Company for any amount.",,-2.2454237937927246,-2.2454237937927246,-100.0,-0.370423823595047,0.765280776722226
mbe_338,nan,MBE-1978-83-part1,test,"Assume for this question only that the assignment from Stretch to Finance Company was effective, and",D,D,True,1,494,118,"D  
The gold passage defines an incidental beneficiary as someone who benefits from a contract but is neither a promisee nor an intended beneficiary. Virginia Wear and Son, Inc. is a creditor of Stretch, which means they are a creditor beneficiary, not an incidental beneficiary. Therefore, statement I is incorrect. Additionally, the passage does not provide any information that would support Virginia Wear and Son, Inc. having a prior right to Sartorial's $5,000 payment against Stretch or Finance Company. Thus, statement II is also incorrect. Since both statements are incorrect, the correct answer is D.",,-2.5881803035736084,-100.0,-100.0,-0.08818022906780243,0.9241418252018903
mbe_339,nan,MBE-1978-83-part1,test,"Assume for this question only that, two weeks after making the $5,000 payment to Stretch, Sartorial ",D,D,True,1,792,110,"D  
Sartorial's defense would be strengthened by the assertion that it ceased in good faith to have any further requirements for elasticized fabric. According to the gold passage, a buyer in a requirements contract is required to exercise good faith in determining their requirements, and if there is a legitimate business reason for eliminating those requirements, the buyer is acting in good faith. Since Sartorial terminated the agreement due to market conditions forcing it out of business, this would constitute a legitimate business reason, supporting Sartorial's defense against Finance Company's claim of total breach.",,-8.879343032836914,-100.0,-100.0,-0.00434336019679904,0.9998601778785868
mbe_371,nan,MBE-1978-83-part5,test,"The prosecution, after introducing the robbers' note to the teller, also offers in evidence Dean's w",A,A,True,1,599,59,"A  
The gold passage states that compelling a defendant to give a handwriting sample does not violate rights against self-incrimination because a handwriting sample is considered a physical characteristic rather than communication. Therefore, Dean's writing of the words of the note at the request of the police is admissible as evidence.",,-0.06196768581867218,-100.0,-100.0,-100.0,1.0
mbe_372,nan,MBE-1978-83-part5,test,"Suppose the jury finds Dean guilty of the murder of Evans. Before passing sentence, the judge hears ",C,C,True,1,664,104,"C  
The gold passage indicates that trial courts have wide latitude in sentencing and that a sentencing decision will only be reversed if it constitutes an abuse of discretion. The passage further explains that an abuse of discretion occurs when the court fails to consider all legally relevant factors or when the sentence exceeds legal limits. Since the introduction of Dean's criminal record was admitted by defense counsel and does not indicate that the trial court failed to consider relevant factors or imposed an illegal sentence, the appellate court should hold that the sentence was not in error.",,-100.0,-24.125,-21.5,-100.0,0.9324533088603709
mbe_389,nan,MBE-1978-83-part5,test,The strongest argument for plaintiffs is,C,C,True,1,944,144,"C  
The strongest argument for the plaintiffs is that the State Bar Association is an agency of the state and its payment of dues to such private clubs promotes discrimination on the basis of race, religion, and sex. The gold passage emphasizes that when the government classifies persons based on race, such actions are ""immediately suspect"" and trigger strict scrutiny. Since the State Bar Association is mandated by the state supreme court and its actions can be seen as state actions, the plaintiffs can argue that the association's financial support of a discriminatory private club constitutes a violation of equal protection principles. This aligns with the passage's focus on the government's role in ensuring that racial classifications are justified by compelling interests, thus supporting the plaintiffs' position.",,-12.750020980834961,-14.250020980834961,-2.057743949990254e-05,-100.0,0.9999964500984077
mbe_390,nan,MBE-1978-83-part5,test,Which of the following actions should a federal district court take with respect to jurisdiction?,A,C,False,1,618,124,"C  
The gold passage indicates that federal jurisdiction requires a contested federal issue that is substantial and reflects a serious federal interest. Given that the case involves the activities of the Bar Association, which is a state entity, and the plaintiffs are seeking to address a matter that may be more appropriately resolved under state law, the federal court may choose to abstain from jurisdiction. This aligns with the idea that constitutional issues should be litigated first in a state court, particularly when the matter pertains to state law activities. Therefore, the most appropriate action for the federal district court, based on the passage, is to abstain from jurisdiction.",,-100.0,-100.0,-0.10916700214147568,-3.1091670989990234,0.9525741311981335
mbe_410,nan,MBE-1978-83-part6,test,"In a telephone call on March 1, Adams, an unemployed, retired person, said to Daws, ""I will sell my ",D,C,False,1,493,80,"C  
The gold passage states that to properly plead breach of contract, the complaint must identify the specific provision of the contract allegedly breached by the defendant. In this scenario, Dawes did not tender the $3,000 to Adams on or before March 14, which is a necessary action to enforce the contract. Therefore, Dawes would not succeed in her action against Adams for breach of contract.",,-9.876251220703125,-11.376251220703125,-0.0012516580754891038,-100.0,0.9999370801715624
mbe_417,nan,MBE-1978-83-part6,test,Carver is a chemical engineer. She has no interest in or connection with Chemco. Carver noticed that,C,D,False,1,646,91,"D  
Page will not prevail in a claim based on misrepresentation against Carver because the financial statement of Chemco was publicly available. According to the elements of fraudulent misrepresentation, if the hearer (Page) had access to the financial statement, which included the relevant information about the stock and its value, then Page cannot claim ignorance of the truth. Therefore, Page's reliance on any misrepresentation would not be justified, and the claim would fail.",,-100.0,-100.0,-4.018176078796387,-0.018176045268774033,0.9820137906300968
mbe_467,nan,MBE-1985-part7,test,"If the jury believes Adams, it should find him",D,C,False,1,548,101,"C  
The gold passage indicates that a person must have a culpable mental state regarding the elements of a crime. In this case, if the jury believes Adams' testimony that he thought the stock certificates belonged to Curtis and that he was merely trying to help retrieve what he believed was Curtis' property, it suggests that he did not have the intent to commit larceny. Since intent is a crucial element of the crime, and Adams did not intend to steal, the jury should find him not guilty.",,-100.0,-2.427067995071411,-0.3020680844783783,-2.927067995071411,0.8390157475533869
mbe_468,nan,MBE-1985-part7,test,"If the jury believes Bennett, it should find him",C,C,True,1,504,88,"C  
The gold passage emphasizes that mens rea, or the intention to commit a crime, is an essential element of a crime. If the jury believes Bennett's testimony, it indicates that he did not intend to steal, as he joined Adams and Curtis to catch them in the act of theft rather than to participate in the theft itself. Therefore, without the requisite mens rea, Bennett cannot be found guilty of conspiracy to commit larceny.",,-100.0,-19.625036239624023,-3.607391408877447e-05,-14.250036239624023,0.9999993494063526
mbe_469,nan,MBE-1985-part7,test,"If the jury believes both Adams and Bennett, it should find Curtis",D,C,False,1,525,116,"C  
The gold passage indicates that a criminal conspiracy requires an agreement to accomplish an unlawful purpose, and that the defendant must have intended to join the conspiracy and effectuate its objects. If the jury believes both Adams and Bennett, it suggests that they did not have the intent to steal, as Adams believed the stock certificates belonged to Curtis and Bennett was trying to catch Adams and Curtis in the act. Therefore, convicting Curtis would penalize him for exercising his right not to testify, as the evidence does not support that he intended to join the conspiracy or effectuate its unlawful purpose.",,-100.0,-100.0,-0.12717890739440918,-2.627178907394409,0.9241418199787566
mbe_486,nan,MBE-1985-part7,test,Which of the following is most likely to be found to be a strict liability offense?,D,D,True,1,543,106,"D  
The gold passage indicates that strict liability crimes do not require proof of the defendant's mental state, and they are often applied to offenses where lawmakers want to impose criminal liability regardless of intent. The example of selling adulterated milk aligns with this concept, as it is a public health concern where the act itself (selling adulterated milk) is sufficient for liability, regardless of the seller's intent or knowledge. The other options involve offenses that typically require a mental state, making them less likely to be classified as strict liability offenses.",,-18.50001335144043,-100.0,-100.0,-19.75001335144043,0.22270013882530884
mbe_488,nan,MBE-1985-part7,test,When Mary Weld visited Dugan's Alleys to participate in the weekly bowling league competition held t,C,C,True,1,719,89,"C  
No, unless Dugan or his employees failed to exercise reasonable care to assure Bobby's safety. The gold passage indicates that the acceptance of custody and control of a minor child creates a relationship that imposes a duty of care to supervise the child. Therefore, for Bobby to prevail in a claim against Dugan, it must be shown that Dugan or his employees failed to exercise reasonable care in supervising Bobby, which led to his injury.",,-16.000261306762695,-16.000261306762695,-0.0002615742268972099,-100.0,0.999999774929641
mbe_513,nan,MBE-1989-90-part2,test,"If Prout asserts a claim against Denton for assault, Prout will",C,C,True,1,529,75,"C  
Prout will not recover if Denton took no action that threatened immediate physical harm to Prout. According to the gold passage, an assault requires conduct that places the plaintiff in reasonable fear of bodily harm. If Denton's threats did not involve any action that could be perceived as an immediate threat of harm, then Prout would not have a valid claim for assault.",,-1.5026952028274536,-100.0,-0.2526952028274536,-100.0,0.7772998611746911
mbe_514,nan,MBE-1989-90-part2,test,"If Prout asserts a claim against Denton for intentional infliction of emotional distress, Prout will",A,C,False,1,486,150,"C  
The gold passage outlines the elements required to prove a claim for intentional infliction of emotional distress, specifically that the defendant's conduct must be intentional or reckless, so outrageous that it is not tolerated by civilized society, and must result in serious mental injury to the plaintiff. While Denton's conduct may be considered threatening, the passage does not indicate that a threat of immediate physical harm is necessary for a claim. However, it does suggest that the conduct must be outrageous and result in serious mental injury. Since the passage does not support the idea that Denton’s conduct meets the threshold of being ""outrageous"" or that Prout's emotional distress was severe enough to meet the legal standard, Prout is unlikely to recover. Therefore, the",,-1.6314713954925537,-2.3814713954925537,-0.38147133588790894,-100.0,0.7033139884590833
mbe_515,nan,MBE-1989-90-part2,test,"The German-made Doppelpferd, featuring sleek styling and remarkable fuel efficiency, is the most pop",A,C,False,1,554,106,"C  
The gold passage discusses the concept of nominal damages, which are awarded when there is a clear invasion of a legal right but no compensable injury. In this case, Hardsell Motors, Inc. resold the car to Karbuff for the same price Shift had agreed to pay, which suggests that Hardsell did not suffer a financial loss due to Shift's repudiation. Therefore, Hardsell would likely only be entitled to nominal damages, as they did not incur a substantial harm from the breach of contract.",,-6.755229949951172,-100.0,-0.005229848437011242,-6.130229949951172,0.9966528705025709
mbe_517,nan,MBE-1989-90-part2,test,"Otto conveyed Goldacre to ""Andy, his heirs and assigns, but if Andy dies and is not survived by chil",B,C,False,1,556,118,"C  
The gold passage indicates that a defeasible fee simple estate can terminate upon the occurrence of a stated event, which in this case is Andy's death without children. Since Andy currently possesses Goldacre and has not yet died, he retains the right to possess and utilize the property, including the minerals on it. The right to take minerals is generally considered an incident of the right to possession, which supports Andy's actions in removing and selling the ore. Therefore, if the decision is for Andy, it will be because the right to take minerals is an incident of the right to possession.",,-2.4887819290161133,-0.9887820482254028,-0.8637820482254028,-3.1137819290161133,0.45770615723229907
mbe_552,nan,MBE-1989-90-part2,test,"Oaks, the owner of Blackacre, conveyed a right-of-way to United Utility ""for the underground transpo",B,B,True,1,448,97,"B  
The original installation by United Utility defined the scope of the easement. According to the gold passage, the scope of express easements is limited to the terms of the easement. Since the right-of-way was conveyed for the underground transportation of gas by pipeline, and the location was to be mutually agreed upon, the installation of the first pipeline established the parameters of the easement. Therefore, Oaks can argue that the scope does not extend to the installation of an additional pipeline.",,-100.0,-18.5,-100.0,-100.0,1.0
mbe_563,CONST. LAW,1991-Feb,test,"Plaintiff challenged the constitutionality of a state tax law, alleging that it violated the equal p",B,C,False,1,687,111,"C  
The gold passage indicates that the United States Supreme Court will not take jurisdiction of a case if the state court's judgment is based on an independent ground of state law. Since the state supreme court's decision was based on both the federal and state equal protection clauses, and it interpreted the state constitution to contain the same prohibition as the federal constitution, the Supreme Court may conclude that the state court's ruling is based on an adequate and independent ground of state law. Therefore, the appropriate action for the Supreme Court would be to refuse to review the decision.",,-10.500846862792969,-8.250846862792969,-0.0008469101157970726,-100.0,0.9997112883581664
mbe_568,TORTS,1991-Feb,test,Able and Baker are students in an advanced high school Russian class. During an argument one day in ,D,D,True,1,451,120,"D  
The gold passage states that for a plaintiff to prevail in a defamation action, one of the requirements is that there must be an unprivileged publication to a third party. Since Able made the accusation in Russian, it is crucial that at least one of the other students present understood Russian for the statement to be considered published to a third party. If none of the other students understood Russian, then there would be no publication to a third party, and Baker would not prevail. Therefore, Baker's success in the defamation suit hinges on whether one or more of the other students understood Russian.",,-100.0,-100.0,-2.160449266433716,-0.16044935584068298,0.880797068590724
mbe_598,CONTRACTS,1991-Feb,test,"For this question only, assume the following facts. At Ohner's insistence, the written Ohner-Planner",C,D,False,1,557,103,"D  
The gold passage defines unjust enrichment as the unjust retention of money or benefits that belong to another. It states that one is not unjustly enriched by retaining benefits involuntarily acquired without any obligation to make restitution. In this scenario, Planner performed work on Ohner's property, and if Ohner repudiates the contract, Planner may argue that Ohner is unjustly enriched by retaining the benefits of the landscaping work without compensating Planner. Therefore, the concept that best supports Planner's claim is unjust enrichment.",,-9.63036823272705,-100.0,-100.0,-0.005368698853999376,0.9999339478243588
mbe_608,REAL PROP.,1991-Feb,test,"Frank owned two adjacent parcels, Blackacre and Whiteacre. Blackacre fronts on a poor unpaved public",D,D,True,1,505,100,"D  
Joe should prevail because he has the easement granted by Frank to Sam. The gold passage states that an easement can be created expressly, which is the case here as Frank expressly granted a right-of-way easement to Sam over Whiteacre. Since Sam conveyed both Blackacre and Whiteacre to Joe, Joe retains the benefit of the easement that was originally granted to Sam. The passage does not support the other options regarding merger, overburdening, or easement by necessity.",,-7.503815650939941,-100.0,-100.0,-0.0038155110087245703,0.9994472214403846
mbe_614,TORTS,1991-Feb,test,Peter and Donald were in the habit of playing practical jokes on each other on their respective birt,A,D,False,1,581,118,"D  
The gold passage indicates that for proximate cause to be established, there must be foreseeability of the harm resulting from the negligent act. While Donald's act of sending the cake was a substantial factor in causing Peter's initial harm (the illness), the subsequent events (the ambulance driver's heart attack and the collision) introduce a superseding cause that breaks the chain of proximate causation. The heart attack was an unforeseen event that led to Peter's broken leg, which Donald could not have reasonably anticipated. Therefore, Peter will not prevail in his suit against Donald for the broken leg.",,-5.580953121185303,-100.0,-0.8309531211853027,-0.5809531211853027,0.5600550596628736
mbe_616,REAL PROP.,1991-Feb,test,"Twenty-five years ago, Seller conveyed Blackacre to Buyer by a warranty deed. Seller at that time al",B,D,False,1,569,122,"D  
The gold passage states that to claim ownership by adverse possession, a party must prove five elements, including continuous, hostile, actual, open, notorious, and exclusive possession of the premises for a period of 20 years. In this scenario, Buyer has only hunted on Whiteacre occasionally and has not established continuous possession. Additionally, Buyer has not met the requirements for the ten-foot strip of Greenacre, as the fence and trees were placed on Neighbor's property without establishing the necessary elements for adverse possession. Therefore, Buyer would not obtain title to either Whiteacre or the ten-foot strip of Greenacre.",,-8.125542640686035,-11.000542640686035,-100.0,-0.0005425465060397983,0.9996873513783388
mbe_618,CONTRACTS,1991-Feb,test,"For this question only, assume that there is a valid contract between Alice and Barry and that Elda ",A,C,False,1,536,66,"C  
The gold passage indicates that a court will not grant specific performance of a promise to pay money. Since Alice is seeking to compel Barry to continue making payments to Elda, which is a monetary obligation, the court is unlikely to order specific performance in this case. Therefore, Alice will not succeed in her action against Barry.",,-100.0,-100.0,-20.625,-24.0,0.9669140216112958
mbe_629,TORTS,1991-Feb,test,"Palmco owns and operates a beachfront hotel. Under a contract with City to restore a public beach, D",B,B,True,1,418,135,"B  
Palmco's best chance to recover damages for its financial losses from Dredgeco is under the theory of private nuisance. According to the gold passage, to establish a claim of private nuisance, plaintiffs must show that the defendants interfered with the use or enjoyment of their property rights and privileges, that this interference caused significant harm, and that the invasion was either intentional and unreasonable or actionable under the rules governing liability for negligent, reckless, or ultrahazardous conduct. The continuous and intense noise from the stone-crushing machine is disturbing to hotel guests, leading to canceled reservations and financial losses for Palmco, which aligns with the requirements for a private nuisance claim.",,-7.7516279220581055,-0.0016279291594401002,-100.0,-100.0,0.9995694429156192
mbe_631,EVIDENCE,1991-Feb,test,Paulsen Corporation sued Dorr for ten fuel oil deliveries not paid for. Dorr denied that the deliver,C,A,False,1,596,67,"A  
Wicks's testimony is admissible because it is based on regularly kept business records. According to the gold passage, records that are kept in the course of regularly conducted business activity can be introduced as evidence, and Wicks's examination of the files indicates that the records were maintained as part of Paulsen Corporation's business operations.",,-0.1402219980955124,-4.390222072601318,-100.0,-100.0,0.9859363739898402
mbe_640,TORTS,1991-Feb,test,"While driving his car, Plaintiff sustained injuries in a three-car collision. Plaintiff sued the dri",D,A,False,1,463,149,"A  
The gold passage states that under the common-law doctrine of joint and several liability, each defendant may be held jointly and severally liable for the entire injury. Since the jury found that Plaintiff was 40% at fault, he can only recover the remaining 60% of his damages from the defendants. However, since D-1 and D-2 are each found to be 30% at fault, they are jointly and severally liable for the entire injury. Therefore, Plaintiff can collect $60,000 from either D-1 or D-2, but D-1 cannot collect anything from D-2 in contribution because D-2 is not more at fault than D-1. Thus, the correct answer is A.",,-0.3502083420753479,-100.0,-1.6002082824707031,-100.0,0.7772998508568416
mbe_642,REAL PROP.,1991-Feb,test,"Hal and Wan owned Blackacre as joint tenants, upon which was situated a two-family house. Hal lived ",D,B,False,1,626,133,"B  
The gold passage indicates that Hal and Wan owned Blackacre as joint tenants, which means that Hal had an undivided interest in the property. Tent obtained a judgment against Hal, which, according to the statute, creates a lien on the real property owned by Hal. Since the judgment was filed prior to Hal's death, Tent has a lien against Hal's undivided one-half interest in Blackacre. The passage does not support the idea that Tent has a lien against the whole of Blackacre or that Wan's lack of notice affects the lien, nor does it support the notion that Hal's death terminated the interest to which Tent's lien attached.",,-10.070877075195312,-0.6958768367767334,-5.9458770751953125,-0.6958768367767334,0.4986704609333159
mbe_650,EVIDENCE,1991-Feb,test,"At Darrow's trial for stealing an automobile, Darrow called a character witness, Goode, who testifie",D,C,False,1,357,75,"C  
The evidence should be excluded because it has no probative value on any issue in the case. The gold passage indicates that only the accused can ""open the door"" for the prosecution to introduce rebuttal character evidence, and since Darrow did not open the door through his character witness's testimony, the prosecutor's evidence regarding Darrow's cheating is not admissible.",,-100.0,-100.0,-0.15117403864860535,-2.1511740684509277,0.880797081106935
mbe_669,CRIM. LAW,1991-Feb,test,Miller was indicted in a state court in January 1985 for a robbery and murder that occurred in Decem,C,C,True,1,748,98,"C  
The gold passage emphasizes the fundamental right to a jury trial, stating that this right is guaranteed by the Constitution and that a waiver of this right must be done voluntarily and knowingly. It also specifies that a court cannot accept a waiver unless the defendant is advised of their right to a jury trial and personally waives that right on the record. Since the judge did not determine whether Miller understood that he had a right to a jury trial, this failure could provide a constitutional basis for relief.",,-100.0,-100.0,-17.500261306762695,-100.0,1.0
mbe_670,CRIM. LAW,1991-Feb,test,Sally told Michael she would like to have sexual intercourse with him and that he should come to her,D,C,False,1,427,93,"C  
Michael is not guilty because he reasonably believed that Sally had consented to the sexual intercourse, and he voluntarily withdrew after she told him she had changed her mind. The gold passage indicates that a reasonable belief about a matter of fact can serve as a defense if it negates the required culpability for the offense. Since Michael believed Sally was of legal age and withdrew upon her refusal, his actions do not meet the criteria for the attempted violation of the statute.",,-8.501256942749023,-100.0,-0.0012572570703923702,-7.251257419586182,0.9990871912746413
mbe_676,REAL PROP.,1991-Feb,test,"Stoven, who owned Craigmont in fee simple, mortgaged Craigmont to Ulrich to secure a loan of $100,00",D,A,False,1,674,104,"A  
The gold passage discusses the recording of deeds and how it affects the delivery and title of property. However, it does not provide any information regarding the priority of mortgages, the revival of mortgages, or the concept of subrogation. Therefore, we cannot determine the validity of statements I, II, or III based solely on the information provided in the passage. Since none of the statements can be supported by the passage, the correct answer is A, as it is the only option that does not require unsupported assumptions.",,-1.034717082977295,-1.534717082977295,-2.409717082977295,-1.409717082977295,0.3926712568084175
mbe_678,CRIM. LAW,1991-Feb,test,"One evening, Parnell had several drinks and then started to drive home. As he was proceeding down Ma",B,C,False,1,604,110,"C  
The gold passage indicates that for involuntary manslaughter, the prosecution must prove that the defendant acted with ""gross negligence amounting to wanton and reckless disregard for human life."" If Parnell can argue that his intoxication prevented him from having the necessary mens rea for manslaughter, he may have a strong defense. This aligns with option C, which suggests that his intoxication negated the mens rea needed for manslaughter. The other options do not provide a viable defense based on the legal principles outlined in the passage.",,-100.0,-2.3465936183929443,-0.5965936779975891,-1.3465936183929443,0.6074815478494671
mbe_685,EVIDENCE,1991-Feb,test,Dooley and Melville were charged with conspiracy to dispose of a stolen diamond necklace. Melville j,B,C,False,1,422,106,"C  
Wixon's testimony is inadmissible because Melville's statement was not in furtherance of the conspiracy. According to the gold passage, for a hearsay statement to be admissible under Rule 804(b)(3), it must be against the declarant's penal interest when made. However, the passage does not indicate that Melville's statement about owing money to Dooley was made in furtherance of the conspiracy to dispose of the stolen necklace. Therefore, it does not meet the necessary criteria for admissibility.",,-100.0,-5.753743648529053,-0.0037436678539961576,-100.0,0.9968273170963974
mbe_700,CONTRACTS,1991-Feb,test,"On March 1, Hotz Apartments, Inc., received from Koolair, Inc., a letter offering to sell Hotz 1,200",D,D,True,1,435,84,"D  
The gold passage states that acceptance of an offer must be substantially as made, and if the acceptance includes conditions or differing terms, it is not a valid acceptance but rather a counteroffer. Since Hotz's letter of acceptance was not received by Koolair until after the revocation was communicated, and given that the acceptance must be received by the deadline specified in the offer, Hotz's attempted acceptance was ineffective.",,-5.50507116317749,-8.380070686340332,-8.130070686340332,-0.005071044899523258,0.995407809757508
mbe_701,TORTS,1991-Feb,test,Dieter parked her car in violation of a city ordinance that prohibits parking within ten feet of a f,D,C,False,1,431,96,"C  
The gold passage indicates that a violation of a statute or ordinance constitutes negligence per se only if it protects the class of persons in which the plaintiff is included and against the type of harm that has occurred as a result of the violation. In this case, Dieter's parked car was not an active or efficient cause of Plaintiff's injury, as the injury resulted from Grove's negligent driving. Therefore, Plaintiff would not prevail against Dieter based on the violation of the parking ordinance.",,-12.011061668395996,-100.0,-0.011061500757932663,-100.0,0.9999938558264279
mbe_714,CONTRACTS,1991-Feb,test,Will Green probably succeed in an action against Farmer for specific performance?,B,B,True,1,550,108,"B  
The gold passage states that unless a contract expressly states otherwise or there is a clear indication of intent, time is not ordinarily considered to be of the essence in the performance of a contract. Since there is no indication in the fact pattern that time was made of the essence in the contract between Green and Farmer, Green's delay in tendering the deed and possession on January 30 instead of January 15 does not constitute a breach that would prevent specific performance. Therefore, Green will probably succeed in an action against Farmer for specific performance.",,-3.484159469604492,-0.48415952920913696,-100.0,-100.0,0.9525741241296944
mbe_715,CONTRACTS,1991-Feb,test,"For this question only, make the following assumptions. On January 30, Farmer accepted a conveyance ",C,A,False,1,901,105,"A  
The gold passage discusses the concept of ""reasonable time"" in the context of settlement agreements and does not provide any support for the idea that Farmer is entitled to recover damages after paying the purchase price. By paying the purchase price on January 30, Farmer effectively completed his obligations under the contract, which suggests that he waived any potential claims for damages related to the delay in possession. The passage does not indicate that any damages would be recoverable after such a waiver, leading to the conclusion that Farmer is entitled to nothing.",,-0.08686885237693787,-100.0,-3.0868687629699707,-4.961868762969971,0.9456960810227364
mbe_723,CONTRACTS,1991-Feb,test,"For an agreed price of $20 million, Bildko, Inc., contracted with Venture to design and build on Ven",C,C,True,1,546,128,"C  
Venture prevails, because Bildko assumed the risk of encountering subsurface granite that was unknown to Venture. According to the gold passage, to prove assumption of risk, a defendant must show that the plaintiff had actual or constructive knowledge of the specific risk, appreciated the risk's character, and voluntarily accepted the risk. In this case, Bildko and Venture both did not know about the granite, but Bildko, as the contractor, is expected to have knowledge of potential risks associated with excavation. Therefore, it can be argued that Bildko assumed the risk of encountering subsurface granite, which supports Venture's position in the lawsuit.",,-100.0,-7.425807476043701,-0.0508076511323452,-100.0,0.9993736657322952
mbe_726,CRIM. LAW,1991-Feb,test,"If the statute is interpreted to create strict liability and Crouse is charged with violating it, Cr",B,B,True,1,468,78,"B  
Crouse is guilty because he hired the children. Under strict liability, the action of hiring underage workers is sufficient for a conviction without the need to prove a mental state or intent. The passage indicates that strict liability crimes do not require a mens rea element, meaning that Crouse's lack of awareness of the law does not absolve him of responsibility for his actions.",,-0.9835571050643921,-0.4835570752620697,-100.0,-100.0,0.6224593382055109
mbe_727,CRIM. LAW,1991-Feb,test,"If the statute is interpreted to create strict liability and Morten is convicted of violating it, hi",D,D,True,1,448,92,"D  
The gold passage states that principals are strictly liable for their agents' acts if they create an appearance that the acts are authorized. Morten, as the general manager and CEO, was in a position to exercise control over the hiring practices at the Woolen Company. Therefore, his conviction for the violation of the child labor laws would not violate the federal Constitution, as he had the authority and responsibility to oversee the actions of his agent, Crouse.",,-9.000426292419434,-100.0,-10.750426292419434,-0.00042626605136319995,0.9998551657714088
mbe_736,CONTRACTS,1991-Feb,test,"Which of the following, if proved, would most strengthen Gennybelle's prospect of recovery?",B,B,True,1,511,109,"B  
The gold passage states that a bid is equivalent to an offer and that no contract is formed until there is final acceptance of the bid. If Gennybelle was required to submit a bid bond and could not withdraw or amend her bid without forfeiting that bond, this indicates that she was bound to her bid once submitted. This strengthens her position because it shows that she had a legitimate reliance on Mural's bid, and the inability to amend her bid due to the bid bond requirement emphasizes the importance of Mural's original offer.",,-4.027852535247803,-0.0278524961322546,-4.777852535247803,-100.0,0.9737408073562931
mbe_737,CONTRACTS,1991-Feb,test,"Which of the following, if proved, would best support Mural's defense?",D,A,False,1,636,103,"A  
The gold passage indicates that Ahern's repudiation of its bid was based solely on an error in computation, which suggests that a lack of consideration or an infirmity in the bid itself could be a valid defense. Therefore, if Gennybelle gave Mural no consideration for an irrevocable sub-bid, it supports Mural's defense that there was no binding agreement due to the absence of consideration. This aligns with the principle that a bid can be revoked if it is not supported by consideration.",,-0.02446920983493328,-6.774469375610352,-100.0,-100.0,0.9988304899285939
mbe_740,REAL PROP.,1991-Feb,test,"Ozzie owned and occupied Blackacre, which was a tract of land improved with a onefamily house. His f",A,A,True,1,649,102,"A  
The gold passage indicates that specific performance will not be granted if the vendor is unable to convey a clear and marketable title. Since the agreement between Ozzie and Victor was oral, it raises issues regarding enforceability and the ability to prove the terms of the contract. Therefore, the most likely reason Ozzie would lose in an action for specific performance is that the agreement was oral, which complicates the ability to enforce the contract as it lacks the formalities typically required for real estate transactions.",,-0.15430611371994019,-3.154306173324585,-3.779306173324585,-100.0,0.9289914591249592
mbe_747,TORTS,1991-Feb,test,"Jones, who was driving his car at night, stopped the car and went into a nearby tavern for a drink. ",C,C,True,1,458,78,"C  
Peters should recover from Davis and Jones, jointly and severally, the amount of damages Peters suffered reduced by the percentage of the total negligence that is attributed to Peters. The gold passage indicates that damages allowed shall be diminished in proportion to the amount of negligence attributable to the person seeking recovery, which supports the idea of joint and several liability while also accounting for Peters's own negligence.",,-100.0,-21.75,-20.625,-100.0,0.7549149868676283
mbe_753,TORTS,1991-July,test,Penstock owned a large tract of land on the shore of a lake. Drury lived on a stream that ran along ,A,A,True,1,529,93,"(A) Judgment for Penstock for nominal damages, because Drury intentionally used the channel.

The gold passage outlines the elements for a claim of intentional trespass, which includes the intentional doing of an act that results in an invasion of the plaintiff's possessory interest. Drury intentionally used the channel, which affected Penstock's exclusive possession of the property, even though he caused no harm. Therefore, Penstock could be awarded nominal damages for the intentional trespass.",,-1.6956098079681396,-1.8206098079681396,-100.0,-100.0,0.5312093733737563
mbe_765,EVIDENCE,1991-July,test,"In a prosecution of Drew for forgery, the defense objects to the testimony of West, a government exp",B,B,True,1,484,100,"B  
The gold passage indicates that the qualification of an expert witness is determined by the trial judge, who has the discretion to evaluate the expert's training and experience. Since the letter from the expert's former professor is relevant to assessing West's qualifications, it may be considered by the judge without regard to the hearsay rule. The passage does not support the idea that the jury can consider the letter, as it focuses on the judge's role in determining qualifications. Therefore, the correct answer is B.",,-100.0,-0.4732963442802429,-1.4732964038848877,-100.0,0.7310585903489892
mbe_779,REAL PROP.,1991-July,test,"Able was the owner of Blackacre, an undeveloped city lot. Able and Baker executed a written document",B,A,False,1,553,54,"A  
Baker's use of Blackacre for parking constitutes part performance. The act of parking his car on the property indicates that Baker was exercising control over Blackacre, which can be seen as a form of part performance that may support Able's claim for specific performance.",,-0.22124549746513367,-100.0,-3.096245527267456,-2.471245527267456,0.8607219658822739
mbe_788,CRIM. LAW,1991-July,test,Phillips bought a new rifle and wanted to try it out by doing some target shooting. He went out into,A,C,False,1,680,150,"C  
The appellate court should reverse the conviction and remand for a new trial because the evidence is not sufficient for murder but will support a conviction of involuntary manslaughter. The gold passage indicates that for a conviction of ""reckless"" or ""universal malice"" murder, the defendant must have determined or intended to use the firearm in a way that shows a culpable mind and a disregard for the consequences to others. Phillips did not demonstrate such intent; he was target shooting and did not aim at the children. Therefore, while his actions were reckless, they do not rise to the level of murder as defined in the passage, but they could support a conviction for involuntary manslaughter due to the negligent nature of his actions.",,-3.1475276947021484,-100.0,-0.5225276947021484,-100.0,0.9324533088603709
mbe_796,TORTS,1991-July,test,"Defendant left her car parked on the side of a hill. Two minutes later, the car rolled down the hill",C,C,True,1,581,97,"C  
The jury was presented with evidence that Defendant took reasonable precautions by turning the front wheels into the curb and applying the emergency brakes, which were in good working order. Additionally, there was evidence of potential tampering by juveniles in the area. Given this evidence, the jury was not required to infer negligence from the circumstances of the accident, as the facts did not raise a presumption of negligence against Defendant. Therefore, Plaintiff's motion for judgment notwithstanding the verdict should be denied.",,-100.0,-17.875001907348633,-19.625001907348633,-100.0,0.1480471980316895
mbe_826,REAL PROP.,1991-July,test,"Adam owns his home, Blackacre, which was mortgaged to Bank by a duly recorded purchase money mortgag",C,PARSE_ERROR,False,1,499,126,"The passage provided does not contain any information relevant to the specific scenario involving Adam, Bank, and Vend. It only discusses the necessity of tenants as parties in a foreclosure action, which does not apply to the question at hand regarding the rights of Bank and Vend concerning the window inserts. Therefore, I cannot determine a correct answer based solely on the information in the gold passage.

None of the answer choices can be supported by the passage, as it does not address the priority of security interests, the nature of the window inserts, or the implications of the mortgage. 

Thus, I cannot provide a definitive answer based on the gold passage.",,-1.1396973133087158,-100.0,-3.389697313308716,-100.0,0.9046505351008906
mbe_829,CRIM. LAW,1991-July,test,"A kidnapping statute in State A makes it a crime for a person, including a parent, to ""take a child ",B,B,True,1,719,106,"B  
The gold passage indicates that good-faith reliance on the advice of counsel can be relevant to the issue of intent when intent is an element of the charged crime. Since the kidnapping statute in State A requires knowledge that one has no privilege to take the child, if the jury believes Dave's testimony that he relied on his attorney's advice and believed his actions were legal, this could demonstrate that he lacked the necessary mental element (intent) for the crime. Therefore, he should be acquitted based on this lack of intent.",,-10.01423454284668,-0.014234138652682304,-100.0,-100.0,0.9999546021496464
mbe_832,CONST. LAW,1991-July,test,A law of the state of Wonatol imposed a generally applicable sales tax payable by the vendor. That l,C,C,True,1,680,93,"C  
The new, narrower exemption from the state sales tax law likely violates the Establishment Clause of the First and Fourteenth Amendments by granting preferential state support to recognized religious faiths for the communication of their religious beliefs. The gold passage indicates that a program violates the Establishment Clause when it allows the government to advance religion, and the new exemption clearly favors religious publications over non-religious ones, which could be seen as the government sponsoring certain religious expressions.",,-16.125017166137695,-17.500017166137695,-1.688212614681106e-05,-100.0,0.999999875578116
mbe_838,EVIDENCE,1991-July,test,Defendant was charged with possession of cocaine with intent to distribute. He had been stopped whil,B,B,True,1,356,60,"B  
The state motor vehicle registration is relevant evidence because it tends to make it more probable that Defendant had knowledge of the contents of the trunk, given that he is listed as the owner of the car. This connection supports the prosecution's argument regarding Defendant's awareness of the cocaine found in the trunk.",,-100.0,-0.2014298141002655,-100.0,-100.0,1.0
mbe_845,CONST. LAW,1991-July,test,"Assume that Congress passed and the President signed the following statute: ""The appellate jurisdict",A,A,True,1,386,104,"A  
The gold passage indicates that Congress has the authority to regulate the appellate jurisdiction of the Supreme Court, but it also implies that such regulation should not seriously interfere with the establishment of a uniform body of federal constitutional law. The statute in question limits the Supreme Court's ability to review cases involving the constitutionality of state statutes regarding abortion, which could undermine the uniformity of federal constitutional law. Therefore, the strongest argument against the constitutionality of the statute is that it interferes with this essential function of the Supreme Court.",,-19.50007438659668,-100.0,-100.0,-100.0,1.0
mbe_873,TORTS,1991-July,test,"If Perkins sues Dumont for damages for emotional distress, will she prevail?",C,C,True,1,595,66,"C  
No, if Perkins did not suffer emotional distress that was severe. The gold passage outlines that one of the essential elements for a claim of intentional infliction of emotional distress is the requirement of ""severe emotional distress."" If Perkins did not experience this level of distress, she would not prevail in her lawsuit against Dumont.",,-7.655598163604736,-100.0,-0.03059806488454342,-100.0,0.9995121429253556
mbe_874,TORTS,1991-July,test,"If Perkins asserts a claim based on misrepresentation against Dumont, will she prevail?",D,A,False,1,507,83,"A  
To prevail on a claim for fraudulent misrepresentation, Perkins must establish that Dumont made a false statement concerning a material fact and that Dumont knew the representation was false. If Dumont knew he had no legal power of condemnation, then he made a false statement with knowledge of its falsity, which satisfies the requirements outlined in the gold passage. Therefore, Perkins would prevail if she can prove this element.",,-0.2014341950416565,-11.951434135437012,-100.0,-100.0,0.9999921107369435
mbe_880,EVIDENCE,1991-July,test,"Damson was charged with murder, and Wagner testified for the prosecution. On crossexamination of Wag",A,A,True,1,357,94,"A  
The gold passage indicates that cross-examination for impeachment is not limited to conventional categories of misconduct but can include questions that reveal a witness's untruthful bent or self-interest. By eliciting an admission about the prosecutor's promise to drop charges in exchange for testimony, Damson is attempting to demonstrate Wagner's potential bias and self-interest, which is relevant for impeachment purposes. Therefore, the evidence about the prosecutor's promise is admissible as proper impeachment of Wagner.",,-17.828889846801758,-100.0,-100.0,-100.0,1.0
mbe_887,REAL PROP.,1991-July,test,Homer and Ethel were jointly in possession of Greenacre in fee simple as tenants in common. They joi,B,C,False,1,550,89,"C  
Homer will lose because the boundary line agreement between Ethel and Mitchell was valid under the factors outlined in the gold passage. The agreement was made to resolve a dispute about the boundary line, was between adjoining landowners, fixed a definite and certain line, and was recorded. Since the agreement met all the necessary criteria, it is enforceable, and Homer cannot repudiate it simply because he resumed possession after the agreement was made.",,-100.0,-1.1690211296081543,-0.4190210998058319,-100.0,0.6791787056691698
mbe_912,CRIM. LAW,1991-July,test,"In which of the following situations is the defendant most likely to be convicted, even though he di",B,B,True,1,571,125,"B

The gold passage discusses the relationship between aggravated assault and malice murder, indicating that the facts establishing the lesser offense of aggravated assault can also support a conviction for the greater offense of murder. In this context, the defendant in option B intended to inflict serious injury, which directly led to the victim's death. The intent to cause harm and the resulting death align with the principles of malice murder, making it likely that the defendant would be convicted despite not intending to bring about the specific harm of death. The other options do not have the same clear connection between intent and the resulting harm as seen in option B.",,-1.5444856882095337,-1.0444856882095337,-1.7944856882095337,-100.0,0.48102426325336967
mbe_913,CONTRACTS,1991-July,test,Happy-Time Beverages agreed in writing with Fizzy Cola Company to serve for three years as a distrib,D,D,True,1,640,128,"D  
The gold passage discusses the concept of trade usage, which refers to practices or methods of dealing that are regularly observed in a particular trade or locality. If it is established that it is a uniform practice in the soft-drink industry for distributors to handle only one brand of cola, this fact would strengthen Fizzy Cola's case by suggesting that Happy-Time's actions in distributing Cool Cola could be seen as a breach of the expected norms in the industry. This aligns with the passage's emphasis on how trade usage can supplement or qualify the terms of an agreement, indicating that the expectation of exclusivity in distribution could be inferred from industry practices.",,-8.63651180267334,-4.511512279510498,-8.63651180267334,-0.01151212677359581,0.988661911142349
mbe_921,CONTRACTS,1991-July,test,"Freund, a U.S. west-coast manufacturer, gave Wrench, a hardware retailer who was relocating to the e",D,D,True,1,582,124,"D  
The gold passage discusses the enforceability of contracts and mentions that a court can refuse to enforce a contract only if it violates a statute, rule of law, or public policy. However, it does not provide any information regarding the necessity of Tuff giving Freund notice of the extension of credit to Wrench for Freund's promise to be enforceable. Therefore, the statement in option D, which asserts that Freund's promise is enforceable by Tuff whether or not Tuff gave Freund seasonable notice, is not supported by the passage and is thus not an accurate statement concerning the arrangement between Freund and Tuff.",,-1.034391164779663,-2.034391164779663,-3.034391164779663,-0.7843911647796631,0.4606798667096299
mbe_930,EVIDENCE,1991-July,test,"Pamela sued Driver for damages for the death of Pamela's husband Ronald, resulting from an automobil",A,A,True,1,370,115,"A  
The doctor's testimony regarding Ronald's statement, ""It was my own fault; there's nobody to blame but me,"" qualifies as a statement against interest. According to the gold passage, for a statement to be considered against the declarant's penal interest, it must be shown that the declarant is unavailable to testify, the statement was against the declarant's penal interest when made, and there must be corroborating circumstances that suggest the statement is trustworthy. Since Ronald's statement indicates he was accepting blame for the incident, it aligns with the criteria for a statement against interest.",,-0.3201056122779846,-100.0,-2.32010555267334,-100.0,0.880797071719777
mbe_932,CONTRACTS,1991-July,test,"Slalome, a ski-shop operator, in a telephone conversation with Mitt, a glove manufacturer, ordered 1",B,B,True,1,437,89,"B  
Mitt's faxed memo to Slalome serves as objective evidence that the parties intended to be bound by the agreement, despite the lack of Slalome's signature. The passage indicates that an unsigned contract can be enforceable if there is evidence of intent to be bound, which is present in this case through the faxed confirmation of the agreement. Therefore, Mitt has a cause of action against Slalome for breach of contract.",,-7.001045227050781,-0.0010451936395838857,-100.0,-100.0,0.9990889488360108
mbe_995,nan,1992,test,An issue in Parker's action against Daves for causing Parker's back injury was whether Parker's cond,B,B,True,1,333,90,"B  
Watts's testimony should be admitted because it is a statement made for purposes of medical diagnosis or treatment. The gold passage indicates that a declarant's statement about past or current causes, symptoms, or conditions, when made for the purpose of medical diagnosis or treatment, is not barred by the hearsay rules. Since Parker's statement to Watts about his physical condition was made in the context of seeking medical treatment, it falls within this exception.",,-8.330212593078613,-0.0802127867937088,-100.0,-100.0,0.999738809630321
mbe_1010,CRIM. LAW,1998,test,Joe and Marty were coworkers. Joe admired Marty's wristwatch and frequently said how much he wished ,A,D,False,1,451,78,"D  
Joe has committed no crime because, although he initially picked up the watch with the intent to steal it, Marty later gave Joe permission to take the watch. Since larceny requires the wrongful taking of another's property without permission, and Marty explicitly stated that Joe could take the watch, Joe's actions do not meet the definition of larceny as provided in the gold passage.",,-6.522754192352295,-100.0,-100.0,-0.022754082456231117,0.9984988179079893
mbe_1032,CONTRACTS,1998,test,"For this question only, assume that Conglomerate orally approved the contract, but that Shareholder ",A,C,False,1,799,114,"C  
The gold passage explains that mutuality of obligation requires that both parties to a contract be bound by the terms of the contract. In this case, the agreement between Buyer and Shareholder lacked mutuality because Buyer's promise to buy was expressly conditioned on Conglomerate's approval, which was not guaranteed. Since Shareholder's promise to sell was contingent upon an uncertain event, it can be argued that there was no binding obligation on either party at the time the agreement was made. Therefore, Buyer is unlikely to prevail in a breach of contract claim against Shareholder.",,-14.87574577331543,-100.0,-0.0007459024200215936,-7.25074577331543,0.9992899833684921
mbe_1033,CONTRACTS,1998,test,"For this question only, assume the following facts. Shareholder subsequently refused to consummate t",A,C,False,1,601,74,"C  
No, because the express condition of Conglomerate's approval had not occurred prior to the lawsuit. The gold passage indicates that for a claim to be successful, the necessary conditions must be met. In this case, the condition of obtaining Conglomerate's approval was not fulfilled, which means Buyer cannot prevail in the lawsuit against Shareholder for breach of contract.",,-100.0,-13.375524520874023,-0.0005249153473414481,-8.250524520874023,0.9997372568909424
mbe_1038,CONST. LAW,1998,test,City enacted an ordinance banning from its public sidewalks all machines dispensing publications con,D,D,True,1,490,115,"D  
The City ordinance banning machines dispensing publications consisting wholly of commercial advertisements does not constitute a reasonable fit between the legitimate interest of preserving the aesthetics of the sidewalks and the means chosen to advance that interest. The gold passage states that the regulatory technique must be in proportion to the substantial interest asserted by the government, and the restriction must directly advance that interest. Since the City continues to allow machines dispensing other types of publications, the ordinance appears to be an excessive restriction that does not effectively support the stated goal of protecting aesthetics, as it could potentially be served by a more limited restriction.",,-100.0,-100.0,-3.0621137619018555,-0.06211366876959801,0.9525741310298375
mbe_1041,CONST. LAW,1998,test,The state of Brunswick enacted a statute providing for the closure of the official state records of ,C,C,True,1,870,150,"C  
The gold passage emphasizes the importance of the right to publish and gather news as central to the First Amendment. It indicates that the flow of information to the public would be severely curtailed without protections for the process of news assembly and dissemination. Choice (C) states that the statute only prohibits public access to official state records and does not prevent the publication of information in the possession of private persons. This distinction is significant because it suggests that while the state can regulate access to its own records, it does not completely eliminate the ability of the press to gather and publish information from other sources. This would be a strong point for the state in defending the constitutionality of the statute, as it acknowledges the press's rights while still allowing for some regulation of",,-6.260837078094482,-100.0,-0.01083722896873951,-100.0,0.9980732650465378
mbe_1042,CRIM. LAW,1998,test,"Nora, executive director of an equal housing opportunity organization, was the leader of a sit-in at",C,C,True,1,449,93,"C  
The gold passage states that a criminal defendant may object to race-based exclusions of jurors through peremptory challenges, regardless of whether the defendant and the excluded juror share the same race. This indicates that Nora has standing to challenge the prosecution's racially discriminatory use of peremptory challenges, which violates the Equal Protection Clause. Therefore, if Nora is convicted by an all-white jury as a result of these challenges, the court should reverse the conviction.",,-100.0,-100.0,-19.62520408630371,-100.0,1.0
mbe_1073,CONST. LAW,1998,test,A federal statute provides that the cities in which certain specified airports are located may regul,B,D,False,1,646,92,"D  
The gold passage indicates that while Congress may authorize states to impose regulations, it is a different matter if those regulations unduly burden interstate commerce. Since Airline Limousine Service is engaged in interstate commerce by transporting passengers between Greenville and the airport in Redville, the new rule requiring them to charge the same rates as local limousines would impose an undue burden on that commerce. Therefore, Airline Limousine Service is not required to comply with the new rule.",,-10.501591682434082,-10.376591682434082,-100.0,-0.0015913923271000385,0.9999412641328121
mbe_1091,REAL PROP.,1998,test,"Olive owned Blackacre, a single-family residence. Fifteen years ago, Olive conveyed a life estate in",C,A,False,1,448,87,"A  
The gold passage indicates that a lease must be for a determinate period that is shorter than the duration of the lessor's estate, which implies that the lessor retains a reversion. Since Lois held a life estate and her death terminated that estate, Olive, as the original owner, would regain full ownership of Blackacre through the reversion. Therefore, the court should hold that title in fee simple is in Olive.",,-0.014310051687061787,-10.264309883117676,-9.764309883117676,-100.0,0.9999063565895413
mbe_1096,EVIDENCE,1998,test,Plaintiff sued Defendant for injuries suffered in a car accident allegedly caused by brakes that had,B,B,True,1,339,80,"B  
Plaintiff's testimony is admissible because he had personal knowledge of the shoe's condition. According to the gold passage, ""personal knowledge"" is defined as a present recollection of an impression derived from the exercise of the witness's own senses. Since Plaintiff personally examined the brake shoe and can testify about its condition based on his own observations, his testimony meets the criteria for admissibility.",,-12.750099182128906,-9.949026571121067e-05,-14.875099182128906,-100.0,0.9999967510564046
mbe_1097,CONTRACTS,1998,test,Which of the following statements is correct?,B,C,False,1,348,100,"C  
The gold passage indicates that to constitute a valid tender under an executory contract for the sale of chattels, the delivery must be practicable according to the nature of the business. This implies that Fixtures must deliver the 25 sets on March 1, and since the passage does not state that payment must be made at the time of delivery, it supports the idea that Apartments must pay the contract price within a reasonable time after the delivery. Therefore, option C is the correct statement.",,-4.966989517211914,-2.591989517211914,-0.09198953211307526,-100.0,0.9176668443035082
mbe_1120,CONST. LAW,1998,test,"Agitator, a baseball fan, has a fierce temper and an extremely loud voice. Attending a baseball game",C,C,True,1,677,111,"C  
The gold passage states that the Court will not consider a federal law issue on direct review from a state-court judgment if that judgment rests on a state-law ground that is both “independent” of the federal claim's merits and an “adequate” basis for the court's decision. The state supreme court's decision to reverse Agitator's conviction is based on the interpretation of the state's constitution regarding free speech, which is an independent state law ground. Therefore, the United States Supreme Court should dismiss the writ as improvidently granted.",,-17.000709533691406,-15.750710487365723,-0.0007102862582542002,-100.0,0.9999998141026306
mbe_1126,CRIM. LAW,1998,test,"Sam decided to kill his boss, Anna, after she told him that he would be fired if his work did not im",A,A,True,1,913,101,"A  
Sam is guilty of murder in the first degree because he acted with premeditation and deliberation when he placed the bomb in the car intended for Anna. The transferred intent doctrine applies here, meaning that even though Lois was not the intended victim, the intent to kill Anna transfers to the act that resulted in Lois's death. The passage states that the guilt of the perpetrator remains the same regardless of whether the intended victim or another person is killed, thus establishing Sam's responsibility for the murder.",,-1.0325924449716695e-05,-19.500009536743164,-100.0,-100.0,0.9999999966017294
mbe_1128,TORTS,1998,test,"Orderly, a male attendant who worked at Hospital, had sexual relations with Patient, a severely reta",D,D,True,1,540,94,"D  
The gold passage establishes that an entity (like Hospital) that takes custody of another person (like Patient) has a duty to exercise reasonable care to protect that person from harm, especially when they are deprived of normal opportunities for self-protection. If Hospital failed to use reasonable care to protect Patient from Orderly's conduct, then Patient would prevail in the tort action. This aligns with the principle that those in custody must be protected from unreasonable risks posed by others.",,-12.250105857849121,-100.0,-9.250105857849121,-0.00010592726175673306,0.9998991134026753
mbe_1134,CONST. LAW,1998,test,"The King City zoning ordinance contains provisions restricting places of ""adult entertainment"" to tw",A,A,True,1,608,110,"A  
The adult entertainment provisions of the King City zoning ordinance are likely to be held constitutional because they do not prohibit adult entertainment everywhere in King City, and the city has a substantial interest in keeping the major part of its commercial center free of uses it considers harmful to that area. The passage indicates that regulations can be content-neutral and reviewed under intermediate scrutiny, which allows for reasonable time, place, or manner regulations as long as they serve a significant governmental interest and leave open ample alternatives for communication. The ordinance's restrictions appear to align with these criteria.",,-9.627176768844947e-05,-19.12509536743164,-100.0,-100.0,0.9999999950555449
mbe_1141,CONST. LAW,1998,test,John is a licensed barber in State A. The State A barber licensing statute provides that the Barber ,A,A,True,1,1275,119,"A  
John's best constitutional argument is that his inability to cross-examine his accusers denied him a fair hearing and caused him to be deprived of his barber license without due process of law. The gold passage emphasizes the importance of due process, stating that some form of hearing is required before an individual is deprived of a property interest. It also highlights that due process is flexible and requires procedural protections that the particular situation demands. The lack of opportunity to cross-examine the unnamed informants undermines the fairness of the hearing, which is a fundamental aspect of due process as outlined in the passage.",,-19.250709533691406,-100.0,-100.0,-100.0,1.0
mbe_1149,CONTRACTS,1998,test,"For this question only, assume that Computers tendered the computer to Bank on August 15, and that B",D,D,True,1,354,75,"D  
The gold passage indicates that a usage in the relevant trade can be considered alongside the express terms of a contract, and if the usage allows for a 30-day leeway in delivery, it could support Computers' position. This suggests that if the contract does not expressly negate this usage, then the delay may not constitute a breach, thereby supporting a recovery by Computers.",,-100.0,-100.0,-13.750097274780273,-9.722539834911004e-05,0.9999989322971827
mbe_1172,EVIDENCE,1998,test,"Defendant is on trial for participating in a drug sale. The prosecution calls Witness, an undercover",D,D,True,1,370,94,"D  
Witness's testimony is admissible as Defendant's adoption of Seller's statement. The gold passage explains that an adoptive admission can occur when a statement is made in the presence of the defendant, and the defendant's response—whether through words, gestures, or silence—indicates acceptance of that statement. In this case, Defendant shook hands with Witness after Seller introduced him as ""my partner in this,"" which can be interpreted as an acceptance of Seller's statement.",,-18.875036239624023,-100.0,-100.0,-3.547789674485102e-05,0.9999999936512047
mbe_1186,EVIDENCE,1998,test,"At Defendant's trial for sale of drugs, the government called Witness to testify, but Witness refuse",C,C,True,1,338,87,"C  
The testimony concerning Witness's identification of Defendant is inadmissible because it is hearsay not within any exception. The gold passage discusses the admissibility of prior inconsistent statements for impeachment purposes, but it does not support the admissibility of the Officer's testimony regarding Witness's prior identification of Defendant, as it does not fall under the category of a prior inconsistent statement made while on the stand. Therefore, the correct answer is C.",,-8.754295349121094,-100.0,-0.004295522812753916,-100.0,0.9998415637533828
