idx,subject,source,split,question,correct_answer,predicted_answer,is_correct,condition,tokens_input,tokens_output,raw_response_1,raw_response_2,logprob_A,logprob_B,logprob_C,logprob_D,confidence
mbe_0,nan,MBE-1972-78-part2,train,Paul then called Vic to testify that Dan's car did run the light. The trial judge should rule that V,B,B,True,7,2459,340,"To be admissible, evidence must be relevant and not outweighed by countervailing considerations such as unfair prejudice, confusion, waste of time, privilege, or hearsay, among other reasons.","B

To determine the correct answer, let's break down the question using the provided steps:

Step 1 — RULE: The extracted legal rule is that to be admissible, evidence must be relevant and not outweighed by countervailing considerations such as unfair prejudice, confusion, waste of time, privilege, or hearsay, among other reasons.

Step 2 — ELEMENTS: The key elements of this rule are:
1. Relevance: The evidence must be relevant to the case.
2. Not outweighed by countervailing considerations: The evidence should not be unfairly prejudicial, confusing, a waste of time, privileged, or based on hearsay, among other considerations.

Step 3 — APPLICATION: Evaluating each answer choice against these elements and the facts:
- (A) Admissible because Paul was surprised by Wes's testimony: Surprise is not directly addressed in the extracted rule as a criterion for admissibility. The rule focuses on relevance and countervailing considerations.
- (B) Admissible because Vic's testimony was relevant to material issues: This choice aligns with the first element of the rule, which requires evidence to be relevant. Since Vic's testimony is about whether Dan's car ran a red light, it is directly relevant to the material issue of determining fault in the accident.
- (C) Inadmissible because Paul cannot impeach his own witness: The extracted rule does not mention anything about impeaching one's own witness as a criterion for admiss",-100.0,-0.2482893317937851,-100.0,-100.0,1.0
mbe_1,nan,MBE-1972-78-part2,train,"On cross-examination of Vic, Dan's attorney asked if Vic was drunk at the time he witnessed the acci",D,D,True,7,2752,351,"A matter is considered collateral if it is not relevant to establish a fact of consequence in the litigation, other than merely to contradict a witness's in-court testimony, and therefore inconsistencies regarding such matters are given less weight in impeaching a witness's credibility.","(D)

The extracted legal rule states that a matter is considered collateral if it is not relevant to establish a fact of consequence in the litigation, other than merely to contradict a witness's in-court testimony. To apply this rule, we need to decompose it into its key elements: (1) the matter must not be relevant to establishing a fact of consequence, and (2) the purpose of introducing the evidence is merely to contradict the witness's testimony.

In this case, the matter at issue is whether Vic was drunk on New Year's Eve two years before the accident. This information is not relevant to establishing any fact of consequence in the litigation, such as who ran the red light or the extent of Paul's injuries. The only purpose of introducing Yank's testimony is to contradict Vic's statement that he has never been drunk, which is a collateral matter.

Answer choice (A) is incorrect because Vic's recollection of recent events is not at issue; rather, it is his general claim of never having been drunk that is being challenged. Answer choice (B) is also incorrect because the rule does not provide for impeaching a witness by showing that they are not the kind of person on whom one should rely for ascertaining the truth through specific acts of misconduct unrelated to the case at hand. Answer choice (C) is incorrect because, while it is true that a witness cannot be impeached by proof of specific acts of misconduct in many cases, this does not apply when the misconduct",-100.0,-100.0,-100.0,-1.0351170301437378,1.0
mbe_2,nan,MBE-1972-78-part2,train,Dan called Zemo as a witness and asked him if he knew Vic's reputation for veracity in the community,C,A,False,7,2804,361,"A business record may be admitted into evidence despite being hearsay if the custodian or other qualified witness testifies to its identity and preparation, it was made in the regular course of business at or near the time of the event, and the court finds the sources and method of preparation justify its admission.","(A)

Step 1 — RULE: A business record may be admitted into evidence despite being hearsay if the custodian or other qualified witness testifies to its identity and preparation, it was made in the regular course of business at or near the time of the event, and the court finds the sources and method of preparation justify its admission.

Step 2 — ELEMENTS: The key elements of this rule are:
1. The record must be a business record.
2. A custodian or other qualified witness must testify to its identity and preparation.
3. It must have been made in the regular course of business.
4. It must have been made at or near the time of the event.
5. The court must find that the sources and method of preparation justify its admission.

Step 3 — APPLICATION: However, upon closer examination, it appears there's a mismatch between the provided fact pattern and the gold passage. The fact pattern discusses witness testimony about someone's reputation for veracity, while the gold passage talks about the admissibility of business records as evidence. Given this discrepancy, we must focus on the relevance of the question asked in the context of impeachment or character evidence, which is not directly addressed by the gold passage.

In the context of the fact pattern, the question seems to be about impeaching a witness's credibility through reputation evidence. Generally, reputation evidence can be used to attack a witness's character for truthfulness, but there are specific rules governing how and when such evidence",-100.0,-100.0,-100.0,-100.0,0.25
mbe_3,nan,MBE-1972-78-part2,train,"Jim watched a liquor store furtively for some time, planning to hold it up. He bought a realistic-lo",B,A,False,7,2613,334,"The modified categorical approach can still be applied even if a generic crime's element is overbroad, as long as the mismatch does not result from a missing element.","(A)

Step 1 — RULE: The modified categorical approach can still be applied even if a generic crime's element is overbroad, as long as the mismatch does not result from a missing element.

Step 2 — ELEMENTS: 
- The crime in question must have an unlawful-entry element.
- This element excludes cases where a person enters premises open to the public, regardless of intent.
- The key requirement for burglary under the statute provided is ""breaking and entering any building or structure with the intent to commit a felony or to steal therein.""

Step 3 — APPLICATION: 
Given Jim's actions, we must evaluate each choice against the elements of the crime as defined by the statute and the principles outlined in the gold passage.
- (A) The intent required was not present: This could be a viable defense if Jim can prove he did not have the intent to commit a felony or steal at the time of entry. However, his initial actions suggest otherwise.
- (B) The liquor store was open to the public: This directly aligns with the principle from the gold passage that entering premises open to the public does not meet the unlawful-entry element required for burglary, regardless of intent.
- (C) He had a change of heart and withdrew before committing any crime inside the store: While this might be relevant for other charges or considerations of attempted crimes, it doesn't directly address the elements necessary for a burglary charge as defined by the statute.
- (D) He was unsuccessful",-1.6243023872375488,-100.0,-6.346292972564697,-100.0,0.9911810166851164
mbe_7,nan,MBE-1972-78-part2,train,"If Dotty asserts a claim against Canco based on negligence, the doctrine of res ipsa loquitur is",C,C,True,7,3033,367,"The res ipsa loquitur doctrine allows a jury to infer negligence from circumstantial evidence if three criteria are met: the event ordinarily doesn't occur without someone's negligence, it was caused by an agency or instrumentality within the defendant's exclusive control, and it wasn't due to any voluntary action or contribution by the plaintiff.","C

The extracted legal rule states that the res ipsa loquitur doctrine allows a jury to infer negligence from circumstantial evidence if three criteria are met: 
1. The event ordinarily doesn't occur without someone's negligence, 
2. It was caused by an agency or instrumentality within the defendant's exclusive control, and 
3. It wasn't due to any voluntary action or contribution by the plaintiff.

Breaking down these elements:
- The first criterion requires that the event (in this case, the tuna being unfit for consumption) is of a kind that does not usually happen without someone's negligence.
- The second criterion necessitates that the cause of the event be within the exclusive control of the defendant (Canco).
- The third criterion demands that the event not be due to any action by the plaintiff (Dotty).

Evaluating each answer choice against these elements:
(A) This choice suggests applicability because the tuna was packed in a sealed can. However, this does not directly address whether the event (the tuna being unfit for consumption) meets the criteria for res ipsa loquitur, particularly regarding exclusive control and the absence of plaintiff contribution.
(B) This choice incorrectly states that Canco is strictly liable as the packer. The question specifically asks about negligence and the doctrine of res ipsa loquitur, not strict liability.
(C) This choice indicates that res ipsa loquitur is not applicable because the case of tuna had been knocked over by the workmen",-100.0,-100.0,-0.24169503152370453,-100.0,1.0
mbe_8,nan,MBE-1972-78-part2,train,"If Guest asserts a claim against Dotty, Dotty most likely will",B,B,True,7,2775,334,"In Indiana, a real-property owner owes a duty of care to social guests that requires the host to refrain from willfully, wantonly, or intentionally injuring them.","(B)

Step 1 — RULE: In Indiana, a real-property owner owes a duty of care to social guests that requires the host to refrain from willfully, wantonly, or intentionally injuring them.

Step 2 — ELEMENTS: The key elements of this rule are (1) the status of the guest as a social guest, and (2) the requirement that the host refrain from willfully, wantonly, or intentionally injuring them. This implies a negligence standard where the host is not liable unless they were negligent in their actions towards the guest.

Step 3 — APPLICATION: Evaluating each answer choice against these elements:
- (A) Strict liability in tort for serving spoiled tuna does not align with the rule that requires willful, wanton, or intentional injury. Serving spoiled food could be due to negligence rather than an intentional act.
- (B) Being held liable only if she were negligent aligns closely with the general principle of negligence and the duty of care owed to social guests, as it implies a failure to meet a standard of care that a reasonably prudent person would have exercised under similar circumstances.
- (C) Reckless disregard of the safety of Guest implies a higher level of culpability than mere negligence but does not perfectly match the ""willfully, wantonly, or intentionally"" injuring standard outlined in the rule. It suggests a more severe form of negligence than what is required for liability under the given rule.
- (D) Not being held liable because Guest",-100.0,-9.540969848632812,-100.0,-100.0,1.0
mbe_9,nan,MBE-1972-78-part2,train,"If Guest asserts a claim against Supermart, the most likely result is that Guest will",B,B,True,7,2698,347,"To establish strict liability, a plaintiff must prove that a product was defective and unreasonably dangerous for its intended use, the defect existed when it left the defendant's control, and the defect proximately caused the plaintiff's injury.","B

To determine the most likely result of Guest's claim against Supermart, let's apply the extracted legal rule step by step:

Step 1 — RULE: The extracted legal rule is that to establish strict liability, a plaintiff must prove that a product was defective and unreasonably dangerous for its intended use, the defect existed when it left the defendant's control, and the defect proximately caused the plaintiff's injury.

Step 2 — ELEMENTS: Decomposing this rule into its key elements:
1. The product must be in a defective condition.
2. The defect must make the product unreasonably dangerous for its intended use.
3. The defect must have existed when the product left the defendant's control.
4. The defect must be the proximate cause of the injury sustained.

Step 3 — APPLICATION: Evaluating each answer choice against these elements and the facts:
- (A) Res ipsa loquitur is a doctrine that infers negligence from the circumstances of an accident, but it doesn't directly apply to strict liability claims as described in the gold passage.
- (B) Strict liability in tort could apply if Supermart sold a product that was defective and unreasonably dangerous. Given that the tuna made Dotty and Guest ill, and it came from dented cans which were part of a larger incident involving damage at the store, this suggests the product might have been defective when it left Supermart's control.
- (C) While warning of damaged goods",-100.0,-1.7714572095428593e-05,-100.0,-100.0,1.0
mbe_10,nan,MBE-1972-78-part2,train,"If Addle assigns the contract to Coot, who has comparable experience and reputation, which of the fo",C,C,True,7,2441,335,The core legal rule is that contracts are freely assignable unless the contract expressly provides that it is not assignable or performance of some term involves an element of personal skill or credit.,"C

The extracted legal rule states that contracts are freely assignable unless the contract expressly provides that it is not assignable or performance of some term involves an element of personal skill or credit.

Decomposing this rule into its key elements:
1. The contract must not expressly prohibit assignment.
2. Performance of the contract must not require personal skill or credit that would make assignment inappropriate.

Given these elements, let's evaluate each answer choice against the facts provided:
- Addle has a fine reputation and ten years of experience in painting and contracting.
- The contract to paint Boone's barn has no provision regarding assignment.
- Coot has comparable experience and reputation to Addle.

(A) Addle is in breach of contract: This would be true if the contract prohibited assignment or if the nature of the work required a personal skill or credit unique to Addle that Coot could not match. However, there's no indication that the contract prohibits assignment, nor is there an implication that painting Boone's barn requires a unique skill or credit that only Addle possesses.

(B) Boone may refuse to accept performance by Coot: Given that Coot has comparable experience and reputation to Addle, and there's no express prohibition against assignment in the contract, this option does not align with the rule. Unless the contract involves personal skill or credit (which painting a standard barn does not necessarily require), or there is an express prohibition on assignment, Boone should accept performance by Coot.

(C) Boone is required to accept performance",-100.0,-13.529407501220703,-0.029220303520560265,-100.0,0.9999986292994089
mbe_11,nan,MBE-1972-78-part2,train,If Addle assigns the contract to Coot and thereafter Coot does not meet the contract specifications ,A,A,True,7,2456,314,"Under Massachusetts law, claims for breach of contract are generally assignable.","(A)

Step 1 — RULE: The extracted legal rule is that under Massachusetts law, claims for breach of contract are generally assignable.

Step 2 — ELEMENTS: The key elements of this rule are (1) the contract must be for a claim that can be assigned, and (2) the assignment itself does not inherently alter the obligations or liabilities under the original contract. In other words, when a contract is assigned, the assignee (Coot in this case) steps into the shoes of the assignor (Addle), taking on both the rights and the responsibilities under the contract.

Step 3 — APPLICATION: Given that Addle assigns the contract to Coot and Coot fails to meet the contract specifications, we must consider who is liable for the breach. Since claims for breach of contract are assignable, when Addle assigns the contract to Coot, Coot becomes responsible for performing the contract according to its terms. However, this assignment does not release Addle from his original obligations under the contract because, unless the other party to the contract (Boone) agrees to the substitution, both the assignor and the assignee can be held liable for any breach.

Step 4 — CONCLUSION: Considering the elements of the rule and its application to the facts, Boone has a cause of action against Addle for damages because Addle remains liable under the original contract unless there was an agreement by Boone to release Addle from liability upon assignment. Since there is no indication that",-0.39507749676704407,-100.0,-100.0,-100.0,1.0
mbe_12,nan,MBE-1972-78-part2,train,"On the evidence stated, Crowley should be found",C,C,True,7,2646,355,"To obtain a conspiracy conviction under § 371, the Government must prove that an agreement existed between two or more persons to commit a crime, that the defendant knowingly and voluntarily joined the conspiracy, and that a conspirator performed an overt act in furtherance of the agreement.","C

To solve this question, let's follow the steps outlined:

Step 1 — RULE: The extracted legal rule is that to obtain a conspiracy conviction under § 371, the Government must prove that an agreement existed between two or more persons to commit a crime, that the defendant knowingly and voluntarily joined the conspiracy, and that a conspirator performed an overt act in furtherance of the agreement.

Step 2 — ELEMENTS: The key elements of this rule are:
1. An agreement exists between two or more persons to commit a crime.
2. The defendant knowingly and voluntarily joins or participates in the conspiracy.
3. A conspirator performs an overt act in furtherance of the agreement.

Step 3 — APPLICATION: Evaluating each answer choice against these elements and the facts provided:
- (A) This option suggests that Crowley should be found guilty because he became a party to the conspiracy when he entered into it. However, for this to be true, there must be evidence that Crowley agreed to commit the crime with Jackson and Brannick before or during the commission of the crime.
- (B) This choice implies guilt based on aiding and abetting, which is not directly addressed by the extracted rule focusing on conspiracy under § 371. While relevant in a broader context, it doesn't align perfectly with the elements required for a conspiracy conviction as outlined.
- (C) This option suggests Crowley should be found not guilty because he neither helped plan nor participated in or assisted the theft",-100.0,-100.0,-0.009074651636183262,-100.0,1.0
mbe_13,nan,MBE-1972-78-part2,train,"If Jackson and Brannick are charged with conspiracy to steal the stamps in the state court, they sho",D,D,True,7,2806,354,"Under the Pinkerton doctrine, a conspirator may be held liable for criminal offenses committed by a coconspirator if those offenses are within the scope of the conspiracy, in furtherance of it, and reasonably foreseeable as a necessary or natural consequence of the conspiracy.","D

The extracted legal rule states that under the Pinkerton doctrine, a conspirator may be held liable for criminal offenses committed by a coconspirator if those offenses are within the scope of the conspiracy, in furtherance of it, and reasonably foreseeable as a necessary or natural consequence of the conspiracy.

Decomposing this rule into its key elements:
1. The existence of a conspiracy.
2. The offense must be within the scope of the conspiracy.
3. The offense must be in furtherance of the conspiracy.
4. The offense must be reasonably foreseeable as a necessary or natural consequence of the conspiracy.

Applying these elements to the facts:
- Jackson and Brannick planned to break into a federal government office to steal food stamps, which clearly indicates the existence of a conspiracy between them.
- Their actions (breaking in and stealing food stamps) were within the scope of their conspiracy and in furtherance of it, as they intended to steal and sell the stamps.
- The fact that they successfully executed their plan and delivered the stolen stamps to Crowley, who bought them knowing they were stolen, shows that their actions were a direct result of their conspiracy.

Given these points, answer choice (D) is correct because Jackson and Brannick did indeed plan and conspire to steal the stamps. Their guilty pleas in federal court to larceny do not negate the fact that they conspired to commit the crime; rather, it supports the conclusion that they were involved in a conspiracy.

The",-100.0,-100.0,-100.0,-0.07296917587518692,1.0
mbe_14,nan,MBE-1972-78-part2,train,"Owens contracted to sell a tract of land, Overlea, to Painter by general warranty deed. However, at ",C,D,False,7,2616,352,"Rescission is a proper remedy for breach of contract when the non-performance is substantial and fundamental, defeating the object of the agreement, or when one party's failure to perform mutual and dependent contractual promises authorizes the other party to rescind the contract.","D

The extracted legal rule states that rescission is a proper remedy for breach of contract when the non-performance is substantial and fundamental, defeating the object of the agreement, or when one party's failure to perform mutual and dependent contractual promises authorizes the other party to rescind the contract.

Decomposing this rule into its key elements:
1. The breach must be substantial and fundamental.
2. The breach must defeat the object of the agreement.
3. Alternatively, the failure to perform must be of mutual and dependent contractual promises.

Evaluating each answer choice against these elements and the facts:
- (A) The existence of the easement does not violate the contract: This statement may or may not be true, but it doesn't directly address whether Owens' actions constitute a breach that would allow for rescission.
- (B) The mere existence of an easement which is not being used does not give rise to a cause of action: This choice focuses on the impact of the easement rather than addressing the contractual issue between Owens and Painter.
- (C) Painter's cause of action must be based on the deed and not on the contract: This statement misdirects the focus from the contractual agreement to the type of deed used, which doesn't address the substantiality of the breach or the mutual dependence of promises.
- (D) The proper remedy is rescission of the deed: Given that Owens contracted to sell Overlea by general warranty deed but provided a quitclaim deed",-100.0,-100.0,-12.078274726867676,-0.002095538657158613,0.9999943064971363
mbe_15,nan,MBE-1972-78-part2,train,"Rider's counsel seeks to introduce an affidavit he obtained in preparation for trial from Dr. Bond, ",D,D,True,7,5865,366,"The rule against hearsay does not exclude certain statements or records from being admitted as evidence, including present sense impressions, excited utterances, statements of then-existing mental or physical conditions, and various types of records and documents, such as those related to medical diagnosis, regularly conducted activities, public records, and personal or family history.","(D)

The extracted legal rule states that the rule against hearsay does not exclude certain statements or records from being admitted as evidence, including present sense impressions, excited utterances, statements of then-existing mental or physical conditions, and various types of records and documents.

Decomposing this rule into its key elements, we have:
1. Present Sense Impression: A statement describing or explaining an event or condition made while or immediately after the declarant perceived it.
2. Excited Utterance: A statement relating to a startling event or condition made while the declarant was under the stress of excitement that it caused.
3. Then-Existing Mental, Emotional, or Physical Condition: A statement of the declarant’s then-existing state of mind or emotional, sensory, or physical condition.
4. Statement Made for Medical Diagnosis or Treatment: A statement made for and reasonably pertinent to medical diagnosis or treatment, describing medical history, past or present symptoms, their inception, or general cause.

Evaluating each answer choice against these elements and the facts:
- (A) Admissible as a statement of present bodily condition made to a physician: The affidavit from Dr. Bond does not qualify as a statement of present bodily condition because it was not made by Rider himself but rather by Dr. Bond, who observed Rider's condition.
- (B) Admissible as prior recorded testimony: There is no indication that the affidavit was given under oath or as part of any formal testimony.
- (C) In",-100.0,-100.0,-100.0,-3.7126574516296387,1.0
mbe_16,nan,MBE-1972-78-part2,train,"Transit Company calls Observer to testify that right after the accident, Rider told hin that he had ",A,A,True,7,2414,336,"Admissions by a party-opponent are admissible as evidence, regardless of whether they are based on personal knowledge, pursuant to Federal Rule of Evidence 801(d)(2).","(A)

Step 1 — RULE: The extracted legal rule is that admissions by a party-opponent are admissible as evidence, regardless of whether they are based on personal knowledge, pursuant to Federal Rule of Evidence 801(d)(2).

Step 2 — ELEMENTS: The key elements or requirements for this rule are:
1. The statement must be made by a party-opponent (in this case, Rider).
2. The statement must be an admission (Rider's comment about recently suffering a recurrence of an old back injury can be considered an admission regarding his condition).

Step 3 — APPLICATION: Evaluating each answer choice against these elements and the facts:
- (A) Admissible as an admission of a party opponent: This aligns with the rule because Rider's statement to Observer about having recently suffered a recurrence of an old back injury is indeed an admission by a party-opponent.
- (B) Admissible as a spontaneous declaration: While this could be considered, the primary issue here is whether Rider's statement qualifies as an admission by a party-opponent, which directly applies to the given rule.
- (C) Inadmissible, because it is irrelevant: The statement is relevant to Transit's defense that Rider's injuries were not caused by the accident but by a pre-existing condition.
- (D) Inadmissible, because it is hearsay, not within any exception: This choice does not apply because the rule specifically states that admissions by a party-opponent are",-4.957089900970459,-100.0,-100.0,-100.0,1.0
mbe_17,nan,MBE-1972-78-part2,train,Which of the following statements regarding the contract provision for preinspection payment is corr,C,C,True,7,2897,351,"A buyer has the right to inspect goods before payment or acceptance at a reasonable place and time, unless otherwise agreed or unless the contract provides for delivery ""C.O.D."", payment against documents of title, or other specified terms that limit pre-payment inspection.","C
The extracted legal rule states that a buyer has the right to inspect goods before payment or acceptance at a reasonable place and time, unless otherwise agreed or unless the contract provides for delivery ""C.O.D."", payment against documents of title, or other specified terms that limit pre-payment inspection.

Decomposing this rule into its key elements:
1. The buyer's right to inspect goods before payment or acceptance.
2. This right can be limited by agreement between the parties.
3. Specific contract provisions (like ""C.O.D."" or payment against documents of title) can also limit this right.

Evaluating each answer choice against these elements and the facts:
(A) The provision for pre-inspection payment does not necessarily constitute an acceptance of the goods, as acceptance is a separate concept that involves the buyer's manifestation of willingness to take the goods as tendered.
(B) There is no indication in the provided rule or the facts that pre-inspection payment would waive any of the buyer's remedies, including the right to private sale in case of nonconforming goods.
(C) This choice aligns with the rule because it states that the provision for pre-inspection payment does not impair the buyer's right of inspection or his remedies. The fact that Johnston paid before inspecting does not waive his right to inspect or seek remedies for non-conforming goods, as the contract did not specify terms like ""C.O.D."" or payment against documents of title that would limit pre-payment inspection rights.
(D",-20.831401824951172,-100.0,-2.3579616026836447e-05,-100.0,0.9999999991024733
mbe_18,nan,MBE-1972-78-part2,train,What is Johnston's remedy because the wool was nonconforming?,C,C,True,7,2684,364,"The standard measure of compensatory damages is typically an amount that would allow the nonbreaching party to buy a substitute for the benefit that would have been received if the contract had been performed, unless the cost of the substitute is speculative, in which case damages may be measured by the cost incurred in performing contractual obligations.","C

The extracted legal rule states that the standard measure of compensatory damages is typically an amount that would allow the nonbreaching party to buy a substitute for the benefit that would have been received if the contract had been performed, unless the cost of the substitute is speculative, in which case damages may be measured by the cost incurred in performing contractual obligations.

Breaking down this rule into its key elements:
1. The standard measure of damages aims to enable the nonbreaching party to obtain a substitute for what was promised.
2. For contracts involving the sale of goods, damages can be calculated as the difference between the contract price and the market price at the time of breach or discovery.

Applying these elements to the given scenario:
- Johnston received nonconforming goods (No. 2 quality instead of No. 1 quality wool).
- He paid for the goods before inspecting them and then discovered the breach.
- The goal is to determine Johnston's remedy in terms of damages.

Evaluating each answer choice against these elements:
(A) Specific performance is not directly related to the calculation of damages for nonconforming goods but rather involves forcing the breaching party to perform as promised, which may not be applicable here since the issue is about quality, not delivery.
(B) Damages measured by the difference between the value of the goods delivered and the value of conforming goods could be a plausible approach but does not directly align with the standard measure outlined in the rule for contracts involving the sale",-100.0,-100.0,-2.3190377760329284e-05,-100.0,1.0
mbe_19,nan,MBE-1972-78-part2,train,Can Johnston resell the wool?,B,B,True,7,2426,341,"A seller may resell goods after any breach by the buyer, including an anticipatory repudiation, and such a breach gives rise to the seller's remedies for breach and the right of resale.","B

Step 1 — RULE: The extracted legal rule is that a seller may resell goods after any breach by the buyer, including an anticipatory repudiation, and such a breach gives rise to the seller's remedies for breach and the right of resale.

Step 2 — ELEMENTS: The key elements or requirements of this rule are:
1. A breach by the buyer (which can include an anticipatory repudiation).
2. The seller's right to resell the goods after the buyer's breach.
The rule does not specify the type of sale (public or private) but implies that resale is permissible as a remedy for the seller.

Step 3 — APPLICATION: Evaluating each answer choice against these elements and the facts:
- Johnston (the buyer) tendered back the wool and demanded return of his payment after discovering the goods were not as contracted, which can be seen as a form of breach or repudiation by the buyer.
- However, in this scenario, it is actually McHugh (the seller) who is refusing to take back the goods, not Johnston breaching by failing to pay or accept the goods. The question asks if Johnston can resell the wool, but according to the rule provided, it's the seller (McHugh) who has the right to resell after a breach by the buyer.
- Given that Johnston is attempting to return the goods due to their non-conforming nature and McHugh's refusal, the situation does not align",-100.0,-0.09672011435031891,-100.0,-4.833303928375244,0.9913076690635338
mbe_20,nan,MBE-1972-78-part2,train,Lord leased a warehouse building and the lot on which it stood to Taylor for a term of ten years. Th,A,B,False,7,2506,339,"Under the common law, restraints on alienation, which are clauses that prohibit the recipient of real property from selling or transferring their interest in the property, are void as against public policy.","B

The extracted legal rule states that under the common law, restraints on alienation are void as against public policy. This means that any clause in a lease or conveyance of real property that prohibits the recipient from selling or transferring their interest in the property is generally not enforceable.

Decomposing this rule into its key elements:
1. The presence of a restraint on alienation: This refers to any clause that restricts the ability to transfer or sell an interest in real property.
2. The voidability of such restraints against public policy: This implies that despite their inclusion in a contract, these clauses are not enforceable because they contradict the principle of allowing landowners (or tenants with transferable interests) to freely dispose of their property.

Evaluating each answer choice:
(A) Yes, because restraints on alienation of land are strictly construed. - While it's true that such restraints might be strictly construed, this does not directly address whether Taylor can assign his interest given the presence of a prohibition in the lease.
(B) Yes, because disabling restraints on alienation of land are invalid. - This choice aligns with the extracted rule. If a restraint on alienation (such as a clause prohibiting subletting or assignment) is considered disabling and thus against public policy, it would be invalid, allowing Taylor to assign his interest despite the lease's prohibition.
(C) No, because the term ""subletting"" includes ""assignment"" when the term is",-14.096545219421387,-0.04127773270010948,-100.0,-100.0,0.9999992131815281
mbe_21,nan,MBE-1972-78-part2,train,"Diner, a drive-in hamburger and ice cream stand, recently opened for business in the suburban town o",D,D,True,7,2963,357,"The defense of ""coming to the nuisance"" may be invoked by a defendant if the plaintiffs were aware of the nuisance-creating activity at the time they acquired the impacted property, and it is now considered a factor for courts to consider in determining liability, rather than an absolute defense.","(D)

The extracted legal rule states that the defense of ""coming to the nuisance"" may be invoked by a defendant if the plaintiffs were aware of the nuisance-creating activity at the time they acquired the impacted property, and it is now considered a factor for courts to consider in determining liability, rather than an absolute defense.

Breaking down this rule into its key elements:
1. The defendant must have been engaging in the allegedly nuisance-creating activity before the plaintiffs acquired the property.
2. The plaintiffs must have been aware of the nuisance-creating activity at the time they acquired the property.
3. The ""coming to the nuisance"" defense is no longer absolute but is a factor considered by courts in determining liability.

Applying these elements to the given scenario:
- The Householders were already living in their residence before Diner opened, which means Diner's activities did not preexist the Householders' acquisition of their property. This reverses the typical ""coming to the nuisance"" scenario.
- Given that the Householders were in the area first and had no reason to anticipate Diner's specific operations or their impact, they could not have assumed the risk of this particular nuisance when they acquired their property.

Evaluating each answer choice:
(A) Requires that the Householders' interest be given priority - This is not directly addressed by the ""coming to the nuisance"" defense, which focuses on whether the plaintiff was aware of and assumed the risk of the nuisance.
(B) Is irrelevant because of the",-100.0,-100.0,-100.0,-1.9339332580566406,1.0
mbe_22,nan,MBE-1972-78-part2,train,Paul's best defense to a charge of robbery would be that,D,D,True,7,2625,354,"The crimes of robbery and pillaging involve the forcible taking of property, with robbery being the felonious taking of any article of value from another person against their will, and pillaging being the forcible taking of private property by an invading army from enemy subjects.","D

Step 1 — RULE: The extracted legal rule is that the crimes of robbery and pillaging involve the forcible taking of property, with robbery being the felonious taking of any article of value from another person against their will, and pillaging being the forcible taking of private property by an invading army from enemy subjects.

Step 2 — ELEMENTS: The key elements or requirements for robbery are:
1. Felonious taking
2. Of any article of value
3. From another person
4. From their person or immediate presence
5. Against their will
6. Accomplished by means of force or fear

Step 3 — APPLICATION: Evaluating each answer choice against these elements and the facts:
- (A) Jack alone entered the bank: This does not directly address any of the elements required for robbery, particularly whether force or fear was used to take property against the will of another.
- (B) Paul withdrew before commission of the crime when he fled the scene: While withdrawal from a crime can be a defense in certain contexts, it doesn't directly apply to the elements of robbery as defined, especially since the question focuses on the nature of the act rather than Paul's participation or lack thereof after fleeing.
- (C) Paul had no knowledge of what Jack whispered to the teller: This might address the issue of intent or knowledge but does not directly impact whether the elements of robbery were met, specifically regarding the use of force or fear",-100.0,-100.0,-100.0,-0.003942785318940878,1.0
mbe_23,nan,MBE-1972-78-part2,train,The prosecution's best argument to sustain the validity of the search of Jack's car would be that,C,C,True,7,2912,347,"A warrantless search is considered reasonable under the Fourth Amendment if it falls within a specifically established exception, such as valid consent to the search, which requires that the consent be knowing and voluntary and given by one with authority to consent.","C

The extracted legal rule states that a warrantless search is considered reasonable under the Fourth Amendment if it falls within a specifically established exception, such as valid consent to the search. This requires that the consent be knowing and voluntary and given by one with authority to consent.

Decomposing this rule into its key elements:
1. The search must fall under an exception to the warrant requirement.
2. One of these exceptions is valid consent to the search.
3. For consent to be valid, it must be:
   - Knowing: The person giving consent must understand what they are consenting to.
   - Voluntary: The consent must not be coerced or given under duress.
   - Given by one with authority to consent: The person must have the right or permission to allow a search of the premises or item in question.

Evaluating each answer choice against these elements and the facts:
- (A) This option suggests the search was reasonable due to the circumstances, including Paul's nervous condition. While this might contribute to the officers' suspicion, it does not directly address the validity of the consent given by Paul.
- (B) The search being incident to a valid arrest is another exception to the warrant requirement. However, the facts do not indicate that Paul was under arrest at the time he gave consent for the search.
- (C) This option addresses the issue of authority and consent directly. If Paul had sufficient standing and authority to consent to the search of Jack's car,",-100.0,-100.0,-9.051183587871492e-05,-100.0,1.0
mbe_24,nan,MBE-1972-78-part2,train,Pace sues Def Company for injuries suffered when Pace's car collided with Def Company's truck. Def's,B,B,True,7,2627,342,"The attorney-client privilege protects communications made in confidence between a client and an attorney, acting as such, for the purpose of obtaining legal advice, provided the communication relates to that purpose and is made in confidence.","(B)

The extracted legal rule states that the attorney-client privilege protects communications made in confidence between a client and an attorney, acting as such, for the purpose of obtaining legal advice, provided the communication relates to that purpose and is made in confidence.

Decomposing this rule into its key elements, we have:
1. The communication must be made in confidence.
2. The communication must be between a client (or the client's employees) and an attorney acting as such.
3. The purpose of the communication must be to obtain legal advice.
4. The communication must relate to the purpose of obtaining legal advice.

Applying these elements to the given scenario:
- The report was prepared by Def Company's general manager at the request of the company's attorney, which suggests it was made in confidence for the purpose of obtaining legal advice regarding the accident.
- The fact that the report was delivered to the attorney further supports that it was intended for the purpose of legal advice in preparation for trial.

Evaluating each answer choice:
(A) This choice is incorrect because it does not address the specific circumstances under which business reports might be privileged, such as when prepared for the purpose of obtaining legal advice.
(B) This choice aligns with the extracted rule and the gold passage. The report was prepared at the request of the attorney for the purpose of trial preparation, indicating it was a communication made in confidence between the client (through its employee) and the attorney to obtain legal advice.
(C) and (D",-100.0,-3.3129189014434814,-100.0,-100.0,1.0
mbe_25,nan,MBE-1972-78-part2,train,The following facts concern a tract of land in a state which follows general United States law. Each,A,B,False,7,3021,351,"A deed conveying a homestead is void as to the owner who has executed it unless the other spouse joins in the execution with their contemporaneous assent, which requires that the wife execute the conveyance during the husband's lifetime and with his consent.","B

The extracted legal rule states that a deed conveying a homestead is void as to the owner who has executed it unless the other spouse joins in the execution with their contemporaneous assent, which requires that the wife execute the conveyance during the husband's lifetime and with his consent.

Decomposing this rule into its key elements:
1. The property must be a homestead.
2. A spouse has executed a deed conveying the homestead.
3. The other spouse must join in the execution of the conveyance.
4. The joinder must occur during the lifetime of the first spouse to execute the deed.
5. The joinder must be with the contemporaneous assent of both spouses.

Evaluating each answer choice against these elements and the facts:
- The question does not directly involve a homestead or marital rights, as it revolves around the conveyance of property among various individuals (Oleg, Bob, Bill, Charles, Sam, Frank, and Paul) without mention of spousal consent or homestead status.
- However, to determine if Paul can convey marketable record title, we must consider the interests created by the previous transactions:
  - Oleg conveyed the property as a joint tenancy with right of survivorship to Bob and Bill.
  - Upon Bob's death, his interest was devised to Charles for life, then to Sam for life, and then to Sam's children.
  - Upon Bill's death, his interest was devised to Frank.
",-100.0,-0.25083574652671814,-3.8072550296783447,-100.0,0.9722511371900449
mbe_26,nan,MBE-1972-78-part2,train,A necessary element in determining if Peter is liable for a trespass is whether,D,C,False,7,2780,340,"To state a claim for trespass, a plaintiff must establish an interference with their possessory interest in property through a defendant's physical act or force against that property, executed without the plaintiff's consent.","C

To determine if Peter is liable for a trespass, we must apply the extracted legal rule to the facts of the case.

Step 1 — RULE: The extracted legal rule states that to establish a claim for trespass, a plaintiff must show an interference with their possessory interest in property through a defendant's physical act or force against that property, executed without the plaintiff's consent.

Step 2 — ELEMENTS: The key elements of this rule are (1) an interference with a possessory interest in property, (2) a physical act or force by the defendant against that property, and (3) the act must be executed without the plaintiff's consent.

Step 3 — APPLICATION: Evaluating each answer choice against these elements:
- (A) Posting of private property is not explicitly mentioned as a necessary element in the rule.
- (B) Knowledge that the property belonged to a private person might influence whether Peter believed he had permission, but it does not directly address the elements required for a trespass claim.
- (C) Having reasonable grounds to believe the property belonged to a private person could imply that Peter should have known his entry was without consent, which relates to element (3), the requirement that the act be executed without the plaintiff's consent. If Peter reasonably believed the property was private, it suggests he knew or should have known that his entry might be unauthorized.
- (D) The belief about the boat's potential to sink addresses Peter's motivation for entering the property but",-100.0,-100.0,-0.0008381063234992325,-7.636626243591309,0.9995173751328453
mbe_27,nan,MBE-1972-78-part2,train,"If Peter asserts a claim against Owner for loss of the boat, the most likely result is that Owner wi",A,D,False,7,2644,346,"A constable who refuses to allow a defendant to select and have appraised property for exemption under the Act of 1849, when the defendant is entitled to such exemption, becomes liable as a trespasser from the beginning.","(D)

The extracted legal rule states that a person becomes liable as a trespasser from the beginning if they refuse to allow another to exercise a right they are entitled to. In this case, Peter initially entered Owner's property due to necessity (the storm), which could be considered an exception to typical trespassing rules. However, when Owner ordered Peter to remove the boat and Peter refused, Peter became a trespasser at that point because he was refusing to leave the property after being told to do so.

Decomposing the rule into its key elements:
1. A person (in this case, Peter) must be entitled to be on the property or have a right to something.
2. The other party (Owner) must refuse to allow the first party to exercise that right.
3. The refusal by the second party makes them liable as a trespasser from the beginning.

Evaluating each answer choice:
(A) Owner does have a defense under the circumstances because Peter became a trespasser when he refused to remove the boat after being told to do so.
(B) Peter was not a trespasser ab initio; his initial entry onto the property was due to necessity, which is often considered a valid reason for entering someone else's property without permission.
(C) The potential damage to the dock does not directly relate to the legal rule provided about becoming a trespasser by refusing to allow someone to exercise their rights.
(D) This choice aligns with the analysis that Peter became a trespasser when he",-100.0,-100.0,-100.0,-5.262341022491455,1.0
mbe_28,nan,MBE-1972-78-part2,train,"Park brought an action against Dan for injuries received in an automobile accident, alleging neglige",D,D,True,7,2530,353,"Rule 404 generally makes character evidence inadmissible, but allows for several exceptions, and distinguishes between ""character"" as an individual's patterns of behavior and characteristics, and ""reputation"" as the community's general opinion of a person's character traits.","(D)

The extracted legal rule states that Rule 404 generally makes character evidence inadmissible, but allows for several exceptions. The key elements of this rule are: (1) character evidence is typically inadmissible, and (2) there are specific exceptions where it may be admissible.

In the given scenario, Park calls White to testify about Dan's reputation in the community as a reckless driver. This testimony is aimed at proving Dan's character trait of being a reckless driver, which is a form of character evidence.

Applying this to the answer choices:
- (A) Admissible as habit evidence: The gold passage distinguishes between character and reputation but does not specifically address habit evidence in relation to the admissibility of character evidence under Rule 404.
- (B) Admissible because it tends to prove that Dan was negligent at the time of this collision: This choice suggests that character evidence is admissible to prove negligence in a specific instance, which contradicts the general rule stated in the gold passage that character evidence is inadmissible under Rule 404 without specifying an exception for negligence cases.
- (C) Inadmissible because Dan has not offered testimony of his own good character: This choice implies a condition for the admissibility of character evidence that is not mentioned in the provided gold passage or extracted rule. The general rule makes character evidence inadmissible without requiring the opposing party to have first introduced character evidence.
- (D) Inadmissible to show negligence:",-100.0,-100.0,-100.0,-4.903287410736084,1.0
mbe_30,nan,MBE-1972-78-part2,train,"In Duffer's letter of October 8, what was the legal effect of the language: ""This offer is not subje",D,D,True,7,2895,352,"An offeror can limit or reserve the power of acceptance and revocation as they please, provided the offeree is informed of such limitations or reservations before acceptance, and if the offer is in writing, these terms should be explicitly stated in the writing itself.","D

RULE: An offeror can limit or reserve the power of acceptance and revocation as they please, provided the offeree is informed of such limitations or reservations before acceptance, and if the offer is in writing, these terms should be explicitly stated in the writing itself.

ELEMENTS:
1. The offeror has the ability to limit or reserve the power of acceptance and revocation.
2. The offeree must be informed of any limitations or reservations before accepting the offer.
3. If the offer is in writing, the limitations or reservations should be expressed in the writing itself.

APPLICATION:
Given these elements, let's evaluate each answer choice against them and the facts provided:
- (A) This option suggests that under the Uniform Commercial Code, the language used by Duffer made the offer irrevocable until noon, November 12. However, the gold passage does not specifically mention the Uniform Commercial Code or imply that such language automatically makes an offer irrevocable.
- (B) This choice implies that the language prevented Slicker from accepting the offer before noon, November 12. The rule extracted does not support this interpretation as it discusses the offeror's power to limit or reserve acceptance and revocation but does not imply that such language affects the timing of acceptance in this manner.
- (C) This option suggests that at common law, the language created a binding option in Slicker's favor. The gold passage indicates that an offeror can create limitations or reservations",-100.0,-100.0,-100.0,-0.07677637785673141,1.0
mbe_31,nan,MBE-1972-78-part2,train,"In a lawsuit by Slicker against Duffer for breach of contract, what would the court probably decide ",B,B,True,7,2877,344,"An offer is considered withdrawn or revoked if the offeror makes any act or communication that would cause a reasonable person to believe the offer has been withdrawn, regardless of whether specific words like ""revoke"" are used.","B

The extracted legal rule states that an offer is considered withdrawn or revoked if the offeror makes any act or communication that would cause a reasonable person to believe the offer has been withdrawn, regardless of whether specific words like ""revoke"" are used.

Decomposing this rule into its key elements:
1. The offeror must make an act or communication.
2. This act or communication must be such that it would cause a reasonable person to believe the offer has been withdrawn.

Evaluating each answer choice against these elements and the facts:
(A) This choice suggests that Slicker's letter bound both parties to a unilateral contract as soon as he mailed it. However, the rule focuses on what constitutes a revocation of an offer, not on when a contract is formed.
(B) This choice states that mailing Slicker's letter did not prevent a subsequent, effective revocation by Duffer of his offer. Given the facts and the rule, if Duffer's actions (such as buying another bike and potentially communicating his change of heart to Koolcat) could be seen as indicating unwillingness to contract according to the terms of the original offer, this could constitute a revocation, regardless of Slicker's letter.
(C) This choice suggests that Slicker's letter bound both parties to a bilateral contract only when received by Duffer on November 10. The rule about revocation does not directly address when a contract is formed but rather how an offer can be revoked",-100.0,-0.021699627861380577,-100.0,-16.16411018371582,0.9999999024021775
mbe_32,nan,MBE-1972-78-part2,train,What is the probable legal effect of Koolcat's conversation with Slicker and report that he (Koolcat,B,B,True,7,2859,348,"The power of acceptance held by an offeree can be terminated by six specific causes: expiration or lapse of the offer, rejection, counteroffer, qualified or conditional acceptance, valid revocation by the offeror, or operation of law.","B

The extracted legal rule states that the power of acceptance held by an offeree can be terminated by six specific causes: expiration or lapse of the offer, rejection, counteroffer, qualified or conditional acceptance, valid revocation by the offeror, or operation of law.

Decomposing this rule into its key elements, we see that for the power of acceptance to be terminated, one of these six causes must occur. In the context of the question, we are examining how Koolcat's conversation with Slicker affects Slicker's power of acceptance regarding Duffer's offer.

Evaluating each answer choice against these elements and the facts:
- (A) suggests that Koolcat's report had no legal effect because Duffer's offer was irrevocable until November 12. However, this overlooks the potential impact of Koolcat's statement on Slicker's understanding of the situation.
- (B) states that unless a contract had already been formed between Slicker and Duffer, Koolcat's report to Slicker operated to terminate Slicker's power of accepting Duffer's offer. This aligns with the idea that if Slicker believed Duffer was no longer interested or able to purchase the motorcycle (due to Koolcat's claim of selling his Sujocki to Duffer), it could be seen as a form of indirect revocation or a change in circumstances affecting the offer.
- (C) claims that",-100.0,-0.05980714410543442,-100.0,-100.0,1.0
mbe_33,nan,MBE-1972-78-part2,train,"In a suit attacking the validity of a deed executed fifteen years ago, Plaintiff alleges mental inco",B,B,True,7,3015,363,"Hearsay statements are inadmissible unless they fit into one of the recognized exceptions, such as the statement against interest exception, which allows for the admission of certain hearsay statements if the declarant is unavailable as a witness and the statement was against the declarant's interest at the time of its making.","(B)

The extracted legal rule states that hearsay statements are inadmissible unless they fit into one of the recognized exceptions. To determine whether Harry's affidavit is admissible, we must decompose the rule into its key elements: (1) the statement must be hearsay, and (2) it must fit into a recognized exception.

In this case, Harry's affidavit is a written statement made outside of court, offered for the truth of its content, which makes it hearsay. However, there is no indication that Harry is unavailable as a witness or that his statement was against his interest at the time of its making. The gold passage provides an exception to the hearsay rule for statements against interest, but this exception does not apply here because Harry's affidavit does not appear to be against his own interest.

Given these elements, we can evaluate each answer choice:

(A) Inadmissible as opinion: While the affidavit may contain opinions, this is not the primary issue. The statement is hearsay, and the fact that it contains opinions does not necessarily make it admissible or inadmissible.

(B) Inadmissible as hearsay, not within any exception: This answer choice aligns with the extracted rule. Since Harry's affidavit is hearsay and does not fit into a recognized exception, it should be ruled inadmissible.

(C) Admissible as an official document: There is no indication that the affidavit is an official document, and even if it were, this would not necessarily",-100.0,-2.5378527641296387,-100.0,-100.0,1.0
mbe_34,nan,MBE-1972-78-part2,train,"""A person is not responsible for criminal conduct if at the time of such conduct as a result of ment",D,D,True,7,2428,355,"Under the Model Penal Code's insanity defense, an individual is not liable for criminal offenses if they suffered from a mental disease or defect that resulted in a lack of substantial capacity to appreciate the wrongfulness of their actions or conform to legal requirements at the time of the crime.","(D)

The extracted legal rule states that under the Model Penal Code's insanity defense, an individual is not liable for criminal offenses if they suffered from a mental disease or defect that resulted in a lack of substantial capacity to appreciate the wrongfulness of their actions or conform to legal requirements at the time of the crime.

Breaking down this rule into its key elements:
1. The individual must have suffered from a mental disease or defect.
2. This mental disease or defect must have resulted in a lack of substantial capacity.
3. This lack of capacity must be related to either appreciating the wrongfulness of their actions or conforming their actions to legal requirements.

Evaluating each answer choice against these elements:
(A) The M'Naghten Rule is an older test for insanity that focuses solely on whether the defendant knew right from wrong at the time of the crime, which does not fully align with the broader criteria outlined in the extracted rule.
(B) The ""right and wrong plus irresistible impulse"" test combines elements of knowing right from wrong with an inability to control one's actions due to mental disease, but it doesn't perfectly match the Model Penal Code's formulation as described.
(C) The Durham Rule, also known as the ""product test,"" holds that a defendant is not criminally responsible if their unlawful act was the product of mental disease or mental defect, which again does not exactly mirror the specifics of the extracted rule.
(D) The Model Penal Code provision directly matches the description given in the",-100.0,-100.0,-100.0,-2.3248162269592285,1.0
mbe_35,nan,MBE-1972-78-part2,train,Payne had purchased one of the 140 lots and brought suit against Oscar to establish that the remaini,B,B,True,7,5308,368,"A scheme of development, which imposes uniform covenants restricting the use and development of land for the benefit of all purchasers, requires five conditions to be satisfied, including a clearly defined area, a common vendor, intention to impose restrictions on all plots, acceptance of restrictions by each purchaser, and reciprocity of benefits and burdens among owners.","B

The extracted legal rule states that a scheme of development requires five conditions to be satisfied, including a clearly defined area, a common vendor, intention to impose restrictions on all plots, acceptance of restrictions by each purchaser, and reciprocity of benefits and burdens among owners.

Decomposing the rule into its key elements, we have:
1. A clearly defined area
2. A common vendor
3. Intention to impose restrictions on all plots
4. Acceptance of restrictions by each purchaser
5. Reciprocity of benefits and burdens among owners

Evaluating each answer choice against these elements and the facts:
(A) This choice suggests that the provision binds only the grantee, which does not address the requirements for a scheme of development.
(B) This choice turns on whether a common development scheme had been established for the entire subdivision. Given the facts, Oscar laid out a subdivision with uniform covenants restricting the use and development of the land, intending to benefit all purchasers. The key issue is whether this constitutes a common development scheme that would bind all lots, including those not initially sold with restrictions.
(C) This choice introduces an equal protection issue, which is not directly relevant to the establishment of a scheme of development as described in the gold passage.
(D) This choice applies the doctrine of construction of deeds against the grantor, which does not directly address the requirements for a scheme of development.

Given the facts and the elements of the rule, the most appropriate comment is that",-100.0,-7.188272320490796e-06,-20.91393280029297,-100.0,0.9999999991735864
mbe_36,nan,MBE-1972-78-part2,train,Suppose that Oscar sold 50 lots during 1971 without inserting in the deeds any provisions relating t,D,D,True,7,3446,359,"The common scheme of development doctrine, also known as implied equitable servitudes or implied restrictive covenants, applies when a common owner subdivides property into lots for sale with a general scheme of development restricting use, and five specific conditions are met, including notice to the purchaser of the restriction.","D

The extracted legal rule states that the common scheme of development doctrine applies when a common owner subdivides property into lots for sale with a general scheme of development restricting use, and five specific conditions are met, including notice to the purchaser of the restriction.

Decomposing this rule into its key elements, we have:
1. A common owner subdividing property into lots for sale.
2. A general scheme of development for the property as a whole, restricting use.
3. The vast majority of subdivided lots containing restrictive covenants reflecting the general scheme.
4. The property against which application of an implied covenant is sought being part of the general scheme of development.
5. The purchaser of the lot in question having notice, actual or constructive, of the restriction.

Evaluating each answer choice against these elements and the facts:
(A) Oscar's difficulty in selling with provisions relating to use does not directly relate to the elements required for the common scheme of development doctrine. This option discusses a change in circumstances but does not address whether the initial sale met the requirements for implying a restrictive covenant.
(B) Enforcement of the restriction being an unreasonable restraint on alienation is not directly addressed by the extracted rule, which focuses on the conditions under which implied equitable servitudes can be established, not on the reasonableness of enforcing such restrictions once they are established.
(C) The proof not establishing a danger of monetary loss to Pringle relates to potential damages or the impact of the restriction but does not address",-100.0,-100.0,-100.0,-0.013115450739860535,1.0
mbe_37,nan,MBE-1972-78-part2,train,"Adam and Bailey. brothers, operated an illicit still. They customarily sold to anyone unless they su",B,B,True,7,2681,340,"Battery is defined as an intentional, unconsented-to, injurious or otherwise offensive physical contact with the victim, and is distinct from assault in that it involves actual physical injury or offensive touching.","(B)

Step 1 — RULE: The extracted legal rule is that battery is defined as an intentional, unconsented-to, injurious or otherwise offensive physical contact with the victim, and is distinct from assault in that it involves actual physical injury or offensive touching.

Step 2 — ELEMENTS: To establish battery, there must be (1) an intentional act, (2) that results in a physical contact, (3) which is unconsented-to by the victim, and (4) causes injury or is otherwise offensive.

Step 3 — APPLICATION: 
- Adam's action of shooting Mitchell with a rifle clearly meets all elements of battery: it was intentional, resulted in physical contact (the bullet wound), was unconsented-to by Mitchell, and caused injury. Thus, Adam is guilty of battery.
- Bailey, on the other hand, did not engage in any physical contact with the officers. He refused to sell liquor to one of them but did not touch or harm him in any way. Therefore, based on the definition of battery provided, Bailey's actions do not constitute a battery because there was no intentional, unconsented-to, injurious or otherwise offensive physical contact.

However, considering the context of conspiracy and the question's focus on both Adam and Bailey being charged with battery among other crimes, it might seem initially that only Adam's direct action could be considered for battery. Yet, the key here is understanding that while Bailey did not directly commit a battery, the",-100.0,-3.755303144454956,-100.0,-100.0,1.0
mbe_38,nan,MBE-1972-78-part2,train,The bus in which Pat was riding was struck from the rear by a taxi. He sued Cab Company for a claime,B,B,True,7,2940,362,"Under Federal Rule of Evidence 703, an expert witness's opinion is admissible if it is based on facts or data that experts in the same field would reasonably rely on, even if those facts or data are not themselves admissible, as long as their probative value outweighs their prejudicial effect.","(B)

Step 1 — RULE: Under Federal Rule of Evidence 703, an expert witness's opinion is admissible if it is based on facts or data that experts in the same field would reasonably rely on, even if those facts or data are not themselves admissible, as long as their probative value outweighs their prejudicial effect.

Step 2 — ELEMENTS: The key elements of this rule include:
1. The testimony must be from an expert witness.
2. The opinion must be based on facts or data that experts in the same field would reasonably rely on.
3. The facts or data do not have to be admissible for the opinion to be admissible, but their probative value must substantially outweigh their prejudicial effect.

Step 3 — APPLICATION: Evaluating each answer choice against these elements:
- (A) This choice is incorrect because being a doctor does not automatically make all testimony admissible; the basis of the testimony and its relevance matter.
- (B) This choice aligns with the rule because if other testimony establishes a causal connection between the accident and the passengers' pain, it supports the expert's reliance on the facts or data about those passengers, making the testimony admissible under Rule 703 as long as experts would reasonably rely on such information to form an opinion.
- (C) This choice is incorrect because while hearsay is generally inadmissible, Rule 703 provides an exception for expert opinions based on facts or data that experts in the",-100.0,-6.213881969451904,-100.0,-100.0,1.0
mbe_39,nan,MBE-1972-78-part2,train,"Odum owned Brightacre (a tract of land) in fee simple. He conveyed it ""to Pike, his heirs and assign",B,B,True,7,2364,324,The Rule Against Perpetuities is violated when there is a possibility of vesting beyond the perpetuity period.,"(B)

Step 1 — RULE: The Rule Against Perpetuities is violated when there is a possibility of vesting beyond the perpetuity period.

Step 2 — ELEMENTS: To apply this rule, we need to identify (1) the nature of the interests created by the deed and (2) whether there's a possibility that these interests could vest beyond a life in being plus 21 years (the general perpetuity period).

Step 3 — APPLICATION: The deed creates a conditional interest in Farley that will vest if he is alive 30 years from the date of the deed. This means we must consider whether it's possible for Farley's interest to vest more than 30 years after the date of the deed, which could potentially exceed the life of a person alive at the time of the conveyance plus 21 years.

However, since the condition (Farley being alive) is tied to his own life, and he is presumably alive at the time of the conveyance (since the condition pertains to him directly), the vesting of Farley's interest is contingent upon his survival for 30 years. This scenario does not create a possibility of vesting beyond the lives of those in being at the time of the conveyance plus 21 years because Farley's life serves as one of the measuring lives.

Step 4 — CONCLUSION: Given that the interest will vest, if at all, within a life in being (Farley's) plus a",-100.0,-2.78468918800354,-100.0,-100.0,1.0
mbe_40,nan,MBE-1972-78-part2,train,Assume that the contractor had made no error and that Neff had paid only for labor and materials for,A,A,True,7,2748,340,"A contract is considered aleatory if its performance or the extent of its performance is contingent upon an uncertain event, as determined by either the nature of the contract or the intent of the parties involved.","(A)

Step 1 — RULE: A contract is considered aleatory if its performance or the extent of its performance is contingent upon an uncertain event, as determined by either the nature of the contract or the intent of the parties involved.

Step 2 — ELEMENTS: The key elements of this rule are (1) the presence of a contract, (2) the performance or extent of performance being contingent upon something, and (3) that contingency being an uncertain event. 

Step 3 — APPLICATION: Evaluating each answer choice against these elements:
- (A) Yes: This option suggests that Owens' promise was supported by consideration. Given that Neff agreed not to sue for reimbursement in exchange for Owens' promise to hire a caretaker, there is a bargained-for exchange. The fact that the contractor made no error and Neff had paid only for his own property's sidewalk does not negate the fact that Neff gave up a legal right (to sue) in exchange for Owens' promise. This satisfies the requirement for consideration.
- (B) No, because Owens did not believe that Neff had a valid claim: The belief of one party about the validity of the other's claim does not affect the existence of consideration if there was a bargained-for exchange.
- (C) No, because Neff's claim was groundless: Similar to option B, the groundlessness of Neff's claim does not negate the fact that he relinquished a legal right (to",-0.5015329122543335,-100.0,-100.0,-100.0,1.0
mbe_41,nan,MBE-1972-78-part2,train,"Assuming there is an enforceable contract between Owens and Morse, does Neff have an action against ",A,C,False,7,3290,361,"A third party may recover on a contract made between other parties only if the contracting parties intended to secure some benefit to that third party and entered into the contract directly for the third party's benefit as either a donee or creditor beneficiary, not merely someone benefitted incidentally by performance of the contract.","C

To determine whether Neff has an action against Morse, we must apply the extracted legal rule to the given scenario.

Step 1 — RULE: The extracted legal rule states that a third party may recover on a contract made between other parties only if the contracting parties intended to secure some benefit to that third party and entered into the contract directly for the third party's benefit as either a donee or creditor beneficiary, not merely someone benefitted incidentally by performance of the contract.

Step 2 — ELEMENTS: The key elements of this rule are:
1. The intention of the contracting parties to secure some benefit to the third party.
2. The entry into the contract must be directly for the third party's benefit.
3. The third party must be either a donee or creditor beneficiary, not just an incidental beneficiary.

Step 3 — APPLICATION: Evaluating each answer choice against these elements and the facts:
- (A) Neff is considered a creditor third-party beneficiary if the performance promised (keeping the sidewalks clean) was to satisfy a legal duty owed to him. However, based on the contract between Owens and Morse, there's no indication that this service was intended to satisfy a pre-existing debt or obligation to Neff.
- (B) For Neff to be a donee beneficiary, the performance (cleaning the sidewalks) must come to him as a pure donation. The arrangement between Owens and Morse doesn't explicitly indicate that the cleaning of Neff's sidewalk was",-100.0,-13.169097900390625,-0.003940996713936329,-100.0,0.9999980837852839
mbe_42,nan,MBE-1972-78-part2,train,Defendant was driving his automobile at a legal speed in a residential zone. A child darted out in f,C,C,True,7,2488,347,"To establish involuntary manslaughter, the defendant's act must be the proximate cause of the death, meaning it must be an unbroken link in a chain of events that produces the death, without which the death would not have occurred.","(C)

Step 1 — RULE: To establish involuntary manslaughter, the defendant's act must be the proximate cause of the death, meaning it must be an unbroken link in a chain of events that produces the death, without which the death would not have occurred.

Step 2 — ELEMENTS: The key elements or requirements for establishing involuntary manslaughter under this rule are:
1. The defendant's act (in this case, driving without a valid license) must be part of a chain of events.
2. This chain of events must lead to the death in a natural and continued sequence.
3. The chain of events must be unbroken by an efficient intervening cause.
4. The death would not have occurred without the defendant's act.

Step 3 — APPLICATION: Evaluating each answer choice against these elements:
- (A) Guilty under the misdemeanor-manslaughter rule: This option does not directly address whether driving without a license was the proximate cause of the child's death.
- (B) Guilty because the licensing requirements are to protect life, and failure to obey is negligence: While driving without a license may be negligent, this choice doesn't establish that the lack of a valid license directly caused the child's death.
- (C) Not guilty because the offense was not the proximate cause of the death: Given that the child darted out in front of Defendant and the accident occurred before Defendant could prevent it, driving without a valid license does not appear to be",-100.0,-100.0,-0.6956626772880554,-100.0,1.0
mbe_43,nan,MBE-1972-78-part2,train,"Pauline, an unmarried female, was prominent in the women's liberation movement. She recently gave bi",B,D,False,7,3052,352,"A claim for public disclosure of private facts can be defended against by showing that the disclosed fact was of legitimate public interest, was consented to by the plaintiff, or was a matter of public record, but truth is not a defense to such a claim.","(D)

The extracted legal rule states that a claim for public disclosure of private facts can be defended against by showing that the disclosed fact was of legitimate public interest, was consented to by the plaintiff, or was a matter of public record, but truth is not a defense to such a claim.

Decomposing this rule into its key elements, we have:
1. Legitimate public interest: The disclosure must be of a fact in which the public has a legitimate interest.
2. Consent: The plaintiff must have consented to the disclosure.
3. Public record: The disclosed fact must be a matter of public record.
4. Truth is not a defense: The fact that the disclosed information is true does not defend against a claim for public disclosure of private facts.

Evaluating each answer choice against these elements and the facts:
(A) Not prevail, because truth is a complete defense - This is incorrect according to the extracted rule, which states that truth is not a defense to a claim for public disclosure of private facts.
(B) Not prevail, because of her announcement concerning the birth of her own child - While this might suggest Pauline has made herself a public figure to some extent, it does not directly address whether the specific facts disclosed about her birth are of legitimate public interest or otherwise exempt from a privacy claim. The rule emphasizes that being a public figure can make details of their private life more likely to be considered of public interest, but this is context-dependent.
(C) Prevail,",-100.0,-100.0,-100.0,-4.958693504333496,1.0
mbe_44,nan,MBE-1972-78-part2,train,"Homer conveyed his home to his wife, Wanda, for life, remainder to his daughter, Dixie. There was a ",C,C,True,7,2808,351,"A remainder interest is considered vested if it is held by an ascertainable person and there are no conditions precedent to its taking other than the termination of prior estates, allowing for immediate possession upon termination of the intermediate estate and permitting transfer of the vested remainder.","C

The extracted legal rule states that a remainder interest is considered vested if it is held by an ascertainable person and there are no conditions precedent to its taking other than the termination of prior estates, allowing for immediate possession upon termination of the intermediate estate and permitting transfer of the vested remainder.

Decomposing this rule into its key elements:
1. The remainder interest must be in an ascertainable person.
2. There should be no conditions precedent to its taking other than the termination of prior estates.
3. The holder of the remainder has a right to immediate possession upon termination of the intermediate estate.
4. A vested remainder can be transferred.

Applying these elements to the given scenario:
- Dixie, as Homer's daughter, is an ascertainable person, satisfying the first element.
- The only condition for Dixie's taking of the estate is the termination of Wanda's life estate, which aligns with the second element.
- Upon Wanda's death (termination of her life estate), Dixie has a right to immediate possession, fulfilling the third element.

Given these points, we can address the question about the monthly payment on the mortgage:
- The rule itself does not directly address who is responsible for the mortgage payments during the life estate. However, in general principles of property law, the life tenant (Wanda) is responsible for paying interest on any mortgage debt during their lifetime because it is considered part of the maintenance and upkeep of the property, ensuring that the value of the",-15.634259223937988,-100.0,-0.008309256285429,-100.0,0.9999998364177854
mbe_45,nan,MBE-1972-78-part2,train,"The police, answering a complaint about noise, arrived at Sam's apartment and found Sam's wife dead ",B,B,True,7,2757,342,"The police must administer Miranda warnings to a defendant before subjecting him to custodial interrogation, and failure to do so requires the exclusion of his statements from evidence, unless an exception to the Miranda requirement applies.","(B)

The extracted legal rule states that the police must administer Miranda warnings to a defendant before subjecting him to custodial interrogation, and failure to do so requires the exclusion of his statements from evidence, unless an exception to the Miranda requirement applies.

Decomposing this rule into its key elements:
1. The defendant must be in custody or significantly deprived of freedom.
2. There must be an interrogation, which can include express questioning or actions likely to elicit an incriminating response.
3. Miranda warnings must be given before the interrogation.

Evaluating each answer choice against these elements and the facts:
- (A) The concept of ""res gestae"" is not directly relevant to the Miranda rule as stated in the gold passage. While it might relate to the admissibility of statements made during or near the time of a crime, it does not address the custodial interrogation issue.
- (B) This choice suggests that because Sam's statement was volunteered and made at the scene without being part of a custodial interrogation, it could be admissible. Given that the gold passage emphasizes the need for Miranda warnings in cases of custodial interrogation, if Sam was not in custody and his statement was essentially volunteered without police action designed to elicit an incriminating response, this choice seems plausible.
- (C) The ambiguity of the statement and whether it is incriminatory could be relevant in other contexts but does not directly address the issue of custodial interrogation versus voluntary statements as",-100.0,-5.917010307312012,-100.0,-4.149331092834473,0.14583117875026827
mbe_49,nan,MBE-1972-78-part2,train,John Smith has denied his purported signature on a letter which has become critical in a breach of c,D,D,True,7,2940,392,"To be admissible, nonexpert handwriting identification opinion testimony must satisfy both Rule 701's requirement that it be ""rationally based on the perception of the witness"" and Rule 901(b)(2)'s requirement that it be ""based upon familiarity not acquired for purposes of the litigation"", with a proper foundation established through detailed information about the witness's relationship with the person whose handwriting is in question and particular identification of the material relied on to establish familiarity.","(D)

To solve this question, let's follow the steps outlined:

Step 1 — RULE: The extracted legal rule is that to be admissible, nonexpert handwriting identification opinion testimony must satisfy both Rule 701's requirement that it be ""rationally based on the perception of the witness"" and Rule 901(b)(2)'s requirement that it be ""based upon familiarity not acquired for purposes of the litigation"", with a proper foundation established through detailed information about the witness's relationship with the person whose handwriting is in question and particular identification of the material relied on to establish familiarity.

Step 2 — ELEMENTS: The key elements or requirements of this rule are:
1. The testimony must be rationally based on the perception of the witness (Rule 701).
2. The familiarity with the handwriting must not have been acquired for purposes of the litigation (Rule 901(b)(2)).
3. A proper foundation must be established, including detailed information about the witness's relationship with the person whose handwriting is in question.
4. The witness must identify with particularity the material relied on to establish familiarity with the person's handwriting.

Step 3 — APPLICATION: Evaluating each answer choice against these elements and the facts:
- (A) This option suggests that identification of handwriting requires expert testimony, which contradicts the rule allowing lay witnesses under certain conditions.
- (B) This option focuses on the recency of the witness's familiarity with Smith's handwriting but does not directly address the requirements for",-100.0,-100.0,-100.0,-3.909036159515381,1.0
mbe_50,nan,MBE-1972-78-part3,train,"If Susie's claim against Roger's Market is based on a negligence theory, Susie will",C,C,True,7,3809,334,"The question of due care or negligence is ordinarily one for the jury to determine, unless the facts are undisputed, in which case it becomes a matter of law.","C

The extracted legal rule states that the question of due care or negligence is ordinarily one for the jury to determine, unless the facts are undisputed, in which case it becomes a matter of law. Decomposing this rule into its key elements, we have: (1) the determination of due care or negligence, and (2) the role of the jury versus the court in making this determination based on whether the facts are disputed or undisputed.

Applying these elements to the given scenario, Susie's claim against Roger's Market is based on a negligence theory. The facts provided do not indicate that Roger's Market was negligent in selling her the corned beef; rather, they show that Roger's Market had no way of knowing the content of the can was likely to cause harm and had sold West Beef Company's products for years without issue. This lack of evidence regarding Roger's Market's negligence aligns with answer choice (C), which states that Susie will not recover because there was no evidence that the defendant failed to exercise due care in selling her the corned beef.

The other options do not apply based on the provided facts and the extracted legal rule. Option (A) discusses the negligence of Meat Packers, Inc., following the passage of title, which is irrelevant to Susie's claim against Roger's Market based on a negligence theory. Option (B) suggests a joint venture relationship between Roger's Market and Meat Packers, Inc., which is not supported by the facts provided.",-100.0,-100.0,-0.16816629469394684,-100.0,1.0
mbe_51,nan,MBE-1972-78-part3,train,"If Susie's claim against West Beef Company is based on the theory of strict liability in tort, Susie",A,A,True,7,3145,373,"To prove a product-liability claim, a plaintiff must show that the product was in a defective condition unreasonably dangerous for its intended use, the defect existed when the product left the manufacturer's control, and the defect proximately caused the plaintiff's injuries, typically requiring expert testimony if the product or its inner workings are beyond the understanding of a lay jury.","(A)

To prove a product-liability claim based on strict liability in tort, as stated in the extracted legal rule, Susie must show that the product was in a defective condition unreasonably dangerous for its intended use, the defect existed when the product left the manufacturer's control, and the defect proximately caused her injuries.

Decomposing the rule into its key elements:
1. The product must be in a defective condition.
2. The defect must make the product unreasonably dangerous for its intended use.
3. The defect must have existed when the product left the manufacturer's control.
4. The defect must have proximately caused the plaintiff's injuries.

Evaluating each answer choice against these elements and the facts:
- (A) Susie will recover because the can contained a sliver of bone when the defendant sold it. This aligns with the requirement that the product was in a defective condition (the presence of a bone sliver) unreasonably dangerous for its intended use (eating), and this defect existed when the product left West Beef Company's control, even though West Beef did not process or pack the corned beef itself. The fact that Meat Packers, Inc., was negligent supports the existence of a defect.
- (B) This choice discusses breach of warranty and imputation, which is not directly relevant to strict liability in tort based on product defects.
- (C) Privity of contract is not required for strict liability claims; thus, the lack of",-9.278383255004883,-100.0,-100.0,-100.0,1.0
mbe_54,nan,MBE-1972-78-part3,train,"A newly-enacted state criminal statute provides, in its entirety, ""No person shall utter to another ",C,C,True,7,2468,350,"The First Amendment to the US Constitution prohibits Congress from making laws that establish religion, prohibit the free exercise of religion, abridge freedom of speech or press, or restrict the rights of peaceful assembly and petitioning the government for redress of grievances.","(C)

Step 1 — RULE: The First Amendment to the US Constitution prohibits Congress from making laws that establish religion, prohibit the free exercise of religion, abridge freedom of speech or press, or restrict the rights of peaceful assembly and petitioning the government for redress of grievances.

Step 2 — ELEMENTS: The key elements of this rule include:
1. Prohibition on establishing religion
2. Protection of the free exercise of religion
3. Protection of freedom of speech
4. Protection of freedom of the press
5. Protection of peaceful assembly rights
6. Protection of the right to petition the government for redress of grievances

Step 3 — APPLICATION: Evaluating each answer choice against these elements and the facts:
- (A) can be convicted: This option suggests that the statute is constitutional as applied to Smith's behavior. However, given the broad language of the statute (""any annoying, disturbing or unwelcome language""), it could potentially encompass a wide range of speech that might be protected under the First Amendment.
- (B) cannot be convicted, because speech of the sort described here may not be punished by the state because of the First and Fourteenth Amendments: This option implies that Smith's speech is entirely protected. While the First Amendment protects a significant amount of speech, it does not protect all speech, particularly speech that is directed at an individual in a harassing manner.
- (C) cannot be convicted, because, though his speech here may be punished by",-100.0,-8.567912101745605,-1.4075672626495361,-100.0,0.9992238162885139
mbe_55,nan,MBE-1972-78-part3,train,In which of the following situations is Defendant's claim of intoxication most likely to result in h,B,B,True,7,2503,338,"To prove Assault With Intent to Kill While Armed, the government must establish beyond a reasonable doubt that the defendant committed an assault with the specific intent to kill while armed with a dangerous weapon.","B

To determine in which situation Defendant's claim of intoxication is most likely to result in his being found not guilty, let's apply the extracted legal rule step by step.

Step 1 — RULE: The extracted legal rule states that to prove Assault With Intent to Kill While Armed (AWIKWA), the government must establish beyond a reasonable doubt that the defendant committed an assault with the specific intent to kill while armed with a dangerous weapon.

Step 2 — ELEMENTS: Decomposing this rule into its key elements, we have:
1. The defendant must commit an assault.
2. The defendant must have the specific intent to kill.
3. The assault must be committed while armed with a dangerous weapon.

Step 3 — APPLICATION: Evaluating each answer choice against these elements and considering how intoxication might affect them:
- (A) Involves manslaughter, which typically does not require a specific intent to kill but rather a reckless disregard for life. Intoxication might be relevant in determining recklessness but is less directly related to the specific intent required for AWIKWA.
- (B) Directly involves an assault with intent to kill while armed. If Defendant can prove he was too intoxicated to form the specific intent to kill, this could potentially negate the second element of the crime (specific intent to kill), making it harder for the government to prove AWIKWA beyond a reasonable doubt.
- (C) Concerns armed robbery, which requires intent to take property but not necessarily",-100.0,-0.00033925793832167983,-19.075664520263672,-100.0,0.9999999948037326
mbe_56,nan,MBE-1972-78-part3,train,"Asserting that his title was held free of any claim by Barrett, Allred instituted suit against Barre",A,A,True,7,2923,345,"The chain of title, which is the complete ownership history of a property, is crucial in establishing ownership rights and is supported by documents such as deeds and titles, which together provide a record of continuous and unbroken ownership.","(A)

Step 1 — RULE: The chain of title, which is the complete ownership history of a property, is crucial in establishing ownership rights and is supported by documents such as deeds and titles, which together provide a record of continuous and unbroken ownership.

Step 2 — ELEMENTS: The key elements of this rule include (1) the importance of the chain of title in establishing ownership, (2) the role of documents like deeds and titles in supporting the chain of title, and (3) the requirement for continuous and unbroken ownership records.

Step 3 — APPLICATION: Evaluating each answer choice against these elements and the facts provided:
- (A) Allred's prior recorded deed is deemed to be outside Barrett's chain of title. This option suggests that if a deed is not part of the direct chain of title leading to the current claimant (Barrett), it may not affect Barrett's ownership rights. Given the facts, Allred did record his deed but after several other transactions had occurred, which could potentially place his deed outside the chain of title relevant to Barrett's claim.
- (B) Barrett's grantor, Niece, recorded before Allred. While true, this does not directly address why Barrett would prevail over Allred based on the chain of title and recording laws.
- (C) As between two warranty deeds, the later one controls. This statement is not supported by the provided rule or passage, which emphasizes the importance of the chain of title",-7.3826704025268555,-100.0,-100.0,-100.0,1.0
mbe_57,nan,MBE-1972-78-part3,train,"Asserting that his title was held free of any claim by Leon, Allred instituted suit against Leon to ",D,D,True,7,2769,346,"The subsequent purchaser rule holds that an owner of property has no right to recover from a third party for damage inflicted on the property before their purchase, unless there is an assignment or subrogation of the previous owner's rights.","(D)

The extracted legal rule states that an owner of property has no right to recover from a third party for damage inflicted on the property before their purchase, unless there is an assignment or subrogation of the previous owner's rights. However, this rule does not directly apply to the given scenario as it deals with damages and recovery, whereas the question revolves around the priority of title and recording of deeds under a statute.

Decomposing the key elements from the provided gold passage for understanding the concept of subsequent purchasers and applying it analogously:
1. The concept of a ""subsequent purchaser"" implies someone who acquires property after an initial transaction has occurred but without knowledge of that initial transaction.
2. The idea of paying value without notice is crucial; it suggests that if a person buys something (in this case, a mortgage interest in land) without knowing about prior claims or interests, they have certain rights.

Applying these concepts to the given scenario:
- Allred initially received the deed from Owen but did not record it immediately.
- Leon then gave Owen a loan and received a mortgage on Farmdale without knowledge of the conveyance to Allred. He promptly recorded this mortgage.
- Niece later received a deed from Owen, which she recorded, followed by Allred recording his deed.

Given these facts:
- The key issue is whether Leon's lack of notice and prompt recording of his mortgage give him priority over Allred's title.
- The statute mentioned provides that a conveyance is",-100.0,-100.0,-100.0,-2.8221075534820557,1.0
mbe_58,nan,MBE-1972-78-part3,train,Assume for this question only that Niece had not conveyed to Barrett. After Allred recorded his deed,C,C,True,7,2852,363,"A bona fide purchaser for value must acquire title without notice of another's claim of right to, or equity in, the property, and having notice of facts that would put an ordinarily prudent person on inquiry is deemed to be on notice of all defects in title or equitable rights that the inquiry would have uncovered.","C

Step 1 — RULE: A bona fide purchaser for value must acquire title without notice of another's claim of right to, or equity in, the property, and having notice of facts that would put an ordinarily prudent person on inquiry is deemed to be on notice of all defects in title or equitable rights that the inquiry would have uncovered.

Step 2 — ELEMENTS: The key elements of this rule are (1) acquisition of title without notice of another's claim, and (2) payment of valuable consideration. Additionally, notice can be either actual or constructive, where constructive notice is implied when an ordinarily prudent person would be put on inquiry by the facts.

Step 3 — APPLICATION: Evaluating each answer choice against these elements:
- (A) Niece had no notice of Allred's rights when she accepted the deed from Owen. However, this does not directly address whether Niece was a bona fide purchaser or if her lack of notice is sufficient to trump Allred's claim given that she did not pay value.
- (B) The order of recording does not necessarily determine priority in this context since the statute suggests that recording affects the validity as against subsequent purchasers without notice. This choice doesn't directly address the bona fide purchaser status or notice issues.
- (C) Niece was not a bona fide purchaser who paid value. Given that she received the deed gratuitously, this aligns with the rule's requirement for payment of valuable consideration to be considered",-100.0,-100.0,-0.009029186330735683,-12.926324844360352,0.9999975447896381
mbe_59,nan,MBE-1972-78-part3,train,"For this question only, assume that Ohner and Byer were bound by a contract for the sale of lot 101 ",B,D,False,7,2902,352,The common scheme doctrine allows an owner of a lot in a development to bring an action against another lot owner to enforce residential use restrictions if the lots were conveyed with identical or substantially similar covenants as part of a general plan for an exclusively residential area.,"(D)

The extracted legal rule is not directly applicable to this question because it pertains to the enforcement of residential use restrictions in a development, whereas the scenario involves a contract for the sale of lots. However, we can still analyze the situation based on general principles of contract law.

Step 1 — RULE: The common scheme doctrine allows an owner of a lot in a development to bring an action against another lot owner to enforce residential use restrictions if the lots were conveyed with identical or substantially similar covenants as part of a general plan for an exclusively residential area. However, this rule does not apply here.

Step 2 — ELEMENTS: Since the provided rule is not relevant, we look at the key elements of contract law that might apply:
- An offer was made by Ohner to sell lots at $5,000 each.
- The offer was accepted by Byer for lot 101 before receiving all details.
- A subsequent agreement was made to sell lot 101 for $6,000.
- Byer then accepted the offer for the remaining lots.

Step 3 — APPLICATION: 
- (A) Only $5,000 for each of the fifty lots: This choice ignores the subsequent agreement regarding lot 101 and potentially misinterprets the acceptance of the rest of the lots.
- (B) Only $5,000 for lot 101, but $6,000 for the remaining forty-nine lots: This contradicts the new agreement made for lot 101.
-",-100.0,-100.0,-100.0,-3.3030242919921875,1.0
mbe_60,nan,MBE-1972-78-part3,train,"For this question only, assume that on May 5 Ohner telephoned Byer that he had sold lots 102 through",D,C,False,7,2835,343,"An offeror may normally revoke an offer at any time before acceptance, unless the offeree has given consideration for a promise to hold the offer open, in which case the promise is enforceable as an option.","(C)

Step 1 — RULE: The extracted legal rule is that an offeror may normally revoke an offer at any time before acceptance, unless the offeree has given consideration for a promise to hold the offer open, in which case the promise is enforceable as an option.

Step 2 — ELEMENTS: The key elements of this rule are (1) the offeror's ability to revoke the offer at any time before acceptance, and (2) the exception that applies when the offeree gives consideration for a promise to hold the offer open, making it an enforceable option. Another important aspect is what events terminate the power of acceptance, such as lapse of the offer or revocation.

Step 3 — APPLICATION: Evaluating each answer choice against these elements and the facts:
- (A) Suggests that Ohner's promise to keep the offer open until June 1 prevents him from selling the lots to someone else. However, according to the rule, such a promise is not enforceable unless consideration was given for it, which is not indicated in the scenario.
- (B) Implies that the method of revocation (by telephone) affects its validity. The gold passage does not indicate that the method of revocation is relevant to its effectiveness; what matters is whether the offeror can revoke at all before acceptance or if there's an enforceable option.
- (C) States that Byer's power of acceptance was terminated by Ohner's sale of the lots",-100.0,-100.0,-3.870952606201172,-100.0,1.0
mbe_61,nan,MBE-1972-78-part3,train,"For this question only, assume that on May 6 Byer telegraphed Ohner. ""Will take the rest of the lots",C,C,True,7,2554,343,"A principal's breach of the implied covenant of good faith and fair dealing may excuse a condition in a listing contract or employment agreement with a broker, thereby potentially depriving the principal of the benefits of the agreement.","C

Step 1 — RULE: A principal's breach of the implied covenant of good faith and fair dealing may excuse a condition in a listing contract or employment agreement with a broker, thereby potentially depriving the principal of the benefits of the agreement.

Step 2 — ELEMENTS: The key elements of this rule are (1) the existence of an implied covenant of good faith and fair dealing, (2) a breach of this covenant by the principal, and (3) the excusal of a condition in a contract due to this breach. However, upon closer examination, it appears that the provided gold passage and extracted legal rule may not directly apply to the scenario described in the question, as the scenario involves a real estate transaction between two parties (Ohner and Byer) rather than a listing contract or employment agreement with a broker.

Step 3 — APPLICATION: Given the mismatch between the rule and the scenario, we must look for an answer choice that could still provide legal support to Ohner's contention without directly relying on the implied covenant of good faith and fair dealing in a broker-principal context. 
- (A) Impossibility of performance could be relevant if Ohner can prove that it was impossible for him to perform due to circumstances beyond his control, such as not having good title to the lots.
- (B) Unilateral mistake as to basic assumption might apply if one party had a fundamental misunderstanding about a fact assuming it to be true when making the contract, but",-100.0,-100.0,-0.0010398507583886385,-9.721464157104492,0.9999399590872567
mbe_62,nan,MBE-1972-78-part3,train,Philip was a 10-year-old boy. Macco was a company that sold new and used machinery. Macco stored dis,D,D,True,7,2938,350,"A private nuisance exists when an activity substantially and unreasonably interferes with the use and enjoyment of another's property, requiring a balancing of the gravity of the harm against the utility of the defendant's conduct to determine if an injunction is warranted.","D

The extracted legal rule states that a private nuisance exists when an activity substantially and unreasonably interferes with the use and enjoyment of another's property, requiring a balancing of the gravity of the harm against the utility of the defendant's conduct to determine if an injunction is warranted.

Decomposing this rule into its key elements:
1. The existence of an activity by the defendant.
2. The activity must substantially and unreasonably interfere with the use and enjoyment of another's property.
3. A balancing test is required, weighing the gravity of the harm against the utility of the defendant's conduct.

Evaluating each answer choice against these elements and the facts:
(A) Whether the press on which Philip was injured was visible from a public way - This factor does not directly relate to the elements of a private nuisance as defined by the rule. Visibility from a public way might be relevant in other legal contexts, such as attractive nuisances, but it is not the most significant factor in determining a breach of duty under the given rule.
(B) Whether the maintenance of the area for the storage of discarded machinery was a private nuisance - While this option directly mentions ""private nuisance,"" it does not address the specific elements required to establish a nuisance under the rule, such as substantial and unreasonable interference and the balancing test.
(C) Whether the maintenance of the area for the storage of discarded machinery was a public nuisance - This choice introduces the concept of a public nuisance, which is not directly addressed by the",-100.0,-100.0,-100.0,-0.0080709308385849,1.0
mbe_63,nan,MBE-1972-78-part3,train,"If Rescuer asserts a claim against Si for personal injuries, Rescuer will",B,B,True,7,2534,335,A person who creates a situation requiring rescue through their own negligence owes a duty of care both to the imperiled victim and to any would-be rescuer who intervenes.,"(B)

Step 1 — RULE: A person who creates a situation requiring rescue through their own negligence owes a duty of care both to the imperiled victim and to any would-be rescuer who intervenes.

Step 2 — ELEMENTS: The key elements of this rule are (1) the creation of a situation requiring rescue, (2) the situation must be a result of the person's own negligence, and (3) the intervention of a rescuer.

Step 3 — APPLICATION: Evaluating each answer choice against these elements:
- (A) This choice suggests that Rescuer will prevail simply because he saved Si's life. However, the rule emphasizes the negligence of the person creating the situation requiring rescue, not the act of rescue itself.
- (B) This choice aligns with the rule because it acknowledges Si's fault in causing the fire, which created a situation requiring rescue. Si's actions were negligent (siphoning gasoline without consent), leading to the explosion and fire, which directly created the dangerous situation that Rescuer intervened in.
- (C) This choice implies that Rescuer assumed the risk by intervening. While assumption of risk can be a defense in some cases, the rule specifically addresses the duty owed by the wrongdoer to the rescuer, suggesting that the wrongdoer's negligence is the primary concern, not the rescuer's decision to intervene.
- (D) This choice suggests that Rescuer's action was not a foreseeable",-100.0,-2.3359251022338867,-100.0,-100.0,1.0
mbe_64,nan,MBE-1972-78-part3,train,"If Rescuer asserts a claim against Neighbor personal injuries, Rescuer will",C,A,False,7,2405,341,"An injury sustained during a rescue effort is attributable to the party whose actions created the danger that necessitated the rescue, and the rescuer can recover damages to the same extent as the person being rescued.","(A)

Step 1 — RULE: An injury sustained during a rescue effort is attributable to the party whose actions created the danger that necessitated the rescue, and the rescuer can recover damages to the same extent as the person being rescued.

Step 2 — ELEMENTS: The key elements of this rule are (1) the existence of a rescue effort, (2) an injury sustained during this effort, and (3) the identification of the party whose actions created the danger that necessitated the rescue. 

Step 3 — APPLICATION: Evaluating each answer choice against these elements:
- (A) This choice suggests Rescuer will prevail because he saved Neighbor's property. While saving property is a relevant fact, the rule focuses on who created the danger necessitating the rescue and the rescuer's right to recover as if they were the person being rescued.
- (B) This choice mentions Rescuer acting reasonably in an emergency, which is not directly addressed by the extracted rule. The rule does not require the rescuer's actions to be reasonable; it focuses on the attribution of the injury to the party creating the danger.
- (C) This choice states that Neighbor was not at fault. However, according to the rule, if Si's actions (siphoning gasoline without consent) created the danger, then Rescuer's injuries could be attributed to Si, but since Si is the one being rescued and the question is about a claim against Neighbor, this choice might seem",-7.288443565368652,-100.0,-100.0,-100.0,1.0
mbe_65,nan,MBE-1972-78-part3,train,Defendant was tried for robbery. Victim Worth were the only witnesses called to.t tify. Victim testi,C,A,False,7,2476,357,"The crimes of robbery and pillaging are defined as the forcible or fearful taking of another's property, with robbery involving the taking of any article of value from a person or their immediate presence, and pillaging involving the taking of private property by an invading army from enemy subjects.","(A)

Step 1 — RULE: The extracted legal rule is that robbery is defined as the felonious taking of any article of value from a person or their immediate presence, against their will, accomplished by means of force or fear.

Step 2 — ELEMENTS: The key elements for robbery are:
1. Felonious taking
2. Article of value
3. From a person or their immediate presence
4. Against the person's will
5. Accomplished by means of force or fear

Step 3 — APPLICATION: 
- Victim testified that Defendant threatened her with a knife (force or fear), grabbed her purse (article of value from her person), and ran off with it, which satisfies all elements for robbery.
- Worth's testimony does not mention seeing a knife or hearing threats but confirms the taking of the purse, suggesting larceny could be considered if the force or fear element is absent. However, since Victim's testimony directly supports the elements of robbery (including force/fear), the jury can properly return a verdict based on her account.

Step 4 — CONCLUSION: Given that Victim's testimony provides sufficient evidence to satisfy all elements of robbery, including the use of force or fear (through the threat with a knife), the jury can properly return a verdict of guilty of robbery only. Worth's testimony, while not confirming the force/fear element, does not negate the possibility of robbery as established by Victim's account. Therefore, the correct answer is",-4.575104236602783,-100.0,-1.274773120880127,-100.0,0.03555983180311778
mbe_67,nan,MBE-1972-78-part3,train,Congressional legislation authorizing marriages and divorces as a matter of federal law on prescribe,D,D,True,7,2570,335,"The authority of the President to settle claims of American nationals through executive agreements is clear, but laws passed after the President enters into an executive agreement may abrogate the agreement.","(D)

The extracted legal rule states that the authority of the President to settle claims of American nationals through executive agreements is clear, but laws passed after the President enters into an executive agreement may abrogate the agreement. Decomposing this rule into its key elements, we have: (1) the President has the authority to enter into executive agreements regarding claims of American nationals, and (2) subsequent legislation can abrogate these agreements.

Applying these elements to the question about congressional legislation authorizing marriages and divorces as a matter of federal law, we need to consider how such legislation could be upheld. The rule itself does not directly address the issue of marriages and divorces but discusses the authority of the President and the impact of subsequent legislation on executive agreements.

Evaluating each answer choice:
- (A) Applying only to marriages and divorces in which at least one of the parties is a member of the armed forces might be seen as a federal interest, but it does not directly relate to the rule about executive agreements and presidential authority.
- (B) Applying only to marriages performed by federal judges and to divorces granted by federal courts could be considered an exercise of federal judicial power but still doesn't directly tie into the rule provided.
- (C) Implementing an executive agreement seeking to define basic human rights introduces the concept of executive agreements but does so in a context (human rights) that is not clearly connected to the specific issue of marriages and divorces as a matter of federal law.
-",-100.0,-100.0,-100.0,-0.7563983201980591,1.0
mbe_73,nan,MBE-1972-78-part3,train,"If Driver asserts a claim against Trucker and establishes that Trucker was negligent, the likely res",C,C,True,7,2857,345,"Legal cause is established if an injury was foreseeable as the type of harm that a reasonable person would expect to see as a likely result of their conduct, regardless of whether the exact manner or extent of the injury was foreseeable.","C

The extracted legal rule states that ""Legal cause is established if an injury was foreseeable as the type of harm that a reasonable person would expect to see as a likely result of their conduct, regardless of whether the exact manner or extent of the injury was foreseeable.""

Breaking down this rule into its key elements:
1. The injury must be of a type that is foreseeable.
2. A reasonable person must expect this type of harm as a likely result of their conduct.

Applying these elements to the given scenario:
- Trucker parked his truck in a way that obscured the traffic light on the northeast corner from the view of eastbound traffic on Pine Street, which is a violation of the statute and constitutes negligence.
- This action could foreseeably lead to accidents because drivers like Visitor might not see the red light (or in this case, not see any light due to the obstruction and the malfunction of the other light) and enter the intersection when it's not safe to do so.
- Driver, proceeding with the green light without checking for cross traffic, collided with Visitor's car. While the exact manner of the accident (involving a malfunctioning traffic light and an obscured view of another light) might not have been precisely foreseeable, the type of harm (an accident occurring due to obstructed views or misunderstandings about traffic signals) is something a reasonable person could expect as a likely result of parking in such a way as to obscure traffic lights.

Given these considerations:
- Trucker's negligence",-100.0,-100.0,-0.009096518158912659,-100.0,1.0
mbe_74,nan,MBE-1972-78-part3,train,"If Driver asserts a claim against City, the theory on which he has the best chance of prevailing is ",B,B,True,7,3066,352,"A person who has a duty to repair or fix dangerous conditions and fails to do so may be liable for injuries or property damage resulting from those unaddressed conditions, including premises liability issues and other situations involving landlords, business operators, and rental service providers.","B

Step 1 — RULE: The extracted legal rule states that a person who has a duty to repair or fix dangerous conditions and fails to do so may be liable for injuries or property damage resulting from those unaddressed conditions.

Step 2 — ELEMENTS: The key elements of this rule are:
1. A duty to repair or fix dangerous conditions.
2. Failure to perform that duty.
3. Injuries or property damage resulting from the failure to repair.

Step 3 — APPLICATION: Evaluating each answer choice against these elements and the facts provided:
- (A) Strict liability for harm caused by a defective traffic signal is not directly addressed by the rule, which focuses on the failure to repair rather than strict liability.
- (B) This option suggests that City had a duty to replace the broken pole within seventy-two hours and failed to do so, leading to an accident. This aligns with the elements of having a duty to repair (the traffic signal), failing to perform that duty (not replacing the pole within seventy-two hours), and injuries resulting from that failure (the accident between Driver and Visitor).
- (C) An absolute duty to maintain installed traffic signals in good operating order is implied by the rule, but this option does not directly address the failure to repair the specific broken pole.
- (D) Creating a dangerous trap by not promptly replacing the broken pole could be seen as a failure to repair, but it does not as clearly align with the elements of duty",-100.0,-0.03617634251713753,-100.0,-100.0,1.0
mbe_75,nan,MBE-1972-78-part3,train,Which of the following potential plaintiffs is most likely to be able to obtain a judicial determina,B,B,True,7,2723,348,"To invoke the Uniform Declaratory Judgments Act, a plaintiff must establish an actual and existing dispute between parties with genuine and opposing interests, involving direct and substantial interests, which can be finally and conclusively determined by a judicial decision.","B

To invoke the Uniform Declaratory Judgments Act, a plaintiff must establish an actual and existing dispute between parties with genuine and opposing interests, involving direct and substantial interests, which can be finally and conclusively determined by a judicial decision.

Breaking down this rule into its key elements:
1. An actual, present, and existing dispute (or the mature seeds of one).
2. Parties having genuine and opposing interests.
3. Interests that are direct and substantial rather than potential, theoretical, abstract, or academic.
4. A judicial determination that will be final and conclusive.

Evaluating each answer choice against these elements:
- (A) A taxpayer of the United States and the state of Atlantic who wants his state to get its fair share of federal tax monies for highways may have an interest, but it's more speculative regarding the increase in state taxes to compensate for the lack of federal funding. The connection between the federal statute and the potential increase in state taxes is not direct enough.
- (B) Contractors who have been awarded contracts by the state of Atlantic for specified highway construction projects, contingent on payment to the state of the federal highway construction funds, have a direct and substantial interest. Their contracts are directly affected by the availability of federal funding, which is contingent upon the state's compliance with the federal speed limit statute. This creates an actual dispute between the contractors (who want the funds) and potentially the federal government or the state (which might refuse to enact the speed limit",-100.0,-0.003870535409078002,-100.0,-100.0,1.0
mbe_76,nan,MBE-1972-78-part3,train,The strongest argument that can be made in support of the constitutionality of this federal statute ,C,C,True,7,2772,348,"The Spending Clause of the Constitution grants Congress broad discretion to tax and spend for the general welfare, including funding specific state or private programs, and allows Congress to impose limits on the use of such funds to ensure they are used as intended.","C

The extracted legal rule states that the Spending Clause of the Constitution grants Congress broad discretion to tax and spend for the general welfare, including funding specific state or private programs, and allows Congress to impose limits on the use of such funds to ensure they are used as intended.

Decomposing this rule into its key elements, we have:
1. Congress has broad discretion to tax and spend for the general welfare.
2. This discretion includes funding specific state or private programs.
3. Congress can impose limits on the use of funds to ensure they are used as intended.

Evaluating each answer choice against these elements and the facts:
- (A) suggests that states cede their authority over highways by accepting federal grants, which is not directly related to the Spending Clause's grant of discretion to Congress.
- (B) implies unlimited regulation by the federal government over state highways because of partial funding, which oversteps the bounds of the Spending Clause as it does not inherently grant regulatory power over states' internal affairs without a specific constitutional basis.
- (C) aligns with the idea that Congress can impose limits on the use of funds to ensure they are used in the manner intended. By setting a 55 mile-an-hour speed limit, Congress could reasonably believe this condition would result in greater benefit than harm to the public, thus falling under the general welfare and the intent behind the Spending Clause.
- (D) mentions a public opinion survey supporting a 55 mile-an-hour speed limit, which,",-100.0,-100.0,-0.00010941097571048886,-100.0,1.0
mbe_77,nan,MBE-1972-78-part3,train,The federal statute relating to disbursement of highway funds conditioned on the 55 mile-an-hour spe,D,D,True,7,2611,329,Congress has the power to attach conditions on the receipt of federal funds to further broad policy objectives by requiring compliance with federal statutory and administrative directives.,"D
The extracted legal rule states that Congress has the power to attach conditions on the receipt of federal funds to further broad policy objectives by requiring compliance with federal statutory and administrative directives.

Decomposing this rule into its key elements, we have:
1. Congress has the power to attach conditions on federal funds.
2. The purpose of these conditions is to further broad policy objectives.
3. Compliance with federal statutory and administrative directives is required.

Applying these elements to the given scenario, where Congress conditions the disbursement of highway funds on states enacting a 55 mile-an-hour speed limit:
- The condition (speed limit) is attached to the receipt of federal funds (highway construction funding), which aligns with element 1.
- The purpose of this condition (reducing speeds to potentially improve safety and reduce accidents) can be seen as furthering a broad policy objective (improved road safety), satisfying element 2.
- The condition requires compliance with a federal statutory directive (enacting a speed limit law), which meets element 3.

Given that the rule focuses on the spending power without excluding other powers, and considering that regulating highway speeds can also be related to the commerce power (as it affects interstate travel and commerce), the federal statute in question could be justified under both the spending power and the commerce power. The spending power is directly relevant because Congress is using its ability to condition federal funds to achieve a policy goal. The commerce power could also apply since highway speed limits can",-100.0,-100.0,-100.0,-0.011651545763015747,1.0
mbe_78,nan,MBE-1972-78-part3,train,"Detective received informal from Informant, who had given reliable information many times in the pas",B,B,True,7,2729,348,"To establish probable cause for an arrest, police officers must be able to point to objective circumstances that lead them to believe a suspect committed a crime, and the existence of probable cause is ultimately determined by a judge, not the arresting officer.","(B)

To establish probable cause for an arrest or search warrant, police officers must be able to point to objective circumstances that lead them to believe a suspect committed a crime, and the existence of probable cause is ultimately determined by a judge, not the arresting officer.

Decomposing this rule into its key elements:
1. **Objective Circumstances**: The information used to establish probable cause must be based on objective facts rather than mere hunches or subjective beliefs.
2. **Belief in Criminal Activity**: These circumstances must lead the officer (and ultimately the judge) to believe that a crime has been, is being, or will be committed.
3. **Judicial Determination**: The final assessment of whether probable cause exists is made by a judge.

Evaluating each answer choice against these elements and the facts:
- (A) This choice suggests that a search warrant cannot be issued solely on an informant's information. However, the gold passage does not explicitly state this; it emphasizes the need for objective circumstances and judicial determination of probable cause.
- (B) This option addresses the timing of the information provided by Informant. The event described happened two months prior to the application for the search warrant. Given that probable cause requires a belief that a crime is being or will be committed, information about an event so far in the past may not establish that criminal activity is ongoing or imminent, which could undermine the finding of probable cause.
- (C) The gold passage does not discuss the",-100.0,-5.509000301361084,-100.0,-100.0,1.0
mbe_79,nan,MBE-1972-78-part3,train,Defendant sold heroin to Morgan. Morgan was later stopped by police for speeding. The police searche,C,C,True,7,2353,330,A person must have a legitimate privacy or property interest in the place or thing being searched in order to object to a search on Fourth Amendment grounds.,"C

Step 1 — RULE: A person must have a legitimate privacy or property interest in the place or thing being searched in order to object to a search on Fourth Amendment grounds.

Step 2 — ELEMENTS: The key elements of this rule are (1) the person objecting to the search must have a legitimate (2) privacy or property interest in (3) the place or thing being searched.

Step 3 — APPLICATION: Evaluating each answer choice against these elements and the facts:
- (A) The fact that the heroin was not in plain view does not directly relate to Defendant's standing to object to the search, as the issue is whether Defendant has a legitimate privacy or property interest.
- (B) The scope of the search being excessive might be relevant if the person objecting had standing, but this choice also doesn't address Defendant's interest in the searched property.
- (C) This choice directly addresses the rule by stating that Defendant has no standing to object to the search. Given that Defendant sold the heroin and does not have a privacy or property interest in Morgan's car or the heroin after the sale, this aligns with the extracted legal rule and the gold passage.
- (D) The search being proper as incident to a valid full custodial arrest might justify the search, but it doesn't address whether Defendant has standing to object.

Step 4 — CONCLUSION: Given that Defendant does not have a legitimate privacy or property interest in Morgan's car or",-100.0,-100.0,-0.0013304544845595956,-100.0,1.0
mbe_80,nan,MBE-1972-78-part3,train,"Defendant visited a fellow college student, James, in James's dormitory room. They drank some beer. ",B,D,False,7,2875,375,"To find sufficient grounds for nondischargeability under § 523(a)(4), the elements of embezzlement or larceny must be satisfied, which require specific acts such as the appropriation of rightfully possessed property to an unauthorized use with circumstances indicating fraud, or the fraudulent and wrongful taking and carrying away of another's property with intent to convert it without consent.","(D)

To determine the correct answer, let's apply the extracted legal rule to the scenario provided:

Step 1 — RULE: The extracted legal rule states that to find sufficient grounds for nondischargeability under § 523(a)(4), the elements of embezzlement or larceny must be satisfied. These require specific acts such as the appropriation of rightfully possessed property to an unauthorized use with circumstances indicating fraud, or the fraudulent and wrongful taking and carrying away of another's property with intent to convert it without consent.

Step 2 — ELEMENTS: The key elements for embezzlement or larceny include:
- Property rightfully in the possession of a nonowner (for embezzlement).
- Nonowner's appropriation of the property to a use other than which it was entrusted (for embezzlement).
- Circumstances indicating fraud (for embezzlement).
- Fraudulent and wrongful taking and carrying away of another's property.
- Intent to convert such property to the taker's use without the consent of the owner.

Step 3 — APPLICATION: Evaluating each answer choice against these elements and the facts:
- Defendant took the marijuana cigarettes, which were James's property, but he did so with the intention of getting rid of them (by flushing them down the toilet) because he was afraid of being caught, not to convert them to his own use.
- There is no indication that Defendant intended to appropriate the property for his own benefit or to",-100.0,-100.0,-100.0,-8.257583618164062,1.0
mbe_82,nan,MBE-1972-78-part3,train,Courts hold such a devise valid under the common-law Rule Against Perpetuities. What is the best exp,A,B,False,7,2413,332,"The Rule of Convenience dictates that a class, as designated in a class gift, closes when a class member becomes entitled to receive their share of the gift.","(B)

Step 1 — RULE: The Rule of Convenience dictates that a class, as designated in a class gift, closes when a class member becomes entitled to receive their share of the gift.

Step 2 — ELEMENTS: The key elements of this rule are (1) the identification of a class gift, and (2) the determination of when a class member is entitled to receive their share, which triggers the closing of the class.

Step 3 — APPLICATION: Evaluating each answer choice against these elements:
- (A) This option suggests that all of Trease's children would be measuring lives. However, the Rule Against Perpetuities and its application in this context do not directly relate to the number of measuring lives but rather to when the class of beneficiaries is determined to be complete.
- (B) This choice aligns with the Rule of Convenience as stated in the gold passage. It implies that once any grandchild reaches 21, they are entitled to their share, which would trigger the closing of the class according to the rule. This explanation directly addresses how the devise could be considered valid under the common-law Rule Against Perpetuities by providing a clear point at which the class of beneficiaries is determined.
- (C) The presumption about Trease's intent regarding the inclusion of only grandchildren born prior to his death does not directly relate to the application of the Rule of Convenience or the validity of the devise under the Rule Against Perpetuities.
- (D",-100.0,-2.783515691757202,-100.0,-100.0,1.0
mbe_83,nan,MBE-1972-78-part3,train,Which of the following additions to or changes in the facts of the preceding question would produce ,C,C,True,7,2400,334,"An inter vivos transfer is defined as a transfer of property made during a person's lifetime, distinguishing it from a testamentary transfer made through a will after death.","C

Step 1 — RULE: The extracted legal rule is that an inter vivos transfer is a transfer of property made during a person's lifetime, distinguishing it from a testamentary transfer made through a will after death.

Step 2 — ELEMENTS: The key elements of this rule are (1) the timing of the transfer (during lifetime vs. after death), and (2) the type of transfer (inter vivos vs. testamentary). For the Rule Against Perpetuities to be violated, we need a situation where the transfer could potentially create a future interest that might not vest within 21 years of a life in being at the time of the creation of the interest.

Step 3 — APPLICATION: Evaluating each answer choice against these elements and the facts:
- (A) A posthumous child would still be considered part of the class of Trease's children, but this does not directly impact the Rule Against Perpetuities since the rule is concerned with vesting within a certain timeframe after lives in being.
- (B) The will already expresses an intention to include all afterborn grandchildren, so stating it explicitly doesn't change the nature of the transfer regarding the Rule Against Perpetuities.
- (C) Changing the instrument from a will (testamentary transfer) to an inter vivos conveyance means the transfer occurs during Trease's lifetime. This could potentially create a violation of the Rule Against Perpetuities because, at the",-100.0,-100.0,-0.0005840362282469869,-100.0,1.0
mbe_84,nan,MBE-1972-78-part3,train,"In an action by Doctor against Victim to recover $1,000, Doctor's best theory ofrecovery is that Doc",D,A,False,7,2783,349,"A person's status as a donee beneficiary, creditor beneficiary, or incidental beneficiary is determined by the purpose of the promisee in obtaining the promise, specifically whether it is to make a gift, satisfy a duty, or neither, respectively.","(A)

Step 1 — RULE: A person's status as a donee beneficiary, creditor beneficiary, or incidental beneficiary is determined by the purpose of the promisee in obtaining the promise, specifically whether it is to make a gift, satisfy a duty, or neither, respectively.

Step 2 — ELEMENTS: The key elements are (1) the purpose of the promisee (Victim) in obtaining the promise from First, and (2) whether this purpose is to make a gift, satisfy an actual or supposed duty, or neither. 

Step 3 — APPLICATION: 
- For (A), Doctor would be a creditor beneficiary if the performance of First's promise (paying Doctor) satisfies an actual or supposed duty of Victim to Doctor. Given that Victim received medical treatment and was billed $1,000, it can be inferred that Victim has a debt to Doctor for these services. The contract between Victim and First specifically mentions that First will pay ""from any settlement with Driver compensation to any physician who provides professional services for Victim's injuries,"" indicating an intention to satisfy Victim's debt to Doctor.
- For (B), Doctor would be a donee beneficiary if the purpose of Victim in obtaining First's promise was to make a gift to Doctor. However, there is no indication that Victim intended to make a gift to Doctor; rather, the arrangement seems to be about ensuring payment for services rendered due to Victim's insolvency.
- For (C), while it's true that Doctor",-0.08467909693717957,-100.0,-100.0,-100.0,1.0
mbe_85,nan,MBE-1972-78-part3,train,"In an action by Doctor against First upon First's employment contract with Victim, First is likely t",D,D,True,7,2729,342,"To successfully assert a claim for detrimental reliance, a plaintiff must establish three elements: a representation by conduct or word, justifiable reliance, and a change in position to one's detriment because of the reliance.","D

To answer this question, let's break down the extracted legal rule and apply it to the given scenario.

Step 1 — RULE: The extracted legal rule is that to successfully assert a claim for detrimental reliance, a plaintiff must establish three elements: (1) a representation by conduct or word, (2) justifiable reliance, and (3) a change in position to one's detriment because of the reliance.

Step 2 — ELEMENTS: The key elements are a representation, justifiable reliance on that representation, and a detrimental change in position resulting from that reliance.

Step 3 — APPLICATION: 
- Answer choice (A) discusses the validity of the anti-assignment clause, which is not directly related to the rule about detrimental reliance.
- Answer choice (B) mentions First's reliance on Victim's letter of release, but this does not pertain to Doctor's claim against First based on detrimental reliance.
- Answer choice (C) talks about third parties acquiring claims under an attorney-client contract, which is also not relevant to the elements of detrimental reliance.
- Answer choice (D) states that Doctor has not materially changed his position in reliance upon First's employment contract. Given the facts, Doctor did provide medical treatment but was informed of First's promise only after the treatment was given. The key issue here is whether Doctor's position changed to his detriment because of reliance on First's promise as communicated through Victim.

Step 4 — CONCLUSION: Considering the elements required for a",-100.0,-100.0,-100.0,-0.009193389676511288,1.0
mbe_86,nan,MBE-1972-78-part3,train,"In an action by Doctor against First upon First's employment contract with Victim, if First attempte",A,A,True,7,2729,350,"Implied consent is an agreement inferred from a person's actions, inactions, or circumstances that can be understood by a reasonable person, and it can be withdrawn at any time, but the actor who receives the consent is bound by its scope.","(A)

Step 1 — RULE: Implied consent is an agreement inferred from a person's actions, inactions, or circumstances that can be understood by a reasonable person, and it can be withdrawn at any time, but the actor who receives the consent is bound by its scope.

Step 2 — ELEMENTS: The key elements of implied consent include (1) inference from actions, inactions, or circumstances, (2) understanding by a reasonable person, (3) capacity to make valid consent, and (4) the ability to withdraw consent at any time.

Step 3 — APPLICATION: Evaluating each answer choice against these elements:
- (A) The release was ineffective because Doctor had impliedly assented to the Victim-First contract. This could be argued if Doctor's actions or inactions after being informed of First's promise could be seen as implying consent to be bound by the terms of that contract, particularly the part concerning payment for medical services.
- (B) The argument about unjust enrichment does not directly relate to the concept of implied consent as outlined in the gold passage.
- (C) The issue of consideration for Victim's release of First is relevant to contract law but does not pertain to the concept of implied consent.
- (D) While the personal nature of First's duties might affect delegation, this does not directly address the issue of implied consent.

Given the facts, Doctor could argue that by sending a copy of the letter releasing First to Doctor and by",-3.843684673309326,-100.0,-100.0,-100.0,1.0
mbe_87,nan,MBE-1972-78-part3,train,"In an action by Doctor against Second, Second is most likely to argue on these facts that",C,D,False,7,3004,349,"A donee beneficiary, who receives a benefit from a contract between two other parties as a gift, has the legal right to demand benefits promised to them once their rights to the contract have vested, but only after the contract has been executed.","(D)

Step 1 — RULE: A donee beneficiary, who receives a benefit from a contract between two other parties as a gift, has the legal right to demand benefits promised to them once their rights to the contract have vested, but only after the contract has been executed.

Step 2 — ELEMENTS: The key elements of this rule are:
1. The donee beneficiary must receive a benefit as a gift from one of the contractual parties.
2. The donee beneficiary's rights to the contract must have vested.
3. The contract must have been executed before the donee beneficiary can claim legal rights.

Step 3 — APPLICATION: Evaluating each answer choice against these elements and the facts:
- (A) Second made only a gratuitous promise to First: This does not directly address Doctor's status as a potential beneficiary of Second's promise or whether Doctor's rights have vested.
- (B) At the time Second promised to represent Victim, Doctor was only a member of an unidentified class of beneficiaries: The facts suggest that Doctor became aware of the contract and his potential benefit after receiving the letter from Victim. However, this choice does not directly address the vesting of Doctor's rights or the execution of the contract.
- (C) There is insufficient evidence to support a finding that Doctor was either a creditor or donee beneficiary of Second's promise to First: While this could be argued based on the nature of the benefit and whether it was intended as a gift, the facts",-100.0,-100.0,-100.0,-4.465854644775391,1.0
mbe_88,nan,MBE-1972-78-part3,train,"Davis calls Bystander to testify that Passenger, who was riding in Peters' automobile and who also w",C,B,False,7,2489,344,A statement is considered against penal interest if it is so contrary to the declarant's penal interest that a reasonable person in the declarant's position would not have made the statement unless they believed it to be true.,"(B)

Step 1 — RULE: The extracted legal rule states that a statement is considered against penal interest if it is so contrary to the declarant's penal interest that a reasonable person in the declarant's position would not have made the statement unless they believed it to be true.

Step 2 — ELEMENTS: The key elements of this rule are:
1. The statement must be against the declarant's interest.
2. The statement must be such that a reasonable person in the declarant's position would not make it unless it were true.

Step 3 — APPLICATION: Evaluating each answer choice against these elements and the facts:
- (A) Admissible as an admission of a party opponent: This choice does not apply because Passenger is not a party to the lawsuit; thus, their statement cannot be considered an admission by a party opponent.
- (B) Admissible, as a declaration against interest: Given that Passenger's statement (""we should have had our lights on"") implies negligence on their part (and potentially Peters' part, as the driver), it is against their interest. A reasonable person would not admit to such negligence unless they believed it to be true, especially considering the context of an accident where liability might be at issue.
- (C) Inadmissible, because it is hearsay, not within any exception: While Passenger's statement to Bystander is indeed hearsay, the declaration against interest exception could potentially apply if the statement meets the criteria outlined in",-100.0,-4.247954845428467,-100.0,-100.0,1.0
mbe_89,nan,MBE-1972-78-part3,train,Davis offers to have Bystander testify that he was talking to Witness when he heard the crash and he,A,A,True,7,2413,339,"A statement describing an event while it was occurring or immediately thereafter, known as a present sense impression, is admissible as an exception to the hearsay rule under the Federal Rules of Evidence.","(A)

Step 1 — RULE: A statement describing an event while it was occurring or immediately thereafter, known as a present sense impression, is admissible as an exception to the hearsay rule under the Federal Rules of Evidence.

Step 2 — ELEMENTS: The key elements for a statement to be considered a present sense impression are:
1. The statement must describe an event.
2. The statement must be made while the event was occurring or immediately thereafter.

Step 3 — APPLICATION: Evaluating each answer choice against these elements and the facts provided:
- (A) Admissible as a statement of present sense impression: Witness's exclamation, ""That car doesn't have any lights on,"" was made immediately after the crash, describing the condition of the car at the time of the accident. This satisfies both elements of being a description of an event (the accident and the car's condition) and being made immediately thereafter.
- (B) Admissible because Witness is not available to testify: While this might be a factor in considering other hearsay exceptions, it does not directly relate to the present sense impression exception.
- (C) Inadmissible as hearsay, not within any exception: This choice ignores the possibility that the statement could fit into an exception like present sense impression.
- (D) Inadmissible because of the Dead Man's Statute: The Dead Man's Statute is irrelevant to the analysis of whether a statement qualifies as a present sense impression.

Step ",-4.5409417152404785,-100.0,-100.0,-100.0,1.0
mbe_90,nan,MBE-1972-78-part3,train,Litigant calls Driver to testify in Litigant's case in chief to admissions made by Owner in the conf,C,C,True,7,2701,361,"The attorney-client privilege applies to confidential communications made for the purpose of facilitating professional legal services, where a communication is considered ""confidential"" if it is not intended to be disclosed to third persons other than those to whom disclosure is made in furtherance of the rendition of professional legal services to the client.","C

The extracted legal rule states that the attorney-client privilege applies to confidential communications made for the purpose of facilitating professional legal services, where a communication is considered ""confidential"" if it is not intended to be disclosed to third persons other than those to whom disclosure is made in furtherance of the rendition of professional legal services to the client.

Breaking down this rule into its key elements:
1. The communication must be made for the purpose of facilitating professional legal services.
2. The communication must be confidential, meaning it is not intended to be disclosed to third persons except those involved in furthering the legal services.

Applying these elements to the given scenario:
- The conference between Owner, Driver, and Attorney was for the purpose of discussing a legal matter (the motor vehicle collision and ensuing suit), which satisfies the first element.
- The presence of Irving, the investigator, who was making notes, and Driver, an employee, could potentially compromise confidentiality. However, the key factor is whether the communication was intended to be disclosed to these third parties as part of facilitating legal services. In this context, Irving's role as an investigator for Attorney suggests his presence was in furtherance of the legal services, but Driver's role as an employee and a party to the suit introduces complexity.

Evaluating each answer choice:
(A) This option suggests that the presence of other persons (like Irving or Driver) automatically makes the communication admissible. However, according to the rule, the critical factor is the intention behind",-100.0,-100.0,-0.05141689255833626,-100.0,1.0
mbe_91,nan,MBE-1972-78-part3,train,Driver calls Irving in his defense against the cross-claim. He seeks to have Irving testify to admis,A,D,False,7,2600,336,"The attorney-client privilege protects from disclosure communications made in confidence between a client and a professional legal adviser, where legal advice is sought, unless the protection is waived by the client.","D

The extracted legal rule states that the attorney-client privilege protects from disclosure communications made in confidence between a client and a professional legal adviser, where legal advice is sought, unless the protection is waived by the client.

Decomposing this rule into its key elements or requirements:
1. Legal advice must be sought.
2. The communication must be made in confidence.
3. The communication must be between a client and a professional legal adviser.
4. The protection can only be waived by the client.

Evaluating each answer choice against these elements and the facts:
(A) This choice suggests that the attorney-client privilege does not apply in suits between those conferring with the attorney, specifically in joint consultations. However, the rule does not provide an exception for joint consultations or suits between parties who have conferred together with an attorney.
(B) This choice implies that the privilege only applies if the witness (in this case, Irving) stands in a confidential relationship with the person against whom the evidence is offered (Owner). The rule, however, focuses on the confidentiality of the communication between the client and the legal adviser, not the relationship between the witness and the party against whom the evidence is offered.
(C) This choice suggests that because the conference concerned anticipated testimony in open court, it was not intended to be confidential. However, the fact that the discussion might eventually lead to public testimony does not negate the confidentiality of the communication at the time it was made between the client (Owner) and the legal adviser (",-100.0,-100.0,-100.0,-0.33395588397979736,1.0
mbe_94,nan,MBE-1972-78-part3,train,"Policeman undertook to arrest Fan for throwing a pop bottle, and hitting a baseball umpire. Fan was ",D,D,True,7,2981,351,"To be entitled to a reduced charge for acting in the heat of passion, a defendant's emotional state must exist at the time of the act, arise from sufficient provocation, and be an intense emotional excitement that prompts violent action on impulse without reflection.","D

To determine which case is most applicable as a precedent to the scenario involving Fan and Policeman, let's break down the extracted legal rule and apply it to the given facts.

Step 1 — RULE: The extracted legal rule states that to be entitled to a reduced charge for acting in the heat of passion, a defendant's emotional state must exist at the time of the act, arise from sufficient provocation, and be an intense emotional excitement that prompts violent action on impulse without reflection.

Step 2 — ELEMENTS: The key elements of this rule are:
1. The emotional state (heat of passion) must exist at the time of the act.
2. The emotional state must arise from sufficient provocation.
3. The emotional state must be an intense emotional excitement.
4. The action must be taken on impulse without reflection.

Step 3 — APPLICATION: Evaluating each answer choice against these elements and the facts:
- (A) This case involves a defendant hitting a fellow worker with an iron crowbar, resulting in the worker's death. The defendant claimed no intent to kill, but there's no clear indication that the act was committed in the heat of passion due to sufficient provocation.
- (B) This case involves a bank robbery and a subsequent police chase, ending in the death of a policeman. While intense, the scenario doesn't directly relate to acting in the heat of passion due to personal provocation.
- (C) This case involves a defendant threatening someone",-15.890765190124512,-13.828701972961426,-100.0,-1.226403242071683e-06,0.999998887580202
mbe_95,nan,MBE-1972-78-part3,train,"Policeman, having a warrant for Defendant's arrest for a felonious assault, went to his home to arre",A,B,False,7,3129,373,"A defendant is entitled to have a lesser-included offense, such as second-degree murder, submitted to the jury only if there is evidence to support that offense, and the trial judge should exclude it if the State's evidence fully proves all elements of the greater offense, including premeditation and deliberation, with no negating evidence beyond the defendant's denial.","B

Step 1 — RULE: The extracted legal rule states that a defendant is entitled to have a lesser-included offense, such as second-degree murder, submitted to the jury only if there is evidence to support that offense, and the trial judge should exclude it if the State's evidence fully proves all elements of the greater offense, including premeditation and deliberation, with no negating evidence beyond the defendant's denial.

Step 2 — ELEMENTS: The key elements or requirements of this rule are:
1. Evidence must support the lesser-included offense (in this case, second-degree murder).
2. The State's evidence must fully prove all elements of the greater offense (first-degree murder), including premeditation and deliberation.
3. There should be no evidence negating these elements beyond the defendant's denial.

Step 3 — APPLICATION: Evaluating each answer choice against these elements:
- A: This case involves an intentional act with a deadly weapon, which could imply malice but does not necessarily address the issue of premeditation and deliberation directly in relation to the rule.
- B: This case involves a felony murder scenario where the defendant's actions led to a death during the commission of another crime. It doesn't directly apply to the rule about lesser-included offenses and the requirements for proving first-degree versus second-degree murder.
- C: This case involves a death resulting from an act that was not directly intended to kill but resulted in death due to the victim",-3.582583427429199,-0.029421893879771233,-12.33450984954834,-6.740189552307129,0.9710093253980124
mbe_96,nan,MBE-1972-78-part3,train,The strongest argument for Zane is that,B,B,True,7,2397,336,State laws that deny welfare benefits to aliens based solely on their alienage are preempted by federal authority because they conflict with national policies in an area entrusted to the federal government.,"(B)

Step 1 — RULE: The extracted legal rule states that State laws that deny welfare benefits to aliens based solely on their alienage are preempted by federal authority because they conflict with national policies in an area entrusted to the federal government.

Step 2 — ELEMENTS: The key elements of this rule include (1) the law must be a state law, (2) it must restrict or deny something to aliens, (3) the restriction must be based solely on alienage, and (4) the area affected must be one entrusted to the federal government or where there are overriding national policies.

Step 3 — APPLICATION: Evaluating each answer choice against these elements:
- (A) discusses the commerce clause, which is not directly related to the rule about alienage and welfare benefits or areas entrusted to the federal government.
- (B) mentions the equal protection clause of the Fourteenth Amendment. While this clause does address discrimination, including potentially based on alienage, the strongest argument under the given rule would relate to federal preemption in areas of national policy, such as immigration or naturalization, which could encompass land ownership rights for aliens as a matter of national concern.
- (C) talks about the right to travel, which is not directly related to the issue of land ownership by aliens.
- (D) refers to the obligation of contracts clause, which does not apply because there's no indication that Zane had a contract with the state regarding land ownership before the law changed",-100.0,-1.4149408340454102,-100.0,-100.0,1.0
mbe_97,nan,MBE-1972-78-part3,train,The federal court should,D,D,True,7,2587,353,"Federal courts have subject matter jurisdiction over cases involving a federal question or diversity of parties with an amount in controversy exceeding $75,000, and may also exercise supplemental jurisdiction over related claims lacking independent jurisdictional grounds or removal jurisdiction over cases originally filed in state court.","(D)

The extracted legal rule states that federal courts have subject matter jurisdiction over cases involving a federal question or diversity of parties with an amount in controversy exceeding $75,000. To apply this rule to the given scenario, let's break down its key elements:

1. **Federal Question**: The case involves a claim related to a federal issue, such as constitutional rights or federal statutes.
2. **Diversity Jurisdiction**: This requires parties from different states and an amount in controversy exceeding $75,000.
3. **Supplemental Jurisdiction**: Allows federal courts to hear claims that are closely related to a claim that satisfies one of the jurisdictional requirements but do not independently meet those requirements.
4. **Removal Jurisdiction**: Applies when a case originally filed in state court could have been filed in federal court and meets certain criteria for removal.

Given these elements, let's evaluate each answer choice:

- (A) **Dismiss the action, because under the Constitution aliens may not sue in federal court**: This statement is incorrect. The Constitution does not categorically bar aliens from suing in federal court; rather, it provides for federal question jurisdiction and diversity jurisdiction, among other bases for federal court jurisdiction.
  
- (B) **Dismiss the action, because a state has unlimited power to determine the qualifications for landholding within its boundaries**: This is also incorrect. While states have significant authority over property law within their borders, this authority is not unlimited, especially when it comes to discriminating against",-100.0,-100.0,-100.0,-1.4594255685806274,1.0
mbe_98,nan,MBE-1972-78-part3,train,"Assume that Green tendered the $2,500 on March 15, and that Brown refused to accept it or to perform",D,D,True,7,2917,353,"For an oral contract to be enforceable, the parties must have mutually assented to its terms and the terms must be sufficiently definite, with mutual assent able to be manifested through spoken words, actions, or inactions, not necessarily requiring a written agreement.","(D)

Step 1 — RULE: The extracted legal rule is that for an oral contract to be enforceable, the parties must have mutually assented to its terms and the terms must be sufficiently definite, with mutual assent able to be manifested through spoken words, actions, or inactions, not necessarily requiring a written agreement.

Step 2 — ELEMENTS: The key elements of this rule are (1) mutual assent to the contract terms and (2) sufficient definiteness of these terms. Additionally, the rule implies that the absence of a written agreement does not automatically render a contract unenforceable.

Step 3 — APPLICATION: 
- I. The Clark-Green agreement permitting the digging of the channel across Clark's lot was not in writing. According to the extracted rule, the lack of a written agreement does not make the contract unenforceable as long as there is mutual assent and sufficiently definite terms. Therefore, the fact that this agreement was not in writing does not necessarily provide a defense for Brown.
- II. The Green-Brown agreement was not in writing. Similar to point I, the rule states that contracts do not need to be in writing to be enforceable. Thus, the oral nature of the Green-Brown agreement does not inherently make it unenforceable or provide a valid defense for Brown.

Step 4 — CONCLUSION: Given the elements of the rule and their application to the facts, neither the lack of a written agreement between Clark",-100.0,-100.0,-100.0,-11.251816749572754,1.0
mbe_99,nan,MBE-1972-78-part3,train,"Assume that Green paid the $2,500 on March 15 and that Brown completed the boathouse according to sp",B,C,False,7,2582,344,"When one party repudiates a contract, the innocent party has the option to either treat the repudiation as a breach or continue to perform under the contract and await the time of the agreed-upon performance.","(C)

Step 1 — RULE: When one party repudiates a contract, the innocent party has the option to either treat the repudiation as a breach or continue to perform under the contract and await the time of the agreed-upon performance.

Step 2 — ELEMENTS: The key elements of this rule are (1) repudiation by one party, (2) the innocent party's option to either treat the repudiation as a breach or continue performance, and (3) the implications of each choice on the parties' obligations and potential liabilities.

Step 3 — APPLICATION: Given that Green repudiated the contract after Brown completed the boathouse according to specifications, Brown is now the innocent party. According to the rule, Brown has two options: he can either treat Green's repudiation as a breach of contract or continue with his performance under the contract.

- For statement I, if Brown chooses to treat the repudiation as a breach, he would be entitled to damages. Since Green has already paid $2,500 and Brown completed the boathouse (earning him another $2,500), but was not paid for it due to Green's repudiation, Brown could claim the $2,500 as part of his damages for breach, among other potential damages. Thus, statement I is correct under the scenario where Brown treats the repudiation as a breach.

- For statement II, if Green repudiates the contract after the bo",-100.0,-100.0,-8.421357154846191,-100.0,1.0
mbe_100,nan,MBE-1972-78-part3,train,"Assume that Green paid the $2,500 on March 15, that Brown completed the boathouse, that Green paid t",A,C,False,7,3345,351,"A contract is considered breached through repudiation when one party unconditionally refuses to perform under the contract, which can occur through an express repudiation, an action that makes performance impossible, or the transfer of the subject property to a third party.","(C)

Step 1 — RULE: A contract is considered breached through repudiation when one party unconditionally refuses to perform under the contract, which can occur through an express repudiation, an action that makes performance impossible, or the transfer of the subject property to a third party.

Step 2 — ELEMENTS: The key elements of this rule are:
1. One party must unconditionally refuse to perform under the contract.
2. This refusal can be expressed directly (express repudiation), through actions that make performance impossible, or by transferring the subject property to a third party.
3. The focus is on the refusal to perform as promised, regardless of when performance is supposed to take place.

Step 3 — APPLICATION: 
- I. Green has a cause of action against Brown for breach of contract because Brown failed to complete the digging of the channel by June 1 as agreed upon. This failure constitutes a breach of the contractual terms regarding timely performance.
- II. Green is excused from paying the $5,000 if Brown's breach (failure to complete the work on time) significantly affects the value of the contract to Green. Since Brown did not complete the channel until July 1, which is after the agreed-upon deadline of June 1, this could be seen as a material breach affecting the contract's overall value and timing.

Step 4 — CONCLUSION: Given that Brown failed to meet the deadline for completing the digging of the channel (a key element",-100.0,-100.0,-7.251539707183838,-100.0,1.0
mbe_101,nan,MBE-1972-78-part4,train,"Customer. aged twenty, went into Store at approximately 6:45 p.m. to look at some suits that were on",B,B,True,7,3596,340,"An actor is liable for intentionally causing an offensive contact with another's person, either directly or indirectly, through their own actions or by setting into motion an instrument or substance that results in such contact.","B

The extracted legal rule states that an actor is liable for intentionally causing an offensive contact with another's person, either directly or indirectly, through their own actions or by setting into motion an instrument or substance that results in such contact.

Breaking down this rule into its key elements:
1. The contact must be intentional.
2. The contact must be offensive or harmful.
3. The actor can be liable for direct or indirect contacts.

Applying these elements to the given scenario and answer choices:
- Choice (A) mentions severe bodily harm, which is not a requirement stated in the extracted rule for liability in battery cases involving offensive or harmful contacts.
- Choice (B) states that the spray mist was an offensive or harmful contact, which aligns with one of the key elements of the rule. The chemical mist causing temporary blindness can be considered an offensive or harmful contact.
- Choice (C) refers to severe emotional distress, which is not explicitly mentioned in the extracted rule as a necessary element for establishing liability in this context.
- Choice (D) discusses whether Customer's conduct was the factual cause of the chemical's spraying, but the rule focuses on intentional actions by the actor that result in offensive or harmful contacts, not on the causation aspect from the victim's side.

Given the facts and the extracted legal rule, the most relevant element to establish liability is that the contact (in this case, the chemical mist) was indeed offensive or harmful. Therefore, choice (B) is the correct",-100.0,-0.6371830105781555,-100.0,-100.0,1.0
mbe_103,nan,MBE-1972-78-part4,train,"If Victim starts an action against Insurer forty days after the insurance settlement agreement, can ",D,D,True,7,3396,376,"An assignment, which is the transfer of intangible rights held by one party (the assignor) to another party (the assignee), is generally permitted under the law unless there is an express prohibition against assignment in the underlying contract or lease, and it must occur in the present, vesting immediate rights and obligations, and manifest a clear intent to transfer identified contractual rights.","(D)

The extracted legal rule states that an assignment is generally permitted under the law unless there is an express prohibition against assignment in the underlying contract or lease, and it must occur in the present, vesting immediate rights and obligations, and manifest a clear intent to transfer identified contractual rights.

Decomposing this rule into its key elements, we have:
1. The assignment must be of intangible rights.
2. There should be no express prohibition against assignment in the underlying contract or lease.
3. The assignment must occur in the present.
4. The assignment must vest immediate rights and obligations.
5. The assignment must manifest a clear intent to transfer identified contractual rights.

Evaluating each answer choice against these elements and the facts:
(A) This choice suggests that the assignment was ineffective because Insurer's promise to pay ""by check"" created a right too personal to assign. However, the rule does not specify that assignments of rights to be paid by check are invalid or too personal; it focuses on express prohibitions and the nature of the assignment itself.
(B) This choice implies that possession of the memorandum is necessary for an effective assignment, which is not a requirement stated in the rule. The effectiveness of an assignment is determined by the intent to transfer rights, not by physical possession of documents.
(C) The minority and irresponsibility of Tortfeasor are irrelevant to the validity of the assignment between Victim and Insurer, as the rule does not address the capacity or characteristics of the original parties",-100.0,-100.0,-100.0,-1.664881944656372,1.0
mbe_104,nan,MBE-1972-78-part4,train,"In view of Tortfeasor's age and irresponsibility when Insurer issued his liability policy, can Holde",D,D,True,7,3226,357,"To prevail on a breach of contract claim in Massachusetts, a plaintiff must demonstrate five elements: an agreement between the parties, consideration supporting the agreement, readiness to perform, a breach by the defendant, and resulting harm, with additional rules applying to contract assignments and third-party beneficiary enforcement.","D

To prevail on a breach of contract claim in Massachusetts, a plaintiff must demonstrate five elements: an agreement between the parties, consideration supporting the agreement, readiness to perform, a breach by the defendant, and resulting harm. The key issue here is whether Holder or ABC Furniture can recover as assignees of Victim's claim against Insurer.

Decomposing the rule into its key elements:
1. Agreement between the parties: There was an agreement between Insurer and Victim.
2. Consideration supporting the agreement: The consideration was the settlement of the tort claim for $5,000.
3. Readiness to perform: Victim was ready to perform by accepting the settlement.
4. Breach by the defendant: The potential breach is Insurer's failure to pay according to the settlement agreement.
5. Resulting harm: The harm would be to Holder or ABC Furniture if they cannot recover on their assignments.

Evaluating each answer choice against these elements and the facts:
- (A) This choice suggests that Victim's rights as a third-party beneficiary of the liability policy are no better than Tortfeasor's, implying that Tortfeasor's minority and irresponsibility affect the enforceability of the settlement agreement. However, the settlement agreement between Insurer and Victim is a separate contract from the liability policy.
- (B) This choice implies that Insurer's knowledge or waiver of Tortfeasor's defense is necessary for Holder or ABC Furniture to recover. The gold passage does not support the",-100.0,-100.0,-100.0,-0.010988867841660976,1.0
mbe_108,nan,MBE-1972-78-part4,train,The city of Newtown adopted an ordinance providing that street demonstrations involving more than 15,B,B,True,7,2736,347,"A statute violates due process under the void-for-vagueness doctrine if it either fails to provide a person of ordinary intelligence with a reasonable opportunity to know what is prohibited, or lacks explicit standards to prevent arbitrary and discriminatory enforcement.","B

The extracted legal rule states that a statute violates due process under the void-for-vagueness doctrine if it either fails to provide a person of ordinary intelligence with a reasonable opportunity to know what is prohibited, or lacks explicit standards to prevent arbitrary and discriminatory enforcement.

Decomposing this rule into its key elements, we have two main requirements:
1. The statute must provide a clear understanding of what is prohibited to a person of ordinary intelligence.
2. The statute must include explicit standards to prevent arbitrary and discriminatory enforcement by those responsible for enforcing it.

Evaluating each answer choice against these elements and the facts provided:
- (A) No type of prior restraint may be imposed on speech in public places: This statement does not directly address the void-for-vagueness doctrine or the requirements for a statute to be clear and to prevent arbitrary enforcement.
- (B) Laws regulating, by their terms, expressive conduct or speech may not be overbroad or unduly vague: This choice aligns with the void-for-vagueness doctrine. The ordinance's language regarding ""rush"" hours and the exceptions process could be considered vague, as it does not clearly define what constitutes ""rush"" hours or the criteria for approving exceptions. Additionally, the provision on opprobrious words or abusive language is vague because it does not specify what kind of language would tend to cause a breach of the peace, potentially leading to arbitrary enforcement.
- (C) The determination as to whether public gatherings may",-100.0,-0.2630031704902649,-100.0,-100.0,1.0
mbe_109,nan,MBE-1972-78-part4,train,The landlord's consent to the police officer's search of Defendant's apartment is,D,D,True,7,2792,357,"A valid waiver of Fourth Amendment rights requires an intelligent relinquishment of a known right or privilege, which cannot be presumed from verbal assent unless it reflects an understanding, uncoerced, and unequivocal election to grant consent that the person knows may be freely and effectively withheld.","D

To determine the correct answer, let's break down the question using the provided steps:

Step 1 — RULE: A valid waiver of Fourth Amendment rights requires an intelligent relinquishment of a known right or privilege, which cannot be presumed from verbal assent unless it reflects an understanding, uncoerced, and unequivocal election to grant consent that the person knows may be freely and effectively withheld.

Step 2 — ELEMENTS: The key elements of this rule are:
1. Intelligent relinquishment
2. Of a known right or privilege
3. Understanding, uncoerced, and unequivocal election to grant consent
4. Knowledge that consent may be freely and effectively withheld

Step 3 — APPLICATION: Evaluating each answer choice against these elements and the facts provided:
- (A) This option suggests that a landlord's implied consent is enough to waive a tenant's Fourth Amendment rights. However, it does not address whether the landlord had actual or apparent authority to permit the entry, nor does it consider the specific circumstances under which the consent was given.
- (B) This choice implies that the lease's provision for the landlord's right of entry constitutes a waiver of Defendant's Fourth Amendment rights. While the lease does give the landlord a right of entry for repairs, it does not explicitly cover situations like the one described, where the purpose is to investigate a potential crime or address a health hazard.
- (C) This option introduces the concept of probable cause, which is",-100.0,-10.270031929016113,-100.0,-0.11681882292032242,0.9999610507895248
mbe_110,nan,MBE-1972-78-part4,train,"If Defendant undertakes to challenge the search of his apartment, he has",B,B,True,7,2840,349,"To establish standing, a plaintiff must demonstrate three elements: a concrete and particularized actual or imminent injury, a fair traceability of the injury to the defendant's actions, and a substantial likelihood that the requested relief will remedy the alleged injury.","B

To establish standing, a plaintiff must demonstrate three elements: a concrete and particularized actual or imminent injury, a fair traceability of the injury to the defendant's actions, and a substantial likelihood that the requested relief will remedy the alleged injury.

Decomposing this rule into its key elements:
1. The plaintiff must have personally suffered a “concrete and particularized ... actual or imminent” injury.
2. The injury must be fairly traceable to the challenged actions of the defendant.
3. There is a substantial likelihood the requested relief will remedy the alleged injury.

Evaluating each answer choice against these elements and the facts:
- (A) Having items seized that are incriminating in nature does not directly address the three elements required for standing, particularly the issue of whether Defendant has suffered a personal injury due to the search.
- (B) This option suggests that despite being in jail, Defendant still has a sufficient interest in the apartment. Given that the lease was still presumably active (despite non-payment of rent), this could imply that Defendant personally suffered an injury (the illegal search of his premises) that is traceable to the defendant's actions (the police officer's entry without a warrant). This aligns with the first two elements of standing.
- (C) The landlord's authorization of the search might affect the legality or justification of the search, but it does not directly impact Defendant's standing to challenge the search. Standing is about whether the plaintiff has a personal stake",-100.0,-2.02529506054816e-07,-20.915876388549805,-100.0,0.9999999991751967
mbe_111,nan,MBE-1972-78-part4,train,Assume for this question only that Seller dies before closing and his will leaves his personal prope,C,C,True,7,2676,350,"The doctrine of equitable conversion may apply to the proceeds of a judicial sale of real property, converting the realty into personalty, but the timing and character of this conversion depend on the specific circumstances of the sale and the court's interpretation thereof.","C

The extracted legal rule states that the doctrine of equitable conversion may apply to the proceeds of a judicial sale of real property, converting the realty into personalty, but the timing and character of this conversion depend on the specific circumstances of the sale and the court's interpretation thereof.

Decomposing this rule into its key elements:
1. The doctrine of equitable conversion applies to sales of real property.
2. This doctrine converts realty into personalty under certain conditions.
3. The timing and character of the conversion depend on the specifics of the sale and judicial interpretation.

Evaluating each answer choice against these elements and the facts provided:
- (A) Death, an eventuality for which the parties could have provided, terminates the agreement if they did not so provide. This statement does not directly relate to the doctrine of equitable conversion or the distribution of proceeds after a sale.
- (B) Rose is entitled to the proceeds of the sale when it closes, because the doctrine of equitable conversion does not apply to these circumstances. Given that the jurisdiction recognizes the principle of equitable conversion and there's no indication that this principle wouldn't apply here, this choice seems incorrect.
- (C) Perry is entitled to the proceeds of the sale when it closes. Since the agreement was for the sale of real property and the doctrine of equitable conversion applies, upon execution of the contract, the purchase price is treated as personal property. Thus, when Seller dies, the proceeds (now considered personalty due to",-100.0,-22.987565994262695,-1.445677781930499e-07,-100.0,0.9999999998960973
mbe_112,nan,MBE-1972-78-part4,train,"Assume for this question only that Buyer dies before closing, there being no breach of the agreement",A,A,True,7,2552,353,"To establish a claim for conversion, a plaintiff must prove four elements: ownership or possession of the property, the defendant's unauthorized assumption and exercise of control over the property, a demand for return of the property, and the defendant's refusal to return the property.","(A)

The extracted legal rule states that to establish a claim for conversion, a plaintiff must prove four elements: ownership or possession of the property, the defendant's unauthorized assumption and exercise of control over the property, a demand for return of the property, and the defendant's refusal to return the property. However, this question does not directly involve a claim for conversion but rather the effect of a buyer's death on a contract for the sale of real property under the principle of equitable conversion.

Decomposing the rule into its key elements is less relevant here because the question at hand involves the principle of equitable conversion and its implications on contracts, not the tort of conversion. Equitable conversion is a doctrine that treats the purchase price as personal property and the title to the land as real property from the time the contract is signed. Given this context, when Buyer dies before closing without any breach by either party, the buyer's heir typically steps into the buyer's shoes regarding the contract.

Evaluating each answer choice:
- (A) Buyer's heir may specifically enforce the agreement: This aligns with the principle that upon the death of a buyer, their heirs can enforce the contract because, under equitable conversion, the buyer is considered to have an equitable interest in the property from the time of contracting.
- (B) Seller has the right to return the down payment and cancel the contract: This would not be appropriate without a breach by the buyer or their estate, as the death of the buyer does not",-0.07037097960710526,-10.309517860412598,-100.0,-100.0,0.999964257947581
mbe_113,nan,MBE-1972-78-part4,train,"Assuming that Sawtooth committed a total breach on March 1. 1972, what would be the probable measure",B,B,True,7,3128,349,"The proper measure of damages for breach of contract under Illinois law is the amount that will place the non-breaching party in as satisfactory a position as it would have been had the contract been fully performed, without putting them in a better position.","B

The extracted legal rule states that the proper measure of damages for breach of contract under Illinois law is the amount that will place the non-breaching party in as satisfactory a position as it would have been had the contract been fully performed, without putting them in a better position.

Decomposing this rule into its key elements, we have:
1. The goal is to put the non-breaching party (Farquart) in the same position they would have been in if the contract were fully performed.
2. The measure of damages should not put the non-breaching party in a better position than they would have been in under full performance.

Evaluating each answer choice against these elements and the facts:
- A: Restitution of the three monthly installments paid does not account for the value of the work that was supposed to be done under the contract. It only returns what was paid, not considering the full performance aspect.
- B: This option calculates the cost to complete the house by another contractor minus the installments not yet paid to Sawtooth. This approach aims to put Farquart in the position he would have been in if the contract were fully performed (having a completed house) without overcompensating him, as it only covers the necessary expenses to achieve the original contractual outcome.
- C: The difference between the market value of the partly built house and its market value if completed might not accurately reflect the cost of completing the house according to the specifications. It",-100.0,-5.1784459174086805e-06,-20.215852737426758,-100.0,0.9999999983390027
mbe_114,nan,MBE-1972-78-part4,train,"Assuming that Sawtooth committed a total breach on March 1, 1972, and assuming further that he was a",C,C,True,7,2980,355,"Consequential damages may be awarded when a non-breaching party's loss flows naturally and probably from the breach, was contemplated by the parties at the time of contract formation, and is proven by a preponderance of the evidence to be a direct result of the breach.","C

Step 1 — RULE: Consequential damages may be awarded when a non-breaching party's loss flows naturally and probably from the breach, was contemplated by the parties at the time of contract formation, and is proven by a preponderance of the evidence to be a direct result of the breach.

Step 2 — ELEMENTS: The key elements for awarding consequential damages are:
1. The loss must flow naturally and probably from the breach.
2. The loss was contemplated by the parties when the contract was made.
3. The breach is proven by a preponderance of the evidence to be the cause in fact of the loss.

Step 3 — APPLICATION: Evaluating each answer choice against these elements:
- (A) Junior and his bride having to pay storage charges on their wedding gifts and new furniture until the house could be completed shows a natural and probable consequence of the delay. However, it's less directly related to Farquart's immediate concerns or expenses.
- (B) Junior's fiancée jilting him is not a consequence of Sawtooth's breach but rather an unrelated event.
- (C) Farquart being put to additional expense in providing temporary housing for Junior and his bride directly relates to the purpose of the contract (completing the house by June 10, 1972) and shows a loss that flows naturally from the breach. This was also contemplated by Sawtooth, as he was aware of the purpose for",-14.377705574035645,-100.0,-2.7644953206618084e-06,-100.0,0.9999994300421233
mbe_115,nan,MBE-1972-78-part4,train,What was the probable legal effect of the following? I. Sawtooth's failure to object to Farquart's m,B,B,True,7,3177,360,"A waiver is a voluntary relinquishment of a known right, claim, or privilege, which can be implied through a party's actions or course of conduct that demonstrates an intention to waive the right, and is distinct from equitable estoppel, which may arise without an intention to relinquish a right.","B

Step 1 — RULE: The extracted legal rule states that a waiver is a voluntary relinquishment of a known right, claim, or privilege, which can be implied through a party's actions or course of conduct that demonstrates an intention to waive the right.

Step 2 — ELEMENTS: The key elements of this rule are:
1. Voluntary relinquishment
2. Known right, claim, or privilege
3. Implied through actions or conduct demonstrating an intention to waive

Step 3 — APPLICATION: 
- I. Sawtooth's failure to object to Farquart's making no payments on November 1, December 1, January 1, and February 1 can be seen as a waiver of delay in payment because by not objecting, Sawtooth impliedly accepted the delayed payments or lack thereof, demonstrating an intention to waive his right to timely payments.
- II. Farquart's making payments in August through October without requiring a certificate from Builders can be considered a revocable waiver. This is because Farquart voluntarily chose not to enforce the condition (requiring a certificate) for those months, which could imply a temporary or conditional waiver of that specific right.

Step 4 — CONCLUSION: Given the analysis, answer choice B best satisfies the rule given the facts. It correctly identifies Sawtooth's failure to object as a waiver of delay in payment and Farquart's actions without requiring a certificate as a revocable waiver",-100.0,-0.002125534461811185,-100.0,-100.0,1.0
mbe_116,nan,MBE-1972-78-part4,train,Construction Company contracted to build a laundry for Wash Company on the latter's vacant lot in a ,A,A,True,7,2564,334,"An activity is considered inherently dangerous if its performance would probably cause injury in the ordinary course of events without proper precautions, due to the inherent danger in the work itself.","(A)

Step 1 — RULE: An activity is considered inherently dangerous if its performance would probably cause injury in the ordinary course of events without proper precautions, due to the inherent danger in the work itself.

Step 2 — ELEMENTS: The key elements of this rule are (1) the activity must be such that its performance would probably cause injury, (2) the danger must be inherent in the performance of the work, and (3) the likelihood of injury is not merely possible but probable if proper precautions are not taken.

Step 3 — APPLICATION: Evaluating each answer choice against these elements:
- (A) Leaving an open trench unprotected, especially one that is 7 to 9 feet deep and has gathered significant surface water due to heavy rains, creates a condition where injury is probably going to occur in the ordinary course of events if proper precautions (like barriers or covering the trench) are not taken. This situation aligns with the definition of an inherently dangerous activity because the danger (falling into the trench) inheres in the performance of the work (digging and leaving a deep trench open).
- (B) While construction companies may be liable for various reasons, strict liability for inherently dangerous conditions is not explicitly mentioned in the provided gold passage. The focus is on the nature of the activity rather than the type of company performing it.
- (C) Tommy's status as a trespasser might affect the duty of care owed to him by Construction Company or Wash Company,",-2.2057766914367676,-100.0,-100.0,-100.0,1.0
mbe_117,nan,MBE-1972-78-part4,train,"Doctor, a licensed physician, resided in her own home. The street in front of the home had a gradual",C,A,False,7,2960,352,"Assumption of risk and contributory negligence are distinct doctrines, with assumption of risk arising from an implied contract and contributory negligence arising from tort law and defined as conduct by the plaintiff that falls below the standard for their own protection and contributes to their harm.","(A)

The extracted legal rule states that assumption of risk and contributory negligence are distinct doctrines, with assumption of risk arising from an implied contract and contributory negligence arising from tort law. Contributory negligence is defined as conduct by the plaintiff that falls below the standard for their own protection and contributes to their harm.

Decomposing this rule into its key elements, we have:
1. Assumption of risk arises from an implied contract.
2. Contributory negligence arises from tort law.
3. Contributory negligence involves conduct by the plaintiff that falls below a standard for their own protection.
4. This conduct must contribute to the plaintiff's harm.

Evaluating each answer choice against these elements and the facts:
- (A) Doctor was negligent as a matter of law: This choice does not directly address assumption of risk or contributory negligence but suggests Doctor's actions were negligent, which could be relevant under tort law and thus related to contributory negligence.
- (B) Doctor had no right to move the car: This choice touches on issues of authority and potential trespass but doesn't directly relate to the doctrines of assumption of risk or contributory negligence as defined in the rule.
- (C) Not recover because his brakes were defective: This choice implies a form of contributory negligence if Parker knew or should have known about the brake condition. However, it does not directly address Doctor's actions or the specific legal doctrines mentioned.
- (D) Not recover because he was in a drunken stupor",-4.869329452514648,-100.0,-100.0,-100.0,1.0
mbe_119,nan,MBE-1972-78-part4,train,"On a charge of murdering Vic, Sam is",C,C,True,7,2448,333,"For the purpose of determining accomplice liability, ""encouragement"" refers to conduct that countenances or approves the criminal actions of others by any means.","C

Step 1 — RULE: For the purpose of determining accomplice liability, ""encouragement"" refers to conduct that countenances or approves the criminal actions of others by any means.

Step 2 — ELEMENTS: The key elements of this rule are (1) encouragement, which can be through any means, and (2) the intent to countenance or approve the criminal actions of others. 

Step 3 — APPLICATION: Evaluating each answer choice against these elements:
- (A) This choice discusses a ""clear and present danger,"" which is not directly relevant to the rule provided about encouragement for accomplice liability.
- (B) This choice suggests that mere presence and oral encouragement are insufficient for accomplice liability, but it does not address the intent behind Sam's actions or how his words might countenance or approve Bill's criminal action.
- (C) This choice indicates that with the intent to have Bill kill Vic, Sam shouted encouragement. Given the rule, shouting encouragement can be considered conduct that approves the criminal actions of others, and if done with the requisite intent, it could establish accomplice liability.
- (D) This choice mentions ""mere presence plus his intent,"" which does not align well with the rule since mere presence is generally not enough to establish liability without some form of encouragement or assistance.

Step 4 — CONCLUSION: Given the elements of the rule and the facts provided, answer (C) best satisfies the conditions for accomplice liability through encouragement",-100.0,-100.0,-0.01952170953154564,-100.0,1.0
mbe_120,nan,MBE-1972-78-part4,train,"On a charge of murdering Vic, Tom is",A,A,True,7,2736,358,"The concept of ""aiding and abetting"" encompasses not only active assistance but also mere encouragement, which can be established through conduct that countenances or approves the criminal actions of another, including words, gestures, looks, signs, association, or other forms of tacit support.","(A)

Step 1 — RULE: The concept of ""aiding and abetting"" encompasses not only active assistance but also mere encouragement, which can be established through conduct that countenances or approves the criminal actions of another, including words, gestures, looks, signs, association, or other forms of tacit support.

Step 2 — ELEMENTS: The key elements of this rule are (1) the presence of encouragement, and (2) the form of encouragement can be through various means such as words, gestures, looks, signs, association, etc. However, mere presence alone, even with silent approval or intent, is not sufficient to establish aiding and abetting.

Step 3 — APPLICATION: Evaluating each answer choice against these elements:
- (A) suggests that mere presence coupled with silent approval and intent is insufficient for a conviction, which aligns with the rule that mere presence alone is not enough.
- (B) introduces an irrelevant factor about telling Bill ahead of time, which does not directly relate to the elements of aiding and abetting as defined by the rule.
- (C) implies a duty to stop the killing, which is not explicitly mentioned in the provided rule. The rule focuses on what constitutes aiding and abetting, not on the failure to prevent a crime.
- (D) states that presence and approval are enough, which contradicts the rule that mere presence, even with approval, is insufficient without some form of encouragement or active support.

Step ",-6.551082134246826,-100.0,-100.0,-100.0,1.0
mbe_121,nan,MBE-1972-78-part4,train,Leonard A as the high priest of a small cult of Satan worshippers living in NewArcadia. Asa part of ,B,B,True,7,2484,336,"Sincere religious beliefs are rarely accepted as a defense to criminal charges when they conflict with the law, and individuals are generally expected to comply with the law despite such conflicts.","(B)

Step 1 — RULE: The extracted legal rule is that sincere religious beliefs are rarely accepted as a defense to criminal charges when they conflict with the law, and individuals are generally expected to comply with the law despite such conflicts.

Step 2 — ELEMENTS: The key elements of this rule include:
1. The presence of sincere religious beliefs.
2. A conflict between these beliefs and the law.
3. The general principle that religious beliefs do not excuse illegal activities.

Step 3 — APPLICATION: Evaluating each answer choice against these elements and the facts provided:
- (A) This choice suggests that belief in or worship of Satan does not enjoy constitutional protection. While this might be a factor, it doesn't directly address the rule that sincere religious beliefs are rarely a defense to criminal charges.
- (B) This choice aligns with the rule by stating that sincere religious belief is not an adequate defense on these facts, implying that despite Leonard's beliefs, the law against cruelty to animals takes precedence.
- (C) This choice suggests that the conviction would be overturned due to a violation of freedom of religion. However, according to the extracted rule, religious beliefs rarely excuse illegal activities, making this option less likely.
- (D) This choice speculates about the reasonableness of the cult members' beliefs and their act being religious, which does not directly address the principle that religious beliefs do not typically justify breaking the law.

Step 4 — CONCLUSION: Given the rule and",-100.0,-1.8116631507873535,-100.0,-100.0,1.0
mbe_123,nan,MBE-1972-78-part4,train,An appropriations act passed by Congress over the President's veto directs that one billion dollars ,B,B,True,7,3112,363,"An entity is considered a Non-Appropriated Fund Instrumentality (NAFI) if Congress has restricted it to being entirely self-supporting without any appropriated funds, but if Congress has left open the possibility of appropriating funds, even if none have been used, the entity is not a NAFI.","B

The extracted legal rule states that an entity is considered a Non-Appropriated Fund Instrumentality (NAFI) if Congress has restricted it to being entirely self-supporting without any appropriated funds, but if Congress has left open the possibility of appropriating funds, even if none have been used, the entity is not a NAFI. Decomposing this rule into its key elements, we find that the crucial factor is whether Congress has directed that funds be spent as appropriated or has restricted an entity to being self-supporting.

Applying these elements to the given scenario, where Congress passed an appropriations act directing that one billion dollars ""shall be spent by the federal government for the development of a new military weapons system,"" we see that Congress has explicitly directed how the funds should be used. This directive implies that Congress intends for the funds to be spent as appropriated, rather than leaving the decision to the executive branch or restricting the entity to self-supporting means.

Evaluating each answer choice against these elements and the facts:

(A) Passage of an appropriation over a veto makes the spending mandatory - While this statement might seem relevant, it doesn't directly address the constitutional argument regarding Congress' power to direct how appropriated funds are spent.

(B) Congress' power to appropriate funds includes the power to require that the funds will be spent as directed - This choice aligns with the rule and the scenario. If Congress has the power to decide whether to allow or deny a federal instrumentality appropriated funds, it",-100.0,-0.6287201046943665,-100.0,-100.0,1.0
mbe_124,nan,MBE-1972-78-part4,train,"In the context of all aspects of the scheme, which of the following will offer the best chance of im",A,A,True,7,3356,382,"The key differences between easements, covenants, and licenses lie in their creation, enforceability, and revocability, with easements being nonpossessory rights to use another's property, covenants being written agreements that can attach to the land or expire upon transfer, and licenses being revocable permissions to use property unless supported by a written contract or significant reliance by the licensee.","(A)

The extracted legal rule highlights the key differences between easements, covenants, and licenses, focusing on their creation, enforceability, and revocability. To implement the requirement that each lot owner pay annual dues to support the club and golf course, we need to decompose this rule into its elements:

1. **Easements** are nonpossessory rights to use another's property for a stated purpose, typically affirmative, and governed by contract law.
2. **Covenants** are written agreements where the grantor promises to take or not take certain actions regarding the land. They can attach to the land and be enforceable against subsequent owners if in writing and properly notified.
3. **Licenses** grant permission to use property for a specific purpose but are generally revocable unless supported by a written contract or significant reliance.

Given Ohner's scheme, which requires each lot owner to pay annual dues for the club and golf course facilities, we need an instrument that can:

- Be enforceable against subsequent owners (to ensure continuity of payment).
- Attach to the land (so that the obligation is tied to ownership of the lots).
- Impose a specific financial obligation (payment of annual dues).

Evaluating each answer choice:
- **(A) Covenant**: This fits well because covenants can attach to the land, be enforceable against subsequent owners if properly documented and notified, and can impose specific obligations such as payment of dues. It align",-0.13777145743370056,-100.0,-100.0,-100.0,1.0
mbe_125,nan,MBE-1972-78-part4,train,"Of the following, the greatest difficulty that will be encountered in establishing the scheme is tha",D,D,True,7,3420,357,"The reasonableness of a restraint on alienation is determined by weighing its utility against its injurious consequences, considering factors such as the interests protected, duration, purpose, and scope of the restraint, as well as the motivations behind its imposition and its impact on the parties involved.","(D)

The extracted legal rule states that the reasonableness of a restraint on alienation is determined by weighing its utility against its injurious consequences, considering factors such as the interests protected, duration, purpose, and scope of the restraint, as well as the motivations behind its imposition and its impact on the parties involved.

Decomposing this rule into its key elements, we have:
1. Utility of the restraint
2. Injurious consequences of enforcing the restraint
3. Interests protected by the restraint
4. Duration of the restraint
5. Purpose of the restraint
6. Scope of the restraint
7. Motivations behind the imposition of the restraint

Evaluating each answer choice against these elements and the facts:
(A) This option discusses judicial recognition being construed as state action and potential conflict with the Fourteenth Amendment, which does not directly relate to the reasonableness of a restraint on alienation based on the provided rule.
(B) The scheme rendering title unmarketable is a potential consequence but does not specifically address the factors that determine the reasonableness of a restraint on alienation as outlined in the rule.
(C) This option mentions a restraint on alienation, which aligns with the rule. However, the specific aspects outlined by Ohner (e.g., residential use only, access to club and golf course facilities, transfer rights, and payment of annual dues) do not inherently result in an unreasonable restraint on alienation without considering the factors mentioned in",-100.0,-100.0,-100.0,-0.8136565685272217,1.0
mbe_126,nan,MBE-1972-78-part4,train,"Rogers gave Mitchell a power of attorney containing the following provision: ""My attorney. Mitchell,",D,D,True,7,2488,337,"A covenant running with the land may only be enforced by the covenantee and those in privity with it, including its representatives, heirs, devisees, and assignees.","(D)

Step 1 — RULE: A covenant running with the land may only be enforced by the covenantee and those in privity with it, including its representatives, heirs, devisees, and assignees.

Step 2 — ELEMENTS: The key elements of this rule are (1) the existence of a covenant running with the land, and (2) the requirement that only the covenantee or those in privity with it can enforce such a covenant. 

Step 3 — APPLICATION: Given these elements, we need to evaluate whether Mitchell, acting under the power of attorney from Rogers, had the authority to execute a deed containing covenants that would be enforceable by Stone against Rogers. The critical issue here is not about who can enforce the covenant (since Stone's ability to sue would depend on being in privity or having some form of assignment), but rather whether Mitchell's actions under the power of attorney were sufficient to bind Rogers to the covenants in the deed.

The gold passage and extracted rule focus on who can enforce a covenant running with the land, not directly on the authority to create such covenants. However, for Stone to have a valid claim against Rogers based on the covenants, it must be established that Mitchell had the power to include these covenants in the deed on behalf of Rogers. 

Option (D) addresses this issue by questioning whether the power to ""sell and convey"" includes the power to execute a deed with",-100.0,-100.0,-100.0,-1.8900363445281982,1.0
mbe_127,nan,MBE-1972-78-part4,train,"Auto Company. a corporation, was a small dealer in big new cars and operated a service department. P",B,B,True,7,3096,379,"A property owner's duty of care varies depending on the status of the person entering their land, with the greatest duty owed to invitees, a more limited duty to licensees to avoid affirmative negligence or willful conduct, and the most limited duty to trespassers to refrain from intentional harm unless the landowner knows or should know of the trespasser's presence and fails to exercise ordinary care.","(B)

The extracted legal rule states that a property owner's duty of care varies depending on the status of the person entering their land. The key elements of this rule are:
1. The status of the person entering the land (invitee, licensee, or trespasser).
2. The corresponding duty of care owed by the property owner to each type of entrant.

In this scenario, Peter is a potential customer who intends to inquire about services, which suggests he is a licensee since he enters upon invitation for his own interest or benefit. As a licensee, Auto Company owes him a duty to avoid causing injuries through affirmative negligence or willful or wanton conduct.

Given the facts that the overhead door was properly working and no one admitted to operating the switch, but Peter was still injured by the descending door, it implies that someone's action (or inaction) might have led to the accident. Since Mike and the three mechanics denied touching a switch, if any of them were negligent in their actions or omissions (e.g., failing to ensure the area was clear before lowering the door, if they had a role in its operation), this could constitute affirmative negligence.

Thus, evaluating each answer choice:
- (A) is incorrect because strict liability does not apply based on the status of Peter as a licensee.
- (B) is correct because if an employee of Auto Company was negligent (e.g., through affirmative negligence), Peter could recover.
- (C) is incorrect because being a licensee",-100.0,-1.816047191619873,-100.0,-100.0,1.0
mbe_128,nan,MBE-1972-78-part4,train,Jones offered to testify that he looked up Smith's telephone number in the directory called that num,A,A,True,7,2957,366,"An item, including a videotape, is properly authenticated if there is ""evidence sufficient to support a finding that the matter in question is what its proponent claims,"" which can be established through testimony that the item is what it is claimed to be or that it fairly and accurately depicts the events it purports to show.","(A)

The extracted legal rule states that an item is properly authenticated if there is ""evidence sufficient to support a finding that the matter in question is what its proponent claims."" This can be established through testimony that the item is what it is claimed to be or that it fairly and accurately depicts the events it purports to show.

Decomposing this rule into its key elements, we have:
1. The need for evidence sufficient to support a finding.
2. The matter in question must be what its proponent claims.

Applying these elements to the given scenario, Jones's testimony about looking up Smith's telephone number in the directory and the voice answering ""This is Smith speaking"" provides a basis for believing that the person on the phone is indeed Smith. This, combined with the usual reliability of telephone directories and transmission systems, could be seen as sufficient evidence to support the finding that the voice on the phone belongs to Smith.

Choice (A) directly addresses this by stating that the answering speaker's identification of himself, along with the usual accuracy of the telephone directory and transmission system, furnishes sufficient authentication. This aligns with the rule's requirement for ""evidence sufficient to support a finding"" that the matter in question (in this case, the identity of the person on the phone) is what its proponent claims.

Choice (B) mentions judicial notice of the accuracy of telephone directories, which, while relevant, does not directly address the authentication of the voice on the phone as being",-1.2994918823242188,-100.0,-100.0,-100.0,1.0
mbe_129,nan,MBE-1972-78-part4,train,Jones seeks to introduce in evidence a photograph of his cornfield in order to depict the nature and,A,A,True,7,2615,344,"Photographs are generally admissible if they illustrate a relevant fact, shed light on an issue, or describe a person, thing, or place, as long as their probative value outweighs any prejudicial effect.","(A)

The extracted legal rule states that photographs are generally admissible if they illustrate a relevant fact, shed light on an issue, or describe a person, thing, or place, as long as their probative value outweighs any prejudicial effect.

Decomposing this rule into its key elements, we have:
1. The photograph must illustrate a relevant fact, shed light on an issue, or describe a person, thing, or place.
2. The probative value of the photograph must outweigh any prejudicial effect.

Applying these elements to the given facts and answer choices:
- Jones seeks to introduce a photograph of his cornfield to depict the nature and extent of the damage done by Smith's horse. This directly relates to an issue in the case (the extent of the damage), satisfying the first element.
- For the photograph to be admissible, its probative value (in this case, accurately depicting the damage) must outweigh any potential prejudicial effect. However, none of the choices directly address the balancing of probative value versus prejudicial effect.

Evaluating each answer choice:
(A) This choice suggests that if Jones testifies the photograph fairly and accurately portrays the condition of the cornfield after the damage was done, it should be admissible. This aligns with the rule's requirement that the photograph illustrate a relevant fact or shed light on an issue, as long as its probative value (here, its accuracy) is established.
(B) While the timing of when",-2.212141990661621,-100.0,-100.0,-100.0,1.0
mbe_133,nan,MBE-1972-78-part4,train,"Householder hired Contractor to remodel her. Householders, kitchen. She had learned of him through a",A,A,True,7,2765,344,"A product is considered defective under Section 402A if it leaves the supplier's control lacking any element necessary to make it safe for its intended use, thereby rendering it unreasonably dangerous to the user or consumer.","(A)

Step 1 — RULE: A product is considered defective under Section 402A if it leaves the supplier's control lacking any element necessary to make it safe for its intended use, thereby rendering it unreasonably dangerous to the user or consumer.

Step 2 — ELEMENTS: The key elements of this rule are:
1. The product must be in a defective condition.
2. The defect must exist when the product leaves the supplier's control.
3. The defect must make the product unreasonably dangerous to the user or consumer.
4. The product lacks an element necessary to make it safe for its intended use.

Step 3 — APPLICATION: 
- Answer choice (A) suggests that Accountant will recover because the dishwasher was defectively made. Given that the dishwasher had an internal wiring defect which allowed electrical current to be carried into the framework, causing it to malfunction, this aligns with the rule's requirement that a product is defective if it lacks an element necessary to make it safe for its intended use.
- Answer choice (B) implies vicarious liability for improper installation, which does not directly relate to the defect existing when the product left the supplier's control.
- Answer choice (C) mentions assumption of risk, which is not relevant to the strict liability claim based on the product being defective when it left the supplier's control.
- Answer choice (D) suggests that Accountant cannot recover because he was not the purchaser. However, the rule does not limit recovery",-1.1258323192596436,-100.0,-100.0,-100.0,1.0
mbe_134,nan,MBE-1972-78-part4,train,Which of the following is the strongest reason for finding unconstitutional a requirement in the Mis,D,D,True,7,2895,339,"The Equal Protection Clause prohibits government-imposed discrimination based on certain classifications, including race and gender, and guarantees equal protection to individuals who are treated unequally because of their race or gender.","D

The extracted legal rule states that the Equal Protection Clause prohibits government-imposed discrimination based on certain classifications, including race and gender, and guarantees equal protection to individuals who are treated unequally because of their race or gender.

Decomposing this rule into its key elements, we have:
1. Government-imposed action
2. Discrimination based on certain classifications (e.g., race, gender)
3. Unequal treatment of individuals due to these classifications

Evaluating each answer choice against these elements and the facts:
- (A) Article I Section 2 of the Constitution discusses the selection of representatives but does not directly address voter qualifications or equal protection.
- (B) Article 1, Section 4 refers to Congress's power over the ""Times"" and ""Manner"" of elections but doesn't inherently invoke equal protection principles without further context on discrimination.
- (C) The due process clause of the Fourteenth Amendment is broad and protects various rights, but it does not specifically target discrimination based on race or gender in the same way the Equal Protection Clause does.
- (D) The equal protection clause of the Fourteenth Amendment directly addresses government-imposed discrimination, including classifications that could potentially affect voting rights, such as literacy requirements that might disproportionately impact certain racial or ethnic groups who are less likely to be literate in English.

Given the facts and the rule, requiring voters to be literate in English could disproportionately affect individuals based on their national origin or race, indirectly",-100.0,-100.0,-100.0,-0.004698564298450947,1.0
mbe_135,nan,MBE-1972-78-part4,train,The Missoula election code provides that in a special-purpose election for directors ofa state water,C,C,True,7,2904,345,"The one-person, one-vote requirement applies to both states and their political subdivisions, mandating that once the franchise is granted, electoral district lines must be drawn consistently with the Equal Protection Clause of the Fourteenth Amendment.","C

The extracted legal rule states that the one-person, one-vote requirement applies to both states and their political subdivisions, mandating that once the franchise is granted, electoral district lines must be drawn consistently with the Equal Protection Clause of the Fourteenth Amendment.

Breaking down this rule into its key elements:
1. The one-person, one-vote principle applies to all levels of government, including local governments and special districts.
2. Once the right to vote (franchise) is granted, the electoral process must comply with the Equal Protection Clause.
3. Compliance with the Equal Protection Clause means that district lines or voting rules cannot unfairly discriminate against any group.

Evaluating each answer choice:
(A) This option suggests the principle only applies to statewide public offices, which contradicts the rule that it applies to all levels of government, including local and special districts like the watershed improvement district in question.
(B) While property rights are involved, the rule does not exempt situations where property rights are at stake from the one-person, one-vote requirement. The key factor is the granting of the franchise and ensuring equal protection, not the type of rights (property or otherwise) affected by the election outcome.
(C) This option argues that because the district's actions principally affect landowners, the one-person, one-vote principle does not apply. However, this reasoning aligns with a potential exception to the rule where the election is for a special purpose district and the vote is limited to those directly affected (",-100.0,-6.827472686767578,-0.029649721458554268,-100.0,0.9988850420026687
mbe_136,nan,MBE-1972-78-part4,train,"Testator devised his farm ""to my son, Selden, for life, then to Selden's children and their heirs an",C,C,True,7,2716,344,"A remainder is considered vested if there is a person who would take the property immediately if the preceding life estate were to end, whereas if no such person exists, the remainder is contingent and subject to a condition precedent.","(C) 

The extracted legal rule states that a remainder is considered vested if there is a person who would take the property immediately if the preceding life estate were to end, whereas if no such person exists, the remainder is contingent and subject to a condition precedent.

Decomposing this rule into its key elements:
1. The existence of a person who can take the property immediately after the life estate ends determines if the remainder is vested.
2. If such a person exists, the remainder is vested but may be subject to partial or complete defeasance.
3. If no such person is identifiable at the time the instrument takes effect, the remainder is contingent.

Applying these elements to the given scenario:
- Testator devises the farm ""to my son, Selden, for life, then to Selden's children and their heirs and assigns.""
- At the time of the testator's death (when the will takes effect), Selden has two unmarried, adult children who are identifiable.
- These children would take the property immediately if the life estate were to end at that moment.

Given these facts:
- Answer choice (A) ""indefeasibly vested"" is incorrect because while the remainder vests in Selden's children, it could be subject to defeasance if, for example, Selden were to have more children who could also claim an interest.
- Answer choice (B) ""contingent"" is incorrect because there are identifiable persons (Selden's children",-100.0,-100.0,-100.0,-100.0,0.25
mbe_139,nan,MBE-1972-78-part4,train,It is most likely that Defendant has committed which of the following crimes?.,B,B,True,7,2585,333,Embezzlement is defined as the fraudulent appropriation of property by a person to whom such property has been entrusted or into whose hands it has lawfully come.,"B

Step 1 — RULE: Embezzlement is defined as the fraudulent appropriation of property by a person to whom such property has been entrusted or into whose hands it has lawfully come.

Step 2 — ELEMENTS: The key elements of embezzlement are (1) fraudulent appropriation, (2) of property, (3) by a person to whom the property has been entrusted, and (4) the property came into the person's hands lawfully.

Step 3 — APPLICATION: Evaluating each answer choice against these elements:
- (A) Larceny typically involves the trespassory taking of property, which does not exactly fit this scenario since the property (the ring) was given to Defendant lawfully.
- (B) Embezzlement matches the scenario because Johnson entrusted his ring to Defendant as part of their pawn agreement. Defendant then fraudulently appropriated the ring by selling it before the agreed-upon deadline, knowing he would not return it if Johnson came back to reclaim it.
- (C) Larceny by trick involves obtaining property through deception, but in this case, the initial possession of the ring was lawful; the deception occurred later when Defendant sold the ring and then lied about its whereabouts.
- (D) Obtaining by false pretenses involves getting property through deceit from the outset, which doesn't fit because Johnson gave Defendant the ring willingly as part of their agreement.

Step 4 — CONCLUSION: Given that Johnson entrusted his ring",-100.0,-0.00011298144818283617,-100.0,-100.0,1.0
mbe_140,nan,MBE-1972-78-part4,train,"Suppose in the case above. instead of denying liability, Defendant told Johnson the truththat he sol",B,B,True,7,2619,350,"Larceny is defined as the fraudulent and wrongful taking and carrying away of another's property with intent to convert it to one's own use without the owner's consent, distinguished from embezzlement by the unlawful initial acquisition of the property.","(B)

Step 1 — RULE: Larceny is defined as the fraudulent and wrongful taking and carrying away of another's property with intent to convert it to one's own use without the owner's consent, distinguished from embezzlement by the unlawful initial acquisition of the property.

Step 2 — ELEMENTS: The key elements for larceny are (1) fraudulent and wrongful taking, (2) carrying away of the property, (3) the property belongs to another, (4) intent to convert the property to one's own use, and (5) lack of consent from the owner. For embezzlement, the initial acquisition of the property must be lawful.

Step 3 — APPLICATION: In this scenario, Defendant initially acquired the ring lawfully as a pawnshop owner with an agreement that allowed him to sell it if the loan was not repaid within 60 days. However, he sold the ring before the expiration of the 60-day period, based on his speculation about Johnson's intentions rather than any right conferred by the agreement. This action constitutes a breach of the trust and fiduciary duty inherent in the pawn agreement, which aligns more closely with embezzlement since Defendant initially acquired the ring lawfully but then wrongfully converted it to his own use before he was legally entitled to do so.

Step 4 — CONCLUSION: Given that Defendant lawfully acquired the ring (as a pawn) and later wrongfully sold it without the right",-100.0,-5.97180700302124,-100.0,-100.0,1.0
mbe_141,nan,MBE-1972-78-part4,train,"Brown contended that Green owed him S6,0)00. Green denied that he owed Brown anything. Tired of the ",B,B,True,7,3008,346,"When determining whether parties have agreed to a contract, including an agreement to arbitrate, courts should look to the objective manifestations of the parties' intent as expressed through their words and deeds to find a mutual intent to be bound.","B

The extracted legal rule states that when determining whether parties have agreed to a contract, courts should look to the objective manifestations of the parties' intent as expressed through their words and deeds to find a mutual intent to be bound. Decomposing this rule into its key elements, we have: (1) the need for an objective manifestation of intent, and (2) the requirement for a mutual intent to be bound.

Applying these elements to the given scenario, where Green signed a promissory note promising to pay Brown $5,000 in settlement of their dispute, we evaluate each answer choice. The question asks which fact would afford Green the best defense against Brown's action on the promissory note.

(A) This option suggests that Brown believed $6,000 was owed, but Green knew it was not. However, this does not directly address the mutual intent to be bound by the settlement agreement as manifested in the promissory note. It speaks more to the subjective beliefs of the parties rather than their objective manifestations of intent.

(B) This option indicates that although Brown knew the debt was not owed, Green honestly doubted whether it was owed. This situation implies a lack of mutual intent to be bound because Green's doubt suggests he did not fully agree to the terms of the settlement as represented by the promissory note. If Green signed the note under the honest belief that the debt might still be valid, this could undermine the objective manifestation of his intent to be bound by the settlement",-100.0,-0.03542830049991608,-100.0,-100.0,1.0
mbe_144,nan,MBE-1972-78-part4,train,"In evaluating the constitutionality of this state statute under the supremacy clause, which of the f",B,B,True,7,2746,357,"The Supremacy Clause invalidates state laws that interfere with or are contrary to federal law, including situations where compliance with both is impossible or the state law stands as an obstacle to the accomplishment of Congress's purposes, and federal regulations have the same preemptive force as federal laws.","B

The extracted legal rule states that the Supremacy Clause invalidates state laws that interfere with or are contrary to federal law, including situations where compliance with both is impossible or the state law stands as an obstacle to the accomplishment of Congress's purposes. To evaluate the constitutionality of the Yuma state statute under this rule, we need to consider whether it conflicts with federal law.

Decomposing the rule into its key elements:
1. The existence of a state law.
2. The presence of a federal law or regulation.
3. A conflict or interference between the state and federal laws, either by making compliance with both impossible or by standing as an obstacle to the accomplishment of Congress's purposes.

Applying these elements to the given answer choices:
(A) The general unemployment rate in the nation - This factor does not directly relate to the conflict between state and federal law regarding employment in state construction contracts.
(B) The treaties and immigration laws of the United States - These are federal laws that could directly conflict with the Yuma statute, which mandates the employment of only citizens of the state and the United States. Federal immigration laws and treaties often address the rights and restrictions on non-citizens working in the United States, potentially conflicting with the state's requirement.
(C) The need of the state for this particular statute - While relevant to understanding the state's motivation, it does not directly address whether the statute interferes with federal law.
(D) The number of aliens currently residing in Yuma -",-100.0,-0.011394542641937733,-100.0,-100.0,1.0
mbe_145,nan,MBE-1972-78-part4,train,"If the Yuma statute is attacked as violating the commerce clause, which of the following defenses is",A,D,False,7,2657,339,"The dormant Commerce Clause is violated when a state or local law discriminates against interstate commerce by treating in-state and out-of-state economic interests differently, benefiting the former and burdening the latter.","D

The extracted legal rule states that the dormant Commerce Clause is violated when a state or local law discriminates against interstate commerce by treating in-state and out-of-state economic interests differently, benefiting the former and burdening the latter.

Decomposing this rule into its key elements, we have:
1. The law must be a state or local law.
2. The law must discriminate against interstate commerce.
3. Discrimination means differential treatment of in-state and out-of-state economic interests.
4. This differential treatment must benefit in-state economic interests and burden out-of-state economic interests.

Evaluating each answer choice against these elements:
- (A) Protecting workers of the State of Yuma from competition by foreign workers directly involves treating in-state workers differently (and more favorably) than out-of-state workers, which aligns with the definition of discrimination under the dormant Commerce Clause.
- (B) Assuring that workers are dedicated to their jobs does not inherently involve differential treatment based on state citizenship or residency.
- (C) Ensuring a continuously available and stable workforce could potentially be achieved without discriminating against out-of-state workers, as it focuses on the stability of the workforce rather than its composition.
- (D) Assuring that only the most qualified individuals work on public contracts does not necessarily involve discrimination based on state citizenship or residency, as qualification can be assessed regardless of where a worker is from.

Given these considerations, option (D) is the weakest defense because it does not",-100.0,-14.157204627990723,-100.0,-0.011939066462218761,0.9999992809006284
mbe_146,nan,MBE-1972-78-part4,train,Suppose the state supreme court declares the statute to be unconstitutional on the grounds that it v,D,D,True,7,2727,374,"The Full Faith and Credit Clause of the United States Constitution requires that each state give full faith and credit to the public acts, records, and judicial proceedings of every other state, meaning a judgment from another state is prima facie valid and must be given the same credit, validity, and effect in every other court as it had in the state where it was pronounced.","(D)

The extracted legal rule states that the Full Faith and Credit Clause of the United States Constitution requires each state to give full faith and credit to the public acts, records, and judicial proceedings of every other state. This means a judgment from another state is prima facie valid and must be given the same credit, validity, and effect in every other court as it had in the state where it was pronounced.

Decomposing this rule into its key elements:
1. The requirement applies to ""public acts, records, and judicial proceedings"" of other states.
2. Each state must give ""full faith and credit"" to these, meaning they are treated as if they were from the state's own courts.
3. This principle is about respecting judgments between states, not directly about federal review of state court decisions.

Evaluating each answer choice against these elements and the facts:
- The question involves a state supreme court declaring a state statute unconstitutional on both federal and state grounds, and the issue is whether the United States Supreme Court can review this decision.
- The Full Faith and Credit Clause primarily deals with the respect given by one state to another state's judicial proceedings, not with the process of federal review of state court decisions.
- The ability of the U.S. Supreme Court to review a state supreme court's decision is generally governed by other principles and statutes (such as 28 U.S.C. § 1257 for appeals from state courts), which are not directly addressed by the Full Faith",-100.0,-100.0,-4.8226752281188965,-1.532773494720459,0.9640807513927508
mbe_147,nan,MBE-1972-78-part4,train,Allen and Barker are equal tenants in common of a strip of land 10feet wide and 100feet deep which l,C,B,False,7,2487,345,"Tenants in common have the right to file a complaint or institute a proceeding at law or in equity to partition the property, which may result in a forced sale by all tenants in common, as provided by applicable law.","(B)

Step 1 — RULE: The extracted legal rule is that tenants in common have the right to file a complaint or institute a proceeding at law or in equity to partition the property, which may result in a forced sale by all tenants in common, as provided by applicable law.

Step 2 — ELEMENTS: The key elements of this rule are:
1. Tenants in common have a right to partition.
2. Partition can result in a forced sale.
3. The process is governed by applicable law.

Step 3 — APPLICATION: Evaluating each answer choice against these elements and the facts provided:
- (A) A covenant against partition would attempt to restrict the right of tenants in common to seek partition, which contradicts the rule that tenants in common have a right to partition.
- (B) An indenture granting cross easements in the undivided half interest of each allows both Allen and Barker to use the entire strip as a driveway without actually partitioning the land, thus avoiding the potential issue of being left with an unusable 5-foot strip. This does not violate the rule regarding partition rights but rather works within the existing legal framework to achieve their practical goals.
- (C) Partition into two separate 5-foot wide strips and an indenture granting cross easements could solve the problem but still involves partition, which may not be desirable if it leads to a forced sale or other complications. This option directly exercises the right to partition mentioned in the rule.
-",-100.0,-6.716846942901611,-4.0780816078186035,-100.0,0.06668483751438584
mbe_148,nan,MBE-1972-78-part4,train,"Mrs. Dennis' 12-year-old daughter, Gala, had some difficulty getting along with other children in th",D,D,True,7,3078,360,"A parent's knowledge of a child's general mischievous disposition is insufficient to impose liability for the child's torts, and instead, the parent must have known or should have known of the child's specific habit of engaging in the particular act or conduct that led to the plaintiff's injury.","(D)

Step 1 — RULE: A parent's knowledge of a child's general mischievous disposition is insufficient to impose liability for the child's torts, and instead, the parent must have known or should have known of the child's specific habit of engaging in the particular act or conduct that led to the plaintiff's injury.

Step 2 — ELEMENTS: The key elements of this rule are:
1. The parent's knowledge (or lack thereof) of the child's general disposition.
2. The requirement for the parent to have known or should have known about a specific habit of the child related to the act that caused the injury.
3. The necessity of an opportunity for the parent to interfere with or prevent the harmful conduct.

Step 3 — APPLICATION: Evaluating each answer choice against these elements and the facts provided:
- (A) Parents are vicariously liable for the intentional torts of their children: This statement does not align with the rule that mere knowledge of a mischievous disposition is not enough; specific knowledge of a habit leading to the injury is required.
- (B) She has a nondelegable duty to control the actions of her child: While parents do have a duty to control their children, this choice does not directly address the requirement for knowledge of a specific harmful habit.
- (C) Respondeat superior applies: This doctrine refers to an employer's liability for an employee's actions, which is not relevant to the parent-child relationship",-100.0,-100.0,-100.0,-2.7579445838928223,1.0
mbe_149,nan,MBE-1972-78-part4,train,"Professor James said to Mary Digit, president of the X-L Secretarial Service, ""Since you folks have ",A,B,False,7,2602,343,An implied-in-fact contract is formed when parties' promises are inferred from their intentional conduct and one party knows or has reason to know that the other party will interpret the conduct as assent or an agreement.,"B

To determine which fact or inference would be most helpful in an action by James against X-L, let's apply the extracted legal rule step by step.

Step 1 — RULE: The extracted legal rule is that an implied-in-fact contract is formed when parties' promises are inferred from their intentional conduct and one party knows or has reason to know that the other party will interpret the conduct as assent or an agreement.

Step 2 — ELEMENTS: Decomposing this rule into its key elements, we have:
1. Parties must engage in intentional conduct.
2. This conduct must imply promises between the parties.
3. One party must know or have reason to know that the other party will interpret their conduct as assent or an agreement.

Step 3 — APPLICATION: Evaluating each answer choice against these elements and the facts provided:
- (A) ""When"" and ""Wouldn't that be nice"" implied a promise to type the manuscript. While this could imply some level of agreement, it doesn't directly address whether James's actions were in reliance on an understanding that X-L would accept the manuscript for typing.
- (B) James relied on Mary Digit's statement by bringing the manuscript to X-L. This choice indicates that James took action based on his interpretation of Mary Digit's conduct as assent or agreement, which aligns with the requirement that one party knows or has reason to know the other will interpret their conduct in such a manner.
- (C) X",-100.0,-0.09576579928398132,-100.0,-7.908929347991943,0.9995957866978548
mbe_150,nan,MBE-1972-78-part4,train,"In 1%7 Owen held Blackacre, a tract of land. in fee simple absolute. In that year he executed and de",B,B,True,7,2738,348,The receipt of a quitclaim deed does not preclude a grantee from being considered a bona fide purchaser if the quitclaim deed is merely part of the chain of title and not the direct deed conveying title to the grantee.,"B

The extracted legal rule states that the receipt of a quitclaim deed does not preclude a grantee from being considered a bona fide purchaser if the quitclaim deed is merely part of the chain of title and not the direct deed conveying title to the grantee.

Decomposing this rule into its key elements, we have:
1. The type of deed received (quitclaim or otherwise).
2. The position of the quitclaim deed in the chain of title (direct conveyance vs. part of the chain).

Applying these elements to the given scenario:
- Price received a quitclaim deed directly from Owen.
- Crider received a warranty deed, which is a type of bargain and sale deed, directly from Owen.

Given that the jurisdiction has a recording statute requiring good faith and value for priority, and considering the rule provided:
- The fact that Price's deed is a quitclaim does not inherently prevent him from being in good faith if his situation were part of a chain of title leading to a bargain and sale deed. However, since he received the quitclaim deed directly, this specific scenario doesn't directly apply to the exception mentioned in the gold passage.
- The critical issue here revolves around the nature of Crider's purchase (whether it was for value) because the recording statute requires good faith and value for priority.

Evaluating each answer choice:
(A) Incorrect because the quitclaim deed itself does not prevent Price from being bona fide; it's about the context",-100.0,-0.00041577054071240127,-18.36853790283203,-100.0,0.9999999894603567
mbe_152,nan,MBE-1978-83-part1,train,"Davis decided to kill Adams. He set out for Adams' house. Before he got there he saw Brooks, who res",B,A,False,7,2358,338,"The doctrine of transferred intent allows a defendant to be convicted of a crime, such as murder, against an unintended victim if the defendant had the intent to commit the crime against another person.","(A)

Step 1 — RULE: The doctrine of transferred intent allows a defendant to be convicted of a crime, such as murder, against an unintended victim if the defendant had the intent to commit the crime against another person.

Step 2 — ELEMENTS: The key elements of this rule are (1) the defendant's intent to commit a crime, and (2) the commission of that crime against an unintended victim. For attempt charges, the focus is on whom the defendant intended to harm.

Step 3 — APPLICATION: In this scenario, Davis initially intended to kill Adams. When he shot at Brooks, believing Brooks to be Adams, his intent was still to kill the person he thought was Adams. The fact that he missed Brooks and hit Case instead means that under the doctrine of transferred intent, Davis could potentially be liable for attempting to murder both Adams (his original target) and Brooks (the person he actually shot at, thinking Brooks was Adams). However, since the question specifically asks about indicating the intended victim(s) in a prosecution under a statute that proscribes attempt to commit murder, we focus on who Davis intended to kill when he set out and when he took action. The intent was originally to kill Adams, and when Davis shot, his belief was that he was killing Adams (through Brooks). Case was an unintended victim of the action but not part of Davis's intent at any point.

Step 4 — CONCLUSION: Given the elements of the doctrine of transferred intent and its",-7.281710624694824,-100.0,-100.0,-100.0,1.0
mbe_153,nan,MBE-1978-83-part1,train,A state statute requires any person licensed to sell prescription drugs to file with the State Board,D,D,True,7,2475,334,A defendant may assert a mistake of fact defense in general intent crimes if they can prove to the satisfaction of the fact finder that their mistake was both honest and reasonable.,"(D)

Step 1 — RULE: The extracted legal rule is that a defendant may assert a mistake of fact defense in general intent crimes if they can prove to the satisfaction of the fact finder that their mistake was both honest and reasonable.

Step 2 — ELEMENTS: The key elements or requirements for asserting a mistake of fact defense are:
1. The crime must be a general intent crime.
2. The defendant's mistake must be honest (genuine belief, not pretended).
3. The defendant's mistake must be reasonable (a reasonably prudent person could have made the same mistake under similar circumstances).

Step 3 — APPLICATION: Evaluating each answer choice against these elements and the facts:
- (A) This option suggests that because it is a public welfare offense, Nelson should be found guilty regardless of his knowledge or intent. However, the rule provided does not exempt public welfare offenses from the possibility of a mistake of fact defense based on honest and reasonable mistakes.
- (B) This choice implies that keeping poor records is not an excuse for failing to file the report. While it might be argued that Nelson should have kept better records, this does not directly address whether his mistake was honest and reasonable.
- (C) This option mentions that the statute punishes omissions and suggests Nelson was not given fair warning of his duty to act. The issue here is not about fair warning but about Nelson's awareness of his sales exceeding $50,000.
- (D) Given that Nelson testifies",-100.0,-100.0,-100.0,-8.14491081237793,1.0
mbe_154,nan,MBE-1978-83-part1,train,"Lender met Borrower on the street, demanded that Borrower pay a debt owed to Lender, and threatened ",C,C,True,7,2894,346,"Under Texas Penal Code Section 9.33, a person is justified in using force to protect a third person if they reasonably believe the third person is threatened by unlawful force and that their intervention is immediately necessary to protect them.","C

The extracted legal rule states that under Texas Penal Code Section 9.33, a person is justified in using force to protect a third person if they reasonably believe the third person is threatened by unlawful force and that their intervention is immediately necessary to protect them.

Breaking down this rule into its key elements:
1. The person must reasonably believe the third person is threatened by unlawful force.
2. The person must reasonably believe their intervention is immediately necessary to protect the third person.

Applying these elements to the given scenario:
- Lender and Borrower were engaged in a fight, with Lender getting the better of it and about to kick Borrower in the head.
- Mann intervened by pointing a gun at Lender and threatening to shoot if he didn't stop.

Evaluating each answer choice against these elements and the facts:
(A) Yes, because Mann threatened to use deadly force. This choice does not address whether Mann's intervention was justified under the rule; it merely states what action Mann took.
(B) Yes, unless Mann was related to Borrower. The relationship between Mann and Borrower is irrelevant according to the provided legal rule.
(C) No, if it was apparent that Lender was about to inflict serious bodily harm upon Borrower. This choice aligns with the elements of the rule because if it was apparent that Lender was about to inflict serious harm, then Mann could reasonably believe that Borrower was threatened by unlawful force and that his intervention was immediately necessary.
(D",-100.0,-100.0,-0.06455990672111511,-100.0,1.0
mbe_155,nan,MBE-1978-83-part1,train,Peter sued Don for breach of contract. The court admitted testimony by Peter that Don and his wife q,B,B,True,7,2407,342,"A witness is only allowed to testify to a matter if there is sufficient evidence to support a finding that the witness has personal knowledge of that matter, unless the testimony is expert opinion testimony under Section 703.","(B)

Step 1 — RULE: The extracted legal rule states that a witness is only allowed to testify to a matter if there is sufficient evidence to support a finding that the witness has personal knowledge of that matter, unless the testimony is expert opinion testimony under Section 703.

Step 2 — ELEMENTS: The key elements of this rule are (1) the requirement for personal knowledge and (2) the exception for expert opinion testimony under Section 703. Additionally, the rule implies that the court has discretion in determining what testimony to allow, based on relevance and other factors not explicitly mentioned but relevant to evidentiary decisions.

Step 3 — APPLICATION: Evaluating each answer choice against these elements:
- (A) suggests that the court must permit Don's testimony if he objected to Peter's testimony. This does not directly relate to the rule about personal knowledge.
- (B) states that the court may permit Don to answer, whether or not he had objected to Peter's testimony. Given that Don has personal knowledge of his marital relationship and thus can testify about it, this option aligns with the idea that a witness with personal knowledge can testify, assuming the testimony is relevant and properly admitted.
- (C) implies that permission for Don to testify depends on him having objected to Peter's testimony, which introduces a procedural requirement not directly addressed by the rule about personal knowledge.
- (D) suggests that Don cannot testify under any circumstances, which contradicts the principle that a witness with personal",-100.0,-1.6833891868591309,-100.0,-100.0,1.0
mbe_159,nan,MBE-1978-83-part1,train,The requirement that candidates for licenses must be graduates of barber schools in Aurora is probab,A,A,True,7,3136,352,"The dormant Commerce Clause precludes states from discriminating between transactions on the basis of some interstate element, meaning that states may not impose differential treatment of in-state and out-of-state economic interests that benefits the former and burdens the latter through taxation or other means.","(A)

The extracted legal rule states that the dormant Commerce Clause precludes states from discriminating between transactions on the basis of some interstate element, meaning that states may not impose differential treatment of in-state and out-of-state economic interests that benefits the former and burdens the latter.

Decomposing this rule into its key elements, we have:
1. The requirement that there be an interstate element involved.
2. The prohibition against differential treatment of in-state and out-of-state economic interests.
3. The effect of such differential treatment must benefit in-state interests while burdening out-of-state interests.

Applying these elements to the given scenario:
- The State of Aurora requires licenses for barbering, which involves an economic interest (the practice of barbering).
- The requirement that candidates must be graduates of barber schools in Aurora directly discriminates against individuals who graduated from out-of-state barber schools, creating a differential treatment based on an interstate element.
- This discrimination benefits in-state barber schools (and potentially their graduates) by limiting the competition to only those educated within Aurora, while burdening out-of-state graduates by excluding them from practicing in Aurora unless they meet this specific criterion.

Given these points, answer choice (A) is the most appropriate because it directly addresses the issue of discrimination against out-of-state economic interests (out-of-state barber school graduates) in favor of in-state interests (in-state barber schools and their graduates), which aligns with the prohibition under the dormant Commerce Clause as described in the gold passage.

",-0.942779541015625,-100.0,-100.0,-100.0,1.0
mbe_160,nan,MBE-1978-83-part1,train,The requirement that candidates for licenses must be citizens is,D,D,True,7,2580,338,"The Equal Protection Clause of the Fourteenth Amendment requires that all persons similarly situated shall be treated alike under the law, meaning states must treat like cases alike but may treat unlike cases differently.","(D)

The extracted legal rule states that the Equal Protection Clause of the Fourteenth Amendment requires that all persons similarly situated shall be treated alike under the law, meaning states must treat like cases alike but may treat unlike cases differently.

Decomposing this rule into its key elements, we have:
1. The requirement for equal treatment of persons who are similarly situated.
2. The allowance for different treatment of persons who are not similarly situated.

Applying these elements to the given facts and answer choices:
- The State of Aurora requires licenses for barbers and has specific criteria, including being a citizen of the United States.
- This citizenship requirement effectively distinguishes between individuals based on their nationality, treating non-citizens differently from citizens.

Evaluating each answer choice against these elements:
(A) Suggests that ensuring barbers speak English adequately could justify the citizenship requirement. However, this does not directly address the equal protection issue, as language proficiency can be assessed through other means and does not necessarily correlate with citizenship.
(B) Proposes that the requirement is an exercise of the state's police power. While states have broad police powers, these must still comply with constitutional requirements like equal protection.
(C) Mentions a bill of attainder, which is a legislative act that singles out individuals for punishment without a trial. This does not apply to the scenario, as the issue is about licensing and equal treatment under the law, not punitive measures against specific individuals.
(D) Indicates that the citizenship requirement is unconstitutional",-100.0,-100.0,-100.0,-5.748638153076172,1.0
mbe_161,nan,MBE-1978-83-part1,train,Assume that a resident of the state of Aurora was denied a license because she had been graduated fr,D,D,True,7,2420,332,"Federal jurisdiction requires not only a contested federal issue, but also a substantial one that indicates a serious federal interest in having the case heard in a federal forum.","(D)

Step 1 — RULE: Federal jurisdiction requires not only a contested federal issue, but also a substantial one that indicates a serious federal interest in having the case heard in a federal forum.

Step 2 — ELEMENTS: The key elements of this rule are (1) the presence of a contested federal issue and (2) the substantiality of that issue, indicating a serious federal interest in a federal forum.

Step 3 — APPLICATION: Evaluating each answer choice against these elements:
- (A) Diversity of citizenship is one basis for federal jurisdiction, but it's not relevant here because the question involves a federal issue (the constitutionality of Aurora's licensing requirement).
- (B) The abstention doctrine allows federal courts to refuse cases that involve unsettled state law issues, but there's no indication that this case turns on an unresolved question of state law.
- (C) This choice is incorrect because it refers to controversies between two states, which isn't the situation here; the plaintiff is an individual.
- (D) Given that the licensing requirement may implicate federal constitutional issues (e.g., equal protection, interstate commerce), there is indeed a contested federal issue. Moreover, the question of whether a state can limit professional licenses to graduates of in-state schools raises substantial federal concerns regarding discrimination and the freedom to pursue a profession, indicating a serious federal interest.

Step 4 — CONCLUSION: The correct answer is (D) because the case involves a substantial federal issue related to",-100.0,-100.0,-100.0,-2.4839870929718018,1.0
mbe_162,nan,MBE-1978-83-part1,train,Which of the following is the strongest ground on which to challenge the requirement that candidates,C,C,True,7,2521,334,"The Equal Protection Clause of the Fourteenth Amendment forbids laws that treat persons differently when they are otherwise alike in all relevant respects, but does not prevent all classification.","C
The extracted legal rule states that the Equal Protection Clause of the Fourteenth Amendment forbids laws that treat persons differently when they are otherwise alike in all relevant respects. To apply this rule, we must decompose it into its key elements: (1) the existence of a classification, and (2) the requirement that such classification not treat persons differently who are alike in all relevant respects.

Given the facts, the State of Aurora's requirement that candidates for barber licenses must have been residents of the state for at least two years creates a classification between residents and non-residents. The key issue is whether this classification treats persons differently who are otherwise alike in all relevant respects. In the context of licensing for a profession like barbering, the relevant respects typically include qualifications, skills, and ability to perform the job, not residency.

Evaluating each answer choice:
(A) The privileges and immunities clause of the Fourteenth Amendment could be relevant in certain cases involving state discrimination against out-of-state citizens, but it is not directly addressed by the extracted rule.
(B) The due process clause of the Fourteenth Amendment involves issues of procedural fairness and substantive rights, which are not directly related to the equal treatment of similarly situated individuals as described in the extracted rule.
(C) The equal protection clause of the Fourteenth Amendment directly addresses the issue of treating persons differently when they are otherwise alike in all relevant respects, making it the strongest ground for challenging the residency requirement based on the provided legal rule.
(D)",-100.0,-100.0,-0.0003443602181505412,-100.0,1.0
mbe_163,nan,MBE-1978-83-part1,train,"John was fired from his job. Too proud to apply for unemployment benefits, he used his savings to fe",B,D,False,7,2319,334,"Voluntary manslaughter is defined as an unlawful killing committed without malice, but rather in the heat of passion or under an unreasonable belief in the necessity of self-defense.","D

The extracted legal rule defines voluntary manslaughter as an unlawful killing committed without malice, but rather in the heat of passion or under an unreasonable belief in the necessity of self-defense. Decomposing this rule into its key elements, we have: 
1. An unlawful killing must occur.
2. The killing must be done without malice.
3. The killing is committed either in the heat of passion or under an unreasonable belief in the necessity of self-defense.

Evaluating each answer choice against these elements and the facts provided:
- (A) Murder: This typically involves malice, which does not seem to be present in John's actions. His decision was based on pride rather than an intent to harm.
- (B) Involuntary manslaughter: This involves an unlawful killing without malice, but it is not specifically tied to the heat of passion or self-defense. It often results from reckless or negligent behavior. While John's actions were harmful, they do not fit well with the typical scenarios of involuntary manslaughter, which usually involve a direct action (or omission) leading to death, such as drunk driving or negligence.
- (C) Voluntary manslaughter: This requires an unlawful killing without malice, in the heat of passion, or under an unreasonable belief in the necessity of self-defense. John's actions do not align with being in the heat of passion or an unreasonable belief in self-defense; his decision was based on pride and avoiding what he saw as charity.
- (D",-100.0,-100.0,-100.0,-0.6772005558013916,1.0
mbe_164,nan,MBE-1978-83-part1,train,"If Carr asserts a claim against the students who washed his car, his best theory is",A,A,True,7,2585,358,"To establish assault, three elements must be proved: the defendant's intent to make contact or create apprehension of contact, the plaintiff's actual apprehension of imminent harmful or offensive contact due to the defendant's conduct, and the appearance of harm or offensiveness of the potential contact.","A

To establish assault, three elements must be proved: the defendant's intent to make contact or create apprehension of contact, the plaintiff's actual apprehension of imminent harmful or offensive contact due to the defendant's conduct, and the appearance of harm or offensiveness of the potential contact.

Decomposing the rule into its key elements:
1. The defendant acted with the intent of making a contact with the person of the plaintiff or with the intent of putting the plaintiff in apprehension of such a contact.
2. The plaintiff was placed in apprehension of an imminent contact with his or her person by the conduct of the defendant.
3. Such contact was or appeared to be harmful or offensive.

Evaluating each answer choice against those elements and the facts:
- (A) Assault: Carr initially thought the students were going to attack him, which suggests he was in apprehension of an imminent harmful contact. This aligns with the second element of assault.
- (B) Negligence: While the students might have acted negligently by not considering how their actions could startle or frighten others, this does not directly relate to the elements of assault as outlined in the gold passage.
- (C) Invasion of privacy: The facts do not suggest that the students intruded upon Carr's private affairs or solitude, which is a key aspect of invasion of privacy claims.
- (D) False imprisonment: There is no indication that Carr was confined or restrained by the students, which",-0.03482171148061752,-100.0,-100.0,-100.0,1.0
mbe_165,nan,MBE-1978-83-part1,train,"If Carr has a valid claim against the students, will he also prevail against the university?",D,B,False,7,2681,353,"Vicarious liability is a doctrine that imputes the act or omission of one person to another by operation of law, without regard to fault, such as when an employer is held liable for the acts of an employee within the course and scope of employment.","B

The extracted legal rule states that vicarious liability is a doctrine that imputes the act or omission of one person to another by operation of law, without regard to fault, such as when an employer is held liable for the acts of an employee within the course and scope of employment.

Breaking down this rule into its key elements:
1. **Vicarious Liability**: The concept of holding one party responsible for the actions of another.
2. **Imputation by Operation of Law**: The legal process of attributing the actions of one person to another, regardless of fault.
3. **Employer-Employee Relationship**: A crucial element for vicarious liability, where an employer can be held liable for the acts of an employee.
4. **Course and Scope of Employment**: The actions must be within the duties or responsibilities assigned to the employee.

Evaluating each answer choice against these elements:
- (A) Suggests that if the students wouldn't have performed the experiment but for Merrill's lecture, Carr will prevail against the university. This implies a causation argument rather than directly addressing vicarious liability through an employer-employee relationship or course and scope of employment.
- (B) States that if Carr's claim against the students is based on negligence, he will also prevail against the university. This choice aligns with the concept of vicarious liability because it involves holding the university liable for the negligent acts of its employees (the students, in this context, acting under the guidance",-6.860109806060791,-0.25879335403442383,-100.0,-100.0,0.9986432648744159
mbe_166,nan,MBE-1978-83-part1,train,"Oxnard owned Goldacre, a tract of land, in fee simple. At a time when Goldacre was in the adverse po",C,C,True,7,2554,334,"To establish adverse possession, the possessor's occupation of the property must be continuous, hostile, open, actual, notorious, and exclusive for the required statutory period.","C

To solve this question, let's follow the steps outlined:

Step 1 — RULE: The extracted legal rule is that to establish adverse possession, the possessor's occupation of the property must be continuous, hostile, open, actual, notorious, and exclusive for the required statutory period.

Step 2 — ELEMENTS: Decomposing this rule into its key elements, we have:
- Continuous
- Hostile (adverse to the owner's rights)
- Open
- Actual
- Notorious
- Exclusive
- For the required statutory period

Step 3 — APPLICATION: Evaluating each answer choice against these elements and the facts provided:
- (A) Suggests that Eric's use was adverse to Amos, which might initially seem plausible because it implies hostility. However, the key issue here is not Eric's relationship with Amos but whether his use of the land was hostile to Oxnard, the original owner. Since Eric had permission from Oxnard, his use cannot be considered hostile.
- (B) Implies that Eric should have renewed permission after Amos quit possession, but this does not directly address the nature of Eric's use regarding the requirements for adverse possession or an easement by prescription.
- (C) States that Eric will lose because his user was with permission. Given that Eric obtained oral permission from Oxnard to use the road, this directly impacts the ""hostile"" element required for adverse possession. Use with permission is not",-100.0,-100.0,-0.5356309413909912,-100.0,1.0
mbe_167,nan,MBE-1978-83-part1,train,"In an appropriate action to determine the respective interests of Sharon and Stanley in Greenacre, i",B,B,True,7,2595,344,"Estoppel is a legal principle that prevents someone from arguing something or asserting a right that contradicts what they previously said or agreed to, in order to prevent unjust harm to others due to their inconsistent words or actions.","B

The extracted legal rule is: Estoppel is a legal principle that prevents someone from arguing something or asserting a right that contradicts what they previously said or agreed to, in order to prevent unjust harm to others due to their inconsistent words or actions.

Breaking down this rule into its key elements:
1. There must be a previous statement or agreement.
2. The current assertion or argument must contradict the previous statement or agreement.
3. The contradiction must have the potential to cause unjust harm to another party.

Applying these elements to the given scenario:
- Previous statement or agreement: Sharon orally agreed with Bruce that he could develop the northerly half of Greenacre, and she would do what she wished with the southerly half.
- Current assertion or argument: If Sharon were to claim ownership of the northerly half after Bruce's death, it would contradict her previous oral agreement allowing Bruce to develop that part independently.
- Potential for unjust harm: Stanley, as Bruce's heir, could be unjustly harmed if Sharon were allowed to contradict her previous agreement, especially since Bruce proceeded with development based on their understanding.

Given these considerations:
- Answer choice (A) is incorrect because the Statute of Frauds requires written agreements for land transactions, and the close blood relationship does not exempt this requirement.
- Answer choice (B) aligns with the elements of estoppel: Sharon's previous agreement could estop her from asserting title to the northerly half, preventing unjust harm to",-100.0,-0.030343789607286453,-100.0,-100.0,1.0
mbe_168,nan,MBE-1978-83-part1,train,"In an appropriate action to determine the respective interests of Sharon and Stanley in Greenacre, i",A,A,True,7,2627,343,"An oral modification of a contract subject to the statute of frauds is never permitted if it would materially alter the parties' written agreement, as this would undermine the purpose of the statute and potentially enable fraudulent activities.","(A)

Step 1 — RULE: An oral modification of a contract subject to the statute of frauds is never permitted if it would materially alter the parties' written agreement, as this would undermine the purpose of the statute and potentially enable fraudulent activities.

Step 2 — ELEMENTS: The key elements of this rule are (1) the existence of a contract that falls under the Statute of Frauds, (2) an attempt to modify this contract orally, and (3) the modification would materially alter the terms of the original agreement. 

Step 3 — APPLICATION: In the given scenario, Bruce and Sharon initially held Greenacre as joint tenants, which implies a contractual relationship regarding the property's ownership and use. Their oral agreement allowing Bruce to develop the northerly half and Sharon to use the southerly half as she wished constitutes an attempt to modify their original understanding or contract regarding the use of Greenacre. This modification is material because it changes how each party can use their respective portions of the property, effectively partitioning the land in a way that was not originally agreed upon. Since the original agreement (the joint tenancy) is subject to the Statute of Frauds (as it involves an interest in land), any material alteration to this agreement must be in writing to be enforceable.

Step 4 — CONCLUSION: Given these elements and their application to the facts, answer choice (A) ""the Statute of Frauds prevents the proof of Sharon's oral agreement",-1.748220443725586,-100.0,-100.0,-100.0,1.0
mbe_169,nan,MBE-1978-83-part1,train,"Mary Webb, a physician, called as a witness by the defendant in the case of Parr v. Doan, was asked ",D,A,False,7,2430,342,"The physician-patient privilege applies to all circumstances where a physician or psychologist is required to give testimony or produce records concerning information acquired from a patient, regardless of whether the information will be used against the patient.","(A)

Step 1 — RULE: The physician-patient privilege applies to all circumstances where a physician or psychologist is required to give testimony or produce records concerning information acquired from a patient, regardless of whether the information will be used against the patient.

Step 2 — ELEMENTS: The key elements of this rule are:
1. The information must have been acquired from a patient.
2. The privilege applies when a physician or psychologist is called on to give testimony or produce records concerning this information.
3. The privilege can be asserted to prevent disclosure of confidential communications made by the patient.

Step 3 — APPLICATION: Evaluating each answer choice against these elements:
- (A) An objection by Dr. Webb asserting her privilege against disclosure of confidential communications made by a patient directly aligns with the rule, as it involves a physician being called on to testify about information acquired from a patient and asserts the privilege to prevent disclosure.
- (B) While Parr's attorney could object on various grounds, the doctor-patient privilege is typically asserted by the holder of the privilege (the patient) or the physician themselves, not by an attorney for another party.
- (C) The fact that Zadok may not have received treatment does not negate the application of the privilege if the information was shared for the purpose of obtaining treatment.
- (D) The assertion of a privilege by Zadok's attorney, even if allowed by the trial judge, is not the primary basis for excluding evidence under the doctor",-2.1471004486083984,-100.0,-100.0,-100.0,1.0
mbe_170,nan,MBE-1978-83-part1,train,A leading question is LEAST likely to be permitted over objection when,C,C,True,7,2320,332,"A party is permitted to ask unlimited leading questions on direct examination when questioning a hostile witness, an adverse party, or a witness identified with an adverse party.","C

Step 1 — RULE: The extracted legal rule is that a party is permitted to ask unlimited leading questions on direct examination when questioning a hostile witness, an adverse party, or a witness identified with an adverse party.

Step 2 — ELEMENTS: The key elements of this rule are:
1. The context is direct examination.
2. The witness must be either hostile, an adverse party, or identified with an adverse party.
3. There is no limitation on the number of leading questions that can be asked under these conditions.

Step 3 — APPLICATION: Evaluating each answer choice against these elements:
- (A) Asked on cross-examination of an expert witness: The rule specifically mentions direct examination, not cross-examination. However, it does not directly address the permissibility of leading questions in cross-examination based on the witness type.
- (B) Asked on direct examination of a young child: The rule does not specify exceptions for the age of the witness or their potential vulnerability.
- (C) Asked on direct examination of a disinterested eyewitness: This scenario does not fit the criteria outlined in the rule because a disinterested eyewitness would not typically be considered hostile, an adverse party, or identified with an adverse party.
- (D) Related to preliminary matters such as the name or occupation of the witness: The rule does not distinguish between types of questions (preliminary vs. substantive), focusing instead on the nature of the witness.

Step 4 — CON",-100.0,-100.0,-0.034574318677186966,-100.0,1.0
mbe_171,nan,MBE-1978-83-part1,train,"If Tom asserts a claim against Passer for damages for his injuries, will Tom prevail?",C,A,False,7,2849,337,"At common law, there is no general duty to rescue a person in danger, but if an individual voluntarily assumes a duty to act, they then have a duty to act carefully.","(A)

Step 1 — RULE: At common law, there is no general duty to rescue a person in danger, but if an individual voluntarily assumes a duty to act, they then have a duty to act carefully.

Step 2 — ELEMENTS: The key elements of this rule are (1) the absence of a general duty to rescue, and (2) the assumption of a duty to act, which then requires careful action. For Tom to prevail, Passer must have voluntarily assumed a duty to aid Tom.

Step 3 — APPLICATION: Evaluating each answer choice against these elements:
- (A) Yes, because by stopping and examining Tom, Passer assumed a duty to aid him. This aligns with the second element of the rule, suggesting that if Passer did indeed assume a duty by his actions, he would then be obligated to act carefully.
- (B) Yes, if a reasonably prudent person under the circumstances would have aided Tom. This choice does not directly address the assumption of duty and instead focuses on what a reasonably prudent person would do, which is not the standard set forth in the rule for imposing a duty on an individual.
- (C) No, if Passer did not, in any way, make Tom's situation worse. While this might be relevant to determining negligence after assuming a duty, it does not address whether Passer assumed a duty in the first place.
- (D) No, because Tom himself created the risk of harm by",-7.336160182952881,-100.0,-100.0,-100.0,1.0
mbe_172,nan,MBE-1978-83-part1,train,"If Tom asserts a claim against Traveler, will Tom prevail?",A,A,True,7,2796,339,"To sustain a claim for negligence, a plaintiff must establish four elements: a legal duty, a breach of that duty, an injury, and a causal connection between the breach and the injury.","(A)

To sustain a claim for negligence, a plaintiff must establish four elements: a legal duty, a breach of that duty, an injury, and a causal connection between the breach and the injury.

Decomposing this rule into its key elements:
1. A legal duty owed by the defendant to the plaintiff.
2. A breach of that duty by the defendant.
3. An injury suffered by the plaintiff.
4. A causal connection between the breach and the injury.

Evaluating each answer choice against these elements and the facts:
- (A) Yes, because Traveler was negligent in going off the road: This choice addresses a potential breach of duty by Traveler (driving negligently by veering off the road). Given that Traveler was drowsy and inattentive, it can be argued that Traveler breached his duty to drive safely. Tom suffered an injury when he was struck by Traveler's car, and there is a clear causal connection between Traveler's actions (breach of duty) and Tom's injury.
- (B) Yes, because Tom was in a helpless condition: While Tom's condition might evoke sympathy, this choice does not directly address the elements required to sustain a claim for negligence. The fact that Tom was helpless does not, by itself, establish a breach of duty by Traveler or any other element necessary for a negligence claim.
- (C) No, because Traveler did not see Tom before Tom was struck: This",-3.2798209190368652,-100.0,-100.0,-100.0,1.0
mbe_173,nan,MBE-1978-83-part1,train,"Roofer entered into a written contract with Orissa to repair the roof of Orissa's home, the repairs ",B,B,True,7,2691,355,"Proximate cause is determined by whether an injury was the natural and probable consequence of a wrongful act, requiring a natural and continuous sequence of events unbroken by any superseding cause, and necessitating that the injury would not have occurred but for the act of negligence.","B

The extracted legal rule states that proximate cause is determined by whether an injury was the natural and probable consequence of a wrongful act, requiring a natural and continuous sequence of events unbroken by any superseding cause, and necessitating that the injury would not have occurred but for the act of negligence.

Decomposing this rule into its key elements, we have:
1. The injury must be the natural and probable consequence of the wrongful act.
2. There must be a natural and continuous sequence of events.
3. The sequence must be unbroken by any superseding cause.
4. The injury must not have occurred but for the act of negligence.

Evaluating each answer choice against these elements:
(A) This choice suggests that Roofer became a trespasser, which is irrelevant to the determination of proximate cause in this context. The issue at hand is whether the theft was a natural and probable consequence of leaving the ladder.
(B) This choice aligns with the rule's requirement that the injury (theft) must be a natural and probable consequence of the wrongful act (leaving the ladder). Leaving a ladder against a house could indeed create a risk that someone might use it to gain unauthorized access, making this a plausible link in the chain of causation.
(C) This choice suggests that the thief's actions were a superseding cause. However, according to the rule, for an event to be considered a superseding cause, it must break the natural and continuous sequence leading to",-100.0,-0.029208894819021225,-14.613325119018555,-100.0,0.9999995363411016
mbe_174,nan,MBE-1978-83-part1,train,"Homer and Purcell entered into a valid, enforceable written contract by which Homer agreed to sell a",B,B,True,7,2709,345,"A licensor owes no duty to a licensee except to refrain from wantonly or willfully causing injury, and is not liable for ordinary negligence, as the licensee takes his license subject to its attendant perils and risks.","B

Step 1 — RULE: The extracted legal rule is that a licensor owes no duty to a licensee except to refrain from wantonly or willfully causing injury, and is not liable for ordinary negligence, as the licensee takes his license subject to its attendant perils and risks.

Step 2 — ELEMENTS: The key elements of this rule are:
1. The existence of a license, which implies permission to be on the premises.
2. The licensor's limited duty to refrain from wantonly or willfully causing injury.
3. The licensee's assumption of risk for ordinary negligence and attendant perils.

Step 3 — APPLICATION: Evaluating each answer choice against these elements:
- (A) Trespasser ab initio: This implies Homer had no right to be on the property from the beginning, which contradicts the contract provision allowing him to stay for up to 30 days.
- (B) Licensee: Given that Homer was allowed to remain in residence at Blackacre for up to 30 days after the closing as per their contract, this fits the definition of a licensee. After the 30-day period, his permission to stay expired, but initially, he was on the property with permission.
- (C) Tenant at sufferance: This status typically applies when a tenant remains on the property after the lease has ended without the landlord's permission. While Homer did remain past the agreed-upon time, his initial stay was with permission.
- (",-100.0,-1.2514203262981027e-05,-18.92094612121582,-19.523515701293945,0.999999990616898
mbe_175,nan,MBE-1978-83-part1,train,Which of the following is Bertha's best legal theory?,D,D,True,7,2639,338,A material breach of contract occurs when there is a non-performance of a duty that is so material and important as to justify the injured party in regarding the whole transaction as at an end.,"D

Step 1 — RULE: A material breach of contract occurs when there is a non-performance of a duty that is so material and important as to justify the injured party in regarding the whole transaction as at an end.

Step 2 — ELEMENTS: The key elements of this rule are (1) non-performance of a duty, (2) the non-performance must be material and important, and (3) the breach must be significant enough that it justifies the injured party in treating the entire contract as terminated.

Step 3 — APPLICATION: Evaluating each answer choice against these elements:
- (A) Severability into weekly units is not directly relevant to whether Albert's refusal to accept Bertha's services after her recovery constitutes a material breach.
- (B) Physical impossibility might excuse non-performance, but the facts do not indicate that Bertha's illness made it impossible for her to perform for the entire contract period, only that she was unable to perform for one week.
- (C) Estoppel could be relevant in certain contractual situations, but the provided rule and passage focus on material breach rather than estoppel or reliance damages.
- (D) This choice directly addresses whether Bertha's failure to perform for one week due to illness would be considered a material breach. Given that she was only hospitalized for a week and then recovered, her non-performance might not be so material and important as to justify Albert in treating the whole transaction as at an end, especially considering the contract",-100.0,-100.0,-100.0,-0.023790357634425163,1.0
mbe_176,nan,MBE-1978-83-part1,train,"Which of the following, if true, would adversely affect Bertha's rights in her action against Albert",A,D,False,7,2886,344,"Ratification is an affirmative defense that occurs when a person, with knowledge of all material facts, adopts or confirms a prior act that did not legally bind them and which they had the right to repudiate.","D

Step 1 — RULE: Ratification is an affirmative defense that occurs when a person, with knowledge of all material facts, adopts or confirms a prior act that did not legally bind them and which they had the right to repudiate.

Step 2 — ELEMENTS: The key elements of ratification as an affirmative defense include:
1. Knowledge of all material facts by the person ratifying the act.
2. Adoption or confirmation of a prior act.
3. The prior act did not legally bind the person at the time of adoption.
4. The person had the right to repudiate the prior act.

Step 3 — APPLICATION: To determine which answer choice would adversely affect Bertha's rights in her action against Albert, we need to consider how each option impacts the potential for ratification or other contractual principles that might excuse Albert's breach. 
- (A) If Albert could not find any substitute except Helen, who demanded a contract for a minimum of six months, this suggests that Albert's decision to hire Helen and refuse Bertha's services might have been necessitated by circumstances beyond his control, potentially impacting the analysis of whether he breached the contract or if there was an implied agreement to terminate due to unforeseen circumstances.
- (B) The fact that Helen was better in the role than Bertha does not directly relate to the contractual obligations between Albert and Bertha. It might suggest a reason why Albert preferred Helen, but it doesn't inherently justify breaching a",-100.0,-100.0,-3.7526674270629883,-0.18721473217010498,0.9724938114635122
mbe_177,nan,MBE-1978-83-part1,train,Park sued Dent for breach of an oral contract which Dent denied making. Weston testified that he hea,D,D,True,7,2929,347,"Parol evidence is only admissible to interpret a contract if its terms are ambiguous, meaning they are susceptible to two or more reasonable interpretations, and can only be used to clarify, not contradict, the express language of the contract.","(D)

The extracted legal rule states that parol evidence is only admissible to interpret a contract if its terms are ambiguous and can only be used to clarify, not contradict, the express language of the contract. However, this question involves the rehabilitation of a witness, Weston, whose credibility has been attacked by Dent.

To apply the relevant legal principles, we need to consider the rules of evidence regarding the impeachment and rehabilitation of witnesses. A witness may be impeached by evidence that tends to show their lack of credibility, such as bias, prior inconsistent statements, or character for untruthfulness. However, a witness may be rehabilitated by evidence that tends to show their credibility, such as evidence of their good reputation for truthfulness.

In this case, Park offers evidence of Weston's good reputation for truthfulness to rehabilitate him after Dent discredited Weston. The rehabilitation is most likely to be permitted if the discrediting evidence by Dent was testimony that directly attacks Weston's credibility, such as evidence of a prior bad act or a character trait that suggests untruthfulness.

Let's evaluate each answer choice:

(A) Weston had been promoting highly speculative stocks: This could suggest that Weston is dishonest or has poor judgment, but it does not directly attack his credibility as a witness.

(B) Weston had been Park's college roommate: This could suggest bias, but it does not necessarily attack Weston's character for truthfulness.

(C) Weston had attended a school for mentally retarded children: This is not relevant to",-100.0,-100.0,-100.0,-2.0166068077087402,1.0
mbe_178,nan,MBE-1978-83-part1,train,"In order to establish a breach of the standard of care owed to her by Abel and Baker, Client",C,A,False,7,2864,351,"In a medical malpractice case, the standard of care is that of a reasonably careful physician acting as a specialist in the same field of practice, which must be established by expert testimony because it is not within the common knowledge and experience of ordinary people.","(A)

Step 1 — RULE: The extracted legal rule is that in a medical malpractice case, the standard of care is that of a reasonably careful physician acting as a specialist in the same field of practice, which must be established by expert testimony because it is not within the common knowledge and experience of ordinary people.

Step 2 — ELEMENTS: The key elements of this rule are (1) the standard of care is specific to the field of practice, (2) the standard must be established by expert testimony, and (3) this requirement is due to the standard not being within the common knowledge of ordinary people. Although the provided rule specifically mentions medical malpractice, the principle that expert testimony is required to establish a standard of care in professional fields can be applied broadly, including to legal malpractice cases.

Step 3 — APPLICATION: Applying these elements to the given scenario, which involves legal malpractice rather than medical malpractice, we must consider whether the standard of care for lawyers (in this case, failing to file a complaint within the statute of limitations) is something that requires expert testimony to establish. Given that the practice of law, like medicine, is a specialized field not commonly understood by non-professionals, it's reasonable to extend the principle to legal malpractice cases. Thus, expert testimony would be necessary to establish what a reasonably careful lawyer would do under similar circumstances.

Option (A) suggests that Client must have a legal expert from the same locality testify that defendants'",-4.733893871307373,-100.0,-100.0,-100.0,1.0
mbe_179,nan,MBE-1978-83-part1,train,"In addition to proving that Abel and Baker were negligent, Client must establish, as a minimum, that",A,A,True,7,2795,340,"An attorney's negligence is imputed to their client, meaning that a client is generally bound by the mistakes of their counsel and cannot establish ""cause"" for a procedural default based on those mistakes.","(A)

Step 1 — RULE: An attorney's negligence is imputed to their client, meaning that a client is generally bound by the mistakes of their counsel and cannot establish ""cause"" for a procedural default based on those mistakes.

Step 2 — ELEMENTS: The key elements of this rule are (1) an attorney's negligence, (2) the imputation of that negligence to the client, and (3) the requirement that the client must demonstrate they would have succeeded but for the attorney's negligence to overcome the procedural default.

Step 3 — APPLICATION: Evaluating each answer choice against these elements:
- (A) ""would have, but for her lawyers' negligence, recovered from Motorist"" directly addresses the need for the client to show that she would have succeeded in her claim against Motorist if not for the attorneys' mistake. This aligns with the principle that a client must demonstrate they were prejudiced by their attorney's negligence.
- (B) ""had a good faith claim against Motorist that was lost by her lawyers' negligence"" suggests a lower threshold than what is typically required, as it does not necessarily imply that the client would have won the case.
- (C) ""was severely and permanently injured when struck by Motorist's automobile"" is a fact relevant to establishing damages but does not directly address the issue of the attorneys' negligence or its impact on the client's claim.
- (D) ""did not negligently contribute to the failure to",-0.10839743912220001,-5.068825721740723,-100.0,-100.0,0.9930388720241768
mbe_180,nan,MBE-1978-83-part1,train,A state statute divides murder into degrees. First degree murder is defined as murder with premedita,B,B,True,7,2667,347,"For a first-degree murder conviction, the prosecution must show that the defendant caused the death of the victim with malice aforethought and premeditation, where malice requires committing a wrongful act without justification, excuse, or mitigation.","B

To determine which situation makes Defendant most likely to be guilty of first degree murder, let's apply the extracted legal rule step by step:

Step 1 — RULE: The extracted legal rule is that for a first-degree murder conviction, the prosecution must show that the defendant caused the death of the victim with malice aforethought and premeditation, where malice requires committing a wrongful act without justification, excuse, or mitigation.

Step 2 — ELEMENTS: Decomposing this rule into its key elements:
1. The defendant must cause the death of the victim.
2. The act must be done with malice aforethought.
3. The act must be premeditated.
4. Malice requires committing a wrongful act without justification, excuse, or mitigation.

Step 3 — APPLICATION: Evaluating each answer choice against these elements:
- (A) Immediately after being insulted by Robert, Defendant takes a knife and stabs and kills Robert. This action is done in the heat of the moment, which may not satisfy the premeditation requirement.
- (B) Angered over having been struck by Sam, Defendant buys rat poison and puts it in Sam's coffee. Sam drinks the coffee and dies as a result. This scenario involves planning and deliberation (buying rat poison after being struck), indicating premeditation and malice aforethought without immediate justification or excuse for the act.
- (C) Intending to injure Fred, Defendant lies in wait and,",-100.0,-7.413744606310502e-05,-17.5920352935791,-100.0,0.9999999770961584
mbe_181,nan,MBE-1978-83-part1,train,"On a camping trip in a state park, Rose discovered metal signs near a rubbish heap stating, ""Natural",C,C,True,7,2782,335,"In general intent crimes, a defendant may assert a mistake of fact defense if they can prove to the satisfaction of the fact finder that their mistake was both honest and reasonable.","C

The extracted legal rule states that in general intent crimes, a defendant may assert a mistake of fact defense if they can prove to the satisfaction of the fact finder that their mistake was both honest and reasonable.

Decomposing this rule into its key elements, we have two main requirements for a successful mistake of fact defense:
1. The defendant's mistake must be honest.
2. The defendant's mistake must be reasonable.

Applying these elements to the given scenario, Rose claims she believed the signs had been abandoned, which is a mistake of fact. For her defense to succeed under the rule provided, she needs to prove that her belief was both honest (she genuinely thought the signs were abandoned) and reasonable (a reasonably prudent person could also have believed the signs were abandoned given the circumstances).

Evaluating each answer choice:
(A) This option suggests Rose should be found guilty simply because this is a public welfare offense. However, the rule provided does not differentiate between types of offenses in terms of the applicability of the mistake of fact defense.
(B) This option implies that Rose had a duty to inquire about the status of the signs, which could relate to the reasonableness aspect of her mistake. However, it doesn't directly address the honesty of her belief or consider situations where such an inquiry might not be necessary or expected.
(C) This choice aligns with the rule by stating that if the jury finds Rose honestly believed the signs had been abandoned, she should be found not guilty.",-100.0,-100.0,-0.17818936705589294,-100.0,1.0
mbe_182,nan,MBE-1978-83-part1,train,"Ted frequently visited Janet, his next-door neighbor. Janet was separated from her husband, Howard. ",B,B,True,7,2571,339,"The amount of force used in self-defense must be proportionate to the urgency of the situation, and using more force than is reasonably necessary under the circumstances extinguishes the right of self-defense.","(B)

The extracted legal rule states that the amount of force used in self-defense must be proportionate to the urgency of the situation, and using more force than is reasonably necessary under the circumstances extinguishes the right of self-defense.

Decomposing this rule into its key elements, we have:
1. The use of force must be in self-defense.
2. The amount of force used must be proportionate to the urgency of the situation.
3. Using more force than is reasonably necessary extinguishes the right of self-defense.

Evaluating each answer choice against these elements and the facts:
- (A) discusses Ted's right to be in the house, which does not directly address the proportionality of force used in self-defense.
- (B) mentions Howard's attack with a deadly weapon, which could justify Ted's use of force if it was proportionate to the threat. Given that Howard lunged at Ted with a knife, Ted's response with a lamp might be seen as proportionate, especially since the goal is to protect oneself from imminent harm.
- (C) suggests that Ted's presence prompted the attack, which might imply some level of fault but does not directly address whether the force used was proportionate to the threat faced.
- (D) discusses Ted's status as a potential trespasser, which is irrelevant to the question of self-defense and the proportionality of force.

Given these considerations, answer (B) is the most relevant because it addresses the situation where Ted",-100.0,-1.9475940465927124,-100.0,-100.0,1.0
mbe_183,nan,MBE-1978-83-part1,train,Assume for this question only that Pete has announced his intention of erecting a fast food restaura,A,A,True,7,3111,364,"An equitable servitude by estoppel may be created when an owner or occupier of land makes a representation, express or implied, under circumstances where it is reasonably foreseeable that another will rely on it, and that person does so rely in a reasonable manner, necessitating the establishment of a servitude to avoid injustice.","A

The extracted legal rule states that an equitable servitude by estoppel may be created when an owner or occupier of land makes a representation, express or implied, under circumstances where it is reasonably foreseeable that another will rely on it, and that person does so rely in a reasonable manner, necessitating the establishment of a servitude to avoid injustice.

Decomposing this rule into its key elements:
1. A representation must be made by the owner or occupier of the land.
2. The representation must be express or implied.
3. It must be reasonably foreseeable that another will rely on this representation.
4. The person must actually rely on the representation in a reasonable manner.
5. The establishment of a servitude is necessary to avoid injustice.

Applying these elements to the given facts:
- Oscar, as the owner, made representations through the subdivision plan and the brochure about the ten-acre tract being designated for a ""Future Public School."" This can be seen as an implied representation regarding the intended use of that land.
- It was reasonably foreseeable that purchasers of the lots would rely on this representation, given its emphasis in promotional materials and the potential tax savings mentioned.
- Sarah, as one of the original purchasers, relied on this representation when buying her lot. Her reliance is reasonable because the proximity to a school and the implied stability of the land use were factors in her decision-making process.
- The establishment of an equitable servitude would be necessary to avoid injustice, as allowing Pete to",-0.04458808898925781,-100.0,-100.0,-100.0,1.0
mbe_184,nan,MBE-1978-83-part1,train,"Assume for this question only that Joe, who purchased his lot from Max, has placed a mobile home on ",A,A,True,7,2806,358,"In Texas, a covenant runs with the land if it meets four requirements: touching and concerning the land, relating to a thing in existence or specifically binding the parties and their assigns, being intended by the original parties to run with the land, and the successor to the burden having notice.","(A)

The extracted legal rule states that in Texas, a covenant runs with the land if it meets four requirements: 
1. touching and concerning the land, 
2. relating to a thing in existence or specifically binding the parties and their assigns, 
3. being intended by the original parties to run with the land, and 
4. the successor to the burden having notice.

Decomposing the rule into its key elements:
- The covenant must touch and concern the land.
- It must relate to a thing in existence or specifically bind the parties and their assigns.
- The original parties must intend for it to run with the land.
- The successor to the burden must have notice of the covenant.

Evaluating each answer choice against these elements and the facts:
- (A) Sarah's deed contains the restrictive covenant regarding mobile homes, which touches and concerns the land by restricting use. The presence of this covenant in the deeds of original purchasers like Sarah indicates an intent for it to run with the land. Since Joe's lot is part of the same subdivision and his actions (placing a mobile home on the lot) would be directly affected by the covenant, he has notice or should have had notice through inquiry or inspection of the subdivision plan and previous deeds.
- (B) While the presence of a mobile home may affect market value, this choice does not directly address whether the covenant runs with the land.
- (C) The fact that Joe's deed did not contain the restrictive covenant",-0.24428902566432953,-100.0,-100.0,-100.0,1.0
mbe_185,nan,MBE-1978-83-part1,train,Assume for this question only that in 1977 the school board of the district in which Happy Acres is ,D,D,True,7,3201,349,"Dedication of land to public use requires the express word or act of the owner, intending to give the entire public permanent use of the area, and does not necessarily impose a duty of maintenance on the municipality unless the dedication is accepted.","(D)

Step 1 — RULE: The extracted legal rule is that dedication of land to public use requires the express word or act of the owner, intending to give the entire public permanent use of the area, and does not necessarily impose a duty of maintenance on the municipality unless the dedication is accepted.

Step 2 — ELEMENTS: The key elements of this rule are:
1. Express word or act of the owner indicating an intention to dedicate.
2. Intention to give the entire public permanent use of the area.
3. Acceptance by the municipality is required for the duty of maintenance but not for the initial right of passage.

Step 3 — APPLICATION: Evaluating each answer choice against these elements and the facts:
- (A) Pete's potential laches (unreasonable delay) in asserting his claim does not directly relate to the issue of dedication.
- (B) The fact that Pete's deed did not refer to the subdivision plan is irrelevant because the question revolves around whether there was a dedication, which can be inferred from Oscar's actions and intentions when he created and promoted Happy Acres.
- (C) Constructive notice of the proposed use does imply awareness but doesn't directly address whether there was an express intention by Oscar to dedicate the land for public use.
- (D) Given that Oscar published and distributed a brochure emphasizing the proximity of lots to the school property, suggesting potential tax savings because the school district would not have to acquire this property, it indicates an express intention",-100.0,-100.0,-100.0,-1.3084865808486938,1.0
mbe_186,nan,MBE-1978-83-part1,train,"In an action by Quincy against Byer for $25,000, which of the following is (are) correct? I. Byer co",D,D,True,7,2555,342,"A sale of land or a rescission of an executory contract for the sale of land must be supported by some evidence in writing to be enforceable, as it falls within the statute of frauds.","(D)

Step 1 — RULE: A sale of land or a rescission of an executory contract for the sale of land must be supported by some evidence in writing to be enforceable, as it falls within the statute of frauds.

Step 2 — ELEMENTS: The key elements of this rule are (1) the transaction involves a sale of land or a rescission of an executory contract for the sale of land, and (2) there must be some evidence in writing to sustain the agreement.

Step 3 — APPLICATION: 
- I. Byer could successfully raise the Statute of Frauds as a defense because the Byer-Zeller agreement was to answer for the debt of another. This statement does not directly relate to the sale of land or an executory contract for the sale of land. The promise to pay Quincy is a separate obligation that Byer undertook, and its enforceability would depend on different considerations, such as whether it was supported by consideration and whether it falls under a different aspect of the Statute of Frauds (e.g., suretyship agreements). However, based on the provided rule, this does not directly pertain to the sale of land.
- II. Byer could successfully raise the Statute of Frauds as a defense because the Byer-Zeller agreement was for the sale of an interest in land. This statement aligns with the extracted legal rule. The Byer-Zeller agreement indeed involves the sale of land,",-100.0,-100.0,-100.0,-12.370200157165527,1.0
mbe_187,nan,MBE-1978-83-part1,train,"Which of the following would be most important deciding an action by Quincy against Byer for $25,000",A,A,True,7,3070,360,"A fully integrated agreement, which is a complete and exclusive expression of the parties' agreement, discharges prior agreements within its scope and excludes evidence of those prior agreements to vary or broaden its written terms, whereas a partially integrated agreement only discharges prior agreements to the extent it is inconsistent with them.","(A)

Step 1 — RULE: A fully integrated agreement, which is a complete and exclusive expression of the parties' agreement, discharges prior agreements within its scope and excludes evidence of those prior agreements to vary or broaden its written terms, whereas a partially integrated agreement only discharges prior agreements to the extent it is inconsistent with them.

Step 2 — ELEMENTS: The key elements of this rule are (1) whether an agreement is fully or partially integrated, (2) the scope of the agreement, and (3) the effect on prior agreements. A fully integrated agreement must be a complete and exclusive expression of the parties' agreement, discharging all prior agreements within its scope.

Step 3 — APPLICATION: Given these elements, we need to evaluate each answer choice in the context of Quincy's action against Byer for $25,000, which was part of the oral agreement between Byer and Zeller but omitted from the written contract. 
- (A) Whether the Byer-Zeller agreement was completely integrated is crucial because if it was fully integrated, the prior oral agreement regarding the payment to Quincy would be discharged, and evidence of this prior agreement could not be used to vary or broaden the terms of the written agreement.
- (B) and (C) The negligence of Byer or Zeller in not carefully reading the written agreement is irrelevant to whether the agreement is fully integrated. Their negligence might affect issues of mistake or fraud but does not directly impact the integration status of",-0.42202067375183105,-100.0,-100.0,-100.0,1.0
mbe_188,nan,MBE-1978-83-part1,train,"In an action by Quincy against Byer for $25,000, which of the following, if proved, would best serve",B,B,True,7,2558,332,The Statute of Frauds prohibits a party from using an oral agreement regarding an interest in land to contradict or defeat a judgment based on a written contract.,"B

Step 1 — RULE: The Statute of Frauds prohibits a party from using an oral agreement regarding an interest in land to contradict or defeat a judgment based on a written contract.

Step 2 — ELEMENTS: The key elements of this rule are (1) the existence of an oral agreement, (2) the oral agreement pertains to an interest in land, and (3) the attempt to use the oral agreement to contradict or defeat a judgment based on a written contract.

Step 3 — APPLICATION: 
- Answer choice (A) discusses consideration for Zeller's promise to pay Quincy, which does not directly relate to the Statute of Frauds rule regarding interests in land.
- Answer choice (B) introduces an oral agreement between Zeller and Byer not to pay any part of the purchase price to Quincy. This could potentially be used to contradict the written contract's terms indirectly by suggesting an alteration or understanding contrary to the written agreement, especially since it pertains to the sale of land (an interest in land). However, this does not directly invoke the Statute of Frauds as a defense regarding the oral agreement about paying Quincy from the purchase price.
- Answer choice (C) mentions the statute of limitations on Quincy's action against Zeller, which is irrelevant to the application of the Statute of Frauds in this context.
- Answer choice (D) discusses notification and acceptance, which does not directly relate to the elements of the Statute of Fra",-100.0,-0.19659361243247986,-100.0,-100.0,1.0
mbe_189,nan,MBE-1978-83-part1,train,"If Byer refused to pay more than $45,000 for Homestead, in an action by Zeller against Byer for an a",C,C,True,7,2875,351,"A writing is not considered a valid contract if it fails to express the true agreement of the parties, and courts have the power to correct mistakes in a contract when there is clear evidence that the written terms do not reflect the actual understanding of the parties.","C

The extracted legal rule states that a writing is not considered a valid contract if it fails to express the true agreement of the parties, and courts have the power to correct mistakes in a contract when there is clear evidence that the written terms do not reflect the actual understanding of the parties.

Decomposing this rule into its key elements:
1. The writing must fail to express the true agreement of the parties.
2. There must be clear evidence that the written terms do not reflect the actual understanding of the parties.
3. Courts have the power to correct mistakes in a contract under these circumstances.

Evaluating each answer choice against these elements and the facts:
- (A) The writing being intended only as a sham does not directly relate to the issue of the price discrepancy or the omission of the payment to Quincy. It suggests an intent to deceive rather than a mistake in expressing the agreement.
- (B) The writing being only a partial integration refers to a situation where the writing does not include all the terms agreed upon by the parties. While this could be relevant due to the omission of the $25,000 payment to Quincy, it doesn't directly address the error in the purchase price.
- (C) There was a mistake in integration: This choice directly aligns with the rule. The parties orally agreed on a purchase price of $46,000, but the written contract incorrectly states $45,000 due to a typing error. This is a clear example of a mistake in",-100.0,-100.0,-0.01268297340720892,-100.0,1.0
mbe_190,nan,MBE-1978-83-part1,train,The theory on which Driver is most likely to prevail against House is that House is,B,B,True,7,3123,383,"To determine whether an activity is ultra-hazardous, thereby subjecting the actor to strict liability, a court must consider six specific factors outlined in RESTATEMENT (SECOND) OF TORTS § 520, including the existence of risk, likelihood and potential greatness of harm, inability to eliminate risk, common usage, appropriateness to location, and the activity's value to the community versus its dangerous attributes.","(B)

To determine the correct answer, let's apply the extracted legal rule to the given scenario.

Step 1 — RULE: The extracted legal rule states that to determine whether an activity is ultra-hazardous, thereby subjecting the actor to strict liability, a court must consider six specific factors outlined in RESTATEMENT (SECOND) OF TORTS § 520. These factors include:
- Existence of a high degree of risk of some harm to the person, land, or chattels of others;
- Likelihood that the harm will be great;
- Inability to eliminate the risk by the exercise of reasonable care;
- Extent to which the activity is not a matter of common usage;
- Inappropriateness of the activity to the place where it is carried on; and
- Extent to which its value to the community is outweighed by its dangerous attributes.

Step 2 — ELEMENTS: The key elements here involve assessing the risk associated with the activity (cutting the tree roots), the potential for great harm, the ability to mitigate this risk, how common the activity is, its appropriateness to the location, and its overall value versus danger to the community.

Step 3 — APPLICATION: 
- Answer choice (A) suggests strict liability because the tree was on House's property. However, the gold passage indicates that strict liability is determined by the ultra-hazardous nature of an activity, not merely by property ownership.
- Answer choice (B)",-100.0,-1.4746781587600708,-100.0,-100.0,1.0
mbe_191,nan,MBE-1978-83-part1,train,"In the claim of Driver against Contractor, the best defense of Contractor is that",C,C,True,7,2549,343,"In tort negligence lawsuits, a defendant's liability hinges on whether they could have reasonably foreseen the type of harm that resulted from their actions, regardless of whether they could have anticipated the exact scale of the harm.","C

The extracted legal rule states that in tort negligence lawsuits, a defendant's liability hinges on whether they could have reasonably foreseen the type of harm that resulted from their actions, regardless of whether they could have anticipated the exact scale of the harm.

Breaking down this rule into its key elements:
1. The defendant's actions must have caused a harm.
2. The type of harm (not necessarily the exact scale) must have been reasonably foreseeable.

Applying these elements to the given scenario and evaluating each answer choice:
- (A) The location of the tree (on House's property) does not directly address whether Contractor could have foreseen the harm, so it doesn't apply to the foreseeability rule.
- (B) Saying he repaired the sidewalk at the direction of House might imply a shift in liability but does not inherently address the issue of foreseeability regarding the tree falling.
- (C) This choice directly addresses the foreseeability element. If Contractor could not reasonably have foreseen that cutting the roots would cause the tree to fall, this aligns with the defense based on the extracted legal rule.
- (D) Being relieved of liability when House paid for the repair does not relate to the issue of whether the harm was foreseeable.

Given the facts and applying them to the elements of the rule, the best defense for Contractor is that he could not reasonably have foreseen the tree would fall as a result of his actions. This directly ties into the concept of foreseeability outlined in the",-100.0,-100.0,-0.047692347317934036,-100.0,1.0
mbe_192,nan,MBE-1978-83-part1,train,"If Driver recovers a judgment against House, does House have any recourse against Contractor?",C,C,True,7,2544,331,"Vicarious liability is a doctrine where the act or omission of one person is imputed by operation of law to another, without regard to fault.","C

The extracted legal rule states that vicarious liability is a doctrine where the act or omission of one person is imputed by operation of law to another, without regard to fault. Decomposing this rule into its key elements, we have: (1) an act or omission by one person, and (2) this act or omission is imputed to another by operation of law, regardless of fault.

Applying these elements to the given scenario, if Driver recovers a judgment against House based on vicarious liability, it means that Contractor's act (cutting the roots of the tree) is being imputed to House. This would typically occur because House, as the property owner, has a legal responsibility for the actions of those he hires (in this case, Contractor) to perform tasks related to his property.

Given this understanding, let's evaluate each answer choice:
- (A) No, if payment by House was an acceptance of the work: This does not directly relate to the concept of vicarious liability or the imputation of fault.
- (B) No, because House selected Contractor to do the work: Selecting a contractor could lead to vicarious liability, but this choice doesn't address the potential for recourse based on the type of liability.
- (C) Yes, if the judgment against House was based on vicarious liability: This aligns with our understanding. If House is held liable due to Contractor's actions under vicarious liability, then House could potentially seek",-100.0,-100.0,-0.0019087170949205756,-100.0,1.0
mbe_193,nan,MBE-1978-83-part1,train,"The State of Rio Grande entered into a contract with Roads, Inc., for construction of a four-lane tu",D,D,True,7,2471,330,The Constitution prohibits states from enacting laws that retroactively impair the obligations and rights arising under contracts entered into prior to the enactment of such laws.,"(D)

The extracted legal rule states that the Constitution prohibits states from enacting laws that retroactively impair the obligations and rights arising under contracts entered into prior to the enactment of such laws.

Decomposing this rule into its key elements, we have:
1. The law must be enacted by a state.
2. The law must have a retroactive effect.
3. The law must impair the obligations or rights arising under a contract.
4. The contract must have been entered into prior to the enactment of the law.

Evaluating each answer choice against these elements and the facts:
- (A) This choice discusses sovereign immunity, which is not relevant to the extracted legal rule about impairment of contracts.
- (B) While it's true that a legislature has the authority to repeal laws, this choice does not address the constitutional prohibition against impairing contracts.
- (C) Equitable estoppel is a doctrine that prevents a party from denying or asserting something that is contrary to what they have previously stated or done, but it is not directly related to the constitutional provision against impairing contracts.
- (D) This choice directly addresses the issue at hand. The state's repeal of the statute authorizing the turnpike and cancellation of the agreement with Roads, Inc., after the contract was entered into, would retroactively impair the obligations and rights arising under that contract, thus violating the constitutional prohibition.

Given the facts, the state's action in repealing the statute and cancelling the agreement would indeed impair",-100.0,-100.0,-100.0,-7.2320661544799805,1.0
mbe_194,nan,MBE-1978-83-part1,train,The strongest constitutional basis for the enactment of a federal statute requiring colleges and uni,C,C,True,7,2529,339,"Congress's power to regulate commerce under the Commerce Clause gives it greater control over individual behavior than its power to tax, allowing it to command individuals to act and impose severe sanctions for disobedience.","C

The extracted legal rule states that Congress's power to regulate commerce under the Commerce Clause gives it greater control over individual behavior than its power to tax, allowing it to command individuals to act and impose severe sanctions for disobedience. However, this rule does not directly apply to the question at hand, which concerns the constitutional basis for a federal statute requiring colleges and universities receiving federal funds to offer student aid solely on the basis of need.

Decomposing the rule into its key elements, we see that it discusses Congress's power under the Commerce Clause and its power to tax. However, the question is about the strongest constitutional basis for a specific type of federal spending condition. 

Evaluating each answer choice against the context provided:
- (A) Police power is generally a state power, not a federal one, and does not directly relate to federal spending or conditions on receiving federal funds.
- (B) War and defense power might be relevant in certain contexts but doesn't seem directly applicable to student aid distribution based on need.
- (C) Power to tax and spend for the general welfare is a broad congressional power that allows Congress to spend for the general welfare of the country, including conditions on how funds are used by recipients. This aligns closely with the idea of conditioning federal funding on specific criteria, such as need-based student aid.
- (D) Power to enforce the privileges and immunities clause of the Fourteenth Amendment is more related to protecting rights against state actions rather than directly influencing",-100.0,-100.0,-0.0004963062820024788,-100.0,1.0
mbe_195,nan,MBE-1978-83-part1,train,Peterson asked his attorney to secure an injunction against the Water District and its proposed entr,C,C,True,7,2811,332,"A recorded deed is presumed to be valid and effective, but this presumption can be rebutted by presenting clear and convincing evidence that the deed is not valid.","C

The extracted legal rule states that a recorded deed is presumed to be valid and effective, but this presumption can be rebutted by presenting clear and convincing evidence that the deed is not valid.

Decomposing the rule into its key elements or requirements:
1. A deed must be recorded to raise a presumption of validity.
2. The presumption of validity can be rebutted with clear and convincing evidence.

Evaluating each answer choice against those elements and the facts:
- (A) Suggests that Peterson's attempt will succeed because his deed from Owens did not mention the easement. However, the fact that the Water District's easement was recorded in 1930 means it is presumed valid, regardless of whether subsequent deeds mention it.
- (B) Implies that the passage of time (more than forty years since the Water District last entered Barrenacres) affects the validity or enforceability of the easement. The rule provided does not address time as a factor in rebutting the presumption of validity of a recorded deed.
- (C) States that Peterson's attempt to secure injunctive relief will fail because the Water District's plan is within its rights. Given that the Water District has a recorded easement for ""install, inspect, repair, maintain, and replace pipes,"" their proposed actions are indeed within the scope of their easement rights.
- (D) Suggests that the fairness or equity of the Water District's plan determines the outcome. While this",-100.0,-100.0,-0.0036322090309113264,-100.0,1.0
mbe_196,nan,MBE-1978-83-part1,train,Assume that Peterson reserved his rights and after the Water District completed its work sued for th,D,D,True,7,2805,343,"An owner's right to reasonable access for ingress and egress must be balanced against the property rights of persons who own the land underneath a discontinued highway, which remains in their possession subject to any public easement.","D

The extracted legal rule states that an owner's right to reasonable access for ingress and egress must be balanced against the property rights of persons who own the land underneath a discontinued highway, which remains in their possession subject to any public easement. Decomposing this rule into its key elements, we have: (1) the existence of an easement or public interest, (2) the owner's right to access and use their property, and (3) the need to balance these interests.

Applying these elements to the given scenario, we see that the Water District has a valid easement for ""installing, inspecting, repairing, maintaining, and replacing pipes"" within the twenty-foot wide strip of land across Barrenacres. This easement was properly recorded in 1930, providing notice to all subsequent purchasers, including Peterson. The fact that Peterson's deed from Owens did not mention the easement does not negate the Water District's rights under the easement, as the easement was already a matter of public record.

Given these facts, let's evaluate each answer choice:
- (A) Succeed, because his deed from Owens did not mention the easement: This is incorrect because the recording of the easement in 1930 provides constructive notice to Peterson, regardless of whether it was mentioned in his deed.
- (B) Succeed, because of an implied obligation imposed on the Water District to restore the surface to its condition prior to entry: While there",-100.0,-100.0,-100.0,-0.5961222052574158,1.0
mbe_197,nan,MBE-1978-83-part1,train,"In 1960 Omar, the owner in fee simple absolute, conveyed Stoneacre, a five-acre tract of land. The r",B,B,True,7,3291,359,"A ""future interest"" exists when an interest is limited to commence in possession or enjoyment at some future date, regardless of whether it is vested or contingent, and is characterized by the postponement of certain rights, powers, or privileges that would be immediately existent if the interest were present.","B

Step 1 — RULE: A ""future interest"" exists when an interest is limited to commence in possession or enjoyment at some future date, regardless of whether it is vested or contingent, and is characterized by the postponement of certain rights, powers, or privileges that would be immediately existent if the interest were present.

Step 2 — ELEMENTS: The key elements of this rule are (1) the interest must commence in possession or enjoyment at a future date, and (2) there must be a postponement of certain rights, powers, or privileges. In the context of the question, we need to consider how these elements apply to the interests created by Omar's deed.

Step 3 — APPLICATION: The deed conveys the property to Church for the life of Carl, and then to Omar's grandchildren and their heirs after Carl's death. This creates a future interest in the grandchildren, as they will not come into possession or enjoyment of the property until after Carl's death. The question is whether Church's actions (allowing Darin to remove sand and gravel) have terminated its interest or violated the conditions of the deed.

Given that the grandchildren have a future interest in the property, we need to consider how this affects their rights against Church and Darin. If Church's interest is terminated due to its actions, then the grandchildren's future interest would become possessory sooner, potentially allowing them to sue for damages and an injunction. However, if Church's interest has not terminated",-100.0,-0.1326197385787964,-100.0,-14.283931732177734,0.9999992852354924
mbe_198,nan,MBE-1978-83-part1,train,In which of the following cases is a conviction of the named defendant for robbery LEAST likely to b,D,D,True,7,2455,338,"The crime of robbery is defined as the taking of an article of value from another person's possession, against their will, using force or fear, and from their person or immediate presence.","D

Step 1 — RULE: The crime of robbery is defined as the taking of an article of value from another person's possession, against their will, using force or fear, and from their person or immediate presence.

Step 2 — ELEMENTS: To constitute robbery, the following key elements must be present:
1. Taking of an article of value
2. From another person's possession
3. Against their will
4. Using force or fear
5. From their person or immediate presence

Step 3 — APPLICATION: Evaluating each answer choice against these elements:
- (A) Johnson forced his way into a home, bound the woman, and took jewelry from an adjoining room after being told its location. This involves force, taking something of value against the victim's will, and from her immediate presence.
- (B) A confederate of Brown pushed a man to make him drop his briefcase, which Brown then picked up. While this involves force and taking something of value, it does not directly involve fear or force used against the person from whom the item is taken in their immediate presence for the taking itself.
- (C) Ritter forced a woman to call her maid to bring jewelry to him, which he then accepted. This scenario involves force (to make the call) and results in taking something of value against the will of its owner, but it's more about the initial coercion rather than direct force or fear at the time of taking.
-",-100.0,-7.764444351196289,-100.0,-0.6082839965820312,0.9992205640917324
mbe_203,nan,MBE-1978-83-part1,train,"If Harry were charged with burglary, his best argument for acquittal would be that",D,D,True,7,2633,351,"The crime of burglary is defined as the breaking and entering of a dwelling house of another in the nighttime with the intent to commit a felony therein, with first-degree burglary occurring when the dwelling is actually occupied by any person at the time of the crime.","(D)

Step 1 — RULE: The crime of burglary is defined as the breaking and entering of a dwelling house of another in the nighttime with the intent to commit a felony therein, with first-degree burglary occurring when the dwelling is actually occupied by any person at the time of the crime.

Step 2 — ELEMENTS: To prove burglary, the following elements must be present:
1. Breaking
2. Entering
3. Of a dwelling house
4. Of another (not one's own)
5. At nighttime
6. With intent to commit a felony

Step 3 — APPLICATION: Evaluating each answer choice against these elements and the facts provided:
- (A) There was no breaking: This is incorrect because, although Harry did not break into his house himself, he facilitated Bill's entry by leaving a window unlocked.
- (B) He consented to the entry: While true that Harry consented to and even planned the entry into what he thought would be his own home, this does not directly address the elements of burglary as defined in the rule. The critical issue is whether Harry had the intent to commit a felony in someone else's dwelling.
- (C) No overt act was committed by him: This choice might seem plausible because it suggests that Harry did not directly participate in the breaking and entering. However, planning and facilitating a crime can be considered overt acts in furtherance of the crime.
- (D) There was no intent to commit a felony",-100.0,-100.0,-100.0,-4.606122016906738,1.0
mbe_204,nan,MBE-1978-83-part1,train,"If Harry and Bill are charged with a conspiracy to commit burglary, their best argument for acquitta",B,B,True,7,2721,354,"Under the Pinkerton doctrine, a conspirator may be held liable for criminal offenses committed by a coconspirator if those offenses are within the scope of the conspiracy, in furtherance of it, and reasonably foreseeable as a necessary or natural consequence of the conspiracy.","B

Step 1 — RULE: Under the Pinkerton doctrine, a conspirator may be held liable for criminal offenses committed by a coconspirator if those offenses are within the scope of the conspiracy, in furtherance of it, and reasonably foreseeable as a necessary or natural consequence of the conspiracy.

Step 2 — ELEMENTS: The key elements of this rule are:
1. The offense must be within the scope of the conspiracy.
2. The offense must be in furtherance of the conspiracy.
3. The offense must be reasonably foreseeable as a necessary or natural consequence of the conspiracy.

Step 3 — APPLICATION: Evaluating each answer choice against these elements and the facts provided:
- (A) Bill being the alter ego of Harry does not directly relate to the elements required for liability under the Pinkerton doctrine.
- (B) If they did not intend to commit burglary, this could potentially mean that the actions taken were not within the scope of the conspiracy as understood by both parties. The plan was to take silverware from Harry's house, with his consent, to avoid his wife's objection. This does not align with the traditional understanding of burglary, which involves breaking and entering with intent to commit a crime, typically without the owner's consent.
- (C) The presence of an overt act is a requirement for conspiracy in many jurisdictions, but this choice does not directly address the elements of the Pinkerton doctrine as related to the foreseeability and scope of the conspiracy.
-",-100.0,-0.5560980439186096,-100.0,-100.0,1.0
mbe_205,nan,MBE-1978-83-part1,train,"Wood, a patron of Duke's Bar, testified that on the night of the accident Chase was drunk. Wood then",C,C,True,7,2498,347,"The essential test for admissibility of an excited utterance is whether it was made under circumstances indicating trustworthiness, specifically under the immediate and uncontrolled domination of the senses as a result of the shock produced by the event.","C

The extracted legal rule states that for a statement to be considered an excited utterance, it must be made under circumstances indicating trustworthiness, specifically under the immediate and uncontrolled domination of the senses as a result of the shock produced by the event.

Decomposing this rule into its key elements:
1. The statement must be made under circumstances indicating trustworthiness.
2. It must be made under the immediate and uncontrolled domination of the senses.
3. This domination must be a result of the shock produced by the event.

Evaluating each answer choice against these elements and the facts:
(A) Admissible as an excited utterance: Wood's remark about Chase being drunk does not appear to be a direct response to a shocking event, but rather an observation. There is no indication that Wood was under the immediate and uncontrolled domination of his senses due to shock.
(B) Admissible as a prior consistent statement: The question does not provide information about Wood having made a previous statement that this remark could be consistent with, nor does it address the conditions under which such a statement would be admissible.
(C) Admissible as a statement by Wood regarding a condition he observed, made while he was observing it: This choice aligns with the idea that statements can be admissible if they are made about what the speaker is currently observing and are thus considered trustworthy because they reflect the immediate perception of the speaker. This does not necessarily require the ""excited utterance"" standard but",-100.0,-100.0,-0.07058481872081757,-100.0,1.0
mbe_206,nan,MBE-1978-83-part1,train,Duke's Bar called Chase to testify and expected him to say that he was sober when he left Duke's Bar,B,B,True,7,2485,327,Impeachment evidence is defined as evidence having the potential to alter the jury's assessment of the credibility of a significant prosecution witness.,"B

The extracted legal rule states that impeachment evidence is defined as evidence having the potential to alter the jury's assessment of the credibility of a significant prosecution witness. Decomposing this rule into its key elements, we have: (1) the evidence must have the potential to impact the jury's assessment of a witness's credibility, and (2) the witness must be significant.

Applying these elements to the given scenario, Chase's statement made on deposition that he was sober when he left Duke's Bar directly contradicts his testimony on direct examination that he may have had a little too much to drink. This contradiction has the potential to alter the jury's assessment of Chase's credibility as a witness, satisfying the first element.

Regarding the second element, while the rule mentions a ""significant prosecution witness,"" the principle of impeachment applies broadly to any witness whose credibility is crucial to the case at hand, not just prosecution witnesses in criminal cases. In this context, Chase's testimony about his level of intoxication when he left Duke's Bar is significant to Penn's claim against Duke's Bar, making him a significant witness for the purposes of evaluating the admissibility of impeachment evidence.

Given these considerations, let's evaluate each answer choice:

(A) It may be used only to refresh Chase's recollection. - This option is incorrect because the statement can serve a broader purpose than just refreshing recollection; it can also impeach Chase's credibility by showing a prior inconsistent statement.

(B) It is admissible for",-100.0,-0.016938313841819763,-100.0,-100.0,1.0
mbe_207,nan,MBE-1978-83-part1,train,"Penn offers evidence that, after the accident, the manager of Duke's Bar established house rules lim",D,D,True,7,2572,352,"Evidence of subsequent remedial measures is generally not admissible to prove negligence or culpable conduct, but is admissible when offered for other specific purposes such as proving ownership, authority, knowledge, control, feasibility of precautionary measures, or for attacking credibility.","(D)

The extracted legal rule states that evidence of subsequent remedial measures is generally not admissible to prove negligence or culpable conduct, but it is admissible for other specific purposes such as proving knowledge, control, feasibility of precautionary measures, or for attacking credibility.

Decomposing the rule into its key elements:
1. Evidence of subsequent remedial measures.
2. General inadmissibility to prove negligence or culpable conduct.
3. Exceptions for other purposes (ownership, authority, knowledge, control, feasibility of precautionary measures, attacking credibility).

Evaluating each answer choice against these elements and the facts:
- (A) This choice suggests the evidence is admissible to show prior negligence, which directly contradicts the general rule that subsequent remedial measures are not admissible to prove negligence.
- (B) While proving awareness of the need for precautionary measures could relate to ""knowledge,"" this choice does not perfectly align with the exceptions provided in the rule, as it implies using the evidence to show negligence indirectly by demonstrating an awareness of a problem.
- (C) This choice is incorrect because it discusses the binding nature of an employee's actions on the employer, which is not directly relevant to the admissibility of subsequent remedial measures as outlined in the rule.
- (D) This choice aligns with the principle that admitting evidence of subsequent remedial measures would discourage the taking of such measures. The rule implies that one of the reasons for excluding evidence of subsequent remedial",-100.0,-9.564048767089844,-100.0,-7.989715576171875,0.8284004617779067
mbe_208,nan,MBE-1978-83-part1,train,"Penn offers evidence that, after the accident, the owner of Duke's Bar visited him at the hospital a",A,A,True,7,2623,340,A statement by a party-opponent is admissible as an exception to the hearsay rule if it is a voluntary acknowledgment of relevant facts that are unfavorable to the party-opponent's current position.,"(A)

The extracted legal rule states that a statement by a party-opponent is admissible as an exception to the hearsay rule if it is a voluntary acknowledgment of relevant facts that are unfavorable to the party-opponent's current position.

Decomposing this rule into its key elements, we have:
1. The statement must be made by a party-opponent.
2. It must be a conscious or voluntary acknowledgment.
3. The acknowledged matter must be relevant to the cause of the party offering the admission.
4. The acknowledged matter must be unfavorable to, or inconsistent with, the position now taken by the party-opponent.

Applying these elements to the given scenario:
- The statement ""That's the least I can do after letting Chase leave the bar so drunk last night"" is made by the owner of Duke's Bar, who is a party-opponent in Penn's lawsuit against Duke's Bar.
- This statement appears to be a voluntary acknowledgment, as it was made without coercion and reflects an acceptance of responsibility for Chase's condition when he left the bar.
- The matter acknowledged (letting Chase leave the bar while drunk) is directly relevant to Penn's claim that Duke's Bar is liable for his injuries because they served Chase too much liquor.
- This acknowledgment is unfavorable to the position of Duke's Bar, as it suggests negligence on their part in serving or monitoring Chase's alcohol consumption.

Given these points, the statement meets all the requirements outlined in the extracted legal rule. It is",-1.9453250169754028,-100.0,-100.0,-100.0,1.0
mbe_209,nan,MBE-1978-83-part1,train,"In a narcotics conspiracy prosecution against Daly, the prosecutor offers in evidence a tape recordi",A,D,False,7,2641,355,"To admit the results of a breath test into evidence, the state must meet four requirements: the testing device was in proper working order, the test administrator was properly qualified and permitted, the test was conducted according to an approved method, and all statutory requirements were complied with.","D

To determine the least sufficient basis for admitting the recording, we must analyze each option in light of the foundational requirements for evidence admission, as illustrated by the gold passage regarding breath test results. Although the gold passage specifically addresses breath tests, its underlying principle of requiring a proper foundation for evidence admission is applicable to our scenario involving voice identification.

Step 1 — RULE: The extracted legal rule pertains to the admission of breath test results, emphasizing the need for specific foundational requirements. However, in the context of voice identification, the principle translates to ensuring that any evidence presented has a reliable basis.

Step 2 — ELEMENTS: For voice identification by a lay witness, key elements would include familiarity with the voice and the reliability of the method used to identify the voice.

Step 3 — APPLICATION: 
- Option (A) relies on hearsay (identification by Daly's brother), which is not a direct or reliable method for the witness to recognize Daly's voice.
- Option (B) suggests familiarity but lacks specificity regarding the context (never over the telephone), which might not directly translate to recognizing a voice in a recording.
- Option (C) implies a recent and specific effort to familiarize oneself with Daly's voice over the telephone, which could be seen as a deliberate attempt to enhance the reliability of the identification. However, this action was taken specifically for testifying, which might raise questions about its spontaneity or natural familiarity.
- Option (D) provides direct evidence of being present",-100.0,-100.0,-6.978094577789307,-0.002464572200551629,0.9990664947274522
mbe_210,nan,MBE-1978-83-part1,train,"Immediately upon learning what Parnell had done, Devlin brought an appropriate action against Parnel",C,C,True,7,2652,354,"A deed absolute on its face can be shown by parol evidence to be a mortgage, but if the parties have put their agreement regarding the terms of the deed and its potential reversion in writing, that written agreement controls unless it is challenged for fraud or mistake.","C

Step 1 — RULE: The extracted legal rule is that a deed absolute on its face can be shown by parol evidence to be a mortgage, but if the parties have put their agreement regarding the terms of the deed and its potential reversion in writing, that written agreement controls unless it is challenged for fraud or mistake.

Step 2 — ELEMENTS: The key elements of this rule are (1) the presence of a deed absolute on its face, (2) parol evidence attempting to modify or explain the deed's terms, (3) a written agreement between the parties regarding the deed's terms or conditions for reversion, and (4) challenges to the written agreement based on fraud or mistake.

Step 3 — APPLICATION: Evaluating each answer choice against these elements:
- (A) Devlin's casual business practices created his loss: This option does not directly relate to the legal rule about deeds and parol evidence. It suggests a negligence or assumption of risk argument rather than addressing the deed's terms or the effect of parol evidence.
- (B) The need for certainty in land title records controls: While this is an important principle in property law, it doesn't directly apply to the situation where a deed's terms are being questioned based on parol evidence versus a written agreement.
- (C) The agency implied to complete the deed cannot be restricted by the oral understanding: This choice aligns with the rule because Devlin gave Parnell the authority",-7.831912040710449,-100.0,-0.07995530962944031,-100.0,0.9995702842177033
mbe_211,nan,MBE-1978-83-part1,train,Assume the following facts for this question only. Before Devlin had time to Learn of Parnell's acti,C,C,True,7,2953,342,"Under the clean hands doctrine, a complainant must have fully performed under the terms of an original decree, or shown that full performance was wholly impossible, in order to petition the court to modify the decree.","C

Step 1 — RULE: Under the clean hands doctrine, a complainant must have fully performed under the terms of an original decree, or shown that full performance was wholly impossible, in order to petition the court to modify the decree.

Step 2 — ELEMENTS: The key elements of this rule are (1) the complainant's status and actions, (2) the requirement for full performance under the original agreement or decree, and (3) the exception for when full performance is wholly impossible. However, in the context of this question, we need to consider how these elements apply to a situation involving property transfer and bona fide purchasers.

Step 3 — APPLICATION: 
- Answer choice (A) refers to the Statute of Frauds, which is not directly related to the clean hands doctrine or the specific issue of Devlin's claim against Caruso.
- Answer choice (B) discusses the recording of deeds, which affects the genuineness and marketability of title but does not directly relate to the clean hands doctrine.
- Answer choice (C) mentions estoppel as between Devlin and a bona fide purchaser. This concept is relevant because if Devlin allowed Parnell to hold himself out as the owner of Lot 25 (by accepting payment and delivering a deed, albeit with a blank for the lot number), and Caruso purchased in good faith without knowledge of the defect in Parnell's title, then Devlin might be estopped from claiming",-100.0,-100.0,-0.002949801739305258,-11.842204093933105,0.9999927843732932
mbe_212,nan,MBE-1978-83-part1,train,"Ohner owns the Acme Hotel. When the International Order of Badgers came to town for its convention, ",D,D,True,7,2494,325,A hotel owes its occupants a standard of care requiring reasonable care and the implementation of reasonable inspection procedures to protect its guests.,"D

The extracted legal rule states that a hotel owes its occupants a standard of care requiring reasonable care and the implementation of reasonable inspection procedures to protect its guests.

Decomposing this rule into its key elements, we have:
1. The hotel must exercise reasonable care.
2. The hotel must implement reasonable inspection procedures to protect its guests.

Applying these elements to the given scenario, we need to evaluate whether Ohner (through his hotel) met these standards in relation to Smith, who was injured by an ashtray thrown from a hotel window while walking on the adjacent sidewalk.

Choice (A) suggests strict liability for any harm caused by acts on the premises, which is not supported by the provided legal rule that emphasizes reasonable care and inspection procedures.
Choice (B) implies liability if the perpetrator cannot be identified, which does not directly relate to the standards of care owed by the hotel as outlined in the rule.
Choice (C) states that Ohner's lack of personal knowledge of the conduct would absolve him of liability, but this ignores the fact that his employees were aware of the situation and took some action, suggesting an attempt at reasonable care.
Choice (D) suggests that if the trier of fact determines the hotel employees took reasonable precautions to prevent such an injury, Ohner would not be liable. This choice aligns with the rule's emphasis on reasonable care and inspection procedures.

Given the facts, the hotel manager was aware of the problem and directed employees to patrol the hallways",-100.0,-100.0,-100.0,-0.6326059103012085,1.0
mbe_213,nan,MBE-1978-83-part1,train,The probable result of Walker's claim against Householder is that she will,B,B,True,7,2640,369,"To recover on a claim of strict liability for injury by a domesticated animal, a plaintiff must prove four elements: ownership or possession of the animal, the animal's abnormal dangerous propensities, the defendant's knowledge or reason to know of those propensities, and a causal link between the propensities and the plaintiff's injury.","(B)

Step 1 — RULE: To recover on a claim of strict liability for injury by a domesticated animal, a plaintiff must prove four elements: ownership or possession of the animal, the animal's abnormal dangerous propensities, the defendant's knowledge or reason to know of those propensities, and a causal link between the propensities and the plaintiff's injury.

Step 2 — ELEMENTS: The key elements are (1) ownership or possession of the animal, (2) the animal has dangerous propensities abnormal to its class, (3) the defendant knew or had reason to know the animal had these propensities, and (4) these propensities caused the plaintiff's injury.

Step 3 — APPLICATION: 
- Answer choice (A) suggests the skunk was a private nuisance. While this might be true, it doesn't directly apply to the strict liability rule for domesticated animals as outlined in the gold passage.
- Answer choice (B) states the skunk was not a domesticated animal. Given that Householder kept the skunk on his property and attempted to have its scent gland removed, one could argue the skunk was being treated as a domesticated animal. However, skunks are typically considered wild animals, and their dangerous propensities (like spraying) are normal for their class, not abnormal.
- Answer choice (C) mentions Walker was a trespasser, which is relevant to the general concept of liability but does not",-100.0,-3.2358763217926025,-100.0,-100.0,1.0
mbe_214,nan,MBE-1978-83-part1,train,"If Walker asserts a claim against Dr. Vet, she will",A,A,True,7,2682,339,"To sustain a claim for negligence, a plaintiff must establish four elements: a legal duty, a breach of that duty, an injury, and a causal connection between the breach and the injury.","(A)

To determine the correct answer, let's break down the question using the provided gold passage and extracted legal rule.

Step 1 — RULE: The extracted legal rule is that to sustain a claim for negligence, a plaintiff must establish four elements: (1) a legal duty, (2) a breach of that duty, (3) an injury, and (4) a causal connection between the breach and the injury.

Step 2 — ELEMENTS: The key elements are:
- A legal duty owed by the defendant to the plaintiff.
- A breach of this duty by the defendant.
- An injury suffered by the plaintiff.
- A causal connection between the breach and the injury.

Step 3 — APPLICATION: Evaluating each answer choice against these elements:
- (A) Recover on the ground of negligence: For Walker to recover on this ground, she must show that Dr. Vet owed her a duty, breached it, causing her an injury. Given that Dr. Vet's improper removal of the skunk's scent gland led directly to Walker's injury (through the skunk's spraying), it can be argued that Dr. Vet had a duty to perform the surgery correctly to prevent harm to anyone who might come into contact with the skunk, including trespassers like Walker. The breach is clear: the scent gland was not removed as intended. Walker suffered an injury from the skunk's spray and subsequent fall. There's a direct causal connection between Dr. Vet's breach (",-0.5557690858840942,-100.0,-100.0,-100.0,1.0
mbe_216,nan,MBE-1978-83-part1,train,In an action by Betty against Charles for wages lost while she was incapacitated as a result of the ,A,A,True,7,2688,351,"The essential elements of a contract include competent parties, subject matter, legal consideration, mutual agreement, and mutual obligations, with consideration being any benefit or prejudice that is not lawfully entitled or bound to be suffered, and can be constituted by mutual promises.","(A)

The extracted legal rule states that the essential elements of a contract include competent parties, subject matter, legal consideration, mutual agreement, and mutual obligations, with consideration being any benefit or prejudice that is not lawfully entitled or bound to be suffered, and can be constituted by mutual promises.

Decomposing this rule into its key elements, we have:
1. Competent parties
2. Subject matter
3. Legal consideration
4. Mutual agreement
5. Mutual obligations

Evaluating each answer choice against these elements and the facts:
- (A) Lack of consideration: This is a potential issue because Charles's promise to Betty was not supported by any benefit or prejudice that he would receive in return, as there was no mutual promise from Betty.
- (B) Mistake of fact as to basic assumption: While Charles may have been mistaken about his liability, this does not directly relate to the formation of a contract between him and Betty regarding her lost wages.
- (C) Statute of Frauds: There is no indication that the promise made by Charles falls under any category that would require it to be in writing to be enforceable (e.g., promises made in consideration of marriage, promises to pay the debt of another, etc.).
- (D) Indefiniteness of Charles's promise: While Charles did make a promise, its scope regarding reimbursing Betty for ""any losses"" could be considered somewhat vague, but this is not as directly relevant to",-0.06405387818813324,-100.0,-100.0,-100.0,1.0
mbe_217,nan,MBE-1978-83-part1,train,"Which of the following, if true, would be significant in determining whether or not there was bargai",C,C,True,7,2811,352,"Consideration is defined as a performance, return promise, or other benefit or detriment that is sought by the promisor in exchange for their promise and given by the promisee in exchange for that promise, serving as the basis for a bargain between two parties.","(C) 

The extracted legal rule defines consideration as a performance, return promise, or other benefit or detriment that is sought by the promisor in exchange for their promise and given by the promisee in exchange for that promise, serving as the basis for a bargain between two parties.

Breaking down this rule into its key elements:
1. The presence of a bargained-for exchange.
2. This exchange must involve a performance, return promise, benefit, or detriment.
3. The exchange is sought by the promisor and given by the promisee.

Applying these elements to the facts:
- For Charles's promise to Physician to be supported by consideration, there needs to be a bargained-for exchange.
- Option I (Physician had not begun treating Betty before Charles called him) suggests that Charles's call to Physician could be seen as an offer in exchange for Physician's services, potentially establishing a bargained-for exchange. This is significant because it indicates that Charles's promise was made with the expectation of receiving something in return (Physician's treatment of Betty), which aligns with the definition of consideration.
- Option II (Charles had a contract with Betty) implies that there might be an existing agreement or understanding between Charles and Betty, potentially involving Physician's services. If such a contract exists, it could provide the basis for a bargained-for exchange where Charles's promise to pay Physician is part of his obligations under the contract, thereby supporting the presence of consideration.

Given these considerations, both options",-100.0,-100.0,-1.8108078241348267,-100.0,1.0
mbe_218,nan,MBE-1978-83-part1,train,If Physician discontinued treating Betty before she had fully recovered and Betty brought an action ,D,D,True,7,2731,355,"To establish a novation defense, a party must prove by a preponderance of the evidence four elements: a previous valid obligation, a subsequent agreement among all parties to a new contract, the extinguishment of the old contract, and the validity of the new contract.","(D)

To determine which argument by Physician would probably be effective in defense against Betty's claim of breach of contract, let's apply the extracted legal rule regarding novation to the given scenario.

Step 1 — RULE: The extracted legal rule states that to establish a novation defense, a party must prove by a preponderance of the evidence four elements: 
1. A previous valid obligation,
2. A subsequent agreement among all parties to a new contract,
3. The extinguishment of the old contract, and
4. The validity of the new contract.

Step 2 — ELEMENTS: Decomposing this rule into its key elements:
- Previous valid obligation: There must have been an original contract or obligation.
- Subsequent agreement among all parties: All parties involved in the original contract must agree to the new terms.
- Extinguishment of the old contract: The original contract is replaced or canceled by the new one.
- Validity of the new contract: The new contract must be legally enforceable.

Step 3 — APPLICATION:
I. Betty furnished no consideration, either express or implied: This argument addresses the issue of whether there was a valid contract between Physician and Betty in the first place. However, according to the facts, Charles called Physician and told him to take care of Betty, and that he, Charles, would pay the bill. This implies an agreement where Charles is the party responsible for payment, potentially making Betty a third-party beneficiary rather than a direct party",-100.0,-100.0,-100.0,-11.258831024169922,1.0
mbe_219,nan,MBE-1978-83-part1,train,"If Dodge did not file an action against Arthur's estate, would Dodge succeed in an action against Ch",B,B,True,7,3028,360,"A valid contract requires competent parties, subject matter, a legal consideration, mutuality of agreement, and mutuality of obligation, with consideration consisting of a bargained-for exchange where something is sought by the promisor in exchange for their promise and given by the promisee in exchange for that promise.","B

To determine whether Dodge would succeed in an action against Charles for $200, we must analyze the situation under the principles of contract law as outlined in the gold passage.

Step 1 — RULE: The extracted legal rule states that a valid contract requires competent parties, subject matter, a legal consideration, mutuality of agreement, and mutuality of obligation, with consideration consisting of a bargained-for exchange where something is sought by the promisor in exchange for their promise and given by the promisee in exchange for that promise.

Step 2 — ELEMENTS: The key elements of this rule are:
1. Competent parties
2. Subject matter
3. Legal consideration (bargained-for exchange)
4. Mutuality of agreement
5. Mutuality of obligation

Step 3 — APPLICATION: Let's evaluate each answer choice against these elements and the facts.
- (A) Yes, because Dodge had detrimentally relied on Charles's promise. This choice suggests a promissory estoppel argument rather than a straightforward contract based on bargained-for exchange. While detrimental reliance can be a basis for enforcing a promise, it doesn't directly address whether there was a valid contract with consideration.
- (B) Yes, because Charles's promise was supported by a bargained-for exchange. In this scenario, Charles promised to pay Dodge $200 if Dodge did not file a claim against Arthur's estate. This can be seen as a bargained-for exchange: Charles sought not to have a",-100.0,-0.0007380392053164542,-100.0,-100.0,1.0
mbe_220,nan,MBE-1978-83-part1,train,"Assume that Charles, honestly believing that he owed Dodge nothing, refused to pay anything to Dodge",C,C,True,7,2782,359,"An administrator who pays a creditor's claim in full under the honest belief that the estate is solvent may recover back the difference between the amount paid and the pro rata share the creditor would have received if the estate were insolvent, based on the equitable principle of equal distribution among general creditors.","C

Step 1 — RULE: The extracted legal rule states that an administrator who pays a creditor's claim in full under the honest belief that the estate is solvent may recover back the difference between the amount paid and the pro rata share the creditor would have received if the estate were insolvent, based on the equitable principle of equal distribution among general creditors.

Step 2 — ELEMENTS: The key elements or requirements of this rule are:
1. The payment must be made by an administrator.
2. The administrator must act under the honest belief that the estate is solvent.
3. The payment is made in full to a creditor's claim.
4. The estate is later found to be insolvent.

Step 3 — APPLICATION: Evaluating each answer choice against these elements and the facts:
- (A) This choice does not directly relate to the rule about an administrator paying a claim under the belief of solvency and then recovering back due to insolvency.
- (B) This choice mentions Dodge's honest belief, but it doesn't address Charles's role or beliefs in relation to the payment as they pertain to the extracted rule.
- (C) Given that Charles honestly believed he owed Dodge nothing, this aligns with the principle of acting under an honest belief, albeit not directly about solvency. However, the key issue here is about settlement and release of claims rather than the specific scenario of estate administration described in the gold passage. Yet, it touches on the idea",-100.0,-100.0,-0.12897413969039917,-100.0,1.0
mbe_221,nan,MBE-1978-83-part1,train,Which of the following is the strongest argument against the constitutionality of free distribution ,D,D,True,7,2568,342,"The Equal Protection Clause forbids laws that treat persons differently when they are otherwise alike in all relevant respects, but does not prevent all classification, allowing for differentiation as long as it is based on relevant distinctions.","D

The extracted legal rule states that the Equal Protection Clause forbids laws that treat persons differently when they are otherwise alike in all relevant respects. To apply this rule to the given question, we must decompose it into its key elements:

1. **Classification**: The law or action must classify or differentiate between groups of people.
2. **Relevant Respects**: The differentiation must be based on relevant distinctions; if individuals or groups are alike in all relevant respects, they must be treated equally.

Given the facts and this rule, let's evaluate each answer choice:

(A) **No legitimate educational function is served by the free distribution of textbooks.** This argument does not directly address the Equal Protection Clause's requirement that persons in like circumstances be treated alike. It questions the purpose or effectiveness of the action rather than its equality.

(B) **The state may not in any way aid private schools'.** This statement is overly broad and does not specifically relate to the principle of equal protection under the law as outlined in the gold passage. The issue at hand is not whether the state can aid private schools but whether it can do so in a manner that discriminates.

(C) **The Constitution forbids private bias of any kind-** While this statement touches on the idea of discrimination, it does not directly apply to the Equal Protection Clause's requirement for equal treatment under the law based on relevant distinctions. Private bias is an issue, but the question revolves around state action and its implications under the Equal Protection",-100.0,-100.0,-20.415504455566406,-0.00014402580563910306,0.9999999986394277
mbe_222,nan,MBE-1978-83-part1,train,Which of the following is the strongest argument in favor of the constitutionality of free distribut,C,C,True,7,2692,338,"The Establishment Clause is satisfied if government action has a secular legislative purpose, its primary effect neither advances nor inhibits religion, and it does not foster excessive government entanglement with religion.","C

The extracted legal rule states that the Establishment Clause is satisfied if government action has a secular legislative purpose, its primary effect neither advances nor inhibits religion, and it does not foster excessive government entanglement with religion.

Decomposing this rule into its key elements, we have:
1. The government action must have a secular legislative purpose.
2. The primary effect of the action must neither advance nor inhibit religion.
3. The action must not foster excessive government entanglement with religion.

Evaluating each answer choice against these elements and the facts:
- (A) While private religious schools may fulfill an important educational function, this statement does not directly address whether the distribution of textbooks has a secular purpose or effect, nor does it consider the issue of government entanglement.
- (B) The constitutionality of religious instruction in private schools is not directly relevant to the question of whether providing free textbooks to these schools violates the Establishment Clause. This answer choice does not address the specific elements of the Lemon test.
- (C) This option directly addresses two key elements of the rule: it implies that the purpose of distributing textbooks is secular (to provide educational materials), and it suggests that the effect of this action is also secular, as it does not advance or inhibit religion. Furthermore, providing textbooks could be seen as a minimal form of government involvement that does not necessarily foster excessive entanglement with religion.
- (D) The free exercise clause is relevant to protecting the rights of individuals",-100.0,-100.0,-24.064050674438477,-100.0,1.0
mbe_224,nan,MBE-1978-83-part1,train,Defendant is charged with assault and battery. The state's evidence shows that Victim was struck in ,B,B,True,7,2917,345,"The tort of battery requires intent by the actor to bring about a harmful or offensive contact, and is confined to intentional invasions of the interests in freedom from harmful or offensive contact, thereby excluding accidental or inadvertent contact.","B

The extracted legal rule states that the tort of battery requires intent by the actor to bring about a harmful or offensive contact and is confined to intentional invasions of the interests in freedom from harmful or offensive contact, thereby excluding accidental or inadvertent contact.

Breaking down this rule into its key elements:
1. The action must be intentional.
2. The intention must be to bring about a harmful or offensive contact.
3. Accidental or inadvertent contact does not constitute battery.

Evaluating each answer choice against these elements and the facts provided:
(A) Defendant had been hypnotized at a party and ordered by the hypnotist to strike the person he disliked the most. This situation implies an intention to strike, even if the defendant was under hypnosis, suggesting that the action might still be considered intentional.
(B) Defendant was suffering from an epileptic seizure and had no control over his motions. This scenario clearly indicates a lack of intent due to the defendant's medical condition, which would likely classify the contact as accidental or inadvertent.
(C) Defendant was heavily intoxicated and was shadow boxing without realizing that Victim was near him. While intoxication might reduce the defendant's awareness, it does not necessarily eliminate intent; the defendant still intentionally threw punches, even if he did not intend to hit the victim specifically.
(D) Defendant, who had just awakened from a deep sleep, was not fully aware of what was happening and mistakenly thought Victim was attacking him. This situation suggests some level of intent to defend",-100.0,-0.000973185000475496,-18.894763946533203,-100.0,0.9999999937693849
mbe_226,nan,MBE-1978-83-part1,train,"If Farmer asserts a claim based on nuisance against Utility for damages for personal injuries, will ",C,C,True,7,2834,348,"To establish a claim of private nuisance, plaintiffs must show that defendants interfered with their property rights, causing significant harm, and that the invasion was either intentional and unreasonable or resulted from negligent, reckless, or ultrahazardous conduct.","C

To establish a claim of private nuisance, plaintiffs must show that defendants interfered with their property rights, causing significant harm, and that the invasion was either intentional and unreasonable or resulted from negligent, reckless, or ultrahazardous conduct.

Breaking down this rule into its key elements:
1. Interference with property rights or privileges.
2. Significant harm caused by the interference.
3. The invasion must be intentional and unreasonable, or result from negligent, reckless, or ultrahazardous conduct.

Evaluating each answer choice against these elements and the facts:
- (A) No, because there is no practicable way for Utility to reduce the fumes: This choice does not directly address the elements required to establish a private nuisance claim. The fact that there may not be a practicable way to reduce the fumes does not necessarily absolve Utility of liability if their actions are causing significant harm.
- (B) No, because Utility's acts constituted a public nuisance: The question specifically asks about a claim based on private nuisance for damages for personal injuries. Whether Utility's acts constitute a public nuisance is irrelevant to Farmer's private nuisance claim for personal injuries.
- (C) Yes, because Farmer's personal injuries were within the scope of the liability imposed on Utility: This choice directly addresses the issue of significant harm caused by the interference. If Farmer can show that his personal injuries (worsening of hay fever and potential for serious lung disease) are a result of Utility's actions",-100.0,-100.0,-3.097915760008618e-05,-100.0,1.0
mbe_227,nan,MBE-1978-83-part1,train,"If Farmer asserts a claim based on negligence against Utility for crop damage, will Farmer prevail?",A,A,True,7,2732,331,"Evidence of industry custom or usage is relevant, though not conclusive, to determining whether a manufacturer was negligent or a product poses an unreasonable risk of injury.","(A)

Step 1 — RULE: Evidence of industry custom or usage is relevant, though not conclusive, to determining whether a manufacturer was negligent or a product poses an unreasonable risk of injury.

Step 2 — ELEMENTS: The key elements of this rule are (1) the consideration of industry customs and usage as evidence, and (2) the understanding that such evidence is not conclusive in determining negligence or unreasonable risk.

Step 3 — APPLICATION: Given these elements, we must evaluate whether Utility's actions align with industry standards. The fact pattern states that ""no other generating plants burning lignite use such equipment"" for reducing fumes, suggesting that Utility's decision not to install scrubbing equipment is consistent with industry custom. This implies that Utility was acting in accordance with the norms of its industry, which, according to the extracted rule, is relevant evidence regarding negligence.

Step 4 — CONCLUSION: Since Utility followed industry customs by not installing the expensive and relatively ineffective scrubbing equipment, and given that the rule suggests such adherence to industry custom is relevant (though not conclusive) evidence against a finding of negligence, Farmer's claim based on negligence for crop damage is less likely to prevail. The best answer choice reflecting this reasoning is (A), as it directly addresses the issue of negligence in relation to industry standards without incorrectly implying that Utility was negligent simply because some reduction in fumes was technologically possible or that the operation constituted a nuisance per se. 

Note: While the gold passage and extracted rule",-0.2865113914012909,-100.0,-13.53201961517334,-100.0,0.999998231731948
mbe_228,nan,MBE-1978-83-part1,train,"Dr. Jones, a physician, having listened to Phillips' testimony, is called by Phillips and asked whet",A,A,True,7,2511,347,"Under Federal Rule of Evidence 702, expert opinion is admissible even if it touches on issues within a layperson's knowledge, as long as it provides specialized context for understanding and applying that knowledge within a specific field of expertise.","(A)

Step 1 — RULE: Under Federal Rule of Evidence 702, expert opinion is admissible even if it touches on issues within a layperson's knowledge, as long as it provides specialized context for understanding and applying that knowledge within a specific field of expertise.

Step 2 — ELEMENTS: The key elements of this rule are (1) the expert opinion must be based on specialized knowledge, and (2) it must help the jury understand or apply that knowledge in a way that is beyond ordinary layperson understanding. 

Step 3 — APPLICATION: Evaluating each answer choice against these elements:
- (A) This option suggests that Dr. Jones' opinion, given in response to a hypothetical question based on Phillips' testimony, could be admissible if it provides specialized context for understanding how the burns might have led to the heart attack. This aligns with the rule because Dr. Jones is applying his medical expertise to explain a connection that may not be immediately clear to a layperson.
- (B) While the physician's expertise does enable him to judge aspects of Phillips' condition, this choice misstates the basis for the admissibility of expert testimony under Rule 702. The rule allows experts to provide context and understanding, not merely to judge credibility.
- (C) This option is incorrect because a hypothetical question can indeed be based on prior testimony as long as it is used to elicit an expert opinion that provides specialized insight.
- (D) This choice is also",-0.06346359848976135,-100.0,-100.0,-100.0,1.0
mbe_229,nan,MBE-1978-83-part1,train,"Dr. Black, a physician, is called by Phillips to testify that, on the basis of her examination of Ph",B,B,True,7,2707,349,"A former patient pursuing a medical malpractice action generally must present expert testimony that complies with requirements for reliability and relevance to be admissible, as the requirements for proper medical diagnosis and treatment are ordinarily not within the common knowledge of laypersons.","(B)

Step 1 — RULE: A former patient pursuing a medical malpractice action generally must present expert testimony that complies with requirements for reliability and relevance to be admissible, as the requirements for proper medical diagnosis and treatment are ordinarily not within the common knowledge of laypersons.

Step 2 — ELEMENTS: The key elements or requirements for the admissibility of expert testimony in a medical malpractice action include:
1. The testimony must be by an expert.
2. The testimony must comply with requirements for reliability.
3. The testimony must be relevant to the case at hand.

Step 3 — APPLICATION: Evaluating each answer choice against these elements and the facts provided:
- (A) This option suggests that the laboratory reports themselves are admissible as business records, but it does not directly address the admissibility of Dr. Black's testimony based on those reports.
- (B) This option indicates that if Dr. Black reasonably relied upon the laboratory reports in her medical practice, her testimony could be admissible. This aligns with the requirement for reliability and relevance because it implies that Dr. Black's opinion is based on information that is reasonably trusted within the medical community.
- (C) While qualification to conduct laboratory blood analyses might be relevant to Dr. Black's expertise, the question focuses on the admissibility of her testimony based on reports from an independent laboratory, not on her ability to perform such analyses herself.
- (D) This option suggests that Dr. Black",-100.0,-1.1218808889389038,-100.0,-100.0,1.0
mbe_230,nan,MBE-1978-83-part1,train,"Phillips testified that his purchase of the underwear occurred on April 17th, a fact of minor import",D,D,True,7,2489,338,"A party cross-examining a witness about a collateral matter, which affects only the witness's credibility, is bound by the witness's answer and cannot introduce contradictory evidence on that matter.","(D)

The extracted legal rule states that a party cross-examining a witness about a collateral matter, which affects only the witness's credibility, is bound by the witness's answer and cannot introduce contradictory evidence on that matter.

Decomposing this rule into its key elements:
1. The matter in question must be ""collateral,"" meaning it solely affects the credibility of the witness.
2. If a matter is collateral, the cross-examining party is bound by the witness's answer regarding that matter.
3. The rule implies that evidence on collateral matters cannot be contradicted.

Applying these elements to the given scenario:
- Phillips' testimony about the date of purchase (April 17th) is based on his recollection tied to an event (the first game of the baseball season and verification through payroll records).
- This specific date is described as a ""fact of minor importance in the case,"" suggesting it does not directly impact the main issues of negligence or breach of warranty but rather could be seen as affecting Phillips' credibility regarding his memory or attention to detail.
- Given that the date of purchase is characterized as being of ""minor importance,"" it can be inferred that this detail is collateral because it primarily reflects on Phillips' credibility (his ability to recall specific dates and events) rather than directly on the substance of his claims against Makorp.

Evaluating each answer choice:
(A) Suggests the best evidence rule applies, requiring the original payroll records as evidence. However, if",-100.0,-100.0,-100.0,-4.0208420753479,1.0
mbe_237,nan,MBE-1978-83-part1,train,"Police Officer stopped Dexter for speeding late one night. Noting that Dexter was nervous, he ordere",A,A,True,7,3072,358,"A warrantless search incident to arrest is justified only if the area searched is within the arrestee's immediate control, meaning the area from which they might gain possession of a weapon or destructible evidence, and is conceivably accessible to the arrestee at the time of the search.","(A)

Step 1 — RULE: A warrantless search incident to arrest is justified only if the area searched is within the arrestee's immediate control, meaning the area from which they might gain possession of a weapon or destructible evidence, and is conceivably accessible to the arrestee at the time of the search.

Step 2 — ELEMENTS: The key elements of this rule are:
1. The search must be incident to a valid arrest.
2. The area searched must be within the arrestee's immediate control.
3. The area must be from which the arrestee might gain possession of a weapon or destructible evidence.
4. The area must be conceivably accessible to the arrestee at the time of the search.

Step 3 — APPLICATION: Evaluating each answer choice against these elements and the facts:
- (A) denied, because the search was incident to a valid custodial arrest: This choice aligns with the rule that warrantless searches incident to arrest are justified based on interests in officer safety and evidence preservation. Given that Dexter was placed under arrest for speeding, a valid custodial arrest, and the search of his person (jacket pocket) is within his immediate control, this choice seems to satisfy the elements of the rule.
- (B) denied, because police officer acted under both a reasonable suspicion and a legitimate concern for his own personal safety: While these factors can justify certain actions by police officers, they do not directly address the justification for",-2.970386266708374,-100.0,-100.0,-100.0,1.0
mbe_239,nan,MBE-1978-83-part1,train,"Donna was arrested and taken to police headquarters, where she was given her Miranda warnings. Donna",C,C,True,7,2919,355,"For a waiver of Miranda rights to be considered voluntary, the State must demonstrate that the waiver was made freely and without coercion, and with a full awareness of the nature and consequences of the right being abandoned, as determined by the totality of the circumstances surrounding the interrogation.","C

The extracted legal rule states that for a waiver of Miranda rights to be considered voluntary, the State must demonstrate that the waiver was made freely and without coercion, and with a full awareness of the nature and consequences of the right being abandoned, as determined by the totality of the circumstances surrounding the interrogation.

Breaking down this rule into its key elements:
1. The waiver must be the result of a free choice.
2. The waiver must not be the product of intimidation, coercion, or deception.
3. The defendant must have a full awareness of the nature of the right being abandoned and the consequences of the abandonment.

Applying these elements to the given scenario:
- Donna was given her Miranda warnings and indicated she wished to telephone her lawyer but was told she could do so after her fingerprints had been taken.
- While being fingerprinted, Donna made a voluntary statement: ""Paying a lawyer is a waste of money because I know you have me.""

Evaluating each answer choice:
(A) This choice suggests that Donna's request to contact her attorney should have been granted immediately. However, the key issue here is whether Donna's statement was voluntarily made and not the result of interrogation or coercion after she had invoked her right to counsel.
(B) The ""fruit of the poisonous tree"" doctrine applies when evidence is obtained as a direct result of an unlawful search or seizure. This does not directly apply to the scenario described, where the issue is the voluntariness of Donna's statement after invoking",-100.0,-100.0,-0.10670314729213715,-100.0,1.0
mbe_240,nan,MBE-1978-83-part1,train,"Which of the following, if established, sets forth the strongest constitutional argument Barnes coul",B,D,False,7,2751,354,"A property right in employment exists when state or local laws, policies, or agreements require discipline or dismissal only for ""cause"" or similar language, triggering a due process requirement of a pre-termination ""Loudermill"" hearing for employees with such a property interest.","D

Step 1 — RULE: A property right in employment exists when state or local laws, policies, or agreements require discipline or dismissal only for ""cause"" or similar language, triggering a due process requirement of a pre-termination ""Loudermill"" hearing for employees with such a property interest.

Step 2 — ELEMENTS: The key elements of this rule are (1) the existence of a state or local law, policy, or agreement that requires discipline or dismissal only for ""cause"" or similar language, and (2) the presence of a property right in employment, which would necessitate due process protections such as a pre-termination hearing.

Step 3 — APPLICATION: Given these elements, we need to evaluate each answer choice based on whether it establishes a property right in employment for Barnes that would trigger the requirement for a statement of reasons and an opportunity for a hearing. 
- (A) This option does not establish a property right; it merely compares Barnes's qualifications to those of tenured teachers.
- (B) While this option suggests reliance on an oral promise, it doesn't directly tie into the concept of a property right based on ""cause"" for dismissal as outlined in the rule. It hints at a potential contractual or promissory estoppel argument but does not strongly establish a constitutional due process claim based on the existence of a property right.
- (C) Being the only teacher whose contract was not renewed doesn't inherently create a property right or imply that",-100.0,-7.023265838623047,-100.0,-0.0009115961729548872,0.9991090707767081
mbe_241,nan,MBE-1978-83-part1,train,"Which of the following, if established, most strongly supports the college in refusing to give Barne",C,C,True,7,2390,329,"Rebuttal evidence is admissible if it directly or indirectly explains, counteracts, repels, or disproves a defendant's evidence.","C

The extracted legal rule provided does not directly apply to the scenario described in the question, as it pertains to rebuttal evidence in a legal context, whereas the question revolves around the rights of an assistant professor to a statement of reasons or a hearing upon non-renewal of his contract. However, we can still analyze the given options based on general principles related to employment law and due process.

Step 1 — RULE: The provided rule discusses rebuttal evidence but is not directly applicable. Instead, we consider the context of employment law and due process rights.

Step 2 — ELEMENTS: In the context of employment and due process, key elements often include whether an employee has a property interest in their job (such as tenure), whether the employer is required to provide reasons for termination or non-renewal, and whether the employee is entitled to a hearing.

Step 3 — APPLICATION: 
- Option (A) discusses Barnes's academic performance but does not directly address why he wouldn't be entitled to a statement of reasons or a hearing.
- Option (B) mentions a violation of college regulations, which could potentially justify non-renewal without a hearing if the rules are clear and the violation significant. However, this doesn't necessarily negate the need for a statement of reasons or an opportunity for a hearing in all cases.
- Option (C) states that Barnes worked at the college for less than five years, which is relevant because it means he does not have tenure. In",-100.0,-19.195363998413086,-2.3135653464123607e-06,-100.0,0.999999995391492
mbe_242,nan,MBE-1978-83-part1,train,National regulation of predatory wild animals on federal lands is most likely,B,B,True,7,3700,337,"The Property Clause gives Congress the power to control and regulate public lands, including the authority to protect the wildlife living there, as part of its complete power over particular public property entrusted to it.","B

The extracted legal rule states that the Property Clause gives Congress the power to control and regulate public lands, including the authority to protect the wildlife living there, as part of its complete power over particular public property entrusted to it.

Breaking down this rule into its key elements:
1. The Property Clause is the basis for Congress's power.
2. This power includes control and regulation over public lands.
3. The protection of wildlife on these lands falls under this regulatory authority.

Applying these elements to the question about national regulation of predatory wild animals on federal lands:
- Answer choice (A) mentions the general welfare, which is not directly related to the Property Clause's grant of power over federal property.
- Answer choice (B) aligns with the rule by stating that Congress has authority to make regulations respecting federal property, which includes public lands and, by extension, the wildlife on those lands.
- Answer choice (C) suggests that wild animals are not federal property, but the rule indicates that Congress's power over public lands extends to protecting the wildlife living there, making this distinction irrelevant in this context.
- Answer choice (D) implies that regulation of wild animals is a state prerogative under the Tenth Amendment, but the Property Clause specifically grants Congress authority over federal lands, including the wildlife on them.

Given these considerations, answer choice (B) best satisfies the rule as it directly relates to Congress's power over federal property, including public lands and the wildlife therein.",-100.0,-0.008780556730926037,-100.0,-100.0,1.0
mbe_243,nan,MBE-1978-83-part1,train,"By her validly executed will, Sallie devised a certain tract of land to her son, Ben, for his life w",D,D,True,7,2582,331,A remainder interest is considered vested if it is held by an ascertainable person and the only condition precedent to its possession is the termination of prior estates.,"(D)

Step 1 — RULE: The extracted legal rule is that a remainder interest is considered vested if it is held by an ascertainable person and the only condition precedent to its possession is the termination of prior estates.

Step 2 — ELEMENTS: The key elements or requirements of this rule are:
1. The remainder interest must be in an ascertainable person.
2. The only condition precedent to the possession of the remainder interest should be the termination of prior estates.

Step 3 — APPLICATION: Evaluating each answer choice against these elements and the facts provided:
- (A) The Rule Against Perpetuities is not directly relevant based on the information given in the question, as we are dealing with vested remainders and conditions on those remainders rather than the timing of when the vesting must occur.
- (B) Unlawful restraints on alienation could be an issue with the provision that grandchildren cannot mortgage or sell their interest before age 25, but this does not necessarily invalidate the gift to the grandchildren itself.
- (C) The provisions concerning grandchildren being valid and upheld according to their terms would depend on whether the conditions placed on the remainder interests are legally enforceable. However, the question of validity also involves considering whether these conditions violate any rules against restraints on alienation or perpetuities, which is not directly addressed by the extracted rule.
- (D) Even if the provisions against sale or mortgage by the grandchildren are void as potentially being unlawful restraints",-100.0,-100.0,-100.0,-3.826667547225952,1.0
mbe_244,nan,MBE-1978-83-part1,train,"Seth was an elderly widower who lived alone on a small farm which he owned. Except for the farm, inc",A,B,False,7,2792,351,"The part-performance exception to the Statute of Frauds shifts the burden of proof to the opposing party once a party makes a prima facie showing that a contract meets the criteria for the exception, requiring the opponent to prove the exception's applicability.","B

The extracted legal rule states that the part-performance exception to the Statute of Frauds shifts the burden of proof to the opposing party once a party makes a prima facie showing that a contract meets the criteria for the exception, requiring the opponent to prove the exception's applicability.

Breaking down this rule into its key elements:
1. The existence of a contract that falls under the Statute of Frauds (in this case, a contract involving the conveyance of land).
2. Part performance of the contract by one party.
3. The part performance must be such that it is unequivocally referable to the contract.

Applying these elements to the given scenario:
- Seth and Jim entered into an oral contract for the conveyance of land (which falls under the Statute of Frauds) in exchange for Jim's care of Seth.
- Jim partially performed his obligations under the contract by moving in with Seth, operating the farm, and taking care of Seth for five years until Seth's death.

Evaluating each answer choice:
(A) This option mentions ""irreparable hardship"" as a criterion for avoiding the Statute of Frauds through part performance. While Jim did indeed partially perform the contract, the rule extracted does not specifically mention ""irreparable hardship"" as a requirement.
(B) This option aligns with the rule that part performance must be ""by its very nature unequivocally referable to the contract."" Jim's actions (moving in, operating the",-11.682477951049805,-0.06045358255505562,-100.0,-100.0,0.9999910336630751
mbe_245,nan,MBE-1978-83-part1,train,The following events took place in a state that does not recognize the common-law marriage. The stat,D,D,True,7,2711,345,"A tenancy by the entirety is a type of joint tenancy available only to husband and wife, characterized by the common law theory that a husband and wife are one person and featuring survivorship as its predominant distinguishing feature.","D

The extracted legal rule states that a tenancy by the entirety is available only to husband and wife and features survivorship as its predominant distinguishing feature. Decomposing this rule into its key elements, we have: 
1. The tenancy must be between a husband and wife.
2. The tenancy features survivorship.

Given these elements, let's evaluate each answer choice against the facts:
- (A) A tenant by the entirety has no right to partition: This statement is generally true for tenancies by the entirety because of the right of survivorship, but it doesn't address whether Wade and Mary actually hold a tenancy by the entirety.
- (B) Denied, because Wade has absolute title to the property: There's no indication that Wade has absolute title; the deed suggests a joint holding.
- (C) Granted, because the tenancy by the entirety that was created by the deed was severed when Wade abandoned Mary: Abandonment doesn't necessarily sever a tenancy by the entirety, and this choice assumes a tenancy by the entirety existed, which is questionable given the couple was never formally married.
- (D) Granted, because the estate created by the deed was not a tenancy by the entirety: Given that the state does not recognize common-law marriage and a tenancy by the entirety requires a legally recognized husband and wife, Wade and Mary cannot hold a tenancy by the entirety. The deed's language attempting to create a tenancy by the entirety is",-100.0,-100.0,-100.0,-0.012915769591927528,1.0
mbe_246,nan,MBE-1978-83-part1,train,"On Ladd's claim against Sand, will Ladd prevail?",A,A,True,7,2703,346,"The last clear chance doctrine imposes liability on a party who is aware of a helpless plaintiff's peril and is in control of the instrumentality, thereby having the ability to avoid the impending danger despite the plaintiff's contributory negligence.","(A)

Step 1 — RULE: The last clear chance doctrine imposes liability on a party who is aware of a helpless plaintiff's peril and is in control of the instrumentality, thereby having the ability to avoid the impending danger despite the plaintiff's contributory negligence.

Step 2 — ELEMENTS: The key elements of this rule are:
1. A helpless plaintiff in peril.
2. A defendant aware of the plaintiff's peril.
3. The defendant is in control of the instrumentality that can cause harm or avoid the harm.
4. The defendant has the ability to avoid the impending danger.

Step 3 — APPLICATION: Evaluating each answer choice against these elements and the facts:
- (A) Yes, if Sand could have effectively secured the chute at moderate cost: This option does not directly address the last clear chance doctrine but rather implies a negligence standard based on the ability to secure the premises. However, it suggests that Sand had knowledge of the children playing and could have taken measures to prevent the accident, which aligns with the idea of being aware of the peril and having control over the conditions that led to the danger.
- (B) Yes, because Sand is strictly liable for harm resulting from an artificial condition on its property: This option introduces a concept of strict liability not addressed in the provided gold passage or extracted rule. The last clear chance doctrine specifically deals with negligence and the ability to avoid harm, not strict liability.
- (C) No, if Commuter had the",-2.422816753387451,-100.0,-6.933223247528076,-100.0,0.9891255631779199
mbe_247,nan,MBE-1978-83-part1,train,"On Ladd's claim against Commuter, Commuter's best defense is that",B,B,True,7,2579,335,"The ""ordinary care"" standard requires individuals to act as an ordinarily prudent person would under the same circumstances, exercising the level of care that such a person would normally use.","B

The extracted legal rule states that the ""ordinary care"" standard requires individuals to act as an ordinarily prudent person would under the same circumstances, exercising the level of care that such a person would normally use.

Breaking down this rule into its key elements:
1. The standard is based on what an ""ordinarily prudent person"" would do.
2. This person exercises ""ordinary care"" under the given circumstances.
3. The level of care is what such a person would ""normally use"" in those circumstances.

Applying these elements to each answer choice:
(A) Her conduct not being the cause in fact of the harm might be relevant in a causation analysis, but it does not directly relate to the ""ordinary care"" standard as defined by the rule.
(B) Using reasonable care in the maintenance of her brakes directly aligns with the ""ordinary care"" standard. If Commuter had her brakes inspected and was told they were in perfect working order just two days prior, this could be seen as exercising the level of care that an ordinarily prudent person would under similar circumstances.
(C) The ability to foresee Ladd's presence is relevant to negligence determinations but does not directly address whether Commuter exercised ordinary care. Foreseeability is more about the duty to protect against harm rather than the standard of care itself.
(D) Acting willfully and wantonly refers to a higher level of culpability than mere negligence and does not directly relate to the ""ordinary care"" standard as defined.

Given the",-100.0,-0.0017063741106539965,-17.18404197692871,-100.0,0.9999999655010049
mbe_248,nan,MBE-1978-83-part1,train,"On Ladd's claim against Garage, will Ladd prevail?",B,B,True,7,2622,342,"The essential elements of negligent inspection are the same as general negligence, consisting of a legal duty, breach of that duty, damages, and a causal connection between the defendant's conduct and the plaintiff's injury.","B

The extracted legal rule states that the essential elements of negligent inspection are the same as general negligence, consisting of a legal duty, breach of that duty, damages, and a causal connection between the defendant's conduct and the plaintiff's injury.

Decomposing this rule into its key elements, we have:
1. A legal duty owed by the defendant (Garage) to the plaintiff (Ladd).
2. A breach of that duty by the defendant.
3. The existence of damages suffered by the plaintiff.
4. A causal connection between the defendant's conduct and the plaintiff's injury.

Evaluating each answer choice against these elements:
(A) Strict liability in tort does not apply to this scenario as it typically involves ultra-hazardous activities or products, which is not indicated here. Thus, (A) is incorrect.
(B) This choice directly addresses the possibility of Garage being negligent in inspecting Commuter's brakes, which could lead to a breach of duty and subsequently cause Ladd's injuries. If Garage was indeed negligent, this would fulfill the elements of general negligence as outlined in the rule.
(C) The legal category of Ladd as a bystander is not directly relevant to the claim against Garage, which centers on whether Garage was negligent in its inspection of Commuter's brakes.
(D) While Sand's conduct might be considered in determining liability, the question specifically asks about Ladd's claim against Garage. The focus here is on Garage's potential negligence and its causal connection",-100.0,-0.006770836655050516,-100.0,-100.0,1.0
