idx,subject,source,split,question,correct_answer,predicted_answer,is_correct,condition,tokens_input,tokens_output,raw_response_1,raw_response_2,logprob_A,logprob_B,logprob_C,logprob_D,confidence
mbe_0,nan,MBE-1972-78-part2,train,Paul then called Vic to testify that Dan's car did run the light. The trial judge should rule that V,B,B,True,1,1269,77,"B  
Reasoning: The gold passage states that for evidence to be admissible, it must be relevant and not outweighed by countervailing considerations. Vic's testimony regarding whether Dan's car ran the red light is relevant to the material issues of the case, making it admissible under the rules of evidence as outlined in the passage. Therefore, answer (B) is correct.",,-7.5021071434021,-0.002106959465891123,-6.5021071434021,-100.0,0.9979476974229756
mbe_1,nan,MBE-1972-78-part2,train,"On cross-examination of Vic, Dan's attorney asked if Vic was drunk at the time he witnessed the acci",D,C,False,1,1450,105,"C  
Reasoning: The gold passage indicates that a matter is considered collateral if it is not relevant to establish a fact of consequence in the litigation, and is only relevant for the purpose of contradicting the witness's testimony. Since the question of whether Vic has ever been drunk does not relate to the facts of the accident itself and is merely aimed at impeaching Vic's credibility, it is deemed collateral. Therefore, Yank's testimony about Vic being drunk two years prior is inadmissible, making answer (C) correct.",,-100.0,-100.0,-0.01816340535879135,-4.018163204193115,0.9820137864847778
mbe_2,nan,MBE-1972-78-part2,train,Dan called Zemo as a witness and asked him if he knew Vic's reputation for veracity in the community,C,A,False,1,1435,111,"A  
Reasoning: The gold passage discusses foundational requirements for admitting documents into evidence, focusing on relevancy, authentication, and hearsay. While it does not directly address the issue of character evidence or impeachment, the mention of foundational requirements suggests that questions that do not pertain directly to the issues on trial may be considered collateral. Therefore, the question about Vic's reputation for veracity could be seen as objectionable because it does not directly relate to the primary issues of the case, making answer (A) the most appropriate choice based on the passage.",,-0.012031443417072296,-5.262031555175781,-5.262031555175781,-100.0,0.989613966169606
mbe_3,nan,MBE-1972-78-part2,train,"Jim watched a liquor store furtively for some time, planning to hold it up. He bought a realistic-lo",B,A,False,1,1404,71,"A  
Reasoning: The gold passage indicates that generic burglary requires an unlawful entry element, which is not present if a person enters premises that are open to the public, regardless of intent. Since the liquor store was open to the public, Jim's intent to commit a felony does not satisfy the burglary requirement, making answer (A) the best defense.",,-0.6944688558578491,-2.1944689750671387,-0.9444688558578491,-100.0,0.4995177364501898
mbe_7,nan,MBE-1972-78-part2,train,"If Dotty asserts a claim against Canco based on negligence, the doctrine of res ipsa loquitur is",C,C,True,1,1644,108,"C  
Reasoning: The gold passage outlines the criteria for applying the doctrine of res ipsa loquitur, which includes that the event must not have been due to any voluntary action or contribution on the part of the plaintiff. In this case, the tuna was damaged when the workmen knocked over the stacks of canned goods, indicating that the event was caused by an external factor (the workmen's actions) rather than any action by Dotty. Therefore, res ipsa loquitur is not applicable, making answer (C) correct.",,-6.002569198608398,-11.002569198608398,-0.002569356467574835,-9.502569198608398,0.9974362834232987
mbe_8,nan,MBE-1972-78-part2,train,"If Guest asserts a claim against Dotty, Dotty most likely will",B,B,True,1,1528,89,"B  
Reasoning: The gold passage indicates that the duty of care owed by a property owner to social guests requires the host to refrain from willfully, wantonly, or intentionally injuring their guests. This implies that liability for negligence would apply if Dotty failed to meet this standard of care. Therefore, Dotty will likely be held liable only if she were negligent in serving the spoiled tuna, making answer (B) the correct choice.",,-4.729344367980957,-0.22934454679489136,-1.7293446063995361,-3.979344606399536,0.7950662072198537
mbe_9,nan,MBE-1972-78-part2,train,"If Guest asserts a claim against Supermart, the most likely result is that Guest will",B,B,True,1,1479,128,"B  
Reasoning: The gold passage outlines the requirements for establishing strict liability, which include showing that the product was in a defective condition that was unreasonably dangerous, that the defect existed when the product left the defendant's control, and that the defect was the proximate cause of the injury. In this case, the tuna was unfit for consumption and caused illness, indicating it was in a defective condition. Since the defect existed when the product left Canco's control and caused the injury to Guest, this supports a claim of strict liability. Therefore, Guest is likely to recover under this theory, making answer (B) correct.",,-100.0,-17.375001907348633,-100.0,-100.0,1.0
mbe_10,nan,MBE-1972-78-part2,train,"If Addle assigns the contract to Coot, who has comparable experience and reputation, which of the fo",C,B,False,1,1254,91,"B  
Reasoning: The gold passage indicates that contracts are freely assignable unless there is an express provision against assignment or if the performance involves personal skill or credit. Since the contract between Addle and Boone does not contain a provision regarding assignment, Boone may refuse to accept performance by Coot if the contract involves an element of personal skill or credit, which is likely given that it pertains to painting a barn. Therefore, answer (B) is correct.",,-10.000091552734375,-9.126521035796031e-05,-11.500091552734375,-100.0,0.9999444730760155
mbe_11,nan,MBE-1972-78-part2,train,If Addle assigns the contract to Coot and thereafter Coot does not meet the contract specifications ,A,B,False,1,1292,81,"B  
Reasoning: The gold passage states that claims for breach of contract are generally assignable under Massachusetts law. Since Addle assigned the contract to Coot, Boone's cause of action for damages would be against Coot for failing to meet the contract specifications. There is no indication in the passage that Boone retains a cause of action against Addle after the assignment, making answer (B) correct.",,-0.9768975973129272,-0.47689762711524963,-5.976897716522217,-100.0,0.6208798996352152
mbe_12,nan,MBE-1972-78-part2,train,"On the evidence stated, Crowley should be found",C,B,False,1,1429,79,"B  
Reasoning: The gold passage outlines the requirements for a conspiracy conviction, specifically that the defendant must have knowingly and voluntarily joined or participated in the conspiracy. Crowley knowingly agreed to buy the stolen food stamps, which indicates his participation in the conspiracy. Therefore, he can be found guilty as he aided and abetted the conspiracy by purchasing the stolen goods, making answer (B) correct.",,-1.9164975881576538,-0.1664976179599762,-5.166497707366943,-100.0,0.847090151495673
mbe_13,nan,MBE-1972-78-part2,train,"If Jackson and Brannick are charged with conspiracy to steal the stamps in the state court, they sho",D,D,True,1,1505,102,"D  
Reasoning: The gold passage discusses the Pinkerton principle of vicarious liability, which holds a conspirator liable for criminal offenses committed by a coconspirator if those offenses are within the scope of the conspiracy and are a natural consequence of it. Since Jackson and Brannick planned and executed the theft of the food stamps together, they can be found guilty of conspiracy to steal the stamps as their actions fall within the parameters outlined in the passage. Therefore, answer (D) is correct.",,-17.5,-100.0,-19.25,0.0,0.999999970526547
mbe_14,nan,MBE-1972-78-part2,train,"Owens contracted to sell a tract of land, Overlea, to Painter by general warranty deed. However, at ",C,C,True,1,1354,114,"C  
Reasoning: The gold passage indicates that rescission is a proper remedy when there is a substantial breach of contract that defeats the object of the parties. It also emphasizes that the failure of one party to perform allows the other to rescind the contract. Since Painter accepted a quitclaim deed without covenants of title, his cause of action must be based on the deed rather than the original contract with Owens. Therefore, Owens can successfully argue that Painter's cause of action must be based on the deed and not on the contract, making answer (C) correct.",,-12.62501335144043,-12.25001335144043,-1.318681188422488e-05,-12.50001335144043,0.999988199610748
mbe_15,nan,MBE-1972-78-part2,train,"Rider's counsel seeks to introduce an affidavit he obtained in preparation for trial from Dr. Bond, ",D,D,True,1,2952,128,"D  
Reasoning: The gold passage indicates that hearsay is generally inadmissible unless it falls within certain exceptions. Dr. Bond's affidavit, being a statement made after the fact and not contemporaneous with the examination, does not qualify as a present sense impression or an excited utterance. While it could potentially relate to medical diagnosis or treatment, the fact that Dr. Bond is deceased means that the affidavit cannot be considered a statement made for medical diagnosis or treatment under the relevant exceptions. Therefore, the affidavit is hearsay and does not fit within any exception, making it inadmissible. Thus, answer (D) is correct.",,-10.750022888183594,-100.0,-100.0,-2.3080716346157715e-05,0.9999785550474503
mbe_16,nan,MBE-1972-78-part2,train,"Transit Company calls Observer to testify that right after the accident, Rider told hin that he had ",A,A,True,1,1239,57,"A  
Reasoning: The gold passage states that admissions by party-opponents are admissible, even if they are not based on personal knowledge. Since Observer's testimony reflects Rider's statement about his back injury, it qualifies as an admission against interest, making answer (A) correct.",,-0.00014096579980105162,-100.0,-100.0,-17.750141143798828,0.9999999804443228
mbe_17,nan,MBE-1972-78-part2,train,Which of the following statements regarding the contract provision for preinspection payment is corr,C,C,True,1,1506,84,"C  
Reasoning: The gold passage establishes that a buyer has the right to inspect goods before payment or acceptance unless otherwise agreed. It specifically states that the right of inspection is not impaired by a contract provision requiring pre-inspection payment. Therefore, the correct statement regarding the contract provision for pre-inspection payment is that it does not impair a buyer's right of inspection or his remedies, making answer (C) correct.",,-100.0,-100.0,-18.375,-100.0,1.0
mbe_18,nan,MBE-1972-78-part2,train,What is Johnston's remedy because the wool was nonconforming?,C,B,False,1,1398,98,"B  
Reasoning: The gold passage states that in contracts for the sale of goods, damages are measured by the difference between the contract price and the market price when the seller provides the goods or when the buyer learns of the breach. Since Johnston received nonconforming goods (No. 2 quality instead of No. 1 quality), he is entitled to damages that reflect the difference in value between the goods delivered and the value of conforming goods, making answer (B) correct.",,-100.0,-0.008627933450043201,-4.758627891540527,-100.0,0.9914225142298931
mbe_19,nan,MBE-1972-78-part2,train,Can Johnston resell the wool?,B,D,False,1,1266,99,"D  
Reasoning: The gold passage states that the seller may resell the goods after any breach by the buyer. In this case, Johnston is the buyer who has discovered a breach (the wool is of No. 2 quality instead of No. 1 quality). Since Johnston is not the seller and the passage does not provide any rights for the buyer to resell the goods after a breach, Johnston cannot resell the wool. Therefore, the correct answer is (D) No.",,-7.5006103515625,-10.2506103515625,-11.1256103515625,-0.0006104522035457194,0.9993971824772367
mbe_20,nan,MBE-1972-78-part2,train,Lord leased a warehouse building and the lot on which it stood to Taylor for a term of ten years. Th,A,B,False,1,1287,59,"B  
Reasoning: The gold passage states that restraints on alienation are void as they go against public policy, which supports the idea that a clause prohibiting the transfer of interest in property is invalid. Therefore, Taylor can assign his interest under the lease, making answer (B) correct.",,-1.7018630504608154,-0.20186302065849304,-8.701863288879395,-100.0,0.8174384993342434
mbe_21,nan,MBE-1972-78-part2,train,"Diner, a drive-in hamburger and ice cream stand, recently opened for business in the suburban town o",D,D,True,1,1639,123,"D  
Reasoning: The gold passage explains that the ""coming to the nuisance"" defense is a factor that courts consider when determining whether plaintiffs may recover for nuisance. It indicates that if the plaintiffs were aware of the nuisance-creating activity at the time they acquired their property, this knowledge can affect their claim. Since the Householders were in the area before Diner opened, this fact is relevant but not controlling in their claim against Diner. Therefore, answer (D) is correct as it acknowledges that the Householders' prior presence is some evidence but does not definitively determine the outcome of their nuisance claim.",,-7.524622917175293,-1.0246226787567139,-3.024622678756714,-0.5246226787567139,0.5918814439389849
mbe_22,nan,MBE-1972-78-part2,train,Paul's best defense to a charge of robbery would be that,D,B,False,1,1391,79,"B  
Reasoning: The gold passage defines robbery as the felonious taking of property from another's possession by means of force or fear. Since Paul withdrew from the scene before the crime was successfully completed (as Jack did not successfully rob the bank), he can argue that he did not participate in the commission of the robbery. Therefore, answer (B) is the best defense for Paul.",,-9.500151634216309,-0.00015169414109550416,-9.500151634216309,-13.500151634216309,0.9998489481921807
mbe_23,nan,MBE-1972-78-part2,train,The prosecution's best argument to sustain the validity of the search of Jack's car would be that,C,C,True,1,1548,78,"C  
Reasoning: The gold passage states that consent to search is valid for Fourth Amendment purposes if it is ""knowing and voluntary"" and given by one with authority to consent. Since Paul was the one who agreed to the search of the car, the prosecution's best argument would be that Paul had sufficient standing and authority to consent to the search, making answer (C) correct.",,-19.125,-19.125,0.0,-100.0,0.9999999901110991
mbe_24,nan,MBE-1972-78-part2,train,Pace sues Def Company for injuries suffered when Pace's car collided with Def Company's truck. Def's,B,B,True,1,1337,83,"B  
Reasoning: The gold passage explains that the attorney-client privilege protects communications made in confidence by a client and the client's employees to an attorney for the purpose of obtaining legal advice. Since the report was prepared at the request of the company's attorney in preparation for trial, it falls under the protection of the attorney-client privilege. Therefore, production of the report will not be required, making answer (B) correct.",,-7.750489234924316,-0.0004892880679108202,-9.750489234924316,-100.0,0.9995112018102172
mbe_25,nan,MBE-1972-78-part2,train,The following facts concern a tract of land in a state which follows general United States law. Each,A,C,False,1,1631,126,"C  
Reasoning: The gold passage discusses the necessity of contemporaneous assent in the execution of a deed, particularly in the context of a homestead and the requirement for both spouses to consent. While the passage does not directly address the specifics of joint tenancy or the implications of a quitclaim deed, it implies that without the necessary consents and considerations, a conveyance may be void. In this case, since Sam may have additional children whose interests are not accounted for, it creates uncertainty regarding the marketability of the title. Therefore, Paul cannot convey a marketable record title to Patrick, making answer (C) correct.",,-2.739881753921509,-4.739881992340088,-0.23988185822963715,-1.9898818731307983,0.7892859526949056
mbe_26,nan,MBE-1972-78-part2,train,A necessary element in determining if Peter is liable for a trespass is whether,D,B,False,1,1529,117,"B  
Reasoning: The gold passage outlines the necessary elements for establishing a claim for trespass, which includes the requirement of the defendant's physical act against the property without the owner's consent. While the passage does not explicitly state that knowledge of the property belonging to a private person is necessary for trespass, it implies that the trespasser must be aware of the property rights to some extent. Therefore, option (B) is the most relevant choice, as it addresses Peter's awareness of the property ownership, which is a necessary element in determining if he is liable for trespass.",,-6.349311351776123,-0.5993111729621887,-0.8493111729621887,-3.849311113357544,0.549221875960897
mbe_27,nan,MBE-1972-78-part2,train,"If Peter asserts a claim against Owner for loss of the boat, the most likely result is that Owner wi",A,B,False,1,1455,127,"B  
Reasoning: The gold passage discusses a situation where a constable becomes liable as a trespasser ab initio for seizing property without allowing the defendant to select exempt property. This implies that if a person is considered a trespasser from the beginning of their presence on the property, they may not have a valid claim for damages. In this case, since Peter refused to remove the boat when ordered by Owner, he could be viewed as a trespasser ab initio, which would support Owner's defense against Peter's claim for loss of the boat. Therefore, answer (B) is the most likely result.",,-2.1518023014068604,-0.15180227160453796,-4.151802062988281,-4.776802062988281,0.8595092735503792
mbe_28,nan,MBE-1972-78-part2,train,"Park brought an action against Dan for injuries received in an automobile accident, alleging neglige",D,D,True,1,1286,95,"D  
Reasoning: The gold passage states that character evidence is generally inadmissible under Rule 404, but it does not provide an exception for reputation evidence in the context of proving negligence. While reputation may be relevant in certain cases, such as defamation, it does not support the claim of negligence in this automobile accident case. Therefore, White's testimony about Dan's reputation as a reckless driver is inadmissible to show negligence, making answer (D) correct.",,-7.748868942260742,-1.2488688230514526,-2.248868942260742,-0.49886882305145264,0.607219604360287
mbe_30,nan,MBE-1972-78-part2,train,"In Duffer's letter of October 8, what was the legal effect of the language: ""This offer is not subje",D,D,True,1,1625,95,"D  
The passage indicates that the offeror can reserve a power of revocation and that the offeree must be informed of any limitations or reservations before acceptance. The phrase ""This offer is not subject to countermand"" does not create an irrevocable offer; it merely informs Slicker of the limitation on Duffer's ability to revoke the offer. Therefore, the language did not affect Duffer's power to revoke the offer before acceptance, making answer (D) correct.",,-10.75002384185791,-100.0,-13.25002384185791,-2.3915141355246305e-05,0.9999767947821652
mbe_31,nan,MBE-1972-78-part2,train,"In a lawsuit by Slicker against Duffer for breach of contract, what would the court probably decide ",B,B,True,1,1634,97,"B  
Reasoning: The gold passage indicates that any act or communication that would lead a reasonable person to believe that an offer has been revoked is sufficient to constitute a withdrawal of the offer. Since Duffer had already purchased another bike from Koolcat before receiving Slicker's acceptance, this act could reasonably be interpreted as a revocation of his original offer. Therefore, the mailing of Slicker's acceptance did not prevent Duffer from effectively revoking his offer, making answer (B) correct.",,-10.923635482788086,-0.04863562434911728,-3.048635721206665,-100.0,0.9525569585485488
mbe_32,nan,MBE-1972-78-part2,train,What is the probable legal effect of Koolcat's conversation with Slicker and report that he (Koolcat,B,B,True,1,1632,121,"B  
Reasoning: The gold passage outlines the causes that can terminate the offeree's power of acceptance, including a counteroffer by the offeree. Since Koolcat's report to Slicker indicated that Duffer had already purchased a Sujocki from him, this information could be interpreted as a counteroffer or a situation that effectively terminates Slicker's power to accept Duffer's offer. Therefore, unless a contract had already been formed between Slicker and Duffer, Koolcat's report would operate to terminate Slicker's ability to accept the offer. Thus, answer (B) is correct.",,-2.1277153491973877,-0.12771540880203247,-7.502715587615967,-100.0,0.8803111233048124
mbe_33,nan,MBE-1972-78-part2,train,"In a suit attacking the validity of a deed executed fifteen years ago, Plaintiff alleges mental inco",B,B,True,1,1538,119,"B  
Reasoning: The gold passage defines hearsay as an out-of-court statement offered for the truth of its content, which is generally inadmissible unless it fits into a recognized exception. Harry's affidavit is a statement made outside of court and is being offered to prove Joe's mental incompetency, which constitutes hearsay. The passage does not indicate that Harry's affidavit fits any of the exceptions to the hearsay rule, such as the unavailability of the witness. Therefore, the judge should rule Harry's affidavit inadmissible as hearsay, making answer (B) correct.",,-9.000126838684082,-0.00012713817704934627,-100.0,-100.0,0.9998766053870626
mbe_34,nan,MBE-1972-78-part2,train,"""A person is not responsible for criminal conduct if at the time of such conduct as a result of ment",D,D,True,1,1219,70,"D  
Reasoning: The gold passage explicitly states that an individual is not liable for criminal offenses if, due to a mental disease or defect, they lack substantial capacity to appreciate the wrongfulness of their actions or to conform to the law. This description aligns directly with the Model Penal Code provision regarding the insanity defense, making answer (D) correct.",,-100.0,-100.0,-100.0,-20.000001907348633,1.0
mbe_35,nan,MBE-1972-78-part2,train,Payne had purchased one of the 140 lots and brought suit against Oscar to establish that the remaini,B,B,True,1,2798,94,"B  
Reasoning: The gold passage discusses the concept of a scheme of development, which requires that the area be clearly defined and that the vendor intended to impose similar restrictions on all plots for the benefit of all purchasers. Since Payne is seeking to enforce restrictions on the remaining lots as well as the previously sold lots, the outcome of the case will depend on whether a common development scheme was established for the entire subdivision. This makes answer (B) the most appropriate comment.",,-100.0,-6.034592388459714e-06,-100.0,-100.0,1.0
mbe_36,nan,MBE-1972-78-part2,train,Suppose that Oscar sold 50 lots during 1971 without inserting in the deeds any provisions relating t,D,D,True,1,1908,120,"D  
Reasoning: The gold passage outlines the requirements for the common scheme of development doctrine, which includes the necessity of a general scheme of development for the property as a whole and that the property against which the application of an implied covenant is sought must be part of that scheme. Since Doyle purchased one of the lots that was sold without any restrictions, it suggests that there may not be a common building or development scheme applicable to his lot. Therefore, the best defense for Doyle is that the facts do not establish a common building or development scheme for the entire subdivision, making answer (D) correct.",,-2.2272956371307373,-4.477295875549316,-2.4772956371307373,-0.22729569673538208,0.7968135404171426
mbe_37,nan,MBE-1972-78-part2,train,"Adam and Bailey. brothers, operated an illicit still. They customarily sold to anyone unless they su",B,C,False,1,1437,105,"C  
Reasoning: The gold passage defines battery as an intentional and unconsented-to physical contact that is injurious or offensive. Adam's act of shooting Mitchell constitutes battery because it involved intentional and offensive physical contact resulting in injury. However, the passage does not provide any information regarding Bailey's actions that would constitute battery. Since Bailey refused to sell liquor and was arrested without any physical contact, he did not commit battery. Therefore, Adam is guilty of battery, but Bailey is not, making answer (C) correct.",,-1.5693484544754028,-1.5693484544754028,-0.5693484544754028,-4.069348335266113,0.5662654377956776
mbe_38,nan,MBE-1972-78-part2,train,The bus in which Pat was riding was struck from the rear by a taxi. He sued Cab Company for a claime,B,B,True,1,1525,111,"B  
Reasoning: The gold passage indicates that an expert witness can base their opinion on facts or data that they have been made aware of, even if those facts or data are not admissible. In this case, the doctor's testimony about the other passengers' neck pain could be admissible if there is other testimony establishing a causal connection between the other passengers' pain and the accident. Therefore, answer (B) is correct as it aligns with the principles outlined in the passage regarding the admissibility of expert testimony and the need for establishing a causal link.",,-5.009294033050537,-0.009294160641729832,-6.009294033050537,-100.0,0.9908674714275841
mbe_39,nan,MBE-1972-78-part2,train,"Odum owned Brightacre (a tract of land) in fee simple. He conveyed it ""to Pike, his heirs and assign",B,D,False,1,1219,96,"D  
Reasoning: The gold passage discusses the Rule Against Perpetuities, which states that an interest is invalid if there is a possibility of vesting beyond the perpetuity period. In this case, Farley's interest is contingent upon him being alive thirty years from the date of the deed, which creates a possibility of vesting beyond the perpetuity period. Therefore, Farley's interest is invalid under the Rule Against Perpetuities, making answer (D) correct.",,-9.5066499710083,-2.13165020942688,-5.381649971008301,-0.13165010511875153,0.8766795816136442
mbe_40,nan,MBE-1972-78-part2,train,Assume that the contractor had made no error and that Neff had paid only for labor and materials for,A,B,False,1,1590,96,"B  
Reasoning: The gold passage defines an aleatory contract as one where the performance of either party's obligation depends on an uncertain event. In this case, Owens did not believe that Neff had a valid claim, which indicates that there was no genuine consideration for his promise to hire a caretaker. Since Owens' belief negates the existence of a valid claim from Neff, it follows that Owens' promise was not supported by consideration, making answer (B) correct.",,-6.012347221374512,-0.012347174808382988,-5.012347221374512,-5.762347221374512,0.987752384659189
mbe_41,nan,MBE-1972-78-part2,train,"Assuming there is an enforceable contract between Owens and Morse, does Neff have an action against ",A,C,False,1,1850,102,"C  
Reasoning: The gold passage establishes that a third party can only recover on a contract if the contracting parties intended to benefit that third party directly. Neff does not have a direct legal duty owed to him by Owens or Morse, nor is he a donee or creditor beneficiary of the contract between Owens and Morse. Instead, Neff is merely an incidental beneficiary, as he benefits from the performance of the contract without being the intended recipient of any benefit. Therefore, answer (C) is correct.",,-9.001643180847168,-11.001643180847168,-0.0016428076196461916,-6.50164270401001,0.9983591460255329
mbe_42,nan,MBE-1972-78-part2,train,Defendant was driving his automobile at a legal speed in a residential zone. A child darted out in f,C,C,True,1,1289,114,"C  
Reasoning: The gold passage emphasizes that to find the defendant guilty of involuntary manslaughter, it must be established that the act or acts charged were the proximate cause of the death. In this case, Defendant's expired driver's license does not appear to be the proximate cause of the child's death, as the accident occurred while Defendant was driving at a legal speed and the child unexpectedly darted out in front of him. Therefore, the failure to have a valid license does not constitute a direct cause of the death, making answer (C) correct.",,-100.0,-17.375,-9.088346359931165e-07,-100.0,0.9999999715466269
mbe_43,nan,MBE-1972-78-part2,train,"Pauline, an unmarried female, was prominent in the women's liberation movement. She recently gave bi",B,A,False,1,1618,77,"A  
Reasoning: The gold passage states that truth is not a defense to a claim for public disclosure of private facts. Therefore, even if the statements made by Journal about Pauline's birth are true, this does not provide a defense against her invasion of privacy claim. Thus, Pauline is likely to not prevail based on the truth of the statements, making answer (A) correct.",,-6.396757089532912e-05,-11.6250638961792,-10.0000638961792,-100.0,0.999945663242778
mbe_44,nan,MBE-1972-78-part2,train,"Homer conveyed his home to his wife, Wanda, for life, remainder to his daughter, Dixie. There was a ",C,C,True,1,1426,108,"C  
Reasoning: The gold passage discusses the nature of remainder interests and does not provide any information regarding the obligations of a life tenant (Wanda) concerning mortgage payments. However, it is generally understood that a life tenant is responsible for the payment of interest on any mortgage encumbering the property. Therefore, based on the context of the question and the typical legal principles surrounding life estates and mortgages, answer (C) is the most appropriate choice, as it states that Wanda must pay the portion of the monthly payment which represents interest.",,-4.270087718963623,-5.895087718963623,-0.020087720826268196,-6.395087718963623,0.9815694166406607
mbe_45,nan,MBE-1972-78-part2,train,"The police, answering a complaint about noise, arrived at Sam's apartment and found Sam's wife dead ",B,B,True,1,1429,78,"B  
Reasoning: The gold passage indicates that custodial interrogation involves questioning initiated by law enforcement after a person has been taken into custody or deprived of their freedom. Since Sam's statement was made at the scene and was essentially volunteered without being subjected to custodial interrogation, it is admissible. Therefore, answer (B) is correct as it aligns with the principles outlined in the passage.",,-11.750024795532227,-2.463036435074173e-05,-12.875024795532227,-11.250024795532227,0.9999765426428828
mbe_49,nan,MBE-1972-78-part2,train,John Smith has denied his purported signature on a letter which has become critical in a breach of c,D,D,True,1,1516,101,"D  
Reasoning: The gold passage indicates that a lay witness may identify handwriting if they have seen the person write and have an opinion concerning the writing in question. Since Alice, the teacher, has taught John Smith and presumably has seen his handwriting, her testimony could be admissible under Rule 901(b)(2) as long as she meets the requirements of familiarity not acquired for litigation purposes. Therefore, the trial judge should overrule the objection based on this reasoning, making answer (D) correct.",,-12.250007629394531,-100.0,-13.750007629394531,-7.465036105713807e-06,0.999994147213815
mbe_50,nan,MBE-1972-78-part3,train,"If Susie's claim against Roger's Market is based on a negligence theory, Susie will",C,C,True,1,2127,106,"C  
Reasoning: The gold passage discusses the determination of negligence and due care as matters for the jury, emphasizing that the question of whether a defendant exercised due care is typically for the jury to decide based on the facts presented. In this case, Roger's Market proved that it had no way of knowing the content of the can was likely to cause harm, indicating that it exercised due care in selling the product. Therefore, there is no evidence that Roger's Market failed to exercise due care, making answer (C) correct.",,-100.0,-100.0,-1.9361264946837764e-07,-100.0,1.0
mbe_51,nan,MBE-1972-78-part3,train,"If Susie's claim against West Beef Company is based on the theory of strict liability in tort, Susie",A,C,False,1,1771,93,"C  
Reasoning: The gold passage outlines the requirements for proving a product-liability claim, specifically that the defect must exist when the product leaves the defendant's control. Since West Beef Company proved that it did not process or pack the corned beef and had no way of knowing about the defect, there is no privity of contract between Susie and West Beef Company, which means she cannot recover under strict liability. Therefore, answer (C) is correct.",,-8.011417388916016,-10.636417388916016,-0.011417603120207787,-4.511417388916016,0.988661278647662
mbe_54,nan,MBE-1972-78-part3,train,"A newly-enacted state criminal statute provides, in its entirety, ""No person shall utter to another ",C,B,False,1,1292,86,"B  
Reasoning: The gold passage explicitly states that Congress shall make no law abridging the freedom of speech. This principle applies to state laws as well through the Fourteenth Amendment. Since the statute in question seeks to punish speech that is deemed annoying, disturbing, or unwelcome, it likely violates the First Amendment rights to free speech. Therefore, Smith cannot be convicted under this statute, making answer (B) correct.",,-12.62607479095459,-0.0010749688372015953,-100.0,-100.0,0.9999967112503495
mbe_55,nan,MBE-1972-78-part3,train,In which of the following situations is Defendant's claim of intoxication most likely to result in h,B,B,True,1,1314,110,"B  
Reasoning: The gold passage states that to prove assault with intent to kill (AWIKWA), the government must demonstrate that the defendant committed an assault on the victim with the specific intent to kill. If Defendant claims he was so drunk that he did not realize anyone else was around when he fired the gun, this could negate the specific intent required for the charge of assault with intent to kill. Therefore, this situation is most likely to result in a finding of not guilty based on the intoxication claim, making answer (B) correct.",,-100.0,-0.0008227337966673076,-7.5008225440979,-100.0,0.999447221258273
mbe_56,nan,MBE-1972-78-part3,train,"Asserting that his title was held free of any claim by Barrett, Allred instituted suit against Barre",A,B,False,1,1589,102,"B  
Reasoning: The gold passage emphasizes the importance of the chain of title and the role of recorded deeds in establishing ownership. Since Barrett's grantor, Niece, recorded her deed before Allred recorded his, this means that Barrett's title is derived from a properly recorded deed, which strengthens his claim to ownership over Allred's unrecorded interest. Therefore, Barrett prevails because Niece's recording establishes a clear chain of title that does not include Allred's prior unrecorded deed.",,-3.5712337493896484,-0.07123368233442307,-5.446233749389648,-3.3212337493896484,0.9314434302213497
mbe_57,nan,MBE-1972-78-part3,train,"Asserting that his title was held free of any claim by Leon, Allred instituted suit against Leon to ",D,A,False,1,1507,117,"A  
Reasoning: The gold passage discusses the subsequent purchaser rule, which implies that an owner of property cannot recover from a third party for damages inflicted on the property before their purchase unless they have rights assigned or subrogated to them. In this case, since Leon advanced money without notice of Allred's rights and recorded his mortgage before Allred recorded his deed, Allred's claim to title is undermined. Therefore, the judgment should favor Allred because Leon is deemed not to have paid value in the context of the subsequent purchaser rule, making answer (A) correct.",,-1.0661298036575317,-3.316129684448242,-1.0661298036575317,-1.4411298036575317,0.35807788598704426
mbe_58,nan,MBE-1972-78-part3,train,Assume for this question only that Niece had not conveyed to Barrett. After Allred recorded his deed,C,B,False,1,1564,112,"B  
Reasoning: The gold passage defines a bona fide purchaser for value as one who has paid valuable consideration without notice of another's claim prior to acquiring title. Since Niece had no notice of Allred's rights when she accepted the deed from Owen, she qualifies as a bona fide purchaser. Additionally, the passage does not indicate that recording is necessary for Niece to maintain her rights against Allred, but it does support that her lack of notice is a key factor. Therefore, judgment should be for Niece, making answer (B) correct.",,-0.8631455302238464,-0.6131455302238464,-3.363145589828491,-6.613145351409912,0.5419445010604921
mbe_59,nan,MBE-1972-78-part3,train,"For this question only, assume that Ohner and Byer were bound by a contract for the sale of lot 101 ",B,A,False,1,1592,115,"A  
Reasoning: The gold passage discusses the common scheme doctrine related to the development of land and does not provide any information regarding the pricing of lots or the formation of contracts. Since the passage does not address the specifics of the contract terms or the pricing adjustments made by Ohner, it cannot support any of the other options. Therefore, the only option that can be inferred without contradicting the passage is that Byer will only be required to pay the original price of $5,000 for each of the fifty lots, making answer (A) the most appropriate choice.",,-0.620764434337616,-100.0,-2.3707644939422607,-3.6207644939422607,0.8172865931748581
mbe_60,nan,MBE-1972-78-part3,train,"For this question only, assume that on May 5 Ohner telephoned Byer that he had sold lots 102 through",D,C,False,1,1535,114,"C  
Reasoning: The gold passage explains that an offer can be terminated by revocation, and it states that an offeror may revoke the offer at any time before acceptance. In this case, Ohner sold lots 102 through 150 to another party before Byer accepted the offer for lot 101, which effectively terminated Byer's power of acceptance. Therefore, Byer cannot succeed in his action against Ohner for breach of contract because his power of acceptance was terminated by Ohner's sale of the lots to another party, making answer (C) correct.",,-100.0,-100.0,-1.7432603272027336e-06,-13.750001907348633,0.9999989322973051
mbe_61,nan,MBE-1972-78-part3,train,"For this question only, assume that on May 6 Byer telegraphed Ohner. ""Will take the rest of the lots",C,D,False,1,1378,108,"D  
Reasoning: The gold passage discusses the implied covenant of good faith and fair dealing, indicating that a seller's breach of this covenant may excuse a condition. In this case, Ohner's inability to provide good title to the remaining lots could be seen as a failure to meet an implied condition precedent to the contract for those lots. Therefore, answer (D) is supported by the passage, as it aligns with the idea that Ohner's failure to provide good title excuses him from liability for breach of contract regarding the remaining lots.",,-5.832495212554932,-8.082494735717773,-2.5824949741363525,-0.08249499648809433,0.921146842723151
mbe_62,nan,MBE-1972-78-part3,train,Philip was a 10-year-old boy. Macco was a company that sold new and used machinery. Macco stored dis,D,D,True,1,1577,102,"D  
Reasoning: The gold passage discusses the concept of private nuisance and emphasizes the need to balance the gravity of harm against the utility of the defendant's conduct. In this case, determining whether Macco could have eliminated the risk of harm without unduly interfering with its normal operations is significant because it directly relates to the reasonableness of Macco's actions in maintaining the storage area. This consideration aligns with the passage's focus on balancing harm and utility, making answer (D) the most relevant choice.",,-4.947725772857666,-6.197725772857666,-2.822725534439087,-0.0727255642414093,0.9313150959358593
mbe_63,nan,MBE-1972-78-part3,train,"If Rescuer asserts a claim against Si for personal injuries, Rescuer will",B,B,True,1,1318,95,"B  
Reasoning: The gold passage establishes that a person who creates a dangerous situation through negligence has a duty to both the imperiled victim and the rescuer. Since Si's actions in siphoning gasoline without consent created a situation that led to the fire, he is liable for the injuries sustained by Rescuer while attempting to save Si's life. Therefore, Rescuer will prevail because Si was at fault in causing the fire, making answer (B) correct.",,-10.502514839172363,-0.0025150158908218145,-6.002514839172363,-100.0,0.9974999767121149
mbe_64,nan,MBE-1972-78-part3,train,"If Rescuer asserts a claim against Neighbor personal injuries, Rescuer will",C,C,True,1,1245,75,"C  
Reasoning: The gold passage indicates that an injury during a rescue effort is attributed to the party that exposed the person needing assistance to the danger. In this case, Neighbor was not at fault for Si's actions of siphoning gasoline, which led to the explosion. Therefore, Rescuer cannot prevail against Neighbor for personal injuries, making answer (C) correct.",,-9.250434875488281,-8.000434875488281,-0.00043460296001285315,-100.0,0.9995686120135612
mbe_65,nan,MBE-1972-78-part3,train,Defendant was tried for robbery. Victim Worth were the only witnesses called to.t tify. Victim testi,C,C,True,1,1259,130,"C  
Reasoning: The gold passage defines robbery as the felonious taking of property from another person by means of force or fear. Victim's testimony indicates that there was a threat with a knife, which supports a robbery charge. However, Worth's testimony does not confirm the presence of a knife or threats, which means the jury could find that the act was simply a taking of property without the necessary elements of force or fear for robbery. Therefore, the jury could properly return a verdict of either robbery (if they believe Victim's account) or larceny (if they believe Worth's account), making answer (C) correct.",,-1.4080721139907837,-2.408071994781494,-0.4080721139907837,-100.0,0.6652409486351358
mbe_67,nan,MBE-1972-78-part3,train,Congressional legislation authorizing marriages and divorces as a matter of federal law on prescribe,D,A,False,1,1309,103,"A  
Reasoning: The gold passage discusses the authority of the President to settle claims through executive agreements and mentions that laws passed after such agreements may abrogate them. While the passage does not directly address the specifics of marriage and divorce legislation, it implies that federal legislation could be more easily upheld if it pertains to a specific group, such as members of the armed forces, which is consistent with the idea of federal jurisdiction over military matters. Therefore, option (A) is the most plausible choice based on the passage.",,-0.23591749370098114,-3.360917568206787,-2.485917568206787,-2.485917568206787,0.7969808047786893
mbe_73,nan,MBE-1972-78-part3,train,"If Driver asserts a claim against Trucker and establishes that Trucker was negligent, the likely res",C,C,True,1,1627,116,"C  
Reasoning: The gold passage establishes that legal cause is established if an injury was foreseeable as the type of harm that a reasonable person would expect to see as a likely result of their conduct. Since Trucker's negligence in parking the trailer obscured the traffic light and contributed to the circumstances leading to the collision, it is reasonable to foresee that such negligence could result in an accident. Therefore, Trucker's negligence is both an actual cause (it directly contributed to the accident) and a legal cause (the type of harm was foreseeable), making answer (C) correct.",,-6.020623683929443,-4.020623683929443,-0.02062375470995903,-10.395624160766602,0.9795992621039281
mbe_74,nan,MBE-1972-78-part3,train,"If Driver asserts a claim against City, the theory on which he has the best chance of prevailing is ",B,B,True,1,1729,110,"B  
Reasoning: The gold passage discusses ""failure to repair"" lawsuits, which involve a party disregarding their duty to repair dangerous conditions, resulting in injury to another person. In this case, the City had a duty to maintain the traffic signal and failed to replace the broken pole within seventy-two hours, which created a dangerous condition that contributed to the accident. Therefore, Driver's best chance of prevailing against the City is based on the claim of negligence for not promptly repairing the broken traffic signal, making answer (B) the most supported choice.",,-100.0,-0.0006237993948161602,-7.50062370300293,-10.87562370300293,0.999428317076611
mbe_75,nan,MBE-1972-78-part3,train,Which of the following potential plaintiffs is most likely to be able to obtain a judicial determina,B,B,True,1,1442,126,"B  
Reasoning: The gold passage outlines the requirements for invoking the Uniform Declaratory Judgments Act, emphasizing the need for an actual, present, and existing dispute between parties with genuine and opposing interests. Contractors who have been awarded contracts by the state of Atlantic for highway construction projects have a direct and substantial interest in the federal highway construction funds, as their contracts are contingent on the receipt of these funds. This creates a concrete dispute regarding the validity of the federal statute, making option (B) the most likely to obtain a judicial determination. The other options do not demonstrate the same level of direct and substantial interest in the dispute.",,-3.2966883182525635,-0.04668841138482094,-4.796688556671143,-100.0,0.9547214698958718
mbe_76,nan,MBE-1972-78-part3,train,The strongest argument that can be made in support of the constitutionality of this federal statute ,C,C,True,1,1451,94,"C  
Reasoning: The gold passage indicates that Congress has broad discretion to tax and spend for the general welfare and can impose limits on the use of funds to ensure they are used as intended. This supports the argument that Congress could reasonably believe that the 55 mile-an-hour speed limit will ensure that federal money spent on highways results in greater benefit than harm to the public, making answer (C) the strongest argument in support of the constitutionality of the federal statute.",,-14.500004768371582,-100.0,-4.60414821645827e-06,-100.0,0.9999994956526747
mbe_77,nan,MBE-1972-78-part3,train,The federal statute relating to disbursement of highway funds conditioned on the 55 mile-an-hour spe,D,B,False,1,1346,71,"B  
Reasoning: The gold passage indicates that Congress has the power to attach conditions on the receipt of federal funds to further broad policy objectives, which supports the constitutionality of the federal statute based on the spending power. The passage does not provide any support for the commerce power being applicable in this context, making option (B) the most appropriate choice.",,-100.0,-6.749814019713085e-06,-100.0,-14.500006675720215,0.9999994956525543
mbe_78,nan,MBE-1972-78-part3,train,"Detective received informal from Informant, who had given reliable information many times in the pas",B,D,False,1,1441,100,"D  
Reasoning: The gold passage emphasizes that to establish probable cause, police officers must point to objective circumstances that lead them to believe a suspect committed a crime. In this case, Detective relied on Informant's past reliability and the specific information about Harry selling heroin, which provides a basis for probable cause. Since the information was corroborated by a reliable source and led to a valid search warrant, Harry's motion to suppress the evidence will most probably be denied, making answer (D) correct.",,-7.518754005432129,-4.018754005432129,-9.768754005432129,-0.018753813579678535,0.9814245632651318
mbe_79,nan,MBE-1972-78-part3,train,Defendant sold heroin to Morgan. Morgan was later stopped by police for speeding. The police searche,C,C,True,1,1209,89,"C  
Reasoning: The gold passage states that only individuals whose privacy or property interests are violated may object to a search on Fourth Amendment grounds. Since Defendant sold the heroin to Morgan and does not have a privacy or property interest in the car or the heroin found therein, Defendant lacks standing to object to the search. Therefore, the motion to prevent the introduction of the heroin into evidence will most probably be denied, making answer (C) correct.",,-100.0,-100.0,-20.875,-100.0,1.0
mbe_80,nan,MBE-1972-78-part3,train,"Defendant visited a fellow college student, James, in James's dormitory room. They drank some beer. ",B,B,True,1,1487,138,"B  
Reasoning: The gold passage defines larceny as the fraudulent and wrongful taking and carrying away of the property of another with the intent to convert it to the taker's use without the consent of the owner. In this case, Defendant took the marijuana cigarettes, which belonged to James, and flushed them down the toilet without James's consent. This act satisfies the definition of larceny. However, the passage does not provide any information regarding the elements of burglary, nor does it indicate that Defendant's actions meet the criteria for burglary. Therefore, based solely on the information in the passage, Defendant should be found guilty of larceny only, making answer (B) correct.",,-4.327606201171875,-0.3276059925556183,-2.827605962753296,-1.577605962753296,0.7210296895886301
mbe_82,nan,MBE-1972-78-part3,train,Courts hold such a devise valid under the common-law Rule Against Perpetuities. What is the best exp,A,B,False,1,1274,101,"B  
Reasoning: The gold passage explains the rule of convenience, which states that a class gift closes when a class member is entitled to a distribution of their share. In this case, the devise specifies that Hilltop goes to grandchildren who reach the age of 21, meaning the class of beneficiaries will close when any grandchild reaches that age. This aligns with option (B), making it the best explanation for the determination that the devise is valid under the common-law Rule Against Perpetuities.",,-100.0,-18.5,-100.0,-100.0,1.0
mbe_83,nan,MBE-1972-78-part3,train,Which of the following additions to or changes in the facts of the preceding question would produce ,C,C,True,1,1249,150,"C  
Reasoning: The gold passage defines an inter vivos transfer as a transfer made during a person's lifetime, contrasting it with a testamentary transfer made in a will after death. Since the question asks which addition would produce a violation of the common-law Rule Against Perpetuities, and the passage does not provide any information about the Rule Against Perpetuities or its application to inter vivos conveyances, we cannot conclude that any of the options would violate the rule based solely on the information provided. However, option (C) suggests that the instrument was an inter vivos conveyance rather than a will, which could imply a different legal treatment under the Rule Against Perpetuities. Therefore, this option is the only one that introduces a significant",,-6.88092041015625,-100.0,-0.005920381750911474,-7.75592041015625,0.998538100142432
mbe_84,nan,MBE-1972-78-part3,train,"In an action by Doctor against Victim to recover $1,000, Doctor's best theory ofrecovery is that Doc",D,A,False,1,1556,96,"A  
Reasoning: The gold passage defines a creditor beneficiary as someone whose performance of the promise will satisfy an actual or supposed duty of the promisee to the beneficiary. In this case, Doctor provided medical services to Victim, and First's promise to pay Doctor from any settlement with Driver was intended to satisfy Victim's obligation to pay for those services. Therefore, Doctor is a creditor beneficiary of the employment contract between Victim and First, making answer (A) correct.",,-1.3425219549390022e-05,-15.00001335144043,-100.0,-100.0,0.9999996940977506
mbe_85,nan,MBE-1972-78-part3,train,"In an action by Doctor against First upon First's employment contract with Victim, First is likely t",D,C,False,1,1534,106,"C  
Reasoning: The gold passage outlines the requirements for a claim of detrimental reliance, which includes a representation, justifiable reliance, and a change in position to one's detriment. In this case, Doctor is a third party who is attempting to assert a claim based on First's contract with Victim. Since the passage does not support the idea that third parties can acquire valid claims under an attorney-client contract, First is likely to argue that Doctor cannot assert a claim based on that contract, making answer (C) correct.",,-15.500004768371582,-14.750004768371582,-4.36574100604048e-06,-12.500004768371582,0.9999956950416031
mbe_86,nan,MBE-1972-78-part3,train,"In an action by Doctor against First upon First's employment contract with Victim, if First attempte",A,C,False,1,1536,110,"C  
Reasoning: The gold passage discusses the concept of consent, particularly focusing on the idea that consent can be implied or expressed and that it can be withdrawn. However, it does not address the issue of consideration in the context of a release from a contract. Since the passage does not provide any information about consideration being necessary for the validity of Victim's release of First, the argument that there was no consideration for Victim's release is the most relevant choice based on the information provided. Therefore, answer (C) is the most appropriate.",,-4.027897834777832,-5.027897834777832,-0.027897698804736137,-5.777897834777832,0.9725390349288772
mbe_87,nan,MBE-1972-78-part3,train,"In an action by Doctor against Second, Second is most likely to argue on these facts that",C,C,True,1,1671,136,"C  
Reasoning: The gold passage explains that donee beneficiaries receive benefits from a contract as a gift and are not technically parties to the contract. It also states that donee beneficiaries can only claim legal rights after the contract has been executed and that creditor beneficiaries can only file suits once they are aware of the contracts or intended benefits. In this case, Doctor's status as a potential beneficiary of First's promise to pay for medical services is unclear, and there is insufficient evidence to support a finding that Doctor was either a creditor or donee beneficiary of Second's promise to First. Therefore, answer (C) is the most appropriate choice based on the information provided in the passage.",,-5.764347076416016,-4.514347076416016,-0.014346949756145477,-100.0,0.9859096012908453
mbe_88,nan,MBE-1972-78-part3,train,"Davis calls Bystander to testify that Passenger, who was riding in Peters' automobile and who also w",C,C,True,1,1288,105,"C  
Reasoning: The gold passage discusses statements that are against penal interest, which implies that such statements must be contrary to the declarant's interest and made under circumstances that suggest they are true. However, Bystander's testimony about Passenger's statement is hearsay, as it is an out-of-court statement offered to prove the truth of the matter asserted (that they should have had their lights on). The passage does not provide any exceptions to hearsay that would apply here, making answer (C) correct.",,-100.0,-18.75,0.0,-19.375,0.9999999889551251
mbe_89,nan,MBE-1972-78-part3,train,Davis offers to have Bystander testify that he was talking to Witness when he heard the crash and he,A,C,False,1,1251,112,"C  
Reasoning: The gold passage defines a present sense impression as a statement that describes an event while it was occurring or immediately thereafter. However, Witness's statement, ""That car doesn't have any lights on,"" is not being offered as a present sense impression because it is a statement made after the event (the crash) occurred, as it was heard by Bystander after the crash. Therefore, Bystander's testimony is inadmissible as hearsay and does not fall within any exception provided in the passage, making answer (C) correct.",,-9.250099182128906,-13.250099182128906,-9.925185440806672e-05,-100.0,0.9999021375727943
mbe_90,nan,MBE-1972-78-part3,train,Litigant calls Driver to testify in Litigant's case in chief to admissions made by Owner in the conf,C,C,True,1,1405,114,"C  
Reasoning: The gold passage establishes that communications made for the purpose of facilitating professional legal services are protected by attorney-client privilege, provided they are confidential and not intended for disclosure to third parties. Since the conference included Attorney, Owner, Driver, and Investigator, the presence of Investigator may compromise the confidentiality of the communication. However, the key point is that Driver, as a participant in the conference, cannot disclose Owner's admissions without violating the attorney-client privilege. Therefore, Driver's testimony is inadmissible due to this privilege, making answer (C) correct.",,-100.0,-100.0,-19.5,-100.0,1.0
mbe_91,nan,MBE-1972-78-part3,train,Driver calls Irving in his defense against the cross-claim. He seeks to have Irving testify to admis,A,D,False,1,1387,72,"D  
Reasoning: The gold passage outlines the conditions under which the attorney-client privilege applies, emphasizing that communications made in confidence by the client are protected from disclosure unless the protection is waived. Since Owner has not waived the attorney-client privilege, Irving's testimony regarding admissions made by Owner in the conference would be inadmissible, making answer (D) correct.",,-8.250343322753906,-10.000343322753906,-10.250343322753906,-0.0003434488025959581,0.9996581009039466
mbe_94,nan,MBE-1972-78-part3,train,"Policeman undertook to arrest Fan for throwing a pop bottle, and hitting a baseball umpire. Fan was ",D,C,False,1,1666,118,"C  
Reasoning: The gold passage discusses the concept of ""heat of passion"" and the emotional state required for a defendant to be entitled to a reduced charge. In case (C), the defendant's actions were driven by intense emotional excitement (impatience and anger over the debt) when he threatened Smythe with a revolver, leading to an unintended death. This aligns with the passage's emphasis on acting on impulse without reflection due to provocation. Therefore, case (C) is most applicable as it reflects the principles outlined in the gold passage regarding emotional state and provocation.",,-3.275872230529785,-3.400872230529785,-0.6508722901344299,-0.9008722901344299,0.5221472926718426
mbe_95,nan,MBE-1972-78-part3,train,"Policeman, having a warrant for Defendant's arrest for a felonious assault, went to his home to arre",A,B,False,1,1718,103,"B  
Reasoning: The gold passage defines second-degree murder and discusses the criteria for determining whether a lesser-included offense should be submitted to the jury. In case (B), the defendant was involved in a bank robbery that resulted in the death of a policeman during a chase, which aligns with the concept of unlawful killing with malice. The evidence presented in this case would likely satisfy the elements of murder, making it applicable as a precedent for the situation where the defendant fatally stabbed the policeman while resisting arrest.",,-1.0437813997268677,-0.5437813997268677,-2.918781280517578,-100.0,0.5883927203165581
mbe_96,nan,MBE-1972-78-part3,train,The strongest argument for Zane is that,B,B,True,1,1254,71,"B  
Reasoning: The gold passage indicates that state laws restricting the rights of aliens conflict with national policies, suggesting that such restrictions may violate the equal protection clause of the Fourteenth Amendment. This aligns with Zane's argument against the state statute, making answer (B) the strongest argument for him. The other options are not supported by the passage.",,-4.018508434295654,-0.018508441746234894,-100.0,-100.0,0.9820137899063109
mbe_97,nan,MBE-1972-78-part3,train,The federal court should,D,D,True,1,1342,74,"D  
Reasoning: The gold passage states that federal courts can hear cases where there is a federal question involved. Zane's action to enjoin the state attorney general from enforcing a state law that discriminates against aliens likely presents a federal question regarding the constitutionality of the law. Therefore, the federal court should hear the action, making answer (D) correct.",,-100.0,-17.875003814697266,-100.0,-3.054500666621607e-06,0.9999999827421854
mbe_98,nan,MBE-1972-78-part3,train,"Assume that Green tendered the $2,500 on March 15, and that Brown refused to accept it or to perform",D,D,True,1,1550,80,"D  
Reasoning: The gold passage establishes that contracts do not need to be in writing to be enforceable unless required by law. Since both the Green-Brown agreement and the Clark-Green agreement were oral and there is no indication that a writing is required by law, both agreements can be enforced. Therefore, Brown cannot successfully use either defense I or II, making answer (D) correct.",,-6.015112400054932,-4.765112400054932,-5.515112400054932,-0.015112468041479588,0.9850108729883212
mbe_99,nan,MBE-1972-78-part3,train,"Assume that Green paid the $2,500 on March 15 and that Brown completed the boathouse according to sp",B,A,False,1,1390,143,"A  
Reasoning: The gold passage states that when one party repudiates a contract, the innocent party may treat the repudiation as a breach. In this case, since Green repudiated the contract after Brown completed the boathouse, Brown has a cause of action against Green for breach of contract. Brown is entitled to the damages for the work completed, which includes the $2,500 already paid and the second installment of $2,500 that is now due. Therefore, statement I is correct. However, statement II is not supported by the passage, as it does not address the option for Brown to refuse to dig the channel without liability. Thus, the correct answer is (A) I only.",,-0.024342399090528488,-7.1493425369262695,-3.7743422985076904,-100.0,0.9762550548592046
mbe_100,nan,MBE-1972-78-part3,train,"Assume that Green paid the $2,500 on March 15, that Brown completed the boathouse, that Green paid t",A,A,True,1,1757,140,"A  
Reasoning: According to the gold passage, a breach of contract occurs when one party unconditionally refuses to perform their obligations under the contract. In this case, Brown completed the boathouse and the digging of the channel, but he did not finish the channel until July 1, which is beyond the agreed completion date of June 1. This delay does not constitute an unconditional refusal to perform; therefore, Green has a cause of action against Brown for breach of contract (I is correct). However, since Brown did eventually complete the work, Green is not excused from paying the $5,000 (II is incorrect). Thus, the correct answer is (A) I only.",,-0.648130476474762,-4.648130416870117,-1.8981304168701172,-1.1481304168701172,0.5231901004239274
mbe_101,nan,MBE-1972-78-part4,train,"Customer. aged twenty, went into Store at approximately 6:45 p.m. to look at some suits that were on",B,B,True,1,1975,97,"B  
Reasoning: The gold passage establishes that for liability under the action of battery, it is sufficient that the actor intentionally causes an offensive contact, regardless of whether it results directly or indirectly from the other's conduct. The chemical spray that Customer was exposed to can be considered an offensive contact, as it was intentionally set off by the mechanism in response to Customer's actions. Therefore, Customer must establish that the spray mist was an offensive or harmful contact, making answer (B) correct.",,-100.0,-3.128163257315464e-07,-100.0,-100.0,1.0
mbe_103,nan,MBE-1972-78-part4,train,"If Victim starts an action against Insurer forty days after the insurance settlement agreement, can ",D,D,True,1,1855,103,"D  
Reasoning: The gold passage explains that an assignment transfers rights from the assignor to the assignee and that the assignment must occur in the present to be effective. Since Victim made at least one effective assignment of his claim against Insurer to Hospital, and Insurer has notice of this assignment, Victim no longer has privity with Insurer regarding that claim. Therefore, Victim cannot recover from Insurer because the assignment has removed his rights to the claim, making answer (D) correct.",,-2.001107692718506,-2.501107692718506,-5.376107692718506,-0.251107782125473,0.7781378069221266
mbe_104,nan,MBE-1972-78-part4,train,"In view of Tortfeasor's age and irresponsibility when Insurer issued his liability policy, can Holde",D,D,True,1,1805,116,"D  
Reasoning: The gold passage indicates that if a party to a contract assigns their rights to a third party, that third party may enforce the contract. Since Holder and ABC Furniture are assignees of Victim's claim arising from the Insurer's settlement agreement, they can recover as long as the agreement is enforceable. The passage does not state that Tortfeasor's minority and irresponsibility vitiate the settlement agreement, thus allowing either Holder or ABC Furniture to recover based on their priority as assignees. Therefore, answer (D) is correct.",,-2.5363609790802,-100.0,-1.7863609790802002,-0.2863609492778778,0.7527119978515356
mbe_108,nan,MBE-1972-78-part4,train,The city of Newtown adopted an ordinance providing that street demonstrations involving more than 15,B,B,True,1,1445,103,"B  
Reasoning: The gold passage discusses the void-for-vagueness doctrine, which states that a statute is unconstitutionally vague if it does not provide a person of ordinary intelligence a reasonable opportunity to know what is prohibited or fails to provide explicit standards to prevent arbitrary enforcement. This directly supports the argument that laws regulating expressive conduct or speech may not be overbroad or unduly vague, making answer (B) the strongest argument for the unconstitutionality of both parts of the ordinance on their face.",,-100.0,-4.246537173457909e-06,-15.125003814697266,-100.0,0.999999730042106
mbe_109,nan,MBE-1972-78-part4,train,The landlord's consent to the police officer's search of Defendant's apartment is,D,D,True,1,1496,113,"D  
Reasoning: The gold passage emphasizes that a valid waiver of Fourth Amendment rights requires an intelligent relinquishment of a known right or privilege. It also states that consent cannot be presumed unless it reflects an understanding that is uncoerced and unequivocal. In this case, the landlord's consent to the police officer's entry does not indicate that he had actual or apparent authority to permit the entry, as the passage does not support the idea that the landlord's consent was sufficient to waive Defendant's Fourth Amendment rights. Therefore, answer (D) is correct.",,-8.976223945617676,-6.226224422454834,-0.9762243032455444,-0.47622427344322205,0.6211500767315494
mbe_110,nan,MBE-1972-78-part4,train,"If Defendant undertakes to challenge the search of his apartment, he has",B,B,True,1,1506,75,"B  
Reasoning: The gold passage outlines the requirements for standing, which include suffering a concrete and particularized injury that is traceable to the defendant's actions. Since Defendant had a lease and a right to the apartment, he retains a sufficient interest in it even while in jail, which supports his standing to challenge the search. Therefore, answer (B) is correct.",,-11.201070785522461,-0.5760711431503296,-0.8260711431503296,-9.076070785522461,0.5621045253474397
mbe_111,nan,MBE-1972-78-part4,train,Assume for this question only that Seller dies before closing and his will leaves his personal prope,C,C,True,1,1391,150,"C  
Reasoning: The gold passage discusses the treatment of proceeds from the sale of real property and indicates that the character of the property affects how proceeds are distributed. It suggests that the doctrine of equitable conversion may not apply if the sale is ordered to be treated as realty. Since the question states that there is no breach of the agreement and does not mention any specific provisions regarding the proceeds, it implies that the proceeds from the sale would go to the party entitled to the real property, which in this case is Rose. However, since the passage does not explicitly state that Rose is entitled to the proceeds, it can be inferred that Perry, as the personal property heir, would not have a claim to the proceeds either. Therefore, the most reasonable",,-2.8182756900787354,-1.5682756900787354,-0.3182756304740906,-5.943275451660156,0.7287586862176303
mbe_112,nan,MBE-1972-78-part4,train,"Assume for this question only that Buyer dies before closing, there being no breach of the agreement",A,C,False,1,1306,122,"C  
Reasoning: The gold passage discusses the elements required to establish a claim for conversion, which involves ownership and possession of property. However, it does not provide any information regarding the effects of a party's death on a real estate agreement or the principle of equitable conversion. Since the passage does not support any of the options regarding the consequences of Buyer's death, we cannot conclude that any of the other options (A, B, or D) are correct. Therefore, the most appropriate answer based on the lack of support for the other options is (C), which states that death terminates the agreement.",,-100.0,-4.287045955657959,-0.037045788019895554,-4.412045955657959,0.9738498226314589
mbe_113,nan,MBE-1972-78-part4,train,"Assuming that Sawtooth committed a total breach on March 1. 1972, what would be the probable measure",B,B,True,1,1794,114,"B  
Reasoning: The gold passage establishes that the proper measure of damages for breach of contract is the amount that will place the non-breaching party in as satisfactory a position as if the contract had been fully performed. In this case, Farquart would need to determine the cost to complete the house by another contractor, minus any installments not yet paid to Sawtooth. This aligns with option (B), making it the correct answer. Options (A), (C), and (D) do not fit the standard for calculating damages as outlined in the passage.",,-100.0,-0.02414156310260296,-3.774141550064087,-100.0,0.9770226297972673
mbe_114,nan,MBE-1972-78-part4,train,"Assuming that Sawtooth committed a total breach on March 1, 1972, and assuming further that he was a",C,C,True,1,1755,110,"C  
Reasoning: The gold passage states that consequential damages may be awarded when the loss flows naturally from the breach and was contemplated by the parties when the contract was made. Farquart's claim for consequential damages would be best supported by the fact that he incurred additional expenses for temporary housing for Junior and his bride, as this is a reasonably foreseeable economic loss that directly results from the delay in completing the house. Choices A, B, and D do not directly relate to the economic losses that would be considered consequential damages flowing from the breach of contract.",,-3.5297605991363525,-14.529760360717773,-0.029760558158159256,-100.0,0.9706872952008434
mbe_115,nan,MBE-1972-78-part4,train,What was the probable legal effect of the following? I. Sawtooth's failure to object to Farquart's m,B,B,True,1,1794,133,"B  
Reasoning: The gold passage discusses the concepts of waiver and equitable estoppel, indicating that a waiver is a voluntary relinquishment of a known right. Sawtooth's failure to object to the missed payments in November through February suggests a waiver of the right to demand those payments, as he acted in a way that demonstrates an intention to waive that right. However, Farquart's payments in August through October without requiring a certificate from Builders could be seen as a revocable waiver, as it does not definitively relinquish his right to require the certificate in the future. Therefore, answer (B) correctly identifies the legal effect of both I and II.",,-1.3448131084442139,-0.3448130488395691,-100.0,-4.969812870025635,0.7258563434483732
mbe_116,nan,MBE-1972-78-part4,train,Construction Company contracted to build a laundry for Wash Company on the latter's vacant lot in a ,A,C,False,1,1414,105,"C  
Reasoning: The gold passage defines an inherently dangerous activity as one where the danger is inherent in the performance of the work, and proper precautions must be taken to prevent injury. However, it does not address the liability of a property owner or contractor for injuries to trespassers. Since Tommy was playing on the vacant lot and did not have permission to be there, he is considered a trespasser. Therefore, the passage supports the conclusion that Tommy's administrator will not recover, making answer (C) correct.",,-2.3585312366485596,-100.0,-0.1085311695933342,-4.8585309982299805,0.8976250432288838
mbe_117,nan,MBE-1972-78-part4,train,"Doctor, a licensed physician, resided in her own home. The street in front of the home had a gradual",C,C,True,1,1617,104,"C  
Reasoning: The gold passage discusses contributory negligence and assumption of risk, indicating that a plaintiff's conduct that falls below the standard for their own protection can be a legally contributing cause to their harm. In this case, Parker was intoxicated and in a drunken stupor, which suggests that his own actions contributed to the situation leading to his injuries. Therefore, he may not recover because his defective brakes and his intoxication could be seen as contributory negligence, making answer (C) the most supported choice.",,-4.741726875305176,-3.116727113723755,-0.11672702431678772,-2.866727113723755,0.8900609401985877
mbe_119,nan,MBE-1972-78-part4,train,"On a charge of murdering Vic, Sam is",C,C,True,1,1304,79,"C  
Reasoning: The gold passage defines ""encouragement"" in the context of accomplice liability as conduct that counts as approval or support of the criminal actions of others. Sam's act of shouting encouragement to Bill to kill Vic demonstrates his intent to have Vic killed and constitutes encouragement of the criminal act. Therefore, Sam is guilty as an accomplice, making answer (C) correct.",,-100.0,-9.000125885009766,-0.0001254693343071267,-13.250125885009766,0.9998748455672241
mbe_120,nan,MBE-1972-78-part4,train,"On a charge of murdering Vic, Tom is",A,A,True,1,1426,89,"A  
Reasoning: The gold passage establishes that mere presence at a crime scene, along with a refusal to interfere, is insufficient to support a conviction. While Tom hoped for Vic's murder, he did not actively encourage or assist in the act, nor did he take any action that could be construed as encouragement. Therefore, Tom's silent approval and intent do not meet the threshold for aiding and abetting, making answer (A) correct.",,-0.00043138445471413434,-100.0,-100.0,-8.000431060791016,0.9996646497610293
mbe_121,nan,MBE-1972-78-part4,train,Leonard A as the high priest of a small cult of Satan worshippers living in NewArcadia. Asa part of ,B,B,True,1,1308,84,"B  
Reasoning: The gold passage indicates that sincere religious beliefs do not typically serve as a valid defense against criminal charges when those beliefs conflict with the law. Since Leonard's actions of sacrificing a cat for religious purposes are illegal under the cruelty to animals statute, his conviction is likely to be sustained on the grounds that his sincere religious belief does not provide an adequate defense in this case, making answer (B) correct.",,-11.250277519226074,-0.00027730545843951404,-100.0,-100.0,0.9999869928743139
mbe_123,nan,MBE-1972-78-part4,train,An appropriations act passed by Congress over the President's veto directs that one billion dollars ,B,B,True,1,1607,67,"B  
Reasoning: The gold passage indicates that Congress has the power to appropriate funds and can impose restrictions on how those funds are spent. This supports the argument that Congress' power to appropriate funds includes the power to require that the funds will be spent as directed, making answer (B) the strongest constitutional argument for the Arms Corporation.",,-14.00000286102295,-2.696889623621246e-06,-100.0,-100.0,0.9999991684721088
mbe_124,nan,MBE-1972-78-part4,train,"In the context of all aspects of the scheme, which of the following will offer the best chance of im",A,A,True,1,1806,115,"A  
Reasoning: The gold passage explains that covenants are written agreements that can attach to the land and are applicable to all subsequent owners of the property. This characteristic makes covenants suitable for ensuring that each lot owner is obligated to pay annual dues to support the club and golf course, as they can be enforced against future owners. In contrast, easements, mortgages, and personal contractual obligations do not provide the same level of enforceability or assurance for ongoing financial obligations tied to property ownership. Therefore, a covenant offers the best chance of implementing the requirement for annual dues.",,-0.00019853383128065616,-17.250198364257812,-100.0,-100.0,0.999999967758128
mbe_125,nan,MBE-1972-78-part4,train,"Of the following, the greatest difficulty that will be encountered in establishing the scheme is tha",D,C,False,1,1893,133,"C  
Reasoning: The gold passage discusses the reasonableness of restraints on alienation and outlines factors that support both reasonable and unreasonable restraints. Given that Ohner's scheme includes obligations for lot owners to pay annual dues and potentially restricts their ability to freely transfer their lots, it raises the concern that such obligations could be viewed as a restraint on alienation. The passage indicates that courts must determine if a servitude imposing a direct restraint on alienation is unreasonable, which aligns with option (C). Therefore, the greatest difficulty in establishing Ohner's scheme is likely related to the potential for one or more essential aspects to result in a restraint on alienation.",,-100.0,-17.375,-1.9361264946837764e-07,-100.0,0.9999999715466471
mbe_126,nan,MBE-1972-78-part4,train,"Rogers gave Mitchell a power of attorney containing the following provision: ""My attorney. Mitchell,",D,B,False,1,1287,94,"B  
Reasoning: The gold passage discusses the enforcement of covenants running with the land, indicating that such covenants may only be enforced by the covenantee and those in privity. This suggests that the jurisdiction's view on whether the covenants are personal or running with the land is crucial to determining the outcome of Stone's suit against Rogers. Therefore, answer (B) is the correct choice as it directly relates to the enforcement of the covenant in question.",,-8.45151138305664,-0.5765116214752197,-7.951511383056641,-0.8265116214752197,0.561858471727857
mbe_127,nan,MBE-1972-78-part4,train,"Auto Company. a corporation, was a small dealer in big new cars and operated a service department. P",B,C,False,1,1689,150,"C  
Reasoning: The gold passage establishes that a property owner owes a more limited duty to a licensee, which is defined as a person who enters upon invitation by the landowner for their own interest, benefit, or convenience. Since Peter entered Auto Company's premises to inquire about a service for his car, he would be considered a licensee. The passage indicates that a landowner must avoid causing injuries to licensees through affirmative negligence or willful conduct. However, it does not support the idea that Peter would recover damages based on negligence since he is classified as a licensee, and the passage does not indicate that Auto Company acted with willful or wanton conduct. Therefore, Peter is unlikely to recover, making answer (C) correct.",,-100.0,-13.25009822845459,-9.841743303695694e-05,-9.25009822845459,0.9999021375611249
mbe_128,nan,MBE-1972-78-part4,train,Jones offered to testify that he looked up Smith's telephone number in the directory called that num,A,A,True,1,1537,98,"A  
Reasoning: The gold passage states that an item is properly authenticated by ""evidence sufficient to support a finding that the matter in question is what its proponent claims."" Jones's testimony that he called the number listed in the directory and received a response identifying the speaker as Smith provides sufficient evidence to support the claim that the voice was indeed Smith. Therefore, the judge should rule the testimony admissible based on the authentication provided by Jones's account, making answer (A) correct.",,-0.252114862203598,-9.377115249633789,-1.5021148920059204,-100.0,0.7772340697859441
mbe_129,nan,MBE-1972-78-part4,train,Jones seeks to introduce in evidence a photograph of his cornfield in order to depict the nature and,A,A,True,1,1353,85,"A  
Reasoning: The gold passage states that photographs are generally admissible if they illustrate any fact or are relevant to describe the person, thing, or place depicted, provided their probative value outweighs any prejudicial effect. Since Jones can testify that the photograph fairly and accurately portrays the condition of the cornfield after the damage was done, this supports the admissibility of the photograph, making answer (A) correct.",,-2.7848862373502925e-05,-19.500028610229492,-100.0,-100.0,0.9999999966017348
mbe_133,nan,MBE-1972-78-part4,train,"Householder hired Contractor to remodel her. Householders, kitchen. She had learned of him through a",A,D,False,1,1541,112,"D  
Reasoning: The gold passage states that strict liability applies to the seller of a product only if the product is in a defective condition that is unreasonably dangerous to the user or consumer. However, it also emphasizes that a product is considered defective when it leaves the supplier's control lacking any necessary element for safe use. Since Accountant was not the purchaser of the dishwasher and the passage does not indicate that he has any standing to assert a claim against Elex Company, he would not recover under strict liability. Therefore, answer (D) is correct.",,-6.952470779418945,-100.0,-1.7024705410003662,-0.2024705559015274,0.8167925738971116
mbe_134,nan,MBE-1972-78-part4,train,Which of the following is the strongest reason for finding unconstitutional a requirement in the Mis,D,D,True,1,1515,100,"D  
Reasoning: The gold passage emphasizes the goal of the Equal Protection Clause, which is to eliminate government-imposed discrimination based on race and gender. A requirement that each voter must be literate in English could disproportionately affect individuals who are not proficient in English, potentially leading to unequal treatment based on national origin or race. Therefore, the strongest reason for finding the literacy requirement unconstitutional is that it violates the equal protection of the laws clause of the Fourteenth Amendment, making answer (D) correct.",,-100.0,-100.0,-17.875001907348633,-1.2664456789934775e-06,0.9999999827421834
mbe_135,nan,MBE-1972-78-part4,train,The Missoula election code provides that in a special-purpose election for directors ofa state water,C,C,True,1,1521,128,"C  
Reasoning: The gold passage indicates that the ""one-person, one-vote"" requirement applies to both states and their political subdivisions, emphasizing that once the franchise is granted, lines may not be drawn that are inconsistent with the Equal Protection Clause. The argument that the actions of the district principally affect landowners suggests that the limitation of the franchise to landowners is justified based on the specific impact of the election outcomes on them. Therefore, answer (C) aligns with the reasoning that the principle does not apply in this context because the actions of the district primarily affect landowners, making it the best argument in support of the statute.",,-3.901524305343628,-2.151524305343628,-0.1515243649482727,-6.151524543762207,0.8610803633873406
mbe_136,nan,MBE-1972-78-part4,train,"Testator devised his farm ""to my son, Selden, for life, then to Selden's children and their heirs an",C,A,False,1,1376,78,"A  
Reasoning: The gold passage indicates that a remainder is considered vested if there is a person who would take the property if the life estate ended now. In this case, Selden's children are identifiable and will inherit the property after Selden's life estate ends. Therefore, the remainder to Selden's children is indefeasibly vested, making answer (A) correct.",,-0.00022117885237094015,-9.750221252441406,-8.750221252441406,-100.0,0.9997832910000745
mbe_139,nan,MBE-1972-78-part4,train,It is most likely that Defendant has committed which of the following crimes?.,B,B,True,1,1375,110,"B  
Reasoning: The gold passage defines embezzlement as the fraudulent appropriation of property by a person to whom such property has been entrusted. In this case, Defendant had lawful possession of Johnson's diamond ring as collateral for the loan. By selling the ring without Johnson's consent and then falsely claiming it was stolen, Defendant has appropriated Johnson's property for his own benefit, which fits the definition of embezzlement. Therefore, the most likely crime committed by Defendant is embezzlement, making answer (B) correct.",,-7.3851094245910645,-0.010109245777130127,-4.7601094245910645,-100.0,0.9908068774122513
mbe_140,nan,MBE-1972-78-part4,train,"Suppose in the case above. instead of denying liability, Defendant told Johnson the truththat he sol",B,C,False,1,1411,101,"C  
Reasoning: The gold passage defines larceny as the wrongful taking of property without the owner's consent, while embezzlement involves initially acquiring property lawfully. In this scenario, Defendant sold Johnson's ring without his consent, which constitutes a fraudulent act. By offering Johnson the money instead of the ring, Defendant misrepresented the situation, which aligns with the definition of false pretenses. Therefore, Defendant could most appropriately be found guilty of false pretenses, making answer (C) correct.",,-5.067890644073486,-1.5678906440734863,-0.8178905844688416,-1.0678906440734863,0.4414170115132244
mbe_141,nan,MBE-1972-78-part4,train,"Brown contended that Green owed him S6,0)00. Green denied that he owed Brown anything. Tired of the ",B,C,False,1,1558,104,"C  
Reasoning: The gold passage emphasizes the necessity of mutual intent to be bound for a contract to exist. If the original claim was based on an oral agreement that the Statute of Frauds required to be in writing, then there was no valid contract to enforce, which would provide Green with a strong defense against Brown's claim on the promissory note. This aligns with the principle that without a valid contract, there can be no obligation to pay, making answer (C) the best defense for Green.",,-4.545655250549316,-4.795655250549316,-0.045655105262994766,-3.7956550121307373,0.9585168873569544
mbe_144,nan,MBE-1972-78-part4,train,"In evaluating the constitutionality of this state statute under the supremacy clause, which of the f",B,B,True,1,1391,91,"B  
Reasoning: The gold passage emphasizes that the Supremacy Clause invalidates state laws that conflict with federal law, particularly when there is an actual conflict or when state law obstructs federal objectives. Therefore, the treaties and immigration laws of the United States would be most directly relevant in evaluating the constitutionality of the state statute under the Supremacy Clause, as they represent federal law that could potentially conflict with the state requirement to employ only citizens.",,-17.250001907348633,-1.6240566083070007e-06,-15.875001907348633,-100.0,0.9999998402391441
mbe_145,nan,MBE-1972-78-part4,train,"If the Yuma statute is attacked as violating the commerce clause, which of the following defenses is",A,D,False,1,1375,109,"D  
Reasoning: The gold passage discusses the dormant Commerce Clause and emphasizes that discrimination against interstate commerce occurs when there is differential treatment that benefits in-state interests over out-of-state interests. While options (A), (B), and (C) provide justifications that relate to protecting local workers and ensuring stability in the workforce, option (D) focuses on the qualification of individuals, which does not directly address the concerns of discrimination against interstate commerce. Therefore, it is the weakest defense in the context of the statute being attacked under the Commerce Clause.",,-1.7103893756866455,-6.835389614105225,-4.960389614105225,-0.2103894054889679,0.8109585540780857
mbe_146,nan,MBE-1972-78-part4,train,Suppose the state supreme court declares the statute to be unconstitutional on the grounds that it v,D,D,True,1,1403,98,"D  
Reasoning: The gold passage discusses the Full Faith and Credit Clause and its implications for the judgments of state courts, but it does not provide any information regarding the United States Supreme Court's review process for state court decisions. Since the passage does not support any of the options regarding the Supreme Court's ability to review the state supreme court's decision, the most accurate statement based on the passage is that the Supreme Court may not properly review that decision, making answer (D) correct.",,-11.12503719329834,-100.0,-11.50003719329834,-3.702754474943504e-05,0.9999751313297744
mbe_147,nan,MBE-1972-78-part4,train,Allen and Barker are equal tenants in common of a strip of land 10feet wide and 100feet deep which l,C,B,False,1,1282,101,"B  
Reasoning: The gold passage indicates that tenants in common have the right to file for partition, which could lead to a forced sale. To avoid the risk of partition and ensure both Allen and Barker can use the strip as a driveway, the best solution is to create an indenture granting cross easements in the undivided half interest of each. This would allow both parties to use the strip without the risk of losing access due to partition, making answer (B) the most appropriate choice.",,-2.190800189971924,-0.44080018997192383,-1.4408001899719238,-100.0,0.6486542370516473
mbe_148,nan,MBE-1972-78-part4,train,"Mrs. Dennis' 12-year-old daughter, Gala, had some difficulty getting along with other children in th",D,B,False,1,1692,137,"B  
Reasoning: The gold passage indicates that for a parent to be liable for their child's torts, they must have knowledge or should have known about the child's specific harmful conduct that led to the injury. In this case, Mrs. Dennis did not inform Mr. Parrent about Gala's difficulties or lack of experience, which suggests she may not have been aware of any specific harmful behavior that could lead to liability. Therefore, the assertion that she has a nondelegable duty to control the actions of her child (B) is the most relevant choice, as it implies that she should have taken steps to ensure Gala was capable of handling the situation, which she failed to do.",,-8.95348834991455,-0.5784887671470642,-6.078488826751709,-0.8284887671470642,0.560815344771364
mbe_149,nan,MBE-1972-78-part4,train,"Professor James said to Mary Digit, president of the X-L Secretarial Service, ""Since you folks have ",A,B,False,1,1365,115,"B  
Reasoning: The gold passage discusses the formation of an implied-in-fact contract, which occurs when parties’ promises are inferred from their conduct and one party knows or has reason to know that the other party will interpret that conduct as an agreement. In this case, James bringing the manuscript to X-L after the Professor's promise indicates reliance on the expectation that X-L would accept the work. This reliance is crucial in establishing that an implied-in-fact contract may have been formed, making answer (B) the most helpful fact for James's action against X-L.",,-8.500527381896973,-0.0005274149589240551,-8.750527381896973,-100.0,0.9996382012396267
mbe_150,nan,MBE-1972-78-part4,train,"In 1%7 Owen held Blackacre, a tract of land. in fee simple absolute. In that year he executed and de",B,B,True,1,1495,94,"B  
Reasoning: The gold passage indicates that the receipt of a quitclaim deed does not necessarily prevent the grantee from being considered a bona fide purchaser if they hold a deed of bargain and sale. The outcome of the conflicting claims between Price and Crider will depend on whether Crider paid value for the warranty deed, as the jurisdiction's recording statute requires good faith and value for priority. Therefore, answer (B) is the best comment concerning the conflicting claims.",,-3.796902894973755,-0.046902839094400406,-3.796902894973755,-100.0,0.9550774643514065
mbe_152,nan,MBE-1978-83-part1,train,"Davis decided to kill Adams. He set out for Adams' house. Before he got there he saw Brooks, who res",B,A,False,1,1204,100,"A  
Reasoning: The gold passage discusses the doctrine of transferred intent, which applies when a defendant intends to kill one person but accidentally harms another. In this case, Davis intended to kill Adams but mistakenly shot at Brooks, who he thought was Adams. Since the intent to kill was directed at Adams, the intended victim is Adams only, making answer (A) correct. The passage does not support the idea that Brooks or Case were intended victims, as Davis's intent was specifically aimed at Adams.",,-0.08010298013687134,-7.330102920532227,-7.955102920532227,-2.5801029205322266,0.9232115924391588
mbe_153,nan,MBE-1978-83-part1,train,A state statute requires any person licensed to sell prescription drugs to file with the State Board,D,D,True,1,1320,83,"D  
Reasoning: The gold passage indicates that in general intent crimes, a defendant can use a mistake of fact defense if the mistake is both honest and reasonable. If the jury believes Nelson's testimony that he did not realize his sales exceeded $50,000, this could be considered an honest and reasonable mistake. Therefore, he should be found not guilty based on this defense, making answer (D) correct.",,-4.158720016479492,-4.158720016479492,-2.158720016479492,-0.15872003138065338,0.853266663980772
mbe_154,nan,MBE-1978-83-part1,train,"Lender met Borrower on the street, demanded that Borrower pay a debt owed to Lender, and threatened ",C,D,False,1,1499,88,"D  
Reasoning: The gold passage establishes that a person is justified in using force to protect a third person if they reasonably believe that the third person would be justified in defending themselves against unlawful force. Since Lender was the original aggressor by threatening Borrower, he cannot claim assault against Mann, who was acting to protect Borrower. Therefore, Lender will not prevail in his claim against Mann, making answer (D) correct.",,-100.0,-100.0,-14.625004768371582,-4.36574100604048e-06,0.9999995549151273
mbe_155,nan,MBE-1978-83-part1,train,Peter sued Don for breach of contract. The court admitted testimony by Peter that Don and his wife q,B,D,False,1,1238,97,"D  
Reasoning: The gold passage states that a witness may only testify to a matter if there is sufficient evidence to support a finding that the witness has personal knowledge of the matter. Since Peter's testimony about Don's quarrels with his wife is deemed irrelevant to the lawsuit, it does not provide a basis for Don to testify in response. Therefore, the court cannot permit Don to answer, regardless of whether he objected to Peter's testimony, making answer (D) correct.",,-3.8256258964538574,-3.0756258964538574,-5.325625896453857,-0.07562601566314697,0.9271687252169044
mbe_159,nan,MBE-1978-83-part1,train,The requirement that candidates for licenses must be graduates of barber schools in Aurora is probab,A,A,True,1,1605,90,"A  
Reasoning: The gold passage discusses the dormant Commerce Clause, which prohibits states from discriminating against out-of-state economic interests in favor of in-state interests. The requirement that candidates for barber licenses must be graduates of barber schools located in Aurora likely discriminates against out-of-state barber schools, thereby imposing an undue burden on interstate commerce. This aligns with the definition of discrimination provided in the passage, making answer (A) the most appropriate choice.",,-0.0010057775070890784,-10.251006126403809,-100.0,-100.0,0.9999646437615934
mbe_160,nan,MBE-1978-83-part1,train,The requirement that candidates for licenses must be citizens is,D,D,True,1,1322,91,"D  
Reasoning: The gold passage discusses the Equal Protection Clause of the Fourteenth Amendment, which mandates that all persons similarly situated must be treated alike under the law. The requirement that candidates for barber licenses must be citizens could be seen as treating non-citizens differently from citizens without a sufficient justification, thus potentially violating the principle of equal protection. Therefore, the requirement is likely unconstitutional as a denial of equal protection, making answer (D) correct.",,-100.0,-18.500001907348633,-100.0,-2.2200749754119897e-06,0.9999999907625475
mbe_161,nan,MBE-1978-83-part1,train,Assume that a resident of the state of Aurora was denied a license because she had been graduated fr,D,A,False,1,1263,71,"A  
Reasoning: The gold passage indicates that federal jurisdiction requires a substantial federal issue to be present. Since the question does not present a federal issue but rather a state licensing issue, the suit would not meet the criteria for federal jurisdiction. Therefore, the case would be dismissed due to the lack of diversity of citizenship, making answer (A) correct.",,-0.0393340028822422,-3.5393340587615967,-100.0,-4.789333820343018,0.9626037320331939
mbe_162,nan,MBE-1978-83-part1,train,Which of the following is the strongest ground on which to challenge the requirement that candidates,C,C,True,1,1303,93,"C  
Reasoning: The gold passage discusses the Equal Protection Clause of the Fourteenth Amendment, which prohibits laws that treat persons differently when they are otherwise alike in all relevant respects. The requirement that candidates for barber licenses must have been residents of the state for at least two years could be challenged under this clause, as it may treat non-residents differently from residents without a sufficient justification. Therefore, answer (C) is the strongest ground for challenging the residency requirement.",,-1.1386663913726807,-100.0,-0.38866642117500305,-100.0,0.6791786926816161
mbe_163,nan,MBE-1978-83-part1,train,"John was fired from his job. Too proud to apply for unemployment benefits, he used his savings to fe",B,D,False,1,1190,120,"D  
Reasoning: The gold passage defines voluntary manslaughter as an unlawful killing done without malice, in the heat of passion, or in unreasonable belief in the necessity of self-defense. The scenario presented does not indicate that John acted with malice or in a heat of passion, nor does it suggest he believed he was acting in self-defense. Instead, John's actions appear to stem from a refusal to seek help rather than an intention to kill or harm. Therefore, based solely on the information in the passage, John has committed no form of criminal homicide, making answer (D) correct.",,-14.625000953674316,-15.125000953674316,-14.625000953674316,-1.3856492842023727e-06,0.9999988398724943
mbe_164,nan,MBE-1978-83-part1,train,"If Carr asserts a claim against the students who washed his car, his best theory is",A,A,True,1,1366,105,"A  
Reasoning: The gold passage outlines the elements required to establish assault, which include the intent to make contact or to put the plaintiff in apprehension of such contact, the plaintiff's apprehension of imminent contact, and that the contact was harmful or offensive. In this case, Carr experienced shock and initially thought he might be attacked, indicating that he was placed in apprehension of imminent contact by the students washing his car. Therefore, Carr's best theory against the students is assault, making answer (A) correct.",,-3.2378600735682994e-05,-19.125032424926758,-100.0,-100.0,0.9999999950555498
mbe_165,nan,MBE-1978-83-part1,train,"If Carr has a valid claim against the students, will he also prevail against the university?",D,C,False,1,1440,91,"C  
Reasoning: The gold passage explains that vicarious liability is imposed on employers for the acts of their employees within the course and scope of employment. Since the students were not acting as employees of the university when they undertook the experiment without Merrill's authorization, the university would not be vicariously liable for their actions. Therefore, Carr cannot prevail against the university based on the information provided in the passage, making answer (C) correct.",,-13.626935958862305,-12.001935958862305,-0.0019361276645213366,-6.251935958862305,0.998065939296519
mbe_166,nan,MBE-1978-83-part1,train,"Oxnard owned Goldacre, a tract of land, in fee simple. At a time when Goldacre was in the adverse po",C,C,True,1,1374,85,"C  
Reasoning: The gold passage states that for possession to constitute adverse possession, it must be continuous, hostile, open, actual, notorious, and exclusive for the required statutory period. Since Eric obtained oral permission from Oxnard to use the road, his use was not hostile, which is a necessary element for adverse possession. Therefore, Eric's use of the road was with permission, making answer (C) correct.",,-9.663358688354492,-8.288358688354492,-0.038358286023139954,-3.288358211517334,0.9623698698453484
mbe_167,nan,MBE-1978-83-part1,train,"In an appropriate action to determine the respective interests of Sharon and Stanley in Greenacre, i",B,B,True,1,1423,125,"B  
Reasoning: The gold passage defines estoppel as a principle that prevents someone from asserting a right that contradicts their previous actions or agreements. In this case, Sharon's conduct during Bruce's lifetime, where she orally agreed to allow Bruce to develop the northerly half of Greenacre, could be seen as an agreement that estops her from later asserting title to that portion of the property. Therefore, the most likely reason for the judgment favoring Stanley as the owner of the northerly ten acres is that Sharon's actions during Bruce's life prevent her from claiming ownership, making answer (B) correct.",,-14.875001907348633,-1.5048530030981055e-06,-16.625001907348633,-100.0,0.9999995931318496
mbe_168,nan,MBE-1978-83-part1,train,"In an appropriate action to determine the respective interests of Sharon and Stanley in Greenacre, i",A,A,True,1,1428,102,"A  
Reasoning: The gold passage discusses the Statute of Frauds, which requires certain contracts to be in writing to be enforceable. Since Sharon's oral agreement with Bruce regarding the division of Greenacre would materially alter their original joint tenancy agreement, it is not permitted under the Statute of Frauds. Therefore, if Sharon is adjudged to be the owner of all of Greenacre, it is likely because the oral agreement is unenforceable, making answer (A) the most appropriate choice.",,-0.02328380011022091,-3.7732837200164795,-11.148283958435059,-100.0,0.977008558851953
mbe_169,nan,MBE-1978-83-part1,train,"Mary Webb, a physician, called as a witness by the defendant in the case of Parr v. Doan, was asked ",D,A,False,1,1268,73,"A  
Reasoning: The gold passage states that the privilege applies to all circumstances in which a physician is called to give testimony concerning information acquired from a patient. Therefore, Dr. Webb can assert her privilege against disclosure of confidential communications made by her patient, Michael Zadok. This makes option (A) the best basis for excluding evidence of Zadok's statements.",,-0.001272854395210743,-8.001273155212402,-11.126273155212402,-100.0,0.9996499208765407
mbe_170,nan,MBE-1978-83-part1,train,A leading question is LEAST likely to be permitted over objection when,C,C,True,1,1168,86,"C  
Reasoning: The gold passage states that leading questions are permitted on direct examination when a party calls a hostile witness, an adverse party, or a witness identified with an adverse party. It does not mention disinterested eyewitnesses as a category where leading questions would be allowed. Therefore, asking a leading question on direct examination of a disinterested eyewitness is least likely to be permitted, making answer (C) correct.",,-12.393156051635742,-4.018155574798584,-0.018155796453356743,-13.768156051635742,0.9820086841980088
mbe_171,nan,MBE-1978-83-part1,train,"If Tom asserts a claim against Passer for damages for his injuries, will Tom prevail?",C,A,False,1,1519,94,"A  
Reasoning: The gold passage indicates that while there is no general duty to rescue, once Passer stopped and examined Tom, he may have assumed a duty to act carefully. This aligns with the principle that one who begins to act, even gratuitously, can become subject to a duty of care. Therefore, if Tom asserts a claim against Passer for damages, he may prevail because Passer’s actions could be interpreted as assuming a duty to aid Tom.",,-0.47412198781967163,-100.0,-0.9741219878196716,-100.0,0.6224593312018546
mbe_172,nan,MBE-1978-83-part1,train,"If Tom asserts a claim against Traveler, will Tom prevail?",A,C,False,1,1481,112,"C  
Reasoning: The gold passage emphasizes the necessity for a plaintiff to establish a legal duty owed by the defendant in order to sustain a claim for negligence. Since the passage indicates that the court found a failure to establish that the defendant owed a legal duty to protect the plaintiff from harm, it suggests that if Traveler did not have a duty to Tom, then Tom cannot prevail in his claim against Traveler. Therefore, answer (C) is correct because Traveler did not see Tom before hitting him, which implies a lack of awareness and thus a lack of duty.",,-14.250000953674316,-16.375,-7.896309739408025e-07,-100.0,0.9999992750611342
mbe_173,nan,MBE-1978-83-part1,train,"Roofer entered into a written contract with Orissa to repair the roof of Orissa's home, the repairs ",B,C,False,1,1425,124,"C  
Reasoning: The gold passage discusses proximate cause and indicates that individuals are not responsible for all possible consequences arising from their negligence, but only those that are probable according to ordinary and usual experience. In this case, the thief's act of breaking in using the ladder can be seen as a superseding cause that breaks the chain of causation between Roofer's act of leaving the ladder and the theft of the jewels. Therefore, Orissa's claim against Roofer is likely to fail because the thief's actions were not a natural and probable consequence of Roofer's negligence, making answer (C) correct.",,-13.768152236938477,-4.018152236938477,-0.018152287229895592,-100.0,0.9820127595091362
mbe_174,nan,MBE-1978-83-part1,train,"Homer and Purcell entered into a valid, enforceable written contract by which Homer agreed to sell a",B,B,True,1,1479,109,"B  
Reasoning: The gold passage defines a licensee as a person who enters the premises of another by permission or acquiescence for their own pleasure or benefit, and not by invitation. In this case, Homer remained in possession of Blackacre with Purcell's permission for the initial 30 days after the closing. Since Homer was allowed to stay for that period, he fits the definition of a licensee. Therefore, Purcell's best legal argument in support of his action to gain immediate possession is that Homer is a licensee.",,-3.748596429824829,-0.4985964000225067,-0.9985964298248291,-100.0,0.6077901010414456
mbe_175,nan,MBE-1978-83-part1,train,Which of the following is Bertha's best legal theory?,D,D,True,1,1387,100,"D  
Reasoning: The gold passage defines a material breach of contract as a non-performance that is so significant that it justifies the injured party in considering the entire transaction as ended. Bertha's failure to perform for one week due to hospitalization does not appear to be a material breach, as it does not justify Albert in terminating the entire contract. Therefore, Bertha's best legal theory is that her failure to perform for one week was not a material failure, making answer (D) correct.",,-12.000015258789062,-100.0,-11.875015258789062,-1.5690089639974758e-05,0.9999868936490491
mbe_176,nan,MBE-1978-83-part1,train,"Which of the following, if true, would adversely affect Bertha's rights in her action against Albert",A,C,False,1,1529,100,"C  
Reasoning: The gold passage discusses ratification as an affirmative defense, which involves a person adopting or confirming a prior act with knowledge of all material facts. If Albert offered Bertha a position as Helen's understudy at a lower salary, and she declined it, this could be seen as her ratifying the situation where Albert hired Helen instead. By rejecting the understudy position, Bertha may have effectively waived her rights to insist on her original contract, adversely affecting her claim against Albert.",,-2.732309103012085,-1.982309103012085,-0.23230910301208496,-5.857309341430664,0.7939876054927796
mbe_177,nan,MBE-1978-83-part1,train,Park sued Dent for breach of an oral contract which Dent denied making. Weston testified that he hea,D,A,False,1,1492,121,"A  
Reasoning: The gold passage discusses the admissibility of extrinsic evidence in the context of contract interpretation, specifically noting that evidence can be used to clarify ambiguities in a contract. The discrediting evidence against Weston must be relevant to his credibility. Option (A), which states that Weston had been promoting highly speculative stocks, could suggest a lack of reliability or integrity in his character, making it a valid basis for discrediting his testimony. The other options do not provide relevant grounds for discrediting Weston in a way that would rehabilitate his credibility in the context of the contract dispute.",,-0.83643639087677,-2.3364362716674805,-1.08643639087677,-2.0864362716674805,0.4369797044932993
mbe_178,nan,MBE-1978-83-part1,train,"In order to establish a breach of the standard of care owed to her by Abel and Baker, Client",C,C,True,1,1531,114,"C  
Reasoning: The gold passage indicates that the standard of care in a medical malpractice case must be established by expert testimony because it is not within the common knowledge and experience of ordinary people. However, it does not specifically address the context of legal malpractice. Given that the jury may have common knowledge regarding the expectations of legal representation, Client can rely on the application of the jurors' common knowledge to determine whether there was a breach of the standard of care by Abel and Baker. Therefore, answer (C) is the most appropriate choice based on the information provided.",,-1.74154531955719,-3.6165454387664795,-0.24154533445835114,-100.0,0.7953245869307146
mbe_179,nan,MBE-1978-83-part1,train,"In addition to proving that Abel and Baker were negligent, Client must establish, as a minimum, that",A,A,True,1,1493,96,"A  
Reasoning: The gold passage discusses the imputation of an attorney's negligence to their client, indicating that the client is bound by the actions (or inactions) of their counsel. To establish a claim against Abel and Baker, Client must demonstrate that, but for the negligence of her lawyers, she would have been able to recover from Motorist. This aligns with the requirement to prove causation in a legal malpractice claim, making answer (A) the correct choice.",,-0.22497816383838654,-1.9749782085418701,-3.47497820854187,-100.0,0.8247095233114494
mbe_180,nan,MBE-1978-83-part1,train,A state statute divides murder into degrees. First degree murder is defined as murder with premedita,B,C,False,1,1402,104,"C  
Reasoning: The gold passage states that for a first-degree murder conviction, the prosecution must show that the defendant caused the death of the victim with malice aforethought and with premeditation. In option (C), Defendant lies in wait for Fred and strikes him with a broom handle, indicating a deliberate plan to cause harm, which satisfies the requirement of premeditation. This scenario demonstrates both the intent to kill and the necessary malice, making it the most likely situation for a first-degree murder conviction.",,-7.003113746643066,-1.503113865852356,-0.25311389565467834,-100.0,0.7765930594933682
mbe_181,nan,MBE-1978-83-part1,train,"On a camping trip in a state park, Rose discovered metal signs near a rubbish heap stating, ""Natural",C,C,True,1,1472,69,"C  
Reasoning: The gold passage indicates that a mistake of fact can serve as a defense in general intent crimes if the defendant proves that the mistake was both honest and reasonable. Since Rose believed the signs had been abandoned, if the jury finds her belief to be honest, she should be found not guilty, making answer (C) correct.",,-100.0,-100.0,-20.000001907348633,-100.0,1.0
mbe_182,nan,MBE-1978-83-part1,train,"Ted frequently visited Janet, his next-door neighbor. Janet was separated from her husband, Howard. ",B,B,True,1,1361,95,"B  
Reasoning: The gold passage establishes that the amount of force used in self-defense must be proportionate to the urgency of the situation. Since Howard attacked Ted with a deadly weapon (the knife), Ted's response of using force (striking Howard with a lamp) could be seen as a necessary act of self-defense. Therefore, based on the information provided in the passage, Ted should be found not guilty because he was acting in self-defense against an imminent threat.",,-17.500045776367188,-4.56102097814437e-05,-100.0,-100.0,0.9999999748900132
mbe_183,nan,MBE-1978-83-part1,train,Assume for this question only that Pete has announced his intention of erecting a fast food restaura,A,A,True,1,1681,149,"A  
Reasoning: The gold passage discusses the establishment of an equitable servitude by estoppel, which can occur when an owner or occupier of land permits another to use the land under circumstances where it is reasonable to foresee that the user would rely on that permission and change their position accordingly. In this case, Sarah, as a purchaser of a lot in Happy Acres, could argue that Oscar's representations about the subdivision plan and the intended use of the ten-acre tract created an expectation that the land would be burdened by a servitude preventing certain uses, such as a fast food restaurant. Therefore, if Sarah wins, it will be because she has an equitable servitude concerning the use of the tract, making answer (A) correct.",,-7.600714161526412e-05,-100.0,-100.0,-100.0,1.0
mbe_184,nan,MBE-1978-83-part1,train,"Assume for this question only that Joe, who purchased his lot from Max, has placed a mobile home on ",A,A,True,1,1537,109,"A  
Reasoning: The gold passage outlines the requirements for a covenant to run with the land, which include that it must touch and concern the land, relate to a thing in existence, be intended by the original parties to run with the land, and that the successor to the burden has notice. Since Sarah's deed contains the restrictive covenant regarding mobile homes and it runs with the land, she can enforce it against Joe, who is subject to the covenant despite his deed not containing it. Therefore, Sarah will prevail in her action against Joe.",,-0.4745108485221863,-8.09951114654541,-0.9745108485221863,-100.0,0.622270273452907
mbe_185,nan,MBE-1978-83-part1,train,Assume for this question only that in 1977 the school board of the district in which Happy Acres is ,D,D,True,1,1742,131,"D  
Reasoning: The gold passage defines dedication as the giving of land to public use with the intention that it be accepted and used for such public use. It also states that recording a plan and conveying lots in accordance with that plan likely constitutes an intent to dedicate the streets shown on the plan to public use. Since Oscar recorded the subdivision plan for Happy Acres, which included the ten-acre tract designated for a ""Future Public School,"" this indicates an intention to dedicate that land for public use. Therefore, the school board's action to erect a school on the ten-acre tract aligns with the concept of dedication and acceptance, making answer (D) correct.",,-12.750083923339844,-12.125083923339844,-9.500083923339844,-8.399378566537052e-05,0.9999168305132125
mbe_186,nan,MBE-1978-83-part1,train,"In an action by Quincy against Byer for $25,000, which of the following is (are) correct? I. Byer co",D,D,True,1,1383,112,"D  
Reasoning: The gold passage states that a sale of land must be supported by some evidence in writing to be enforceable under the Statute of Frauds. However, it does not provide any support for the idea that Byer could successfully raise the Statute of Frauds as a defense in relation to the debt owed to Quincy, nor does it indicate that the Byer-Zeller agreement itself is enforceable against Quincy. Therefore, both statements I and II lack support from the passage, making the correct answer (D) neither I nor II.",,-2.426349401473999,-2.926349401473999,-3.926349401473999,-0.1763494461774826,0.8383319994864202
mbe_187,nan,MBE-1978-83-part1,train,"Which of the following would be most important deciding an action by Quincy against Byer for $25,000",A,A,True,1,1616,106,"A  
Reasoning: The gold passage discusses the concept of a fully integrated agreement, which is crucial in determining whether prior agreements (such as the payment to Quincy) can be enforced. If the Byer-Zeller agreement is found to be fully integrated, it would discharge any prior agreements regarding the payment to Quincy, making it impossible for Quincy to claim the $25,000 from Byer. Therefore, whether the Byer-Zeller agreement was completely integrated is the most important factor in deciding Quincy's action against Byer.",,-1.664371848164592e-05,-12.500016212463379,-100.0,-12.250016212463379,0.9999914882982147
mbe_188,nan,MBE-1978-83-part1,train,"In an action by Quincy against Byer for $25,000, which of the following, if proved, would best serve",B,A,False,1,1409,106,"A  
Reasoning: The gold passage states that the statute of frauds prohibits a party from asserting an oral agreement related to an interest in land to defeat a judgment based on a written contract. Byer can argue that there was no consideration to support Zeller's antecedent promise to pay Quincy the $25,000, which aligns with the statute of frauds' implications regarding the enforceability of oral agreements in this context. Therefore, option (A) serves as the best defense for Byer against Quincy's claim.",,-0.22118034958839417,-3.2211804389953613,-1.9711803197860718,-4.096180438995361,0.8036547979208499
mbe_189,nan,MBE-1978-83-part1,train,"If Byer refused to pay more than $45,000 for Homestead, in an action by Zeller against Byer for an a",C,C,True,1,1526,107,"C  
Reasoning: The gold passage discusses mistakes in the integration of a contract, specifically stating that a writing is not a contract when it fails to express the agreement that the parties had reached. Since the written agreement mistakenly reflected a purchase price of $45,000 instead of the agreed $46,000, Zeller would benefit from proving that there was a mistake in integration. This aligns with the passage's emphasis on correcting mistakes when the proof shows that the real contract was something else, making answer (C) the correct choice.",,-100.0,-7.000912666320801,-0.0009128939709626138,-15.5009126663208,0.9990887633971607
mbe_190,nan,MBE-1978-83-part1,train,The theory on which Driver is most likely to prevail against House is that House is,B,A,False,1,1629,110,"A  
Reasoning: The gold passage discusses the concept of strict liability in relation to ultra-hazardous activities, indicating that an actor may be held strictly liable if their activity poses a high degree of risk of harm. Since the tree was on House's property and its roots caused the sidewalk to buckle, leading to the tree's fall and subsequent damage, House is likely to be strictly liable for the damage caused by the tree. Therefore, Driver is most likely to prevail against House on the basis of strict liability, making answer (A) correct.",,-0.33905792236328125,-2.0890579223632812,-1.8390579223632812,-100.0,0.7158687539278308
mbe_191,nan,MBE-1978-83-part1,train,"In the claim of Driver against Contractor, the best defense of Contractor is that",C,C,True,1,1355,83,"C  
Reasoning: The gold passage emphasizes the concept of foreseeability in tort negligence lawsuits, stating that a defendant may not be liable if they could not reasonably foresee the harms resulting from their actions. Since Contractor's defense hinges on the argument that he could not have reasonably foreseen the tree falling as a result of cutting its roots, this makes option (C) the best defense for Contractor against Driver's claim.",,-14.750000953674316,-16.25,-6.704273118884885e-07,-100.0,0.9999995195714465
mbe_192,nan,MBE-1978-83-part1,train,"If Driver recovers a judgment against House, does House have any recourse against Contractor?",C,C,True,1,1366,95,"C  
Reasoning: The gold passage defines vicarious liability as a situation where the act or omission of one person is imputed to another without regard to fault. If Driver recovers a judgment against House based on vicarious liability, it implies that House could seek recourse against Contractor for the actions that led to the judgment, as Contractor's actions (cutting the roots) directly caused the harm. Therefore, answer (C) is supported by the passage.",,-6.147792339324951,-4.022792339324951,-0.02279253676533699,-6.022792339324951,0.9775344148127616
mbe_193,nan,MBE-1978-83-part1,train,"The State of Rio Grande entered into a contract with Roads, Inc., for construction of a four-lane tu",D,D,True,1,1296,77,"D  
Reasoning: The gold passage states that no state shall pass any law impairing the obligation of contracts, which directly addresses the situation where the state repealed the statute authorizing the turnpike and cancelled the agreement with Roads, Inc. This provision indicates that such a cancellation would be invalid due to the constitutional prohibition against impairment of contracts, making answer (D) correct.",,-13.000022888183594,-100.0,-100.0,-2.3199920178740285e-05,0.9999977396749976
mbe_194,nan,MBE-1978-83-part1,train,The strongest constitutional basis for the enactment of a federal statute requiring colleges and uni,C,C,True,1,1272,96,"C  
Reasoning: The gold passage discusses Congress's power to tax and its implications for regulation, indicating that the power to tax and spend for the general welfare is a significant constitutional basis for federal action. Since the question pertains to a federal statute requiring colleges and universities to offer student aid based on need, this aligns with the power to tax and spend for the general welfare, making answer (C) the strongest constitutional basis. The other options do not find support in the passage.",,-18.125028610229492,-100.0,-2.7968066206085496e-05,-100.0,0.999999986559599
mbe_195,nan,MBE-1978-83-part1,train,Peterson asked his attorney to secure an injunction against the Water District and its proposed entr,C,C,True,1,1590,101,"C  
Reasoning: The gold passage establishes that a recorded deed raises a presumption of validity and effectiveness. Since the Water District's easement was properly recorded, it is presumed valid. Peterson's challenge to the Water District's entry would need to present clear and convincing evidence to rebut this presumption, which is not indicated in the fact pattern. Therefore, Peterson's attempt to secure injunctive relief is likely to fail because the Water District's plan is within its rights under the valid easement.",,-16.000001907348633,-100.0,-1.0280383548888494e-06,-100.0,0.999999887464937
mbe_196,nan,MBE-1978-83-part1,train,Assume that Peterson reserved his rights and after the Water District completed its work sued for th,D,D,True,1,1579,108,"D  
Reasoning: The gold passage emphasizes the balance between the property rights of landowners and the rights associated with public easements. It suggests that while property owners have important rights, these must be weighed against the rights of those holding easements. In this case, the Water District acted within its rights by exercising the easement granted to it by Owens, which allows for entry to maintain the water main. Therefore, Peterson's attempt to secure damages will likely fail because the Water District was operating within the scope of its easement rights.",,-10.500045776367188,-11.750045776367188,-11.500045776367188,-4.584861744660884e-05,0.9999544462041758
mbe_197,nan,MBE-1978-83-part1,train,"In 1960 Omar, the owner in fee simple absolute, conveyed Stoneacre, a five-acre tract of land. The r",B,C,False,1,1772,130,"C  
Reasoning: The gold passage discusses the nature of future interests and emphasizes that beneficiaries do not have the right to immediate beneficial enjoyment of the property until certain conditions are met. In this case, the grandchildren of Omar hold future interests in Stoneacre, which means they do not have present rights to the property or its resources until the life estate of Carl ends. Since Omar and Carl are not parties to the action, the grandchildren cannot claim damages for the removal of sand and gravel, as they do not have present interests. Therefore, the injunction should be granted to prevent further removal, but damages should be denied, making answer (C) correct.",,-1.9881840944290161,-3.1131839752197266,-0.23818404972553253,-3.6131839752197266,0.7908838299229545
mbe_198,nan,MBE-1978-83-part1,train,In which of the following cases is a conviction of the named defendant for robbery LEAST likely to b,D,D,True,1,1302,115,"D  
Reasoning: The gold passage defines robbery as the felonious taking of an article of value from another's person or immediate presence, against their will, using force or fear. In option D, Hayes unbuttoned the vest of a man who was too drunk to notice, which suggests that there was no force or fear involved since the victim was unaware of the theft at the time it occurred. This lack of force or fear makes a conviction for robbery least likely to be upheld in this case compared to the other options, where force or fear is clearly present.",,-5.411004066467285,-2.411003828048706,-2.911003828048706,-0.16100390255451202,0.8513720511606526
mbe_203,nan,MBE-1978-83-part1,train,"If Harry were charged with burglary, his best argument for acquittal would be that",D,C,False,1,1415,84,"C  
Reasoning: The gold passage defines burglary as the breaking and entering of a dwelling house of another with the intent to commit a felony. Since Harry did not actually enter the house himself and did not commit any overt act in the burglary, he can argue that he did not engage in the act of burglary as defined by the law. Therefore, answer (C) is the best argument for his acquittal.",,-3.2033941745758057,-1.9533941745758057,-0.45339423418045044,-1.7033941745758057,0.6355005130384934
mbe_204,nan,MBE-1978-83-part1,train,"If Harry and Bill are charged with a conspiracy to commit burglary, their best argument for acquitta",B,C,False,1,1458,143,"C  
Reasoning: The gold passage discusses the Pinkerton doctrine, which holds that a conspirator can be liable for crimes committed by a coconspirator if those crimes are within the scope of the conspiracy and are foreseeable as a natural consequence of it. However, for a conspiracy charge to be valid, there must be an overt act in furtherance of the conspiracy. Since the question implies that there may not have been an overt act committed by Harry and Bill in furtherance of their conspiracy to commit burglary (as Bill went to the wrong house), this supports the argument that they could be acquitted based on the lack of an overt act, making answer (C) the best argument for acquittal.",,-11.138197898864746,-6.638197898864746,-0.38819804787635803,-1.1381980180740356,0.6782795051529805
mbe_205,nan,MBE-1978-83-part1,train,"Wood, a patron of Duke's Bar, testified that on the night of the accident Chase was drunk. Wood then",C,C,True,1,1295,91,"C  
Reasoning: The gold passage discusses the admissibility of excited utterances, emphasizing that such statements must be made under circumstances indicating trustworthiness and while under the immediate and uncontrolled domination of the senses due to the shock of the event. Wood's remark about Chase being drunk was made while he was observing Chase's condition, which aligns with the criteria for admissibility as a statement regarding a condition he observed. Therefore, answer (C) is correct.",,-4.517888069152832,-100.0,-0.01788792572915554,-5.017888069152832,0.9824659875083857
mbe_206,nan,MBE-1978-83-part1,train,Duke's Bar called Chase to testify and expected him to say that he was sober when he left Duke's Bar,B,C,False,1,1317,70,"C  
Reasoning: The gold passage discusses impeachment evidence and its potential to alter the jury's assessment of a witness's credibility. However, it does not provide any support for the idea that a party can impeach its own witness. Therefore, based on the information provided, Duke's Bar cannot impeach Chase, making answer (C) correct.",,-9.250138282775879,-11.000138282775879,-0.00013834332639817148,-100.0,0.9998871993657359
mbe_207,nan,MBE-1978-83-part1,train,"Penn offers evidence that, after the accident, the manager of Duke's Bar established house rules lim",D,B,False,1,1334,71,"B  
Reasoning: The gold passage states that evidence of subsequent remedial measures is admissible for purposes such as proving knowledge or feasibility of precautionary measures. The house rules established by the manager of Duke's Bar after the accident demonstrate that the bar was aware of the need for taking precautionary measures regarding alcohol service, making answer (B) correct.",,-11.501045227050781,-0.001045551267452538,-9.001045227050781,-7.0010457038879395,0.9989556699979526
mbe_208,nan,MBE-1978-83-part1,train,"Penn offers evidence that, after the accident, the owner of Duke's Bar visited him at the hospital a",A,A,True,1,1375,101,"A  
Reasoning: The gold passage states that a statement by a party-opponent can be considered an admission and is admissible as an exception to the hearsay rule if it meets certain requirements. The owner's statement acknowledges that Chase was drunk when he left the bar, which is relevant to Penn's claim and is unfavorable to Duke's Bar. Therefore, the statement qualifies as an admission by the owner of Duke's Bar that Chase was drunk when he left the bar, making answer (A) correct.",,-9.088346359931165e-07,-17.625,-100.0,-100.0,0.9999999778404904
mbe_209,nan,MBE-1978-83-part1,train,"In a narcotics conspiracy prosecution against Daly, the prosecutor offers in evidence a tape recordi",A,B,False,1,1363,112,"B  
Reasoning: The gold passage discusses foundational requirements for admitting evidence, specifically in the context of breath tests. While it does not directly address the admissibility of voice recordings, it implies that a proper foundation must be established for any evidence to be admitted. Option (B) states that the witness had heard Daly speak many times, which suggests familiarity with his voice, providing a basis for her identification of the voice on the recording. This familiarity is a reasonable foundation for admitting the recording, making answer (B) the most appropriate choice based on the passage.",,-2.178173542022705,-0.9281736612319946,-0.9281736612319946,-100.0,0.4373487370050427
mbe_210,nan,MBE-1978-83-part1,train,"Immediately upon learning what Parnell had done, Devlin brought an appropriate action against Parnel",C,C,True,1,1433,126,"C  
Reasoning: The gold passage indicates that when parties have a written agreement regarding the effect of a deed, that written agreement supersedes any oral understanding. In this case, Devlin's instruction to Parnell to fill in the lot number and the subsequent recording of the deed with Lot 25 filled in creates a binding effect that cannot be restricted by the prior oral understanding. Therefore, if Devlin loses, it is likely because the agency implied to complete the deed (by allowing Parnell to fill in the lot number) cannot be restricted by the oral understanding, making answer (C) the most appropriate choice.",,-2.0346081256866455,-3.2846081256866455,-0.2846081256866455,-2.5346081256866455,0.7524679615123803
mbe_211,nan,MBE-1978-83-part1,train,Assume the following facts for this question only. Before Devlin had time to Learn of Parnell's acti,C,D,False,1,1654,97,"D  
Reasoning: The gold passage discusses the clean hands doctrine, which requires that a party seeking equitable relief must have acted fairly and equitably themselves. If Devlin is found to have acted inequitably in his dealings with Parnell, he may be barred from recovering title to Lot 25 under this doctrine. Therefore, if Devlin loses, it is likely because the clean hands doctrine prevents him from obtaining relief, making answer (D) the most appropriate choice.",,-100.0,-100.0,-3.0489468574523926,-0.048946935683488846,0.9525741232882133
mbe_212,nan,MBE-1978-83-part1,train,"Ohner owns the Acme Hotel. When the International Order of Badgers came to town for its convention, ",D,C,False,1,1356,105,"C  
Reasoning: The gold passage establishes that a hotel owes a duty of reasonable care to its guests and must implement reasonable inspection procedures. However, it does not indicate that a hotel owner is strictly liable for acts occurring on the premises that cause harm to individuals outside the hotel. Since Ohner was not aware of the conduct of the hotel guests and had taken steps to mitigate the situation by directing employees to patrol the hallways, he cannot be held liable for Smith's injuries. Therefore, answer (C) is correct.",,-100.0,-14.875911712646484,-0.00091217877343297,-7.000912189483643,0.9990886028138779
mbe_213,nan,MBE-1978-83-part1,train,The probable result of Walker's claim against Householder is that she will,B,C,False,1,1408,85,"C  
Reasoning: The gold passage outlines the requirements for a claim of strict liability for injury caused by a dangerous domesticated animal. However, it does not address the situation of a trespasser. Since Walker was on Householder's property without permission, she is considered a trespasser. The passage does not provide any basis for recovery for a trespasser, making answer (C) the most appropriate choice.",,-6.503873825073242,-6.628873825073242,-0.0038735889829695225,-6.878873825073242,0.996151352960252
mbe_214,nan,MBE-1978-83-part1,train,"If Walker asserts a claim against Dr. Vet, she will",A,A,True,1,1441,116,"A  
Reasoning: The gold passage outlines the elements necessary to establish a claim for negligence, which include a legal duty, a breach of that duty, an injury, and a causal connection between the breach and the injury. If Walker can demonstrate that Dr. Vet had a legal duty to properly perform the surgery on the skunk, that he breached that duty by failing to remove the scent gland, and that this breach caused her injuries when the skunk sprayed her, she would likely recover on the ground of negligence. Therefore, answer (A) is supported by the passage.",,-0.004592111334204674,-100.0,-8.754591941833496,-8.129591941833496,0.999545700349765
mbe_216,nan,MBE-1978-83-part1,train,In an action by Betty against Charles for wages lost while she was incapacitated as a result of the ,A,A,True,1,1431,102,"A  
Reasoning: The gold passage emphasizes that consideration is a necessary element for a valid contract, which includes a benefit conferred upon the promisor or a prejudice suffered by the promisor. In this case, Charles's promise to reimburse Betty lacks consideration because there is no mutual promise or benefit exchanged; he is not receiving anything in return for his promise to pay for her losses. Therefore, the best defense for Charles against Betty's claim would be the lack of consideration, making answer (A) correct.",,-0.0017164701130241156,-12.126716613769531,-100.0,-100.0,0.999994577781809
mbe_217,nan,MBE-1978-83-part1,train,"Which of the following, if true, would be significant in determining whether or not there was bargai",C,A,False,1,1495,140,"A  
Reasoning: The gold passage defines consideration as something that is sought by the promisor in exchange for their promise and given by the promisee in exchange for that promise. In this context, whether Physician had begun treating Betty before Charles called him (I) is significant because if he had not started treatment, there would be no performance or benefit conferred to Charles at the time of the promise, which is essential for establishing consideration. On the other hand, the existence of a contract between Charles and Betty (II) is not mentioned in the passage as relevant to the determination of consideration for Charles's promise to Physician. Therefore, only statement I is significant, making answer (A) correct.",,-0.07474497705698013,-3.324744939804077,-3.324744939804077,-10.824745178222656,0.9280140744920717
mbe_218,nan,MBE-1978-83-part1,train,If Physician discontinued treating Betty before she had fully recovered and Betty brought an action ,D,D,True,1,1473,121,"D  
Reasoning: The gold passage outlines the elements required to establish a novation, which includes the need for a previous valid obligation, a subsequent agreement of all parties to the new contract, the extinguishment of the old contract, and the validity of the new contract. None of the arguments presented (I, II, or III) are supported by the passage. Specifically, there is no indication that a valid obligation existed between Physician and Betty that could be extinguished by a new agreement with Charles. Therefore, none of the arguments would likely be effective in defense, making answer (D) correct.",,-5.516241550445557,-6.766241550445557,-4.516241550445557,-0.016241630539298058,0.9838969047971593
mbe_219,nan,MBE-1978-83-part1,train,"If Dodge did not file an action against Arthur's estate, would Dodge succeed in an action against Ch",B,D,False,1,1606,76,"D  
Reasoning: The gold passage emphasizes that a valid contract requires legal consideration and mutuality of obligation. Charles's promise to pay Arthur's debts does not constitute a legally binding contract because there is no indication of a bargained-for exchange or consideration from Dodge in return for Charles's promise. Therefore, Charles's obligation is at most moral, making answer (D) correct.",,-11.188276290893555,-13.938276290893555,-1.313276767730713,-0.3132767081260681,0.7310478292197061
mbe_220,nan,MBE-1978-83-part1,train,"Assume that Charles, honestly believing that he owed Dodge nothing, refused to pay anything to Dodge",C,C,True,1,1507,105,"C  
Reasoning: The gold passage indicates that an administrator who pays a creditor's claim under the honest belief that the estate is solvent may recover the difference if the estate is actually insolvent. This suggests that the belief of the payer (Charles) regarding his obligation is significant. Since Charles honestly believed he did not owe Dodge anything, and thus was not contractually obligated to pay the full $200, he cannot be held liable for the remaining $50 after paying $150. Therefore, answer (C) is correct.",,-11.288071632385254,-11.163071632385254,-0.03807179257273674,-3.288071870803833,0.9626474023743018
mbe_221,nan,MBE-1978-83-part1,train,Which of the following is the strongest argument against the constitutionality of free distribution ,D,D,True,1,1356,97,"D  
Reasoning: The gold passage emphasizes the principle of equal protection under the law, which requires that no person or class of persons be denied the same legal protections as others in similar circumstances. The strongest argument against the constitutionality of free distribution of textbooks to the students at the Little White School House is that such distribution would further segregation, thereby treating students differently based on race, which violates the equal protection principle. Therefore, answer (D) is the most supported by the passage.",,-7.750556945800781,-100.0,-100.0,-0.0005570820067077875,0.9995694428600562
mbe_222,nan,MBE-1978-83-part1,train,Which of the following is the strongest argument in favor of the constitutionality of free distribut,C,C,True,1,1432,90,"C  
Reasoning: The gold passage outlines the Lemon test, which requires that government action must have a secular legislative purpose, not advance or inhibit religion, and not foster excessive government entanglement with religion. Answer (C) directly aligns with this test by stating that the purpose and effect of the free distribution of textbooks is secular and does not entangle church and state, making it the strongest argument in favor of the constitutionality of the action.",,-100.0,-100.0,-21.25,-100.0,1.0
mbe_224,nan,MBE-1978-83-part1,train,Defendant is charged with assault and battery. The state's evidence shows that Victim was struck in ,B,B,True,1,1495,106,"B  
Reasoning: The gold passage states that battery requires intent by the actor to bring about harmful or offensive contact. It also specifies that accidental or inadvertent contact does not constitute battery. In the case of Defendant suffering from an epileptic seizure, he would have no control over his motions, which suggests that any contact with Victim was unintentional and therefore does not meet the criteria for battery. Thus, Defendant is most likely to be not guilty of assault and battery in this situation, making answer (B) correct.",,-8.750916481018066,-0.0009168167016468942,-7.500916957855225,-100.0,0.999288960266857
mbe_226,nan,MBE-1978-83-part1,train,"If Farmer asserts a claim based on nuisance against Utility for damages for personal injuries, will ",C,C,True,1,1580,117,"C  
Reasoning: The gold passage outlines the requirements for a claim of private nuisance, which include showing that the defendants interfered with the use or enjoyment of property rights, that this invasion caused significant harm, and that the invasion was either intentional and unreasonable or actionable under certain liability rules. Farmer's claim for personal injuries due to the fumes from Utility's plant aligns with these requirements, as the fumes interfered with his enjoyment of his property and caused him significant harm. Therefore, Farmer is likely to prevail based on the criteria established in the passage, making answer (C) correct.",,-3.5338127613067627,-5.533812522888184,-0.03381270915269852,-100.0,0.96685228724337
mbe_227,nan,MBE-1978-83-part1,train,"If Farmer asserts a claim based on negligence against Utility for crop damage, will Farmer prevail?",A,A,True,1,1543,86,"A  
Reasoning: The gold passage indicates that evidence of industry customs and compliance with regulations is relevant to determining negligence but does not conclusively demonstrate negligence. Since Utility constructed the plant in accordance with the best practicable technology and no other plants using lignite employ scrubbing equipment, it suggests that Utility was following industry standards. Therefore, Farmer is unlikely to prevail on a negligence claim against Utility, making answer (A) correct.",,-0.0003404687449801713,-14.875340461730957,-100.0,-100.0,0.9999996533673765
mbe_228,nan,MBE-1978-83-part1,train,"Dr. Jones, a physician, having listened to Phillips' testimony, is called by Phillips and asked whet",A,A,True,1,1325,96,"A  
Reasoning: The gold passage indicates that expert opinion can provide specialized context for understanding issues that may be within a layperson's knowledge. Since Dr. Jones' opinion is based on a hypothetical question that assumes the truth of Phillips' testimony, it aligns with the passage's allowance for expert opinions to connect lay knowledge to specialized medical understanding. Therefore, answer (A) is correct as it supports the admissibility of Dr. Jones' opinion in response to a hypothetical question.",,-3.619311974034645e-05,-14.750036239624023,-100.0,-100.0,0.999999607213818
mbe_229,nan,MBE-1978-83-part1,train,"Dr. Black, a physician, is called by Phillips to testify that, on the basis of her examination of Ph",B,D,False,1,1428,97,"D  
Reasoning: The gold passage indicates that expert testimony must comply with requirements for reliability and relevance, and it implies that a medical expert's testimony should be based on their own knowledge and experience. Since Dr. Black's testimony relies on laboratory reports that were not introduced in evidence and were conducted by others, it cannot be considered reliable or relevant under the standards set forth in the passage. Therefore, Dr. Black's testimony is inadmissible, making answer (D) correct.",,-5.922540664672852,-2.1725404262542725,-3.1725404262542725,-0.17254042625427246,0.841534697925668
mbe_230,nan,MBE-1978-83-part1,train,"Phillips testified that his purchase of the underwear occurred on April 17th, a fact of minor import",D,D,True,1,1338,85,"D  
Reasoning: The gold passage defines a collateral matter as evidence that solely affects the credibility of a witness. Phillips' testimony regarding the date of his purchase, while it may not be central to the case, does not solely affect his credibility but rather provides context for his testimony. Therefore, the motion to strike should be overruled because the payroll records relate to a collateral matter, making answer (D) correct.",,-10.250099182128906,-9.750099182128906,-12.625099182128906,-9.901345038088039e-05,0.9999030684885178
mbe_237,nan,MBE-1978-83-part1,train,"Police Officer stopped Dexter for speeding late one night. Noting that Dexter was nervous, he ordere",A,A,True,1,1596,122,"A  
Reasoning: The gold passage establishes that warrantless searches incident to arrest are justified based on interests in officer safety and evidence preservation. Since Dexter was placed under a valid custodial arrest for speeding, the search of his person, which led to the discovery of heroin, falls within the permissible scope of a search incident to arrest. The passage indicates that such searches are valid as long as they are conducted within the area that is within the arrestee's immediate control. Therefore, Dexter's motion to prevent the introduction of the heroin into evidence will most probably be denied, making answer (A) correct.",,-0.0007110013975761831,-100.0,-100.0,-100.0,1.0
mbe_239,nan,MBE-1978-83-part1,train,"Donna was arrested and taken to police headquarters, where she was given her Miranda warnings. Donna",C,C,True,1,1510,100,"C  
Reasoning: The gold passage indicates that for a waiver of Miranda rights to be considered voluntary, it must be the result of a free choice and made with an understanding of the rights being abandoned. Since Donna's statement was made while being fingerprinted and not in response to interrogation, it can be classified as a volunteered statement rather than a product of coercion or interrogation. Therefore, her motion to prevent the introduction of the statement will most probably be denied, making answer (C) correct.",,-12.375019073486328,-100.0,-1.8670179997570813e-05,-11.250019073486328,0.9999827701548906
mbe_240,nan,MBE-1978-83-part1,train,"Which of the following, if established, sets forth the strongest constitutional argument Barnes coul",B,C,False,1,1448,124,"C  
Reasoning: The gold passage indicates that a property right in continued employment exists when there are laws or policies that stipulate an employee can only be dismissed for cause. If Barnes was the only teacher whose contract was not renewed, this could suggest that he was treated differently than his peers, potentially indicating a lack of just cause for his non-renewal. This situation could support an argument that he has a property interest in his employment, thereby entitling him to due process protections, including a statement of reasons and a hearing. Thus, option (C) presents the strongest constitutional argument based on the passage.",,-9.25020980834961,-9.87520980834961,-0.0002096197713399306,-100.0,0.9998524652852887
mbe_241,nan,MBE-1978-83-part1,train,"Which of the following, if established, most strongly supports the college in refusing to give Barne",C,C,True,1,1259,125,"C  
Reasoning: The gold passage discusses rebuttal evidence and its role in counteracting a defendant's evidence. In this context, the most relevant choice is (C) because it establishes that Barnes has not yet met the requirement of five consecutive annual contracts, which is a clear legal basis for the college's decision not to provide a statement of reasons or a hearing. This aligns with the idea that the college's actions are supported by the applicable state law and college rules, which do not require such procedures for someone in Barnes's position. The other options do not directly relate to the legal framework governing Barnes's employment status.",,-7.627614974975586,-6.252614974975586,-0.0026148976758122444,-8.627614974975586,0.9974086232957899
mbe_242,nan,MBE-1978-83-part1,train,National regulation of predatory wild animals on federal lands is most likely,B,B,True,1,1877,96,"B  
Reasoning: The gold passage indicates that Congress has authority over federal property, which includes the power to regulate and protect wildlife living on public lands. This aligns with option (B), which states that national regulation of predatory wild animals on federal lands is constitutional because Congress has the authority to make regulations respecting federal property. The passage does not support the other options, as they either misinterpret the extent of Congress's powers or incorrectly assert state control over wildlife on federal lands.",,-100.0,-4.179569077678025e-05,-100.0,-100.0,1.0
mbe_243,nan,MBE-1978-83-part1,train,"By her validly executed will, Sallie devised a certain tract of land to her son, Ben, for his life w",D,C,False,1,1435,102,"C  
Reasoning: The gold passage states that a remainder interest is valid if it is in an ascertainable person and there are no conditions precedent other than the termination of prior estates. In this case, the grandchildren of Ben are ascertainable persons, and the only condition is the age restriction on selling or mortgaging their interest, which does not prevent the remainder from being valid. Therefore, the provisions concerning the grandchildren are valid and will be upheld according to their terms, making answer (C) correct.",,-2.709252119064331,-6.084251880645752,-0.45925208926200867,-1.209252119064331,0.6323621482687444
mbe_244,nan,MBE-1978-83-part1,train,"Seth was an elderly widower who lived alone on a small farm which he owned. Except for the farm, inc",A,B,False,1,1594,122,"B  
Reasoning: The gold passage discusses the part-performance exception to the Statute of Frauds, indicating that if a party can show that a contract meets the criteria for this exception, the burden shifts to the opposing party to prove otherwise. Option (B) states that the Statute of Frauds will not be applied if there has been part performance that is unequivocally referable to the contract, which aligns with the concept of part performance mentioned in the passage. Therefore, if the court decides in favor of Jim, it would likely be based on this principle, making answer (B) correct.",,-5.5040812492370605,-0.004081485792994499,-100.0,-100.0,0.9959298613252072
mbe_245,nan,MBE-1978-83-part1,train,The following events took place in a state that does not recognize the common-law marriage. The stat,D,A,False,1,1486,74,"A  
Reasoning: The gold passage states that a tenancy by the entirety is available only to a husband and wife. Since Wade and Mary were never formally married, the estate created by the deed cannot be considered a tenancy by the entirety. Therefore, Mary does not have the right to partition the property as a tenant by the entirety, making answer (A) correct.",,-2.3080716346157715e-05,-13.625022888183594,-100.0,-100.0,0.9999987901340835
mbe_246,nan,MBE-1978-83-part1,train,"On Ladd's claim against Sand, will Ladd prevail?",A,C,False,1,1510,95,"C  
Reasoning: The gold passage discusses the last clear chance doctrine, which applies when both parties are negligent, but one party is in a position to avoid the danger. In this case, if Commuter had the last clear chance to avoid hitting Ladd, then Ladd's claim against Sand may not prevail, as Commuter could be held liable for the injury. Therefore, based on the information provided in the passage, answer (C) is correct.",,-5.085277557373047,-9.710277557373047,-0.08527743071317673,-2.5852773189544678,0.9183672444202785
mbe_247,nan,MBE-1978-83-part1,train,"On Ladd's claim against Commuter, Commuter's best defense is that",B,B,True,1,1448,80,"B  
Reasoning: The gold passage defines the ""ordinary care"" standard as the conduct that an ordinarily prudent person would have exercised under the same circumstances. Commuter's best defense would be that she used reasonable care in the maintenance of her brakes, as this aligns with the standard of ordinary care. The passage does not provide support for the other options, making (B) the most appropriate choice.",,-5.266245365142822,-0.016245504841208458,-4.516245365142822,-11.89124584197998,0.9838999729383924
mbe_248,nan,MBE-1978-83-part1,train,"On Ladd's claim against Garage, will Ladd prevail?",B,B,True,1,1466,92,"B  
Reasoning: The gold passage outlines that the essential elements of negligent inspection include the existence of a legal duty, breach of that duty, damages, and a causal connection between the defendant's conduct and the plaintiff's injury. If Garage was negligent in inspecting Commuter's brakes, it could be found liable for Ladd's injuries, as there would be a breach of duty leading to damages. Therefore, answer (B) is supported by the passage.",,-22.375,-19.25,-100.0,-100.0,0.9579122720843811
mbe_250,nan,MBE-1978-83-part1,train,"Al and Bill are identical twins. Al, angry at David, said, ""You'd better stay out of my way. The nex",D,D,True,1,1373,93,"D  
Reasoning: The gold passage emphasizes that the evaluation of a defendant's belief in the necessity of self-defense and the reasonableness of their actions must be assessed from an objective standpoint, specifically whether a reasonable person would have believed and acted in the same way under the circumstances. Therefore, for David to prevail in his claim of self-defense, it is necessary that a reasonable person would have believed that Bill posed a threat, making answer (D) correct.",,-11.250025749206543,-100.0,-11.500025749206543,-2.5822400857578032e-05,0.9999768631423803
mbe_251,nan,MBE-1978-83-part1,train,"If Ped asserts a claim against Driver, Ped's failure to be in the crosswalk will have which of the f",B,B,True,1,1316,93,"B  
Reasoning: The gold passage defines ""contributory negligence"" as conduct by the plaintiff that falls below the standard of care for their own protection and contributes to their harm. Ped's failure to use the designated crosswalk may be considered as conduct that could fall below that standard, thus it is relevant to the issue of Driver's liability. Therefore, answer (B) is correct as it aligns with the concept of contributory negligence discussed in the passage.",,-10.000059127807617,-5.8961017202818766e-05,-11.250059127807617,-100.0,0.9999415961935293
mbe_252,nan,MBE-1978-83-part1,train,"If Ped asserts a claim against Trucker, the most likely result is that Ped will",B,B,True,1,1339,115,"B  
Reasoning: The gold passage outlines the conditions under which a statute's violation constitutes negligence per se. In this case, Trucker's violation of Section 2 of the Vehicle Code, which prohibits parking in a way that blocks a designated crosswalk, likely caused Ped's injury, as Ped was attempting to use the crosswalk when struck. The purpose of the statute is to protect pedestrians, and since Ped is a member of the class intended to be protected, this supports the conclusion that Ped would prevail against Trucker. Therefore, answer (B) is correct.",,-10.500029563903809,-2.9160102712921798e-05,-14.500029563903809,-100.0,0.9999719600005742
mbe_253,nan,MBE-1978-83-part1,train,"Suspecting that students in a dormitory were using narcotics, the president of a private college arr",C,C,True,1,1382,95,"C  
Reasoning: The gold passage outlines the types of invasion of privacy, specifically mentioning ""intrusion upon the plaintiff's seclusion or solitude or into his private affairs."" Green's situation involves a significant invasion of privacy through the use of concealed microphones to record conversations without his knowledge or consent. This aligns with the first type of invasion of privacy described in the passage, suggesting that Green's privacy was unreasonably invaded, making answer (C) the most appropriate choice.",,-9.250150680541992,-11.375150680541992,-0.00015097891446202993,-10.500150680541992,0.9998648912152303
mbe_254,nan,MBE-1978-83-part1,train,Tom had a heart ailment so serious that his doctors had concluded that only a heart transplant could,A,A,True,1,1264,86,"A  
Reasoning: The gold passage defines murder as the killing of one human being by another with the requisite malevolent state of mind and without justification, excuse, or mitigation. Dan's act of poisoning Tom demonstrates a malevolent intent to cause harm, which directly led to Tom's death, even if it was not immediate. Therefore, Dan should be found guilty of homicide as his actions meet the definition provided in the passage.",,-0.0015381926205009222,-7.501538276672363,-7.001538276672363,-100.0,0.9985371767740318
mbe_255,nan,MBE-1978-83-part1,train,In which of the following situations is Defendant most likely to be not guilty of the charge made?,C,C,True,1,1435,111,"C  
Reasoning: The gold passage indicates that the crime of attempt is complete when there is intent to commit the underlying crime and sufficient acts demonstrating that the individual would not voluntarily desist from the attempt. In situation (C), Defendant believed he was committing a crime by purchasing codeine without a prescription, but he was unaware that the law had changed and it was no longer illegal to do so. Since there was no intent to commit a crime (as he believed he was acting lawfully), Defendant is most likely not guilty of the charge made against him.",,-8.500957489013672,-8.750957489013672,-0.0009571973932906985,-7.500957012176514,0.9990858224241677
mbe_256,nan,MBE-1978-83-part1,train,"Potts sued Dobbs on a product liability claim. Louis testified for Potts. On cross-examination, whic",B,B,True,1,1354,93,"B  
Reasoning: The gold passage emphasizes that cross-examination should not go beyond the subject matter of the direct examination and should avoid causing undue embarrassment to witnesses. Question (B), which refers to Louis being known as ""Louie the Lush"" due to his alcohol addiction, is likely to be ruled improper as it could cause undue embarrassment and does not pertain to the subject matter of the direct examination or the credibility of the witness in a relevant manner.",,-6.267669200897217,-0.017669275403022766,-4.267669200897217,-100.0,0.9840633990483176
mbe_257,nan,MBE-1978-83-part1,train,"In an action to recover for personal injuries arising out of an automobile accident, Plaintiff calls",D,D,True,1,1497,120,"D  
Reasoning: The gold passage indicates that a witness must face a ""real danger"" of conviction to invoke the privilege against self-incrimination, and that the fear of conviction must be reasonable, real, and appreciable. This suggests that the judge should allow Bystander to remain silent if there is some reasonable possibility that she will incriminate herself, aligning with answer (D). The passage also states that the privilege does not protect against ""remote and speculative possibilities,"" which implies that a mere possibility is insufficient, but a reasonable possibility is adequate. Therefore, answer (D) is correct.",,-7.500698089599609,-100.0,-9.25069808959961,-0.0006981384940445423,0.9993512251281356
mbe_258,nan,MBE-1978-83-part1,train,"Venner, the owner of Greenacre, a tract of land, entered into an enforceable written agreement with ",A,C,False,1,1508,96,"C  
Reasoning: The gold passage discusses the concept of escrow and how title vests in the grantee upon delivery in escrow, indicating that the title is not derived from the contract but from the deed itself. This supports the argument that under the doctrine of equitable conversion, title has already passed to Brier, and the only issue is how the purchase price is to be allocated. Therefore, answer (C) is the best legal argument for Venner's claim for relief.",,-1.6649585962295532,-1.9149585962295532,-0.41495856642723083,-5.914958477020264,0.6606234098378572
mbe_259,nan,MBE-1978-83-part1,train,"Blackacre is a three-acre tract of land with a small residence. Olga, the owner of Blackacre, rented",B,A,False,1,1500,114,"A  
Reasoning: The gold passage defines an unconscionable contract as one that is grossly unreasonable and unenforceable due to a lack of meaningful choice for one party and terms that are unreasonably favorable to the other. If Olga wins based on the Statute of Frauds, it would be because the original absence of a written agreement means that nothing Terrence could have done would overcome that legal requirement, making answer (A) correct. The other options do not relate to the definition of an unconscionable contract as provided in the passage.",,-0.013490884564816952,-6.638490676879883,-100.0,-4.513490676879883,0.9877169695074427
mbe_260,nan,MBE-1978-83-part1,train,In which of the following ways could the city's reward offer be effectively accepted?,C,B,False,1,1680,120,"B  
Reasoning: The gold passage indicates that acceptance of an offer can be demonstrated by performing according to the terms of the offer. In the context of the city's reward offer, the only way to effectively accept it would be through actions that lead to the arrest and conviction of an arsonist, which aligns with the terms of the offer. Therefore, option (B), which states that acceptance can occur only by making the arrest and assisting in the successful conviction of an arsonist, is supported by the passage. Other options do not align with the requirement of performance as outlined in the passage.",,-10.313319206237793,-0.3133191168308258,-1.3133190870285034,-100.0,0.7310343097381986
mbe_261,nan,MBE-1978-83-part1,train,"With respect to duration, the city's reward offer was terminable",D,B,False,1,1544,84,"B  
Reasoning: The gold passage states that an offer lapses if not accepted within a ""reasonable time."" This implies that the city's reward offer could be terminated by the passage of a reasonable time, but it does not mention that it could be revoked before that time. Therefore, the correct answer is (B), which indicates that the offer is not terminable by lapse of time but only by effective revocation.",,-6.565002918243408,-0.31500306725502014,-8.065003395080566,-1.3150030374526978,0.7297988136318887
mbe_262,nan,MBE-1978-83-part1,train,"If the city's reward offer was revocable, revocation could be effectively accomplished only",C,C,True,1,1570,90,"C  
Reasoning: The gold passage indicates that any act or communication that would lead a reasonable person to believe that an offer has been revoked is sufficient for revocation. This implies that revocation can occur in the same manner as the offer was made or through a comparable medium and frequency of publicity. Therefore, option (C) is correct as it aligns with the principle that revocation can be communicated effectively in a similar manner to the original offer.",,-100.0,-3.7732536792755127,-0.023253632709383965,-100.0,0.9770226311353565
mbe_263,nan,MBE-1978-83-part1,train,Which of the following best characterizes the relationship between Humongous and Gimlet?,D,D,True,1,1548,96,"D  
Reasoning: The gold passage defines a unilateral contract as one where one party makes an offer that becomes binding if the other party takes the specified actions. In this case, Humongous made a unilateral offer to pay Gimlet a daily rate for each day he performed work investigating the arson. Since Gimlet's acceptance of the offer was through his actions of investigating, this characterizes their relationship as a series of daily unilateral contracts, making answer (D) correct.",,-11.750028610229492,-100.0,-11.000028610229492,-2.8444881536415778e-05,0.9999754095831522
mbe_264,nan,MBE-1978-83-part1,train,"In a suit by Gimlet against the city to recover the $10,000 reward, which of the following, in light",B,C,False,1,1582,95,"C  
Reasoning: The gold passage outlines the four elements necessary to establish a contract, which include identifiable parties, consent, a lawful object, and sufficient cause or consideration. Since the city attempted to revoke its offer shortly after making it, this could indicate bad faith, which may undermine the validity of the revocation and support Gimlet's claim. Therefore, option (C) is the most useful support for Gimlet's claim based on the information provided in the passage.",,-6.208141326904297,-2.583141326904297,-0.08314122259616852,-6.833141326904297,0.9212825251287379
mbe_265,nan,MBE-1978-83-part1,train,"If Wife asserts a claim based on battery against Grower, will Wife prevail?",A,D,False,1,1387,64,"D  
Reasoning: The gold passage defines battery as requiring the intent to bring about harmful or offensive contact. Since Grower did not intend to cause any harmful contact with Wife, as he only intended to frighten her, Wife will not prevail in her claim for battery. Therefore, answer (D) is correct.",,-18.250059127807617,-100.0,-9.7500581741333,-5.836499985889532e-05,0.9999416968634854
mbe_266,nan,MBE-1978-83-part1,train,"If Husband asserts a claim based on assault against Grower, will Husband prevail?",B,C,False,1,1354,106,"C  
Reasoning: The gold passage outlines the elements necessary to establish assault, which include the defendant's intent to make contact or to put the plaintiff in apprehension of such contact, the plaintiff's apprehension of imminent contact, and that the contact was harmful or offensive. In this case, Husband did not experience any contact from the dog, nor was there any indication that he was placed in apprehension of imminent contact with the dog. Therefore, Husband cannot establish the necessary elements for assault, making answer (C) correct.",,-15.75000286102295,-13.00000286102295,-2.45848218582978e-06,-100.0,0.9999975951793196
mbe_267,nan,MBE-1978-83-part1,train,"If Grower asserts a claim against Wife and Husband for damage to his plants, will Grower prevail?",A,C,False,1,1333,95,"C  
Reasoning: The gold passage outlines the requirements for a trespass claim, which include an interference with a possessory interest in property through a physical act executed without consent. However, the passage does not address the concept of emergency situations as a defense to trespass. Given that Husband and Wife were confronted by an emergency situation (the bull), this could justify their entry onto Grower's property, making answer (C) the most appropriate choice based on the information provided.",,-9.250107765197754,-11.625107765197754,-0.00010735770774772391,-13.125107765197754,0.9998929653392795
mbe_268,nan,MBE-1978-83-part1,train,"In challenging the validity of the state statute, Ben's strongest argument would be that",A,A,True,1,1395,89,"A  
Reasoning: The gold passage emphasizes the Equal Protection Clause of the Fourteenth Amendment, which mandates that all persons similarly situated should be treated alike. Ben's strongest argument against the state statute would be that it lacks a rational basis for preferring collateral relatives and the state over unacknowledged children, thereby violating the equal protection clause. This aligns directly with the principle outlined in the passage, making answer (A) the correct choice.",,-0.00027432903880253434,-100.0,-100.0,-100.0,1.0
mbe_269,nan,MBE-1978-83-part1,train,The state's strongest defense of the statute would be that,D,D,True,1,1457,97,"D  
Reasoning: The gold passage outlines the rational basis test, which requires that legislation must have a rational relationship to a proper purpose. The state's defense could argue that its interest in promoting family life and encouraging formal acknowledgment of paternity provides a rational basis for the statute that excludes unacknowledged illegitimate children from inheriting. This aligns with the requirement that there are reasonable grounds to distinguish between those within and those without the class, making answer (D) the strongest defense.",,-100.0,-12.000054359436035,-10.000054359436035,-5.455048449221067e-05,0.9999484585046994
mbe_270,nan,MBE-1978-83-part1,train,"Alice conveyed Twinoaks Farm ""to Barbara, her heirs and assigns, so long as the premises are used fo",B,B,True,1,1230,104,"B  
Reasoning: The gold passage defines a possibility of reverter as a future interest retained by a grantor after conveying a fee simple determinable, which automatically reverts to the grantor if a specified condition occurs. In this case, Alice conveyed Twinoaks Farm to Barbara with the condition that it must be used for residential and farm purposes. If that condition is not met, the property will revert to Alice, indicating that she retains a possibility of reverter. Therefore, answer (B) is correct.",,-7.001251220703125,-0.0012510620290413499,-8.001251220703125,-100.0,0.9987542095342199
mbe_271,nan,MBE-1978-83-part1,train,"Lawnacre was conveyed to Celeste and Donald by a deed which, in the jurisdiction in which Lawn. acre",B,A,False,1,1384,109,"A  
Reasoning: The gold passage explains the nature of joint tenancies and tenancies by the entirety, emphasizing that a joint tenancy is held by two or more people who are not married, and that the survivor of a tenancy by the entirety takes full ownership upon the death of the other. Since Celeste and Donald created a cotenancy with the right of survivorship, upon Celeste's death, Donald becomes the sole owner of Lawnacre. Therefore, Donald will prevail in the action against Paul, making answer (A) correct.",,-0.2721077799797058,-5.1471076011657715,-4.2721076011657715,-1.5221078395843506,0.7619305848026867
mbe_272,nan,MBE-1978-83-part1,train,If Employee was injured while cutting plywood when the shaft holding the saw blade came loose when a,D,D,True,1,1668,72,"D  
Reasoning: The gold passage indicates that for strict liability to be established, the product must reach the user without substantial change in the condition in which it was sold. Since the saw was rebuilt by Storekeeper, this alteration likely constitutes a substantial change, which would bar Employee's recovery against Power Saw Company. Therefore, answer (D) is correct.",,-7.599796295166016,-8.849796295166016,-0.97479647397995,-0.47479647397994995,0.6220584594202758
mbe_273,nan,MBE-1978-83-part1,train,If Employee was injured while cutting plywood when the shaft holding the saw blade came loose when a,A,A,True,1,1642,84,"A  
Reasoning: The gold passage establishes that the economic loss doctrine holds that absent tangible physical harm to persons or tangible things, there is generally no duty to exercise reasonable care to avoid economic losses to others. Since Purchaser's claim for loss of business is based on economic loss and not accompanied by personal injury or property damage, Purchaser will not recover against Storekeeper. Therefore, answer (A) is correct.",,-4.954393079970032e-05,-10.500049591064453,-100.0,-100.0,0.9999724643101834
mbe_274,nan,MBE-1978-83-part1,train,If Employee was injured while cutting plywood when the shaft holding the saw blade came loose when a,C,B,False,1,1446,84,"B  
Reasoning: The gold passage states that contributory negligence is a defense to a negligence claim in a product liability action. This implies that if Employee failed to notice that the shaft was coming loose, it could be considered contributory negligence, which would bar recovery. Therefore, if Employee did not notice the defect, he would likely not recover under a strict liability claim, making answer (B) the correct choice.",,-0.9077531099319458,-0.6577531099319458,-2.6577529907226562,-4.782752990722656,0.5180543014679209
mbe_275,nan,MBE-1978-83-part1,train,"If Employee was cutting a sheet of plywood, and while he was doing so, the saw blade flew to pieces ",A,A,True,1,1520,115,"A  
Reasoning: The gold passage outlines the requirements for a strict liability products liability claim, which includes establishing the manufacturer's relationship to the product, the unreasonably dangerous condition of the product, and the proximate causal connection between that condition and the plaintiff's injury. In this case, if the saw blade flew to pieces while being used, it could be argued that the blade was in an unreasonably dangerous condition, leading to Employee's injury. Therefore, Employee is most likely to prevail on the theory of strict liability in tort, making answer (A) correct.",,-3.6312321753939614e-05,-100.0,-14.250036239624023,-100.0,0.9999993524051546
mbe_276,nan,MBE-1978-83-part1,train,"If Employee was cutting a sheet of hard plastic, and while he was doing so, the saw blade flew to pi",B,B,True,1,1523,82,"B  
Reasoning: The gold passage establishes that a seller can assume their product will be used for its intended purpose unless they have reason to expect otherwise. Since Employee was using the saw blade to cut hard plastic, which is not the normal use intended for a blade designed for cutting plywood, this constitutes improper or unforeseeable use. Therefore, this defense is likely to prevail against Employee's strict liability claim.",,-100.0,-17.375001907348633,-100.0,-100.0,1.0
mbe_277,nan,MBE-1978-83-part1,train,In which of the following situations is Defendant most likely to be guilty of common-law murder?,A,B,False,1,1302,122,"B  
Reasoning: The gold passage discusses the elements required to prove voluntary manslaughter, specifically focusing on the heat of passion and adequate provocation. In option (B), Defendant shoots and kills Harry after being slapped during an argument, which indicates a response to provocation in a heated moment. This aligns with the concept of acting in the heat of passion, making it the most likely scenario where Defendant could be guilty of common-law murder, as it suggests a lack of control over his actions due to provocation. The other options do not present a similar context of provocation leading to a passionate response.",,-3.311378240585327,-0.06137815862894058,-3.936378240585327,-100.0,0.9438160101093347
mbe_283,nan,MBE-1978-83-part1,train,"In an effort to relieve serious and persistent unemployment in the industrialized state of Onondaga,",C,C,True,1,1565,111,"C  
Reasoning: The gold passage discusses the dormant Commerce Clause and outlines how state laws that discriminate against out-of-state goods or economic actors can be challenged. The statute in question requires businesses to purchase goods and services in Onondaga, which could be seen as favoring in-state businesses over out-of-state ones. This aligns with the concept of discrimination against out-of-state economic interests, making the commerce clause the strongest basis for attacking the statute. The other options do not address the specific issue of interstate commerce discrimination as effectively as the commerce clause does.",,-100.0,-100.0,-20.625001907348633,-100.0,1.0
mbe_285,nan,MBE-1978-83-part1,train,The best argument for Black in this action is that,A,A,True,1,1749,103,"A  
Reasoning: The gold passage explains that an easement by implication arises when a servitude is in use and reasonably necessary for the enjoyment of the property at the time of severance. Since College Avenue has not been opened as a public street and Breyer's right to use it depends on the action of public authorities, it supports Black's argument that Breyer's right must await such action, as no private easements arose by implication. Therefore, answer (A) is the best argument for Black.",,-0.03018292598426342,-100.0,-3.5301828384399414,-100.0,0.9706877667577428
mbe_286,nan,MBE-1978-83-part1,train,The best argument for Breyer in this action is that,D,B,False,1,1605,96,"B  
Reasoning: The gold passage indicates that a recorded plat designating areas for public use must show a clear intent by the proprietor to dedicate those areas to public use. Since the deed from White to Breyer referred to the recorded plan of Meadowview, it implies that Breyer has a basis to argue that rights to use the streets delineated on the plan were created through this reference. Therefore, answer (B) is the best argument for Breyer in this action.",,-6.533618450164795,-0.03361826390028,-4.033618450164795,-4.283618450164795,0.9670400774712892
mbe_291,nan,MBE-1978-83-part1,train,"If Doe is prosecuted under the ""Capitol steps"" statute and defends on constitutional grounds, which ",D,D,True,1,1535,66,"D  
Reasoning: The gold passage indicates that the state must demonstrate a compelling governmental interest and that it has used the least restrictive means to further that interest. This aligns with the requirement that the state must prove both the compelling need for the statute and the absence of less restrictive alternatives, making answer (D) the correct choice.",,-7.497211933135986,-1.3722119331359863,-2.8722119331359863,-0.3722119927406311,0.6892895163649186
mbe_292,nan,MBE-1978-83-part1,train,Which of the following possible plaintiffs other than Doe would be most likely to obtain an adjudica,B,B,True,1,1457,111,"B  
Reasoning: The gold passage states that a party has standing to challenge the constitutionality of a statute only if it has an adverse impact on their own rights. Among the options, a politician intending to make a campaign speech on the Capitol steps during a prohibited time would be directly affected by the statute, as it restricts their ability to speak at that location. The other options do not demonstrate a direct adverse impact on their own rights in relation to the statute, making (B) the most likely plaintiff to obtain an adjudication in federal court.",,-100.0,-0.014245775528252125,-4.264245986938477,-9.764245986938477,0.9858797126317306
mbe_293,nan,MBE-1978-83-part1,train,"The ""Capitol steps"" statute is probably",A,B,False,1,1670,150,"B  
Reasoning: The gold passage indicates that a ""designated public forum"" is entitled to the same constitutional protection as a traditional public forum, while a ""limited public forum"" allows the government to impose reasonable, viewpoint-neutral rules on speech. The Capitol steps, being a location for public assembly, likely qualify as a designated public forum. The statute's restrictions on speech during specific times may be seen as reasonable regulations, thus making the statute constitutional on its face. However, as applied to Doe, who was expressing his views in a public forum, the application of the statute during his speech may be unconstitutional if it restricts his right to free expression. Therefore, the statute is constitutional on its face but may be unconstitutional as applied to Doe,",,-1.532263159751892,-0.2822631895542145,-3.5322632789611816,-100.0,0.7545580912643253
mbe_294,nan,MBE-1978-83-part1,train,"A second state statute punishes ""any person who shall intentionally threaten the life or safety of a",B,B,True,1,1611,130,"B  
Reasoning: The gold passage discusses the First Amendment's prohibition on government interference with speech, emphasizing that content-based regulations are presumptively unconstitutional unless they serve compelling state interests. The second statute punishes threats against public officials, which could be seen as a content-based regulation targeting specific speech. However, the passage does not provide sufficient information to conclude that Doe's speech constitutes a true threat that would justify punishment under the statute. Therefore, while the statute may be constitutional on its face, Doe could not be constitutionally punished for his speech as it does not appear to meet the threshold of a true threat, making answer (B) correct.",,-13.875024795532227,-2.4987974029500037e-05,-10.750024795532227,-100.0,0.9999776128430893
mbe_295,nan,MBE-1978-83-part1,train,"A third state statute, enacted in 1880, makes criminal ""the utterance in any public place of any bla",C,C,True,1,1808,103,"C  
Reasoning: The gold passage discusses the requirements for a meritorious equal protection claim, emphasizing that a threshold requirement is showing that the state has adopted a classification affecting similarly situated groups in an unequal manner. However, the passage does not provide any support for the notion that Doe's application of the statute denies him equal protection, as it does not address any classification or unequal treatment of similarly situated individuals. Therefore, option (C) is the least likely to succeed based on the information provided in the passage.",,-6.065649509429932,-1.3156495094299316,-0.31564950942993164,-10.315649032592773,0.729337350338799
mbe_296,nan,MBE-1978-83-part1,train,"Peri's attorney asks Investigator to testify that, a week before receiving the libelous letter, he h",B,B,True,1,1274,89,"B  
Reasoning: The gold passage discusses the admissibility of records created by a third party under the business record exception to the hearsay rule, stating that such records can be admitted without the need for production of the original document or showing its unavailability, provided they meet certain criteria. Since the inquiry letter is not required to be produced or shown to be unavailable for Investigator's testimony to be admissible, answer (B) is correct.",,-1.1396987438201904,-0.38969874382019043,-6.2646989822387695,-7.3896989822387695,0.677466738429434
mbe_297,nan,MBE-1978-83-part1,train,"Investigator, if permitted, will testify that, ""I received a letter that I cannot now find, which re",D,B,False,1,1257,83,"B  
Reasoning: The gold passage states that if the original document is unavailable, the party must provide a valid reason for its unavailability. It also indicates that if the court finds the reason acceptable, secondary evidence can be used to prove the contents of the document. Therefore, for Investigator's testimony to be admitted, the jury must be satisfied that the original letter is unavailable, making answer (B) correct.",,-100.0,-1.282920129597187e-05,-100.0,-12.000012397766113,0.999993855822747
mbe_298,nan,MBE-1978-83-part1,train,"If Player asserts a claim based on defamation against Shoe Store, will Player prevail?",A,A,True,1,1351,98,"A  
Reasoning: The gold passage states that a defendant is liable for defaming a private person if they knowingly or recklessly publish a false and disparaging communication concerning that person to a third party. Since Shoe Store accepted Photo's statement without verifying it, this could be considered reckless behavior. Therefore, if Player asserts a claim based on defamation, he may prevail under option (A) because Shoe Store's recklessness in accepting Photo's statement could lead to liability for defamation.",,-0.0012889248318970203,-9.501289367675781,-6.751288890838623,-10.626289367675781,0.998731578658215
mbe_299,nan,MBE-1978-83-part1,train,"If Player asserts a claim based on invasion of privacy against Shoe Store, will Player prevail?",B,B,True,1,1376,68,"B  
Reasoning: The gold passage establishes that the ""right of publicity"" allows an individual, particularly a public figure, to control the commercial use of their name and likeness. Since Shoe Store used Player's picture for profit without his permission, this constitutes an unfair appropriation of Player's commercial value, making answer (B) correct.",,-100.0,-18.5,-100.0,-100.0,1.0
mbe_300,nan,MBE-1978-83-part1,train,"Landover, the owner in fee simple of Highacre, an apartment house property, entered into an enforcea",D,D,True,1,1392,125,"D  
Reasoning: The gold passage discusses the elements required to establish a claim for conversion, which involves ownership and control over property. While it does not directly address the doctrine of equitable conversion, the context of the question implies that once a contract for the sale of real estate is executed, the buyer is considered the equitable owner of the property, and the seller holds the legal title in trust for the buyer. This principle aligns with the idea that the risk of loss typically shifts to the buyer upon the execution of the contract, making answer (D) the most relevant choice in the context of specific performance in real estate transactions.",,-2.6514790058135986,-100.0,-4.276479244232178,-0.2764790952205658,0.8998226266779835
mbe_302,nan,MBE-1978-83-part1,train,"If the question is raised in an action against the insurance company, how is the court likely to con",B,A,False,1,1584,117,"A  
Reasoning: The gold passage defines a condition precedent as an act or event that must occur before a duty to perform arises, and it emphasizes that an express condition must be reflected in clear, express language. Since the insurance policy explicitly states that the applicant warrants the truthfulness of the statements made in the application and that these statements are conditions to the contract, the court is likely to construe this clause as a condition. Because Mary did not meet this condition by providing a false statement regarding her health, the insurance company will not be liable, making answer (A) correct.",,-0.006851416081190109,-5.0068511962890625,-9.006851196289062,-100.0,0.9931853991072288
mbe_303,nan,MBE-1978-83-part1,train,"If no objection is made concerning Mary's misstatement in the application, how is the court most lik",C,C,True,1,1372,99,"C  
Reasoning: The gold passage indicates that the primary beneficiary's survival is significant in determining entitlement to the policy proceeds, and it implies that the timing of payment is relevant. Since Joan, the primary beneficiary, must reach the age of 21 for the proceeds to be paid, this suggests that her age is relevant only to the timing of the payment, not to the validity of the claim itself. Therefore, answer (C) is the most consistent with the information provided in the passage.",,-9.251548767089844,-7.251549243927002,-0.0015491410158574581,-7.251549243927002,0.9984858358503349
mbe_304,nan,MBE-1978-83-part1,train,"At Defendant's trial for the murder of the watchman, the court should in substance charge the jury o",A,B,False,1,1549,75,"B  
Reasoning: The gold passage indicates that there is no presumption that an intoxicated person is incapable of premeditation. This suggests that voluntary intoxication does not serve as a defense to the crime of murder, aligning with option (B). The other options either imply a misunderstanding of the relationship between intoxication and intent or introduce concepts not supported by the passage.",,-100.0,-18.37502098083496,-15.750021934509277,-100.0,0.06754675120600638
mbe_305,nan,MBE-1978-83-part1,train,"At Defendant's trial on the charge of manslaughter in the death of the pedestrian, his best argument",A,A,True,1,1497,99,"A  
Reasoning: The gold passage states that DUI manslaughter is a general intent crime and that voluntary intoxication is not a defense to it. Therefore, Defendant's best argument at his trial for manslaughter would be that he was too intoxicated to realize he was creating a substantial and unjustifiable risk while operating his car, as this aligns with the concept of general intent and the nature of the crime. Thus, answer (A) is the most relevant argument he could make.",,-0.0002798087371047586,-8.750279426574707,-9.750279426574707,-10.375279426574707,0.9997521024998176
mbe_306,nan,MBE-1978-83-part1,train,The state's best argument to counter Defendant's argument in Question 157 on the intoxication issue ,C,C,True,1,1669,96,"C  
Reasoning: The gold passage indicates that prior convictions for driving under the influence can demonstrate a defendant's subjective understanding and conscious disregard of the risks associated with driving while intoxicated. This supports the idea that Defendant's entire course of conduct, including his decision to drink and drive, reflects a conscious risk-taking behavior that can be characterized as criminally reckless. Therefore, option (C) is the best argument to counter Defendant's intoxication defense in the manslaughter charge.",,-6.952454090118408,-10.20245361328125,-0.20245398581027985,-1.7024539709091187,0.816762286347765
mbe_309,nan,MBE-1978-83-part1,train,"If Johnson's claim is based on negligence, is the defense of assumption of the risk applicable?",C,C,True,1,1429,107,"C  
Reasoning: The gold passage outlines the requirements for proving assumption of risk, which include the plaintiff having actual or constructive knowledge of the specific risk, appreciating the risk's character, and voluntarily accepting the risk. In this case, if Johnson had no other practicable way of getting out of the lot before Monday, it suggests that he did not voluntarily accept the risk of climbing the fence, as he was confined against his will. Therefore, the defense of assumption of risk would not be applicable, making answer (C) correct.",,-10.250162124633789,-100.0,-0.0001617035741219297,-9.000162124633789,0.9998412579649477
mbe_310,nan,MBE-1978-83-part1,train,"If Johnson's claim is based on false imprisonment, will Johnson prevail?",D,D,True,1,1555,141,"D  
Reasoning: The gold passage outlines the elements of false imprisonment, which include an act intended to confine another, resulting in such confinement, and the confined person being conscious of their confinement. Additionally, it states that the imprisonment is considered false if it occurs without right or authority. In this case, for Johnson to prevail on a false imprisonment claim, it must be shown that the security guard acted without right or authority in locking the gate while knowing that someone was in the lot. Since the passage indicates that the act must be without right or authority, answer (D) is correct as it emphasizes the necessity of the security guard's knowledge of Johnson's presence at the time of locking the gate.",,-1.8922274112701416,-5.5172271728515625,-1.1422274112701416,-0.6422273516654968,0.5261301212198916
mbe_311,nan,MBE-1978-83-part1,train,"If the court refuses the injunction, it will be because",B,C,False,1,1836,128,"C  
Reasoning: The gold passage indicates that a tenant is entitled to remove trade fixtures, which are items attached to the realty for the purpose of carrying on the tenant's business, as long as their removal does not damage the realty. Since Barnes installed the equipment in the garage for his hobby, which can be considered a business activity, he is likely entitled to remove it before the lease ends. Therefore, if the court refuses the injunction, it will be because, in the absence of a contrary agreement, a residential tenant is entitled to remove any personal property he voluntarily brings upon the premises, making answer (C) correct.",,-10.876532554626465,-6.501532554626465,-0.0015325936255976558,-100.0,0.9984799493128351
mbe_312,nan,MBE-1978-83-part1,train,"If the equipment concerned had been installed by Albert, but the facts were otherwise unchanged, the",A,C,False,1,1597,104,"C  
Reasoning: The gold passage states that trade fixtures are removable by a tenant as long as they remain in possession of the leasehold and can be removed without causing material injury to the realty. Since the question posits a scenario where the equipment was installed by Albert instead of Barnes, it does not change the legal principle regarding the removal of trade fixtures. Therefore, the likelihood of Good Bank's succeeding in its prayer for an injunction would be unaffected by who installed the equipment, making answer (C) correct.",,-2.4447126388549805,-2.8197126388549805,-0.31971266865730286,-2.0697126388549805,0.7271183552730269
mbe_314,nan,MBE-1978-83-part1,train,"If charged with criminal assault, Edward should be found",C,C,True,1,1464,97,"C  
Reasoning: The gold passage indicates that to establish an assault claim, there must be an intentional, knowing, or reckless action that causes apprehension of imminent bodily injury or offensive contact. In this case, Edward did not intend to hit Margaret, as he was merely trying to grab his hat and narrowly missed. Therefore, he should not be found guilty of assault since he did not have the requisite intent to cause apprehension of offensive touching, making answer (C) correct.",,-2.8126518726348877,-7.687651634216309,-0.06265182048082352,-100.0,0.9394823489699069
mbe_315,nan,MBE-1978-83-part1,train,"If charged with criminal battery, Margaret should be found",D,D,True,1,1288,93,"D  
Reasoning: The gold passage indicates that a person is guilty of battery if they purposely, knowingly, or recklessly cause bodily injury to another. However, it does not address the justification of actions taken in self-defense or in response to a perceived threat. Since Margaret pushed Edward out of fear of being struck, her action could be seen as a justified response to a perceived threat, making her not guilty of battery according to the principles outlined in the passage.",,-11.750104904174805,-14.875104904174805,-9.250104904174805,-0.00010449681576574221,0.9998956633201558
mbe_316,nan,MBE-1978-83-part1,train,"Police were concerned about an increase in marijuana traffic in Defendant's neighborhood. One night,",C,C,True,1,1531,110,"C  
Reasoning: The gold passage discusses the concept of a ""reasonable expectation of privacy"" and indicates that this expectation is determined by reference to property law and societal understandings. It emphasizes that the Fourth Amendment protects personal rights and that a defendant must demonstrate possession of the area searched. In this case, the police entered Defendant's backyard and porch without a warrant, which likely violated Defendant's reasonable expectation of privacy. Therefore, Defendant's motion to prevent the introduction of the marijuana into evidence will most probably be granted, making answer (C) correct.",,-9.00535774230957,-5.25535774230957,-0.005357787013053894,-14.25535774230957,0.994657123628083
mbe_317,nan,MBE-1978-83-part1,train,"In his case in chief, Drew called as his first witness Wilma to testify to Drew's reputation in his ",B,C,False,1,1316,80,"C  
Reasoning: The gold passage indicates that a reputation witness must be qualified by showing sufficient acquaintance with the person and the community to speak authoritatively about the person's reputation. However, it does not address the admissibility of reputation evidence in the absence of the defendant testifying. Therefore, since Drew has not testified, the reputation evidence is inadmissible, making answer (C) correct.",,-8.250595092773438,-8.250595092773438,-0.0005947356694377959,-10.125595092773438,0.999437734109692
mbe_318,nan,MBE-1978-83-part1,train,Drew called William to testify that on July 20 Drew said that he was about to leave that day to visi,A,D,False,1,1401,117,"D  
Reasoning: The gold passage indicates that a statement of a declarant's then existing state of mind is an exception to the Hearsay Rule. However, Drew's statement about leaving to visit relatives does not pertain to his present mental state but rather describes a future action. Since it does not qualify as a declaration of present mental state and is instead a statement about a future intention, it does not fit within the hearsay exception outlined in the passage. Therefore, the testimony is inadmissible as hearsay not within any exception, making answer (D) correct.",,-10.750024795532227,-13.875024795532227,-13.000024795532227,-2.522638169466518e-05,0.9999753526136838
mbe_319,nan,MBE-1978-83-part1,train,"Drew called Wilson to testify to alibi. On cross-examination of Wilson, the prosecutor asked, ""Isn't",A,A,True,1,1314,65,"A  
Reasoning: The gold passage indicates that leading questions are ordinarily permitted on cross-examination. The prosecutor's question about Wilson being Drew's first cousin suggests a potential bias, which is relevant to the credibility of the witness. Therefore, the question is proper as it goes to bias, making answer (A) correct.",,-7.107425062713446e-06,-15.500006675720215,-100.0,-100.0,0.999999814460818
mbe_320,nan,MBE-1978-83-part1,train,"Drew called Warren to testify to alibi. On cross-examination of Warren, the prosecutor asked, ""Weren",B,B,True,1,1319,112,"B  
Reasoning: The gold passage discusses the concept of ""probative value,"" indicating that evidence must have a tendency to establish or disestablish a legally necessary proposition. The question posed to Warren about his prior jury service could mislead the jury regarding his credibility or bias, which does not directly relate to the material proposition of Drew's guilt or innocence in the current case. Therefore, the probative value of the answer would be outweighed by its tendency to mislead, making answer (B) the best reason for sustaining an objection to the question.",,-10.000195503234863,-0.0001951961312443018,-100.0,-100.0,0.9999546021452387
mbe_321,nan,MBE-1978-83-part1,train,Re-direct examination of a witness must be permitted in which of the following circumstances?,B,A,False,1,1307,69,"A  
Reasoning: The gold passage states that redirect examination is limited to matters that were first raised on cross-examination, indicating that it must respond to those matters. Therefore, the correct answer is (A), as it allows for a reply to any matter raised in cross-examination, which aligns with the passage's explanation of redirect examination.",,-0.04877528175711632,-3.2987751960754395,-100.0,-100.0,0.9626731095770201
mbe_322,nan,MBE-1978-83-part1,train,"On March 1, Mechanic agreed to repair Ohner's machine for $5,000, to be paid on completion of the wo",B,B,True,1,1365,101,"B  
Reasoning: The gold passage establishes that a general contractor, such as Mechanic, impliedly warrants that the work will be done in a workmanlike manner, which is defined as being completed skillfully and without defects. If Mechanic did not perform the work in a workmanlike manner, Ohner would have a valid defense against Jones's claim for payment, as the contract's terms were not fulfilled satisfactorily. Therefore, option (B) is the best defense for Ohner.",,-100.0,-4.644463479053229e-05,-10.000046730041504,-100.0,0.9999546021442538
mbe_323,nan,MBE-1978-83-part1,train,"Assume for this question only that BCD's termination of John's employment was not wrongful. If John,",D,D,True,1,1717,110,"D  
Reasoning: The gold passage discusses vicarious liability and the requirements for an individual to be acting on behalf of a corporation at the time of an offense. In this case, John was not employed by BCD when the billing for the computer occurred, which aligns with the requirement that an individual must be engaged in corporate business at the time of the action to be entitled to any commission. Therefore, BCD will win because John was not employed as a salesperson when Bobb was billed for the computer, making answer (D) correct.",,-100.0,-100.0,-13.250003814697266,-4.127333340875339e-06,0.9999982396562364
mbe_324,nan,MBE-1978-83-part1,train,Assume for this question only that BCD's termination of John's employment was not wrongful. If John ,C,C,True,1,1560,113,"C  
Reasoning: The gold passage discusses the requirements for establishing a claim of wrongful termination under New Hampshire law, specifically focusing on the need for bad faith, malice, or retaliation in the termination. Since the question states that BCD's termination of John's employment was not wrongful, it implies that there is no basis for John to claim compensation for his services outside of the express contractual provisions. Therefore, the express contractual provision regarding compensation pre-empts any claim John might have for the reasonable value of his services, making answer (C) the most likely result.",,-100.0,-100.0,-4.978233846486546e-05,-10.250049591064453,0.9999646437424958
mbe_325,nan,MBE-1978-83-part1,train,"Which of the following additional facts, if shown by the evidence, would support a claim by John aga",C,A,False,1,1579,150,"A  
Reasoning: The gold passage outlines the requirements for establishing a claim for wrongful discharge in violation of public policy. To support a claim, Mendlovic must show that the dismissal was motivated by conduct related to public policy and that there was no overriding legitimate business justification for the dismissal. Fact I suggests that John's termination was motivated by nepotism, which could indicate a violation of public policy if it is shown that such conduct undermines fair employment practices. Fact II, while potentially relevant to John's performance, does not directly relate to public policy or wrongful discharge as defined in the passage. Fact III, while indicating John's long tenure, does not address the public policy aspect necessary for a wrongful discharge claim. Therefore, only Fact I supports a claim against B",,-0.9698244333267212,-2.3448243141174316,-0.9698244333267212,-100.0,0.4438842376896994
mbe_327,nan,MBE-1978-83-part1,train,"If plaintiffs assert a claim based on public nuisance, plaintiffs will",A,A,True,1,1573,104,"A  
Reasoning: The gold passage defines a public nuisance as an action that injuriously affects the safety, health, or morals of the public, or causes substantial annoyance or injury to the public. It also states that to state a claim for public nuisance, there must be a right common to the general public. Therefore, if the plaintiffs can demonstrate that they sustained harm that is different from that suffered by the public at large, they may prevail in their claim for public nuisance, making answer (A) correct.",,-0.00045486391172744334,-100.0,-11.125454902648926,-100.0,0.9999852610185965
mbe_328,nan,MBE-1978-83-part1,train,"If plaintiffs assert a claim based on private nuisance, plaintiffs will",A,A,True,1,1713,147,"A  
Reasoning: The gold passage states that to recover damages in a private nuisance claim, a plaintiff must demonstrate that the defendant's conduct caused an unreasonable interference with their use and enjoyment of property. The passage emphasizes that the determination of whether the interference is unreasonable involves a balancing of interests, considering factors such as the nature and duration of the interference and the precautions taken by the defendant. Given that the plaintiffs are experiencing substantial health hazards from flies and odors, which are significantly more prevalent than in other areas, it suggests that Cattle Company's activities may unreasonably interfere with the plaintiffs' enjoyment of their property. Therefore, plaintiffs will likely prevail based on the unreasonable interference caused by Cattle Company's operations, making answer (A) correct.",,-1.4140441635390744e-05,-19.25001335144043,-100.0,-100.0,0.9999999956365344
mbe_329,nan,MBE-1978-83-part1,train,"Alan, who was already married, went through a marriage ceremony with Betty and committed bigamy. Car",B,B,True,1,1265,72,"B  
Reasoning: The gold passage states that aiding and abetting requires the defendant to have knowingly involved himself in a criminal act. Since Carl did not know about Alan's previous marriage, he lacked the necessary mental state required for aiding and abetting the crime of bigamy. Therefore, he should be found not guilty, making answer (B) correct.",,-1.3168106079101562,-0.3168105483055115,-100.0,-100.0,0.7310585903489892
mbe_330,nan,MBE-1978-83-part1,train,Defendant was charged with murder. His principal defense was that he had killed in hot blood and sho,C,B,False,1,1585,118,"B  
Reasoning: The gold passage indicates that jury instructions are reviewed for abuse of discretion and that reversal is appropriate only if the instructions affected the outcome of the case. The passage does not suggest that placing a burden on the defendant to show hot blood constitutes a denial of due process, nor does it indicate that presumptions are inherently prejudicial in criminal cases. Instead, it implies that the defendant's burden to show hot blood was merely to produce evidence to rebut a presumption, which aligns with the judge's instructions. Therefore, answer (B) is the most supported by the passage.",,-1.225013017654419,-0.47501298785209656,-2.475013017654419,-100.0,0.6220058899522327
mbe_331,nan,MBE-1978-83-part1,train,Darlene was arrested on a murder charge. She was given Miranda warnings and refused to talk further ,C,C,True,1,1322,98,"C  
Reasoning: The gold passage indicates that a waiver of Miranda rights may be implied through silence, but it does not support the idea that using a defendant's post-arrest silence against them at trial is permissible. This suggests that Darlene's exercise of her Miranda rights by remaining silent should not have been used to imply that her trial testimony was false, which would violate her due process rights. Therefore, her conviction will most probably be reversed, making answer (C) correct.",,-8.501107215881348,-7.251107692718506,-0.0011075903894379735,-100.0,0.9990871912197523
mbe_332,nan,MBE-1978-83-part1,train,"Alice was held up at the point of a gun, an unusual revolver with a red-painted barrel, while she wa",A,C,False,1,1532,119,"C  
Reasoning: The gold passage discusses the admissibility of identification procedures and emphasizes that identification evidence must not be unnecessarily suggestive and must be reliable. Winthrop's testimony about being robbed by Dennis with a similar weapon does not directly relate to the identification of Dennis in the context of Alice's robbery. Instead, it could be seen as improper character evidence, as it suggests a propensity to commit robbery rather than establishing a direct link to the crime against Alice. Therefore, Winthrop's testimony is inadmissible under the principles outlined in the passage, making answer (C) correct.",,-6.0032854080200195,-8.62828540802002,-0.003285613376647234,-7.5032854080200195,0.9967988826482564
mbe_335,nan,MBE-1978-83-part1,train,"Maria is the owner and possessor of Goodacre, on which there is a lumber yard. Maria conveyed to Rel",A,C,False,1,1528,123,"C  
Reasoning: The gold passage indicates that the owner of the servient tenement (Maria) may use the land in any manner that does not unreasonably interfere with the rights of the easement holder (Reliable Electric Company). It implies that the possessor of the servient tenement has a duty to notify the easement holder of any defective conditions that may affect the easement's use. Since Maria did not notify Reliable about any issues with the electric line, it supports the idea that Reliable Electric Company is not liable for the damages caused by the fallen line, making answer (C) correct.",,-2.0040442943573,-5.754044055938721,-0.2540442645549774,-2.5040442943573,0.7792653499704134
mbe_340,nan,MBE-1978-83-part1,train,Seth owned a vacant lot known as Richacre. Seth entered into a written contract with Bob to build a ,C,C,True,1,1457,108,"C  
Reasoning: The gold passage establishes that for a contract to be considered ""of the essence,"" it must either expressly state that time is of the essence or there must be a clear indication of the parties' intent for time to be of the essence. Since the contract between Seth and Bob includes specific ""inside"" and ""outside"" dates for performance, the determination of whether these terms indicate that time is of the essence will be crucial in deciding the case. Therefore, answer (C) is the most relevant based on the passage.",,-19.25,-100.0,0.0,-100.0,0.9999999956365377
mbe_341,nan,MBE-1978-83-part1,train,"Metterly, the owner in fee simple of Brownacre by quitclaim deed conveyed Brownacre to her daughter,",D,B,False,1,1339,98,"B  
Reasoning: The gold passage states that the destruction of a deed of conveyance by or at the instance of the grantee does not reinvest the grantor with the legal title. Since Doris voluntarily destroyed the deed, this action does not return ownership of Brownacre to Metterly. Therefore, the correct outcome is that Metterly was not the owner of Brownacre after the destruction of the deed, making answer (B) the most appropriate choice based on the passage.",,-9.193328857421875,-0.693328857421875,-9.443328857421875,-0.693328857421875,0.4999095339476437
mbe_342,nan,MBE-1978-83-part1,train,"If Motorist asserts a claim against Cross, Motorist will",A,D,False,1,1468,110,"D  
Reasoning: The gold passage emphasizes the necessity for the plaintiff to prove that the car was unsafe and that the defendant (Owner) either knew or should have known about the defect. In this case, the failure of the brakes was the immediate cause of the collision, which suggests that the defect in the car directly contributed to the accident. Therefore, Motorist's claim against Cross would likely be undermined by the fact that the brake failure was a significant factor in the collision, making answer (D) the most supported choice by the passage.",,-1.5597379207611084,-4.934737682342529,-1.5597379207611084,-0.5597378611564636,0.5719688424174318
mbe_343,nan,MBE-1978-83-part1,train,"If the jurisdiction has adopted ""pure"" comparative negligence and Spouse asserts a claim against Cro",B,B,True,1,1405,92,"B  
Reasoning: The gold passage defines ""comparative negligence"" as a failure to act reasonably to protect oneself from injury. In this case, Spouse's recovery will depend on the degree of negligence attributed to her and Cross. Since the jurisdiction has adopted ""pure"" comparative negligence, Spouse can recover a proportion of her damages based on the respective degrees of negligence of both herself and Cross. Therefore, answer (B) is supported by the passage.",,-14.000014305114746,-1.4140441635390744e-05,-15.125014305114746,-100.0,0.9999988985148252
mbe_344,nan,MBE-1978-83-part1,train,"If Motorist asserts a claim against Owner, will Motorist prevail?",A,C,False,1,1458,103,"C  
Reasoning: The gold passage discusses the sources of a duty of care but does not provide specific information about the liability of a gratuitous lender or the implications of a failure to inform regarding a defect. However, it implies that a duty of care may be limited in certain contexts. Since Owner was a gratuitous lender, it suggests that his duty of care may be slight, which aligns with answer (C). Therefore, Motorist is unlikely to prevail against Owner based on the information provided in the passage.",,-3.292401075363159,-100.0,-0.04240099713206291,-5.79240083694458,0.9597325161554147
mbe_345,nan,MBE-1978-83-part1,train,In which of the following situations is Defendant most likely to be guilty of larceny?,C,C,True,1,1317,114,"C  
Reasoning: The gold passage indicates that larceny can be established by evidence that would warrant a conviction under any of the three common-law crimes of stealing. In choice (C), Defendant mistakenly believes that taking a dog does not constitute larceny, but he still took and sold his neighbor's dog. This act of taking someone else's property with the intent to sell it aligns with the definition of larceny, as it involves the unlawful taking of property. Therefore, this situation is most likely to result in a finding of guilt for larceny.",,-1.7653791904449463,-1.5153791904449463,-0.5153791904449463,-100.0,0.6044545015671744
mbe_346,nan,MBE-1978-83-part1,train,"Acting on an anonymous telephone call, police went to Desmond's apartment, knocked on the door, and ",D,D,True,1,1500,86,"D  
Reasoning: The gold passage discusses the factors to determine whether the taint of an unlawful arrest has been sufficiently attenuated to justify the admission of evidence. It specifically mentions that even if Miranda warnings were given, they may not be sufficient to purge the taint of an illegal arrest. Therefore, Desmond's best argument is that his statements were fruits of an unlawful arrest, making answer (D) the correct choice.",,-100.0,-100.0,-17.75,-4.320199877838604e-07,0.9999999804443108
mbe_347,nan,MBE-1978-83-part1,train,Which of the following is the strongest constitutional argument supporting Kane?,A,B,False,1,1535,83,"B  
Reasoning: The gold passage discusses the principles of federalism and the Supreme Court's reservations about federal prosecutors becoming excessively involved in the regulation of state and local political behavior. This context supports the argument that state legislators enjoy protection under the speech and debate clause of the United States Constitution, which is designed to safeguard legislative activities from federal scrutiny. Therefore, answer (B) is the strongest constitutional argument supporting Kane.",,-1.7018561363220215,-0.20185619592666626,-100.0,-100.0,0.8175744673038221
mbe_348,nan,MBE-1978-83-part1,train,Which of the following is the strongest argument against Kane's constitutional defense?,C,C,True,1,1675,116,"C  
Reasoning: The gold passage discusses the limitations imposed by federalism on Congress's powers, emphasizing that Congress cannot enact legislation that exceeds its enumerated powers and that it must respect state sovereignty. Therefore, the argument that Congress does not significantly interfere with state government by applying the Federal Securities Act to state legislators (choice C) is the strongest argument against Kane's constitutional defense, as it directly addresses the balance of power between federal and state authority. The other options do not directly counter Kane's claim of legislative immunity in the context of state sovereignty as effectively as option C does.",,-10.64834976196289,-3.7733497619628906,-0.023349830880761147,-9.64834976196289,0.9769363834546666
mbe_349,nan,MBE-1978-83-part5,train,The description of 44 Main Street was,A,A,True,1,1522,116,"A  
Reasoning: The gold passage discusses the use of the phrase ""more or less"" in property descriptions and indicates that such language can cover slight discrepancies in acreage but not substantial ones. Since the discrepancy in the area of 44 Main Street (7/8 of an acre) compared to the stated area in the deed is not specified as substantial in the context of the passage, it suggests that the discrepancy is not fatal to the sufficiency of the description. Therefore, answer (A) is correct, as it implies that the description is sufficient despite the discrepancy in area.",,-0.31338804960250854,-9.813387870788574,-1.3133881092071533,-100.0,0.7310185882201284
mbe_350,nan,MBE-1978-83-part5,train,The description of part of Pat's farm,D,D,True,1,1386,68,"D  
Reasoning: The gold passage indicates that a deed must have a clear beginning point and boundaries; otherwise, it is considered too vague to be enforceable. Since the description of part of Pat's farm does not fix a beginning point or any boundaries, it is insufficient due to vagueness, making answer (D) correct.",,-16.875,-100.0,-19.625,0.0,0.9999999500894015
mbe_351,nan,MBE-1978-83-part5,train,"Defendant, driving along at a reasonable rate of speed, was distracted by a child carrying a silver ",C,D,False,1,1574,87,"D  
Reasoning: The gold passage defines criminal negligence as a gross deviation from the standard of care expected of a reasonably careful person, indicating that it is something more than slight negligence but less than the wanton misconduct required for civil liability under the guest statute. This definition aligns with option (D), which states that criminal negligence is more than slight negligence but less than wanton misconduct, making it the most favorable definition for the defendant.",,-1.1218411922454834,-4.1218414306640625,-2.1218411922454834,-0.6218412518501282,0.5376753854401208
mbe_352,nan,MBE-1978-83-part5,train,In a particular jurisdiction there are no statutory standards for the amount of alcohol required to ,C,C,True,1,1803,119,"C  
Reasoning: The gold passage discusses the operation of a motor vehicle and clarifies that various actions, such as inserting and turning the key in the ignition, constitute operation regardless of whether the vehicle is in motion. However, it does not provide any information regarding the admissibility of blood test results or the mental state required for criminal negligence. Therefore, the most appropriate argument for the Defendant, based on the passage, is that the blood test results should be considered as one factor among others, such as the police officers' opinions on sobriety, making answer (C) the correct choice.",,-2.643885374069214,-2.893885374069214,-0.14388546347618103,-100.0,0.8725905473316582
mbe_353,nan,MBE-1978-83-part5,train,"Dann offered testimony of Employer, that he had known and employed Dann for twelve years and knew Da",A,A,True,1,1345,91,"A  
Reasoning: The gold passage states that evidence is logically relevant if it tends to make the existence of any consequential fact more or less probable. Dann's character evidence, presented through Employer's testimony, is relevant to show the improbability of Dann having committed an unprovoked assault, as it supports his claim of self-defense by indicating that he is generally a peaceful and nonviolent person. Therefore, the testimony is admissible under option (A).",,-4.60414821645827e-06,-100.0,-14.750004768371582,-100.0,0.9999996072138644
mbe_354,nan,MBE-1978-83-part5,train,"On cross-examination of Employer (Dann's), the state's attorney asked Employer if he had heard that ",B,C,False,1,1256,90,"C  
Reasoning: The gold passage indicates that questions on cross-examination that show a consistent pattern designed to prejudice the witness in the minds of the jury may be deemed objectionable. The question about Dann's previous fights and brawls seeks to introduce evidence of separate, unrelated offenses, which aligns with the idea of prejudicing the jury against Dann. Therefore, the trial judge should rule the question objectionable, making answer (C) correct.",,-100.0,-14.625001907348633,-1.7432603272027336e-06,-100.0,0.9999995549150211
mbe_355,nan,MBE-1978-83-part5,train,Dann's friend Frank was called to testify that Smith had a reputation among the people with whom he ,A,C,False,1,1499,105,"C  
Reasoning: The gold passage indicates that reputation evidence must be introduced with a proper foundation, which includes establishing the witness's knowledge of the individual's reputation in a significant community over time. Since the question states that Frank's testimony is about Smith's reputation for lawbreaking and engaging in brawls, and does not confirm that a proper foundation was laid, the testimony is likely inadmissible on the question of Dann's guilt because Dann, not Smith, is on trial. Therefore, answer (C) is correct.",,-4.285798072814941,-5.660798072814941,-0.035798266530036926,-4.035798072814941,0.9650772858590874
mbe_356,nan,MBE-1978-83-part5,train,"If there is a guest law in the state where the accident happened, then in any action by Price agains",D,C,False,1,1464,92,"C  
Reasoning: The gold passage defines ordinary negligence and indicates that there is no issue of gross negligence without substantial evidence of serious negligence. In the context of a guest statute, it typically requires a higher standard of proof for recovery against a driver (in this case, Dunn) than ordinary negligence. Therefore, if Price is to recover against Motorco, he must prove that Motorco was guilty of more than ordinary negligence, making answer (C) correct.",,-2.228863000869751,-3.103863000869751,-0.2288629561662674,-2.978863000869751,0.7963817050155123
mbe_357,nan,MBE-1978-83-part5,train,"In a negligence action by Price against Motorco, the proof needed to establish a prima facie case is",D,D,True,1,1451,101,"D  
Reasoning: The gold passage indicates that a dealer (in this case, Motorco) has the burden to show that they made reasonable and adequate efforts to discover the defect and that the defect could not be discovered despite such efforts. Therefore, to establish a prima facie case in a negligence action, Price must prove that the bolt was defective and that the defect would have been discovered had Motorco exercised reasonable care in the inspection of component parts. This makes answer (D) the correct choice.",,-7.750728130340576,-100.0,-8.375728607177734,-0.0007282786536961794,0.9993391346355407
mbe_358,nan,MBE-1978-83-part5,train,"In a negligence action by Price against Motorco, the negligence of Dunn will be considered to be",A,D,False,1,1795,123,"D  
Reasoning: The gold passage discusses the concept of foreseeable risk and how courts define it broadly, indicating that the manner in which an injury occurs need not be foreseeable. In this case, Dunn's negligence, which led to the accident, can be viewed as an independent, intervening cause of Price's injuries. The passage suggests that the courts may treat such freak cases on an individualized basis, which aligns with the idea that Dunn's actions were not a direct result of Motorco's conduct but rather an intervening factor that contributed to the outcome. Therefore, answer (D) is the most appropriate choice.",,-4.288972854614258,-1.5389727354049683,-3.788972854614258,-0.28897276520729065,0.7490536699157541
mbe_359,nan,MBE-1978-83-part5,train,"In a negligence action by Price against Motorco, a defense that is likely to prevail is that",A,A,True,1,1496,86,"A  
Reasoning: The gold passage defines ""due care"" as the degree of care that a person of ordinary prudence would exercise under similar circumstances. Since Motorco tested samples from each shipment of bolts and found no defects, it can be argued that Motorco exercised due care in its testing process. Therefore, this defense is likely to prevail in a negligence action by Price against Motorco, making answer (A) correct.",,-2.2127087504486553e-05,-16.750022888183594,-100.0,-100.0,0.9999999468421906
mbe_360,nan,MBE-1978-83-part5,train,"In an action based on strict liability in tort by Price against Boltco, Price will rely principally ",D,D,True,1,1462,89,"D  
Reasoning: The gold passage discusses strict products liability and emphasizes that the focus is on whether the product was not reasonably safe, rather than the manufacturer's conduct. In this case, Price will rely on the fact that one of the bolts anchoring his seat belt was defective, as this directly relates to the product's safety and the basis for a strict liability claim against Boltco. Therefore, answer (D) is the most appropriate choice.",,-13.000001907348633,-100.0,-100.0,-2.339278580620885e-06,0.9999977396747258
mbe_361,nan,MBE-1978-83-part5,train,Federal taxpayer Allen challenges the provision that allows the distribution of free textbooks to st,B,C,False,1,1599,102,"C  
Reasoning: The gold passage discusses the limitations of congressional spending power and emphasizes that such power must be in pursuit of the general welfare. However, it does not support the idea that any taxpayer can challenge congressional spending authorizations or that there is a sufficient nexus between the taxpayer and the challenged expenditures. Therefore, Allen's standing to challenge the provision allowing the distribution of free textbooks in private schools is likely to be denied due to insufficient connection to the expenditures, making answer (C) the most appropriate choice.",,-100.0,-8.000360488891602,-0.0003600144700612873,-12.750360488891602,0.9996617496642194
mbe_362,nan,MBE-1978-83-part5,train,Federal taxpayer Bates also challenges the salary supplements for teachers in private schools where ,D,A,False,1,2154,99,"A  
Reasoning: The gold passage discusses substantive and procedural entanglement under the Establishment Clause but does not indicate that the salary supplements for teachers engaged in religious instruction would create excessive entanglement. Instead, it suggests that the statute's provision to exclude teachers who provide religious instruction from receiving supplements is a measure to avoid entanglement. Therefore, the salary supplements will likely be sustained as they comply with the statute's requirement to not fund religious instruction, making answer (A) correct.",,-0.0005398084758780897,-100.0,-100.0,-7.750539779663086,0.9995694429062751
mbe_363,nan,MBE-1978-83-part5,train,Federal taxpayer Bates also challenges the construction grants to church-operated private colleges a,A,A,True,1,1679,87,"A  
Reasoning: The gold passage indicates that aid to institutions that are not ""pervasively sectarian"" does not necessarily lead to unconstitutional outcomes, as there is no presumption that such aid will be used to advance religion. The passage supports the idea that construction grants to church-operated private colleges can be sustained if those institutions are not shown to be pervasively sectarian, making answer (A) the most likely result.",,-0.009539914317429066,-4.75954008102417,-7.00954008102417,-100.0,0.9905270199859167
mbe_364,nan,MBE-1978-83-part5,train,Assuming that the faculty's notice of November 1 was posted on a bulletin board or other conspicuous,B,B,True,1,1584,86,"B  
Reasoning: The gold passage defines an offer as a manifestation of willingness to enter into a bargain that justifies another person in understanding that their assent is invited. The faculty's notice of November 1 clearly indicates a willingness to enter into a bargain by offering a prize for winning the competition, thus creating a power of acceptance for the students. Therefore, the notice constituted a contractual offer, making answer (B) correct.",,-11.000020027160645,-1.9981420336989686e-05,-14.875020027160645,-100.0,0.999982951957889
mbe_365,nan,MBE-1978-83-part5,train,"As to Student, was the offer effectively revoked?",C,C,True,1,2352,83,"C  
Reasoning: The gold passage indicates that reasonable reliance on an offer can serve as sufficient reason for making a promise binding, even in the absence of consideration. Since Student intensified his efforts and submitted his paper in reliance on the faculty's offer, this reliance creates a compelling basis for implying a subsidiary promise not to revoke the offer. Therefore, the offer was not effectively revoked, making answer (C) correct.",,-100.0,-11.250016212463379,-1.6047699318733066e-05,-13.500016212463379,0.9999856219523598
mbe_366,nan,MBE-1978-83-part5,train,The offer proposed a,A,A,True,1,1582,120,"A  
Reasoning: The gold passage defines a unilateral contract as one where performance is based on the wish or pleasure of one party, and it states that an offer to make a unilateral contract is accepted when the requested performance is rendered. In this case, the faculty's offer of $500 for winning the competition constitutes a unilateral contract, as the acceptance occurs through the performance of winning the competition, not through a mutual promise. Since Student's acceptance was not communicated to the faculty and the offer was subsequently withdrawn, the contract remains unilateral and unenforceable. Therefore, answer (A) is correct.",,-0.0007730589131824672,-11.375773429870605,-10.250773429870605,-7.250772953033447,0.9992435617845321
mbe_367,nan,MBE-1978-83-part5,train,The promise of the faculty on November 1 was,B,C,False,1,1555,109,"C  
Reasoning: The gold passage discusses the standing and capacity of personal representatives in probate proceedings, specifically noting that certain exceptions do not apply when the interests of the personal representative are not antagonistic to the estate. This suggests a focus on formal legal relationships and agreements, which aligns with the idea that the faculty's promise may not be enforceable due to its informal nature, akin to noncommercial agreements or social commitments. Therefore, choice (C) is supported by the passage, while the other options do not find support in the provided text.",,-9.126019477844238,-100.0,-0.0010191136971116066,-8.626019477844238,0.9997116143200555
mbe_368,nan,MBE-1978-83-part5,train,"In an appropriate attack upon the limitation to residential user by single families, if the evidence",C,C,True,1,1734,92,"C  
Reasoning: The gold passage indicates that enforcement of deed restrictions serves to preserve property values and is akin to the enforcement of zoning ordinances, which are recognized as governmental functions. Since the deeds in Royal Oaks explicitly state that the restrictions are enforceable by any lot owner, this supports the conclusion that the restriction on residential use will be enforced at the suit of any present owner of a lot in the Royal Oaks subdivision, making answer (C) correct.",,-100.0,-21.375,-21.125,-100.0,0.5621765008857981
mbe_369,nan,MBE-1978-83-part5,train,"For this question only, assume that Owner now desires to open his remaining 100 acres as a residenti",D,D,True,1,1797,121,"D  
Reasoning: The gold passage discusses the ""common scheme of development"" doctrine, which indicates that a factual finding of a common scheme is necessary for enforcing deed restrictions. Since Owner desires to impose restrictions on the new 100 acres that are identical to those in Royal Oaks and wants the lot owners in Royal Oaks to enforce these restrictions, the success of his scheme hinges on whether the 100 acres can be considered part of a common development scheme with the existing Royal Oaks subdivision. Therefore, answer (D) is the best choice as it aligns with the requirement of establishing a common scheme for enforceability.",,-100.0,-100.0,-100.0,-4.320199877838604e-07,1.0
mbe_370,nan,MBE-1978-83-part5,train,"A state accredits both public and private schools, licenses their teachers, and supplies textbooks o",B,B,True,1,1340,77,"B  
Reasoning: The gold passage emphasizes that the Equal Protection Clause prohibits the use of race in various governmental contexts, indicating that such discrimination is irrational and oppressive. This supports the argument that the state's involvement in school regulation and support makes the equal protection clause applicable to the Country Schoolhouse, thereby making answer (B) the strongest argument against the school's racially exclusionary admissions policy.",,-8.000665664672852,-0.0006654949975199997,-9.250665664672852,-100.0,0.9995686119692108
mbe_373,nan,MBE-1978-83-part5,train,"Linda was fifteen years old, but she appeared and acted older. When asked, she always said she was t",C,B,False,1,1445,104,"B  
Reasoning: The gold passage states that attempted rape is defined as purposely engaging in conduct that constitutes a substantial step toward accomplishing the rape. For the attempted rape charge to be sustained, it is necessary to establish that Duke had the intent to commit the act. If the State can show that Duke thought Linda was over the age of consent, it would support the argument that he had the requisite intent to commit attempted rape. Therefore, answer (B) is the correct choice based on the information provided in the passage.",,-5.009454727172852,-0.2594546675682068,-1.5094547271728516,-100.0,0.7721074786803219
mbe_374,nan,MBE-1978-83-part5,train,"In an action by Paul against Daniel, which of the following would be Daniel's best defense?",B,C,False,1,1449,93,"C  
Reasoning: The gold passage indicates that if goods are sold subject to the satisfaction of the buyer, they must be returned within a reasonable time if they are not satisfactory. In this case, Daniel's refusal to accept the cards because they were not delivered on time aligns with the idea that timely delivery is a condition of satisfaction. Therefore, Daniel's best defense would be that the cards were not delivered on time, making answer (C) the correct choice.",,-8.001618385314941,-9.126618385314941,-0.0016181691316887736,-6.751618385314941,0.9983873541579174
mbe_375,nan,MBE-1978-83-part5,train,Which of the following statements is most accurate?,D,D,True,1,1630,93,"D  
Reasoning: The gold passage defines a condition precedent as an act or event that must occur before a duty to perform arises. In this case, Paul's performance of delivering the cards (which includes taking the photograph) is a condition precedent to Daniel's duty to pay the $100. Since the contract specifies that Paul must supply the cards before Daniel is obligated to make payment, this aligns with the definition provided in the passage, making answer (D) correct.",,-12.750031471252441,-10.500031471252441,-13.875031471252441,-3.15441757265944e-05,0.9999686199672089
mbe_376,nan,MBE-1978-83-part5,train,Which of the following statements regarding the legal effect of Daniel's illness is LEAST accurate?,C,C,True,1,1566,91,"C  
Reasoning: The gold passage states that a party's obligation to perform under a contract is only excused when the other party's breach is so substantial that it defeats the object of the parties in making the contract. It does not support the idea that Paul was under a duty of immediate performance regardless of the circumstances, such as Daniel's illness. Therefore, option (C) is the least accurate statement regarding the legal effect of Daniel's illness.",,-9.500205993652344,-9.000205993652344,-0.00020592445798683912,-11.875205993652344,0.99979481818372
mbe_382,nan,MBE-1978-83-part5,train,The most generally accepted basis on which a court will hold that X has a legal duty to aid another ,D,A,False,1,1368,118,"A  
Reasoning: The gold passage indicates that a legal duty to aid another can arise from the circumstances surrounding an individual's conduct. While it states that generally there is no legal duty to aid another in peril, it also outlines specific situations where a failure to act may constitute a breach of legal duty. Among the options provided, (A) refers to the immediate danger of serious harm to another human being from a stranger's wrongful conduct, which aligns with the idea of recognizing a duty based on the circumstances of danger. Therefore, (A) is the most appropriate choice based on the passage.",,-0.9165474772453308,-1.4165475368499756,-2.1665475368499756,-1.4165475368499756,0.4000694477506855
mbe_383,nan,MBE-1978-83-part5,train,"Jones, angry at a neighbor with whom he had quar. reled, for revenge surreptitiously removed a piece",B,A,False,1,1526,117,"A  
Reasoning: The gold passage defines larceny as the fraudulent and wrongful taking and carrying away of the property of another with the intent to convert it to the taker's use without the owner's consent. In Commonwealth v. Mason, the sisters took a dog with the intent to conceal it until a reward was offered, which aligns with the definition of larceny as they wrongfully took the property of another without consent. This case is most applicable as a precedent for Jones's actions, as both involve the wrongful taking of property with intent to control it without the owner's consent.",,-0.0006396461394615471,-100.0,-100.0,-7.50063943862915,0.9994472212484324
mbe_384,nan,MBE-1978-83-part5,train,"Harris, a heroin addict, broke into a home and took several cameras and watches, which he promptly p",A,D,False,1,1709,143,"D  
Reasoning: The gold passage discusses the definition of larceny, emphasizing that it involves the taking of personal property with the intent to deprive the owner of it. In the case of Harris, he took cameras and watches with the intent to sell them for cash to buy drugs, which aligns with the definition of larceny. Among the options, King v. Pear is most applicable as it involves a clear case of larceny where the defendant took property (a horse) with the intent to deprive the owner of it, similar to Harris's actions. The other cases do not involve the same clear intent to permanently deprive the owner of their property, making D the most relevant precedent.",,-1.9107462167739868,-9.535746574401855,-7.785746097564697,-0.16074620187282562,0.8515371725892289
mbe_386,nan,MBE-1978-83-part5,train,"Baker, the seller, authorized Ruiz in writing to sign a contract for the sale and purchase of land f",D,C,False,1,1472,75,"C  
Reasoning: The gold passage establishes that a contract for the sale of land must be in writing to be enforceable. Since Baker did not personally sign the contract, she cannot enforce it against Arthur, who is invoking the Statute of Frauds. Therefore, Baker will lose the case because she did not sign the contract personally, making answer (C) correct.",,-10.288086891174316,-11.413086891174316,-0.03808693215250969,-3.2880868911743164,0.9626297079950732
mbe_387,nan,MBE-1978-83-part5,train,A state statute requires that all buses which operate as common carriers on the highways of the stat,C,C,True,1,1231,88,"C  
Reasoning: The gold passage indicates that a state law that burdens interstate commerce may violate the dormant Commerce Clause if the burden is clearly excessive in relation to the local benefits. Since Transport Lines is an interstate carrier and the statute imposes a requirement that could be seen as a burden on its operations, the best basis for a constitutional challenge would be that the statute creates an unreasonable burden on interstate commerce, making answer (C) correct.",,-100.0,-100.0,-20.5,-100.0,1.0
mbe_388,nan,MBE-1978-83-part5,train,"Amy Docent, a state college instructor, was discharged because of her refusal to comply with a state",B,A,False,1,1332,109,"A  
Reasoning: The gold passage emphasizes that the First Amendment protects a public employee's right to speak as a citizen on matters of public concern. However, it also indicates that if a public employee is not speaking as a private citizen or about a matter of public concern, the government can restrict that speech. Therefore, the strongest argument for sustaining the validity of the statute is that government employment is a privilege, not a right, which supports the state's ability to impose conditions on employment, making answer (A) the most aligned with the passage.",,-0.43153977394104004,-2.43153977394104,-1.43153977394104,-3.93153977394104,0.6521404095438512
mbe_391,nan,MBE-1978-83-part5,train,In 1955 Alpha and Della entered into a contract with John whereby Alpha and Della contracted to sell,C,C,True,1,1545,145,"C  
Reasoning: The gold passage discusses the conditions under which specific performance may be granted, emphasizing that it is an equitable remedy typically ordered when legal remedies are inadequate. However, it does not address the specific ownership interests in Blackacre or any potential claims by third parties. Given that the question involves the potential interest of Bill, who is the brother and heir of Owen, and the American Red Cross, which has a future interest in Blackacre, the passage implies that these interests could affect the ability of Alpha and Della to convey good title. Therefore, the prayer for specific performance will be denied due to Bill's valid interest in Blackacre, making answer (C) the most appropriate choice based on the information provided.",,-5.011393070220947,-6.261393070220947,-0.26139312982559204,-1.5113930702209473,0.7706325724177866
mbe_392,nan,MBE-1978-83-part5,train,In 1946 the interest of the American Red Cross in Blackacre could be best described as a,B,C,False,1,1837,117,"C  
Reasoning: The gold passage defines an executory interest as a future interest held by a third person that begins after the natural termination of a preceding estate. In the case of Blackacre, the American Red Cross has an interest that will take effect if the property is used for purposes other than residential, which fits the definition of an executory interest. Since this interest does not vest at the execution of the deed but rather upon the occurrence of a condition (the change in use), it is classified as a valid executory interest. Therefore, answer (C) is correct.",,-5.414867401123047,-1.9148672819137573,-0.16486723721027374,-9.289867401123047,0.8480826482379507
mbe_393,nan,MBE-1978-83-part5,train,"In most states, would Brill's saving of Mary's life be regarded as sufficient consideration for Ace'",C,B,False,1,1478,101,"B  
Reasoning: The gold passage defines consideration as a benefit or profit that is sought by the promisor in exchange for their promise. In this case, Ace's promise to pay Brill $1,000 was made in recognition of the benefit he received from Brill saving his wife's life. Therefore, Ace was materially benefited by Brill's act, which supports the idea that Brill's saving of Mary's life constitutes sufficient consideration for Ace's promise. Thus, answer (B) is correct.",,-12.750030517578125,-3.0590548703912646e-05,-10.500030517578125,-100.0,0.999969562154511
mbe_394,nan,MBE-1978-83-part5,train,"With respect to the recital that Brill had agreed not to file a claim against Ace's estate, what add",B,B,True,1,1549,97,"B  
Reasoning: The gold passage indicates that recitals in contracts are not binding and do not create enforceable promises. Therefore, the recital that Brill agreed not to file a claim against Ace's estate does not strengthen his claim. However, if Brill reasonably believed he had a valid claim when the instrument was signed, this belief could support the argument that there was sufficient consideration for the promise, making answer (B) the most relevant choice to strengthen Brill's claim.",,-5.50607442855835,-0.0060743181966245174,-6.25607442855835,-10.006073951721191,0.993973909071632
mbe_395,nan,MBE-1978-83-part5,train,On which of the following theories would it be most likely that Brill could recover?,A,A,True,1,1662,105,"A  
Reasoning: The gold passage discusses the validity of compromises, stating that a compromise is valid if there is a meeting of the minds and that compromises are favored in the law. Since Ace's promise to pay Brill was made in consideration of Brill's agreement to bring no claims against Ace's estate, this indicates a potential compromise between the parties regarding the claim. Therefore, Brill could recover on the theory that Ace and Brill have made a compromise, making answer (A) the most likely correct choice.",,-0.03861122578382492,-3.2886111736297607,-8.16361141204834,-8.78861141204834,0.9622520863529576
mbe_396,nan,MBE-1978-83-part5,train,Brown suffered from the delusion that he was a special agent of God. He frequently experienced hallu,B,B,True,1,1494,108,"B  
Reasoning: The gold passage outlines the requirements for a finding of insanity under the M'Naghten test, which includes the necessity for the accused to have acted under a delusional compulsion and that the act was connected to the delusion. The strongest argument for Brown's defense would be that he did not know that his act was morally wrong, as this aligns with the requirement that the delusion must relate to a fact that would justify the act. Therefore, answer (B) is the most supported by the passage.",,-3.5475757122039795,-0.04757576063275337,-4.047575950622559,-9.172575950622559,0.9536325460147163
mbe_397,nan,MBE-1978-83-part5,train,The violation of the crosswalk statute by Walker should not defeat her cause of action against Drive,D,B,False,1,1599,105,"B  
Reasoning: The gold passage indicates that a statute's violation is deemed negligence per se if the injury was caused by the law's violation and was of the type intended to be prevented by the statute. However, it does not state that a pedestrian's violation of a crosswalk statute automatically defeats their claim if they were injured by a driver's violation of a traffic light statute. Therefore, pedestrians are entitled to assume that automobile drivers will obey the law, making answer (B) the most appropriate choice based on the passage.",,-13.501172065734863,-0.0011723674833774567,-6.7511725425720215,-100.0,0.9988291221866725
mbe_398,nan,MBE-1978-83-part5,train,The failure of Driver to have a valid driver's license has which of the following effects?,B,B,True,1,1614,67,"B  
Reasoning: The gold passage discusses contributory negligence and its definition, but it does not provide any information regarding the implications of Driver's lack of a valid driver's license. Therefore, based on the passage, we cannot conclude that Driver's expired license would furnish a basis for liability, making answer (B) the correct choice.",,-100.0,-19.0,-100.0,-100.0,1.0
mbe_399,nan,MBE-1978-83-part5,train,"If Walker establishes liability on the part of Driver for her physical injuries, should Walker's rec",D,D,True,1,1578,105,"D  
Reasoning: The gold passage describes the ""eggshell plaintiff"" rule, which holds that a tortfeasor is responsible for the full extent of a plaintiff's damages, regardless of the plaintiff's pre-existing condition or susceptibility to injury. Since Walker's brittle bones are a pre-existing condition, Driver is still liable for the full extent of her injuries, including the broken leg, even if such an injury would not have been foreseeable for a person without her condition. Therefore, answer (D) is correct.",,-13.500044822692871,-10.250044822692871,-11.750044822692871,-4.4656579120783135e-05,0.9999553842133049
mbe_400,nan,MBE-1978-83-part5,train,Walker's violation of the crosswalk statute should not be considered by the jury because,D,D,True,1,1626,96,"D  
Reasoning: The gold passage states that for a violation of a statute to constitute negligence per se, it must protect the class of persons in which the plaintiff is included and against the type of harm that has occurred as a result of the violation. If Walker's injury was not a result of a risk that the statute was designed to protect against, then her violation of the crosswalk statute should not be considered by the jury. Therefore, answer (D) is correct.",,-10.250044822692871,-100.0,-12.000044822692871,-4.5014188799541444e-05,0.9999585000011701
mbe_401,nan,MBE-1978-83-part6,train,Paulsen was eating in a restaurant when he began to choke on a piece of food that had lodged in his ,C,C,True,1,1262,85,"C  
Reasoning: The gold passage states that a bystander has no duty to provide affirmative aid to an injured person, even if they have the ability to help. Since Dow, as a bystander and a physician, had no legal obligation to assist Paulsen, he cannot be held responsible for Paulsen's condition. Therefore, Paulsen will not prevail in his claim against Dow, making answer (C) correct.",,-100.0,-100.0,-3.128163257315464e-07,-18.75,0.9999999928058647
mbe_402,nan,MBE-1978-83-part6,train,"Pine, aged 25, contemplates marrying Ross, aged 25. Both are residents of the state of Champlain. Pi",D,D,True,1,1696,88,"D  
Reasoning: The gold passage defines ""ripeness"" as a requirement that there be an actual injury to the individual invoking judicial power, rather than a hypothetical one. Since Pine has not yet proposed to Ross and is merely contemplating marriage, there is no actual injury or dispute based on present facts, making the suit unripe. Therefore, answer (D) is the clearest ground for dismissal of the action by the court.",,-100.0,-17.75,-100.0,0.0,0.9999999804443193
mbe_403,nan,MBE-1978-83-part6,train,"In a case in which the constitutionality of the Young Adult Marriage Counseling Act is in issue, the",C,C,True,1,1505,80,"C  
Reasoning: The gold passage indicates that heightened scrutiny applies when there is a substantial burden on a fundamental right, specifically mentioning the right to marry. Since the Young Adult Marriage Counseling Act imposes conditions on the issuance of marriage licenses, it likely impacts the fundamental right to marry. Therefore, the burden of persuasion would be on the state to justify the law, making answer (C) correct.",,-16.5,-100.0,-5.512236498361744e-07,-100.0,0.9999999317439332
mbe_411,nan,MBE-1978-83-part6,train,"If Child's claim against Seller is based on negligence, the minimum proof necessary to establish Sel",D,A,False,1,1481,88,"A  
Reasoning: The gold passage discusses the liability of a manufacturer for placing a defective product on the market and emphasizes the need for causation and damages. However, it does not provide any information regarding the necessity of inspection or the seller's knowledge of the defect. Therefore, the minimum proof necessary to establish Seller's liability based solely on negligence would be that the ventilating system was defective, making answer (A) the correct choice.",,-0.5234684348106384,-4.023468494415283,-3.523468494415283,-1.0234684944152832,0.5929386682884028
mbe_412,nan,MBE-1978-83-part6,train,"If Child's claims against Mobilco, Heatco, and Coolco are based on strict liability in tort, Child w",A,C,False,1,1426,130,"C  
Reasoning: The gold passage states that a manufacturer is strictly liable if its product is defectively manufactured, defectively designed, or distributed without adequate instructions or warnings. In this case, Mobilco is likely liable for the defectively designed ventilating system, which caused the excessive heat in Child's room. Heatco is also likely liable because its furnace contributed to the excessive heat that caused Child's injuries. However, there is no indication in the passage that Coolco's air conditioning unit was defectively designed or contributed to the injuries. Therefore, Child will probably recover against Mobilco and Heatco only, making answer (C) correct.",,-2.813945770263672,-8.813945770263672,-0.3139456808567047,-1.5639456510543823,0.7305705145874127
mbe_413,nan,MBE-1978-83-part6,train,"Cars driven by Pugh and Davidson collided, and Davidson was charged with driving while intoxicated i",B,B,True,1,1467,71,"B  
Reasoning: The gold passage indicates that a ""record of conviction"" is a written account evidencing the fact of conviction, and it does not limit this definition to only a final order signed by a judge. Therefore, the properly authenticated record of Davidson's conviction can be admitted as proof of her intoxication, making answer (B) correct.",,-10.750044822692871,-4.4418171455617994e-05,-10.750044822692871,-100.0,0.9999571110402589
mbe_415,nan,MBE-1978-83-part6,train,A state statute makes it a felony for any teacher at a state institution of higher education to acce,C,C,True,1,1339,98,"C  
Reasoning: The gold passage emphasizes the importance of ascertaining the intent of the Legislature as expressed through the language of the statute. Since the statute specifically makes it a felony for teachers to accept anything of value from students, Monroe can argue that the legislature did not intend to punish the person giving the thing of value (the student), which supports answer (C) as the best argument for dismissal of the charge against him. The passage does not provide support for the other options.",,-10.752950668334961,-6.002950191497803,-0.0029503628611564636,-7.752950191497803,0.9970776246909047
mbe_416,nan,MBE-1978-83-part6,train,In which of the following situations is Defendant most likely to be guilty of the crime charged?,B,D,False,1,1387,102,"D  
Reasoning: The gold passage outlines the elements necessary for theft by trick, which includes taking property with the intent to deprive the owner of it wholly and permanently. In option D, Defendant borrows Owner's car with permission but later decides to keep it until the next morning, which indicates an intent to deprive the owner of the property beyond the agreed time. This aligns with the elements of theft as described in the passage, making Defendant most likely guilty of embezzlement in this scenario.",,-11.875030517578125,-11.250030517578125,-100.0,-3.023293538717553e-05,0.9999800308020834
mbe_418,nan,MBE-1978-83-part6,train,"Dean, charged with murder, was present with her attorney at a preliminary examination when White, wh",A,A,True,1,1468,97,"A  
Reasoning: The gold passage indicates that former testimony is admissible under Evidence Code section 1291 if the party against whom it is offered had a similar motive and opportunity for cross-examination at the first proceeding. Since Dean was present with her attorney at the preliminary examination when White testified, and the motives to discredit White would be similar in both proceedings, White's testimony from the preliminary examination is admissible as former testimony. Thus, answer (A) is correct.",,-6.034592388459714e-06,-100.0,-15.250005722045898,-100.0,0.9999997617630155
mbe_419,nan,MBE-1978-83-part6,train,"Potts, a building contractor, sued Dennis for failure to pay on a small cost-plus construction contr",B,B,True,1,1241,87,"B  
Reasoning: The gold passage states that witnesses must have first-hand knowledge of the subject on which they are testifying for that testimony to be admissible. Since Potts personally supervised all of the work, he has first-hand knowledge of the amount of pipe used, the number of workers, and the hours spent grading. Therefore, his testimony is admissible based on this first-hand knowledge, making answer (B) correct.",,-13.250004768371582,-5.080963092041202e-06,-13.250004768371582,-100.0,0.9999964793186702
mbe_420,nan,MBE-1978-83-part6,train,"While testifying as a witness in a civil trial, Walters was asked on cross-examination if he had bee",D,D,True,1,1442,108,"D  
Reasoning: The gold passage discusses the importance of the mental state, or ""mens rea,"" in determining guilt for many crimes. It indicates that individuals should not be punished when their intentions were innocent. If the jury believes Walters' testimony that he relied on incorrect legal advice from his attorney, it suggests that he lacked the necessary mental state to knowingly make a false statement under oath. Therefore, if the jury finds that he did not have the requisite guilty mind, they should find him not guilty, making answer (D) correct.",,-4.041040897369385,-10.166041374206543,-3.7910408973693848,-0.04104095324873924,0.9598094641264474
mbe_421,nan,MBE-1978-83-part6,train,A grand jury was investigating a bank robbery. The only information known to the prosecutor was a ru,B,B,True,1,1319,86,"B  
Reasoning: The gold passage indicates that grand jury testimony is admissible as substantive evidence at trial in limited circumstances. Since Simmons' testimony was acquired as a result of Taylor's grand jury testimony, it suggests that there may be limitations on its admissibility. Therefore, Taylor's objection to Simmons' testimony should be sustained based on the premise that it was derived from Taylor's own testimony, making answer (B) correct.",,-6.795654773712158,-0.04565487802028656,-5.045654773712158,-3.295654773712158,0.9553990677528298
mbe_422,nan,MBE-1978-83-part6,train,Doe is prosecuted for giving his 14-year-old daughter a glass of wine in violation of a state statut,B,B,True,1,1384,105,"B  
Reasoning: The gold passage indicates that to establish a free exercise claim, the court must first determine if the plaintiff espouses a bona fide religion and sincerely holds these beliefs. However, it does not support the idea that the court should determine the reasonableness of Doe's religious beliefs. The focus is on the sincerity and bona fide nature of the beliefs rather than their reasonableness, making answer (B) the correct choice as the court may NOT properly determine the reasonableness of Doe's religious beliefs.",,-7.00341272354126,-0.0034126094542443752,-6.00341272354126,-100.0,0.9966208237935176
mbe_423,nan,MBE-1978-83-part6,train,"A federal statute requires United States civil service employees to retire at age 75. However, that ",D,D,True,1,1261,100,"D  
Reasoning: The gold passage discusses the Equal Protection Clause of the Fourteenth Amendment, which restricts invidious discrimination based on characteristics such as race or gender. Although the passage does not explicitly mention age discrimination, it implies that discrimination based on characteristics is subject to scrutiny. Prentis can argue that the law discriminates against him based on age, which aligns with the concept of invidious discrimination referenced in the passage, making answer (D) the strongest argument he can make.",,-2.814859390258789,-100.0,-100.0,-0.06485933065414429,0.9399133531922388
mbe_424,nan,MBE-1978-83-part6,train,Light Company is the sole distributor of electrical power in City. The Company owns and maintains al,A,C,False,1,1659,111,"C  
Reasoning: The gold passage emphasizes that property owners have a duty to maintain their property and make reasonable repairs to avoid injuries. It also indicates that liability is typically found if the property owner knew or should have known of a hazardous condition. In this case, Light Company may not be liable unless it failed to exercise reasonable care to prevent the dangerous condition caused by the destruction of the insulators. Therefore, Paul will not recover unless it can be shown that Light Company did not take reasonable steps to address the issue, making answer (C) correct.",,-7.25105619430542,-100.0,-0.0010560338851064444,-8.001055717468262,0.9989554552057296
mbe_425,nan,MBE-1978-83-part6,train,"The city of Metropolis has an ordinance that makes it an offense, punishable by fine, for the owner ",C,B,False,1,1569,90,"B  
Reasoning: The gold passage outlines the requirements for a claim of intentional infliction of emotional distress (IIED), which include that the defendant's conduct must be extreme and outrageous. Since the question states that Smythe's actions were directed towards Nelson and could be considered extreme and outrageous, if it is found that these actions caused Joplin severe emotional distress, then Joplin would prevail. Therefore, answer (B) is correct.",,-9.250114440917969,-0.00011415231710998341,-12.250114440917969,-100.0,0.9998991134387906
mbe_426,nan,MBE-1978-83-part6,train,Davison was driving through an apartment building area plagued with an unusually high incidence of b,A,C,False,1,1374,94,"C  
Reasoning: The gold passage indicates that while evidence uncovered as a result of an unlawfully prolonged stop may typically be suppressed, it also notes that the exclusionary rule has exceptions. Since the officer's conduct was consistent with an established police plan to combat crime, this suggests that the stop was lawful and therefore the evidence should not be suppressed. Thus, the motion to suppress the use of the marijuana as evidence should be denied, making answer (C) correct.",,-5.456198215484619,-7.706198215484619,-0.20619815587997437,-1.7061982154846191,0.8137155007245452
mbe_427,nan,MBE-1978-83-part6,train,In which of the following situations is Defendant most likely to be guilty of common-law murder?,B,B,True,1,1260,102,"B  
Reasoning: The gold passage discusses the felony-murder rule, which applies when a murder occurs during the commission of a felony. In this case, Defendant was committing a robbery when the accidental discharge of the revolver resulted in the death of Johnson. This situation demonstrates a continuous transaction between the felony (robbery) and the murder, making Defendant most likely guilty of common-law murder under the felony-murder rule. The other options do not involve a felony being committed at the time of the death.",,-2.822139263153076,-0.07213923335075378,-5.697139263153076,-100.0,0.9367379440724379
mbe_428,nan,MBE-1978-83-part6,train,"Morgan conveyed Greenacre, her one-family residence, to ""Perez for life, remainder to Rowan, her hei",A,C,False,1,3060,130,"C  
Reasoning: The gold passage indicates that the life tenant (Perez) has the obligation to pay the interest on the mortgage but is not required to pay any part of the principal unless otherwise stipulated in the instrument creating the life estate. Since there is no special provision in the conveyance that requires Perez to pay the principal, he is only responsible for the interest payments. Therefore, the correct allocation of the burden for payment is that Perez must pay both the principal and interest payments to First Bank, as the life tenant is responsible for the interest and the principal is not required to be paid by him. Thus, answer (C) is correct.",,-1.2322591543197632,-2.9822590351104736,-0.4822591245174408,-100.0,0.6433137163117099
mbe_429,nan,MBE-1978-83-part6,train,"Anders conveyed her only parcel of land to Burton by a duly executed and delivered warranty deed, wh",C,C,True,1,1507,106,"C  
Reasoning: The gold passage discusses equitable charges and the nature of interests in property, but it does not provide any information regarding the creation of a determinable fee or a fee subject to condition subsequent. It emphasizes that an equitable charge is a security interest and does not imply that the grantor retains any property interest. Therefore, the most relevant choice based on the passage is (C), which states that the language of the deed created only a contractual obligation and did not provide for retention of property interest by the grantor.",,-8.15649700164795,-100.0,-0.031496722251176834,-3.53149676322937,0.9704089069971411
mbe_431,nan,MBE-1978-83-part6,train,"Congress passes a law regulating the wholesale and retail prices of ""every purchase or sale of oil, ",D,D,True,1,1672,97,"D  
Reasoning: The gold passage indicates that Congress has the authority to regulate activities that have a substantial relation to interstate commerce, which includes those activities that substantially affect interstate commerce. The statement in option (D) aligns with this principle, as it suggests that domestic purchases or sales of oil, natural gas, and electric power, when considered in aggregate, can affect interstate or foreign commerce. This makes option (D) the strongest argument in support of the constitutionality of the statute.",,-100.0,-5.00681734085083,-9.256817817687988,-0.006817431654781103,0.9932123281257178
mbe_432,nan,MBE-1978-83-part6,train,"In an action by Wheeler against Byer, Wheeler probably will recover",A,D,False,1,1333,81,"D  
Reasoning: The gold passage indicates that a seller may recover the contract price only if the buyer wrongfully refuses to accept the property. Since the contract between Singer and Byer explicitly forbids assignment without consent, Wheeler's assignment of rights is invalid. Therefore, Wheeler cannot recover anything from Byer because the assignment was not permitted under the terms of the contract, making answer (D) correct.",,-100.0,-10.57895278930664,-2.578953266143799,-0.07895323634147644,0.9241183054788534
mbe_433,nan,MBE-1978-83-part6,train,"In an action by Byer against Singer for breach of contract, Byer probably will",D,B,False,1,1404,103,"B  
Reasoning: The gold passage indicates that when the seller (Singer) ships the goods (chairs) by carrier, the risk of loss passes to the buyer (Byer) when the goods are duly delivered to the carrier. Since the chairs were placed on board the carrier by Singer, the risk of loss transferred to Byer at that point. Therefore, Byer will not succeed in a breach of contract action against Singer because the risk of loss was on Byer at the time of the derailment.",,-7.329685211181641,-0.07968532294034958,-8.95468521118164,-2.5796852111816406,0.9234164358166191
mbe_434,nan,MBE-1978-83-part6,train,"Dutton, disappointed by his 8-year-old son's failure to do well in school, began systematically depr",B,C,False,1,1507,113,"C  
Reasoning: The gold passage discusses but-for causation, emphasizing that it determines whether a particular factor was necessary to produce a result, without regard to the degree of contribution. In this case, Dutton's actions of depriving his son of food and failing to seek medical treatment can be seen as a necessary factor that contributed to the child's suffering and eventual death, regardless of the underlying cause of death being cancer. Therefore, the father's treatment of his son demonstrates a reckless indifference to the value of life, making answer (C) the correct choice.",,-6.542450904846191,-3.2924511432647705,-0.04245104268193245,-100.0,0.9612818331816665
mbe_435,nan,MBE-1978-83-part6,train,"Vance had cheated Dodd in a card game. Angered, Dodd set out for Vance's house with the intention of",C,C,True,1,1287,94,"C  
Reasoning: The gold passage states that an attempt requires both an intent to engage in criminal conduct and conduct that constitutes a substantial step toward the commission of the offense. Dodd had the intent to commit a crime of violence (shooting Vance) and was close to entering Vance's property, which can be interpreted as a substantial step toward committing that crime. Therefore, Dodd should be found guilty under the statute, making answer (C) correct.",,-5.008644104003906,-6.258644104003906,-0.008644001558423042,-100.0,0.9914060951595691
mbe_436,nan,MBE-1978-83-part6,train,Congress enacted a statute providing that persons may challenge a state energy law on the ground tha,B,B,True,1,1384,66,"B  
Reasoning: The gold passage indicates that Congress has the authority to determine the manner in which the appellate jurisdiction of the United States Supreme Court is exercised. This supports the constitutionality of the provisions in the statute that allow for direct Supreme Court review of specified decisions rendered by lower state courts, making answer (B) correct.",,-100.0,-19.375003814697266,-100.0,-100.0,1.0
mbe_437,nan,MBE-1978-83-part6,train,"After several days of negotiations, Ohner wrote to Plummer: ""Will pay you $3,000 if you will install",D,C,False,1,1420,127,"C  
Reasoning: According to the gold passage, a contract is formed when an offer is made and accepted. Plummer's letter on March 20 indicated a willingness to accept Ohner's offer for $3,000, but Ohner did not respond to this acceptance. However, Plummer began the work on April 5, which, under the passage, indicates that by taking the benefits of the offered services (beginning the work), Plummer is deemed to have accepted the offer and formed a contract. Therefore, a contract was formed on April 5 when Plummer began work, making answer (C) correct.",,-7.57703161239624,-9.202032089233398,-0.20203183591365814,-1.7020318508148193,0.8170733734043907
mbe_438,nan,MBE-1978-83-part6,train,"For this question only, assume that Ohner was unable to obtain the loan, and, on January 31, phoned ",A,A,True,1,1371,114,"A  
Reasoning: The gold passage defines a ""condition precedent"" as an event that must occur before a contract becomes effective or before one party is obligated to perform. In this case, the agreement that Ohner must obtain a $5,000 loan from the First National Bank before January 31 is clearly a condition precedent to the enforceability of the contract. Since Ohner was unable to obtain the loan, the contract was never effective, and he can successfully assert this as a defense against a breach of contract claim. Therefore, answer (A) is correct.",,-2.15310683415737e-05,-100.0,-100.0,-100.0,1.0
mbe_439,nan,MBE-1978-83-part6,train,"For this question only, assume that Ohner obtained the loan, that Artisan completed the remodeling o",D,D,True,1,1928,83,"D  
Reasoning: The gold passage indicates that a contract can be modified through the parties' mutual intent and their course of dealing. Since Artisan and Ohner effectively modified their written contract by completing the remodeling and Ohner paying Artisan, this action demonstrates a mutual agreement to alter the original terms. Therefore, Neese's rights under the original contract are negated by this modification, making answer (D) correct.",,-15.75000286102295,-100.0,-13.00000286102295,-2.45848218582978e-06,0.9999975951793196
mbe_440,nan,MBE-1978-83-part6,train,Dryden is tried on a charge of driving while intoxicated. When Dryden was booked at the police stati,B,B,True,1,1326,98,"B  
Reasoning: The gold passage discusses the concept of ""probative value,"" which refers to evidence's ability to establish or disestablish a legally necessary proposition in the case. The videotape showing Dryden's unsteady behavior and slurred speech has a tendency to support the proposition that he was driving while intoxicated, thus providing probative value. The passage does not indicate that the evidence would be substantially outweighed by unfair prejudice, making answer (B) the correct choice.",,-8.750160217285156,-0.00016063073417171836,-13.625160217285156,-100.0,0.9998403542325616
mbe_441,nan,MBE-1978-83-part6,train,"Talbot and Rogers, as lessees, signed a valid lease for a house. Lane, the landlord, duly executed t",C,C,True,1,1481,93,"C  
Reasoning: The gold passage establishes that contracts, including leases, are freely assignable unless there is clear language expressly prohibiting assignment. The lease in question contains a provision that prohibits assignment without the landlord's consent, but it does not indicate that Talbot, as a co-tenant, is a beneficiary of this nonassignment provision. Therefore, Talbot cannot prevail on the basis of the lease's prohibition against assignment, making answer (C) correct.",,-7.688892364501953,-1.3138924837112427,-0.3138924837112427,-8.688892364501953,0.7306006916160798
mbe_442,nan,MBE-1978-83-part6,train,"If Jones sues Abstract Company for damages caused to Jones by the presence of the right-of-way, the ",A,C,False,1,1491,118,"C  
Reasoning: The gold passage indicates that a third-party beneficiary is only bound by the terms of the underlying contract if their claims arise from their status as a third-party beneficiary. In this case, Jones is not a party to the contract between Sloan and Abstract Company, and there is no indication that his claims arise from any third-party beneficiary status. Additionally, since Abstract Company had no knowledge of the right-of-way, it is likely that they would not be held liable for damages. Therefore, the most likely result is a decision for Abstract Company, making answer (C) correct.",,-11.002493858337402,-13.752493858337402,-0.0024938490241765976,-6.002493858337402,0.9975096955405536
mbe_443,nan,MBE-1978-83-part6,train,"If Jones sues Sloan because of the presence of the right-of-way, the most likely result will be a de",B,C,False,1,1591,128,"C  
Reasoning: The gold passage outlines the elements of negligent misrepresentation, which include a false statement of material fact, carelessness in ascertaining the truth, intention to induce reliance, reliance by the other party, and resulting damage. In this case, Sloan was without knowledge of the right-of-way and did not make a false statement regarding the title. Since Jones relied on Abstract Company for the title information and not directly on Sloan, it indicates that Sloan did not have a duty to communicate accurate information about the right-of-way. Therefore, the most likely result will be a decision for Sloan, making answer (C) correct.",,-8.174590110778809,-7.299590110778809,-0.049590349197387695,-3.0495903491973877,0.9516619602352494
mbe_444,nan,MBE-1978-83-part6,train,"Congress enacts a criminal statute prohibiting ""any person from interfering in any way with any righ",A,D,False,1,1285,120,"D  
Reasoning: The gold passage discusses fundamental rights in the context of equal protection, specifically mentioning rights of a uniquely private nature, the right to vote, the right of interstate travel, and rights guaranteed by the First Amendment. Among the options, choice (D) involves a federal official distributing federal benefits, which relates to a fundamental right and the enforcement of equal protection under the law. The other options either involve private actions or do not clearly relate to the enforcement of rights conferred by the equal protection clause, making (D) the most clearly constitutional application of the statute to Jones's actions.",,-2.823103427886963,-4.948103427886963,-1.573103427886963,-0.3231034278869629,0.725482263154119
mbe_445,nan,MBE-1978-83-part6,train,"If Innes asserts a claim against Paint Company, the most likely result is that she will",A,B,False,1,1465,97,"B  
Reasoning: The gold passage defines an invitee as someone who enters the premises of another at the express or implied invitation of the owner or occupier for mutual benefit. Innes, as a secretary in the building, would likely be considered an invitee of the tenant (Glass) since she was present in the building for mutual benefit. Therefore, she may have a valid claim against Paint Company based on her status as an invitee, making answer (B) correct.",,-6.661563396453857,-0.16156360507011414,-1.9115636348724365,-10.411563873291016,0.8508373728892206
mbe_446,nan,MBE-1978-83-part6,train,"If Innes asserts a claim against Glass, the most likely result is that she will",D,C,False,1,1714,107,"C  
Reasoning: The gold passage discusses the doctrine of respondeat superior, which holds an employer liable for the negligence of an employee only when the employee is acting within the scope of their employment. In this case, Glass's employees were using the glue for its intended purpose during a remodeling job. Since the employees were acting within the scope of their employment and the use of the glue was appropriate for the task, Innes is unlikely to recover damages against Glass. Therefore, answer (C) is the most supported by the passage.",,-7.976467609405518,-6.226467609405518,-0.47646769881248474,-0.9764677286148071,0.6210152142938077
mbe_447,nan,MBE-1978-83-part6,train,In an action by Esther against Miller on account of the executor's repudiation of Gray's promise to ,C,A,False,1,1335,78,"A  
Reasoning: The gold passage states that gratuitous promises are not enforceable as contracts due to the lack of consideration. Since Miller's promise to pay Esther's expenses was made in response to Gray's promise and does not constitute a binding contract, the strongest defense for Miller would be that the parties did not manifestly intend a contract. Therefore, answer (A) is correct.",,-0.5378926992416382,-1.0378926992416382,-2.7878928184509277,-8.66289234161377,0.5840350799136
mbe_448,nan,MBE-1978-83-part6,train,"In an action against Gray's estate for $2,000 on account of the two ""A's,"" if the only defense raise",B,B,True,1,1705,87,"B  
Reasoning: The gold passage explains that a bargained-for exchange exists when one party's promise induces the other party's performance. In this case, Gray's promise to pay Esther for her ""A's"" in law school can be seen as inducing her to perform well in her studies. Therefore, Esther's performance (earning ""A's"") is a valid consideration for Gray's promise, making answer (B) correct.",,-8.750207901000977,-0.00020771251001860946,-10.500207901000977,-100.0,0.9998140368493191
mbe_449,nan,MBE-1978-83-part6,train,"In Polk's negligence action against Dell arising out of a multiple-car collision, Witt testified for",C,A,False,1,1409,81,"A  
Reasoning: The gold passage explains that impeachment evidence is designed to discredit a witness and includes prior inconsistent statements. Since Witt's statement in the deposition contradicts her testimony regarding the traffic light, Dell's inquiry about that statement is admissible for impeachment purposes. However, the passage does not indicate that such evidence can be used as substantive evidence in this context, making answer (A) correct.",,-0.1604236662387848,-9.535423278808594,-1.9104236364364624,-100.0,0.8518912395594751
mbe_450,nan,MBE-1978-83-part6,train,"In 1965 Hubert Green executed his will which in pertinent part provided, ""I hereby give, devise, and",D,B,False,1,1560,135,"B  
Reasoning: The gold passage states that the rule against perpetuities voids a contingent remainder or executory interest that may vest beyond a life or lives in being at the effective date of the instrument, plus 21 years and 10 months. In this case, the remainder to Allan and Beth is valid as they were alive at the time of the will's execution. However, the substitutionary gift to the grandchildren (Carter and any future children) is void because it could vest beyond the lives of Allan and Beth, especially since Green could have married someone who was unborn at the time he executed his will. Therefore, answer (B) is correct.",,-2.3065919876098633,-0.3065919578075409,-1.8065919876098633,-100.0,0.7361247301015493
mbe_451,nan,MBE-1978-83-part6,train,Siddon worked as a private duty nurse and on occasion worked in Doctors' Hospital. The hospital call,D,D,True,1,1352,91,"D  
Reasoning: The gold passage discusses the conditions under which a conditional privilege to make a defamatory statement may be lost. Specifically, it states that the privilege may be maintained if the speaker has reasonable grounds to believe the statement is true. If Doctors' Hospital reasonably believed that Siddon took the narcotics, then the hospital would likely retain its conditional privilege, and Siddon would not recover for defamation. Therefore, answer (D) is correct.",,-8.600695610046387,-8.100695610046387,-2.3506956100463867,-0.10069561004638672,0.9042096928962071
mbe_453,nan,MBE-1985-part7,train,"Cycle Company manufactured a bicycle that it sold to Bike Shop, a retail bicycle dealer, which in tu",B,A,False,1,1388,97,"A  
Reasoning: The gold passage outlines the elements for a strict-liability manufacturing defect claim, which include that the product is defective and unreasonably dangerous, the defect existed at the time the product left the defendant's control, and the defect is the proximate cause of the plaintiff's injuries. Since it is stated that the brake failure resulted from a manufacturing defect in the bicycle, Cycle Company placed a defective bicycle into the stream of commerce, making answer (A) correct.",,-0.002165724989026785,-9.502165794372559,-6.252165794372559,-100.0,0.9979987073767786
mbe_454,nan,MBE-1985-part7,train,A federal statute sets up a program of dental education. The statute provides that the Secretary of ,D,D,True,1,1502,96,"D  
Reasoning: The gold passage indicates that there is no express constitutional language granting the President the power to unilaterally suspend the effect of a valid federal statute. Since the statute mandates that the Secretary of Health and Human Services ""shall"" spend all appropriated funds for the dental education program, the President cannot override this requirement through an executive order. Therefore, the Secretary must distribute the full $100 million as specified by the statute, making answer (D) correct.",,-100.0,-100.0,-100.0,-1.5048530030981055e-06,1.0
mbe_455,nan,MBE-1985-part7,train,"Powers sued Debbs for battery. At trial, Powers' witness Wilson testified that Debbs had made an unp",A,C,False,1,1311,80,"C  
Reasoning: The gold passage discusses the discretion of a trial court in permitting leading questions, but it does not provide support for the impeachment of a witness based on specific instances of misconduct unless they resulted in a conviction. Therefore, the question posed by Debbs regarding Wilson's false claim is improper because it involves a specific instance of misconduct rather than a conviction, making answer (C) correct.",,-3.336172103881836,-100.0,-0.08617222309112549,-3.086172103881836,0.9186437292651121
mbe_456,nan,MBE-1985-part7,train,Which of the following correctly states Byco's rights and obligations immediately after receipt of S,C,C,True,1,1700,113,"C  
Reasoning: The gold passage indicates that a party's uncured material breach can suspend or discharge the other party's obligation to perform. Since Selco's notice on May 10 raised doubts about its ability to perform, Byco can suspend its performance and demand assurances from Selco regarding its ability to fulfill the contract. However, the passage does not support the idea that Byco can treat the notice as an anticipatory repudiation or that it has a cause of action for breach of contract at that time, making answer (C) the correct choice.",,-12.125009536743164,-13.750009536743164,-9.372294698550832e-06,-100.0,0.9999935100908057
mbe_457,nan,MBE-1985-part7,train,Which of the following is NOT a correct statement of the parties' legal status immediately after Sel,D,B,False,1,1699,122,"B  
Reasoning: The gold passage indicates that a material breach does not discharge the obligation of the non-breaching party that arose before the breach. Byco has a cause of action for total breach due to Selco's repudiation, and it can choose to await performance for a commercially reasonable time. However, the passage does not support the idea that Byco can bring suit to rescind the contract while also waiting for performance, as it implies that the non-breaching party's obligations remain intact until the breach is addressed. Therefore, statement (B) is not correct according to the passage.",,-4.068963527679443,-0.5689634084701538,-1.5689634084701538,-1.5689634084701538,0.5662654401042819
mbe_458,nan,MBE-1985-part7,train,A state statute provides that persons moving into a community to attend a college on a full-time bas,B,A,False,1,1501,103,"A  
Reasoning: The gold passage discusses the strict scrutiny standard, which requires the government to demonstrate a compelling interest that is narrowly tailored to serve that interest. The strongest argument against the constitutionality of the state statute is that a state does not have an interest that is sufficiently compelling to justify the exclusion of an entire class of persons (college students) from voting. This aligns with the strict scrutiny requirement that the government must show a compelling interest, making answer (A) the most relevant choice based on the passage.",,-0.31372585892677307,-1.3137258291244507,-100.0,-100.0,0.7310585727705126
mbe_459,nan,MBE-1985-part7,train,"At a time when Ogawa held Lot 1 in the Fairoaks subdivision in fee simple, Vine executed a warranty ",D,B,False,1,2432,78,"B  
Reasoning: The gold passage discusses the importance of the chain of title and indicates that a buyer who pays fair market value and has no knowledge of prior claims is generally protected. Since Rand paid fair market value for Lot 1 and had no knowledge of Purvis' claim, he is likely to prevail over Purvis in this contest for title, making answer (B) correct.",,-4.020816802978516,-0.020816883072257042,-6.020816802978516,-100.0,0.9796292055687427
mbe_460,nan,MBE-1985-part7,train,Dillon held up a gasoline station. During the robbery he shot and killed a customer who attempted to,C,C,True,1,1262,74,"C  
Reasoning: The gold passage states that double jeopardy bars a retrial only when a conviction is reversed due to insufficient evidence. It does not indicate that a defendant cannot be prosecuted for different charges stemming from the same transaction. Therefore, there is no constitutional requirement that all known charges against Dillon be brought in the same prosecution, making answer (C) correct.",,-100.0,-100.0,-20.75,-100.0,1.0
mbe_461,nan,MBE-1985-part7,train,"Ellis, an electrical engineer, designed an electronic game known as Zappo. Ellis entered into a lice",A,C,False,1,1447,115,"C  
Reasoning: The gold passage explains that a product is defective if it contains a manufacturing defect, is defective in design, or has inadequate instructions or warnings. Since Toyco was found liable to Carla based on the defective design of Zappo, it indicates that Toyco, as the manufacturer, is strictly liable for the defect. Therefore, Toyco cannot seek indemnity from Ellis because the liability arises from Toyco's role as the manufacturer, not from any shared fault or joint tortfeasor status with Ellis. Thus, answer (C) is correct.",,-6.519712924957275,-9.644712448120117,-0.01971271075308323,-4.019712924957275,0.980502578408309
mbe_462,nan,MBE-1985-part7,train,The Prindles have lived in their residential neighborhood for many years. Delbrook moved into the ho,D,A,False,1,1417,84,"A  
Reasoning: The gold passage outlines the elements required to prove a nuisance claim, including that the use of land must be unreasonable or unlawful. If beekeeping on Delbrook's land is not prohibited by local ordinance, then it may not be considered an unreasonable use of land, which would mean the Prindles would not prevail in their claim against Delbrook. Therefore, answer (A) is correct.",,-0.17410846054553986,-4.049108505249023,-2.4241085052490234,-2.9241085052490234,0.8402786458758241
mbe_463,nan,MBE-1985-part7,train,"While crossing Spruce Street, Pesko was hit by a car that she did not see. Pesko sued Dorry for her ",C,C,True,1,1342,138,"C  
Reasoning: The gold passage indicates that for a statement to qualify as a present sense impression under Rule 803(1), it must describe or explain an event while the viewer is perceiving it or immediately thereafter. The statement made by the driver to Officer Williams occurred after the accident and was not made while perceiving the event, thus it does not qualify as a present sense impression. Additionally, it does not fit the criteria for an excited utterance under Rule 803(2) since it does not relate to a startling event or condition. Therefore, Williams' testimony about the driver's statement should be excluded as hearsay not within any exception, making answer (C) correct.",,-16.0,-14.750000953674316,-5.512236498361744e-07,-100.0,0.9999994946788222
mbe_464,nan,MBE-1985-part7,train,Post sued Dean for personal injury alleged to have been caused by Dean's negligence. A major issue a,B,C,False,1,1401,87,"C  
Reasoning: The gold passage discusses the concept of substantial evidence but does not provide any information regarding the admissibility of the textbook passages in the context of hearsay or relevance. Since the passage does not support the admissibility of the textbook passages for any purpose, including as hearsay or substantive evidence, the most appropriate conclusion based on the passage is that the textbook passages are inadmissible, making answer (C) correct.",,-9.001047134399414,-7.751047134399414,-0.001047339290380478,-7.751047134399414,0.9990160739768721
mbe_465,nan,MBE-1985-part7,train,"At the trial, can Vault prove Kernel's oral commitment to repay the loan on or before July 1?",D,D,True,1,1523,104,"D  
Reasoning: The gold passage states that the parol evidence rule renders extrinsic evidence inadmissible to add to, vary, or explain the terms of a written instrument if those terms are clear and unambiguous. In this case, the written memorandum clearly states the repayment date as September 1, which contradicts the oral commitment to repay by July 1. Therefore, Vault cannot prove Kernel's oral commitment because such evidence is barred by the parol evidence rule, making answer (D) correct.",,-100.0,-100.0,-100.0,-20.75,1.0
mbe_466,nan,MBE-1985-part7,train,"At the trial, can Vault prove Gritz's oral promise to guarantee the loan?",D,D,True,1,1461,84,"D  
Reasoning: The gold passage indicates that an oral promise may be unenforceable due to the statute of frauds, which typically requires certain agreements to be in writing to be enforceable. Since Gritz's oral promise to guarantee the loan is not documented in the memorandum, and the passage suggests that proof of such an oral promise is barred by the statute of frauds, answer (D) is correct.",,-18.75,-100.0,-17.25,-1.9361264946837764e-07,0.9999999605639935
mbe_470,nan,MBE-1985-part7,train,O'Neal entered into a written contract to sell her house and six acres known as Meadowacre to Perez ,C,C,True,1,1461,121,"C  
Reasoning: The gold passage discusses the concept of a property conveyance being ""subject to"" existing encumbrances, such as a deed of trust. In this case, the contract specified that Meadowacre was to be conveyed ""subject to easements, covenants, and restrictions of record."" Since the easement granted to Electric Company was recorded and thus an existing encumbrance, Perez did not contract to take the property subject to this easement. Therefore, O'Neal should lose her action for specific performance because Perez is not obligated to accept the property with the additional easement.",,-9.250358581542969,-9.250358581542969,-0.00035846480750478804,-8.750358581542969,0.9996494383482672
mbe_473,nan,MBE-1985-part7,train,"Darden was prosecuted for armed robbery. At trial, Darden testified in his own behalf, denying that ",A,C,False,1,1436,99,"C  
Reasoning: The gold passage discusses the relevance of evidence in relation to material propositions of fact under the Federal Rules of Evidence. It emphasizes that only evidence that tends to prove or disprove a material proposition of fact is admissible. Since burglary does not inherently involve dishonesty or false statements, it does not meet the criteria for impeachment based on the relevance to Darden's credibility in this context. Therefore, the question concerning the burglary conviction is improper, making answer (C) correct.",,-2.8191680908203125,-7.0691680908203125,-0.06916815787553787,-5.1941680908203125,0.9338934506326821
mbe_474,nan,MBE-1985-part7,train,"Osif owned Broadacres in fee simple. For a consideration of $5,000, Osif gave Bard a written option ",B,B,True,1,1543,83,"B  
Reasoning: The gold passage indicates that specific performance may be granted in cases involving contracts for the sale of land due to the uniqueness of each parcel of real property. Since Bard exercised his option and paid the agreed price for Broadacres, and given that the remedy of money damages may be inadequate in this context, the court is likely to grant specific performance to Bard, making answer (B) correct.",,-13.125016212463379,-1.6286106983898208e-05,-100.0,-100.0,0.9999980052701315
mbe_476,nan,MBE-1985-part7,train,"In Peel's personal injury action, Wilson, a physician who had no previous knowledge of the matter, s",B,B,True,1,1321,76,"B  
Reasoning: The gold passage states that an expert may rely on facts and data made known to her at the trial, as long as those facts are of a type reasonably relied upon by experts in the field. Since Wilson heard all the evidence about Peel's symptoms and conditions during the trial, she can base her opinion on that information, making answer (B) correct.",,-10.750025749206543,-2.534558552724775e-05,-13.500025749206543,-100.0,0.9999771841623805
mbe_477,nan,MBE-1985-part7,train,A federal criminal law makes it a crime for any citizen of the United States not specifically author,A,A,True,1,1931,90,"A  
Reasoning: The gold passage discusses the constitutional powers of Congress and the President in relation to foreign policy. It highlights that Congress has several enumerated powers that allow it to legislate regarding foreign affairs, including the power to declare war and the power of the purse. This supports the idea that Congress may legislate to preserve its authority over foreign affairs, making answer (A) the strongest constitutional ground for the validity of the law in question.",,-7.314625690924004e-05,-100.0,-100.0,-100.0,1.0
mbe_478,nan,MBE-1985-part7,train,"Arthur and Celia, brother and sister, both of legal age, inherited Goodacre, their childhood home, f",C,D,False,1,1700,129,"D  
Reasoning: The gold passage establishes that one cotenant cannot acquire title by adverse possession against another unless there is clear evidence of ouster. Ouster requires actual turning out or keeping excluded a party entitled to possession, and the acts relied upon must be unequivocal and distinctly hostile to the rights of the other cotenants. In this case, Arthur's actions do not demonstrate such ouster, as he did not pay rent or compensation to Celia, nor did he evince a claim of exclusive right and title that would indicate a denial of Celia's rights. Therefore, Celia should prevail, making answer (D) correct.",,-10.14829158782959,-100.0,-3.773292064666748,-0.023292062804102898,0.9769843863507321
mbe_479,nan,MBE-1985-part7,train,If Farber asserts a claim against Gasco for the los of his lettuce crop and-is unable to show any ne,A,A,True,1,1476,97,"A  
Reasoning: The gold passage indicates that the law of abnormally dangerous activities applies to hazardous activities that cause harm to others in geographic proximity. Since Gasco's operation of the storage facility involves the storage of flammable gases, which is inherently dangerous, it qualifies as an abnormally dangerous activity. Therefore, even without showing negligence, Farber can prevail in his claim for the loss of his lettuce crop due to the explosion and resulting smoke, making answer (A) correct.",,-6.2729995988775045e-06,-18.5000057220459,-100.0,-100.0,0.9999999907625453
mbe_480,nan,MBE-1985-part7,train,If Farber asserts a claim against Acme Company for the loss of his lettuce crop will Farber prevail?,D,B,False,1,1417,123,"B  
Reasoning: The gold passage indicates that an accident does not automatically imply negligence, but if the thing causing the injury is under the management of the defendant and the accident is one that does not typically happen with proper care, it can lead to an inference of negligence. Since Acme Company was an independent contractor responsible for constructing the facility, it may not be held liable for the operation of the facility or the explosion unless there is evidence of negligence in the construction itself. Therefore, Farber is unlikely to prevail against Acme based solely on the information provided in the passage, making answer (B) correct.",,-4.885916709899902,-0.13591693341732025,-2.1359169483184814,-6.760916709899902,0.8731231874830262
mbe_481,nan,MBE-1985-part7,train,Johnson and Tenfliel owned Brownacre as joint tenants with the right of survivorship. Johnson execut,C,A,False,1,1285,125,"A  
Reasoning: The gold passage indicates that under the title theory of mortgages, legal title is vested in the mortgagee (Lowden) and is defeasible, meaning that the mortgagor (Johnson) can redeem the title by paying the debt. Since Johnson died intestate and Stokes is her only heir, the title to Brownacre would now vest in Tenniel, the surviving joint tenant, but it remains subject to the mortgage because the debt has not been paid. Therefore, the correct answer is (A), which states that title is in Tenniel, with the entire interest subject to the mortgage.",,-0.14677920937538147,-2.8967792987823486,-2.8967792987823486,-4.2717790603637695,0.8741111976315794
mbe_482,nan,MBE-1985-part7,train,"Pursuant to a state statute, Clovis applied for tuition assistance to attend the Institute of Libera",C,C,True,1,1380,79,"C  
Reasoning: The gold passage establishes that laws creating classifications based on alienage are presumptively invalid, and the state must demonstrate that such a classification is the least restrictive means to achieve a compelling state interest. Since the state has not shown that the restriction on tuition assistance for resident aliens not seeking citizenship meets this standard, the classification is likely invalid, making answer (C) correct.",,-14.000161170959473,-8.750161170959473,-0.00016110755677800626,-100.0,0.9998407325264335
mbe_487,nan,MBE-1985-part7,train,Simmons and Boyd entered into a written contract for the sale and purchase of Wideacre. The contract,C,C,True,1,1425,106,"C  
Reasoning: The gold passage indicates that specific performance is not guaranteed and is subject to the court's discretion, particularly when the remedy at law is inadequate. It also emphasizes that the party seeking equity must come into court with clean hands. Since Simmons does not have a clear record title and Boyd is refusing to proceed due to this issue, it suggests that Simmons may not be able to compel Boyd to complete the transaction. Therefore, Simmons is unlikely to prevail in seeking specific performance, making answer (C) the correct choice.",,-9.750092506408691,-10.750092506408691,-9.2576454335358e-05,-11.500092506408691,0.9999101379039809
mbe_489,nan,MBE-1985-part7,train,Congress passes an act requiring that all owners of bicycles in the United States register them with,B,B,True,1,1364,108,"B  
Reasoning: The gold passage indicates that Congress has the authority to regulate commerce, but this power must have a real or substantial relation to interstate commerce. The act requiring bicycle registration could be justified if Congress determines that bicycle thefts, even if they primarily occur within a state, have an impact on interstate commerce due to the resale of stolen bicycles in other states. Therefore, answer (B) is supported by the passage as it aligns with the idea that Congress could find a rational relation to interstate commerce in the context of bicycle theft.",,-7.504818916320801,-0.12981893122196198,-2.129818916320801,-6.379818916320801,0.8788176649103745
mbe_490,nan,MBE-1985-part7,train,Donaldson broke into Professor Ruiz' office in order to look at examination questions. The questions,B,B,True,1,1284,86,"B  
Reasoning: The gold passage defines burglary as the breaking and entering of a dwelling house with the intent to commit a felony. Since Donaldson believed that looking at examination questions was a crime but was mistaken, his intent was not to commit a crime as defined by the law. Therefore, he should be acquitted because what he intended to do when he broke in was not a crime, making answer (B) correct.",,-8.75037956237793,-0.00037967207026667893,-8.50037956237793,-100.0,0.9996382012119117
mbe_491,nan,MBE-1985-part7,train,A statute of the state of Lanape flatly bans the sale or distribution of contraceptive devices to mi,B,B,True,1,1281,80,"B  
Reasoning: The gold passage discusses substantive due process, which protects individuals from being arbitrarily deprived of their rights, including fundamental rights. The strongest constitutional argument Drugs, Inc. could make is that the statute denies minors one of their fundamental rights without due process, aligning with the essence of substantive due process as described in the passage. Therefore, answer (B) is the most supported choice.",,-8.25084114074707,-0.000840715249069035,-7.750840663909912,-100.0,0.9993084775254235
mbe_492,nan,MBE-1985-part7,train,"In a tort action, Fisher testified against Dawes. Dawes then called Jones, who testified that Fisher",D,D,True,1,1268,91,"D  
Reasoning: The gold passage states that extrinsic evidence is not admissible to prove specific instances of a witness’s conduct to attack or support the witness’s character for truthfulness, except for criminal convictions. Weld's testimony about Fisher's hoax is considered extrinsic evidence of a specific instance of misconduct and does not fall under the exceptions provided in the passage. Therefore, Weld's testimony is inadmissible, making answer (D) correct.",,-15.375097274780273,-100.0,-9.250097274780273,-9.698698704596609e-05,0.9999036874092827
mbe_493,nan,MBE-1985-part7,train,"Astin left her car at Garrison's Garage to have repair work done. After completing the repairs, Garr",D,C,False,1,1471,142,"C  
Reasoning: The gold passage explains the doctrine of joint and several liability, which allows a plaintiff to recover the full amount of damages from any of the defendants who contributed to the injury. In this case, both Astin and Garrison are jointly and severally liable for the $100,000 damages to Placek. Therefore, Placek can obtain a judgment for the full amount against both Astin and Garrison. Additionally, since Garrison was solely negligent, Astin can cross-claim against Garrison for any amount that Placek collects from Astin, which would typically be 50 percent of the total damages. Thus, answer (C) correctly reflects the outcome based on the passage.",,-100.0,-6.253601551055908,-0.0036014977376908064,-6.753601551055908,0.9969082549411464
mbe_494,nan,MBE-1985-part7,train,"Martinez, a widower, owns in fee simple a ranch, Ranchacre. Martinez has one child, Enrique, who is ",A,A,True,1,1336,85,"A  
Reasoning: The gold passage defines a contingent remainder as a possibility or prospect of an estate that exists when it is given to an uncertain person or is subject to a condition precedent. Since Ana Maria's children are unborn at the time of the conveyance, they are uncertain persons, and thus the interest created in favor of Ana Maria's unborn children is a contingent remainder. Therefore, answer (A) is correct.",,-0.000510260637383908,-10.000510215759277,-100.0,-100.0,0.9999546021292602
mbe_495,nan,MBE-1985-part7,train,Did Clothier properly reject the ties delivered on June 3?,A,A,True,1,1543,87,"A  
Reasoning: The gold passage establishes that if the seller delivers nonconforming goods, a warranty is breached at that time, regardless of the buyer's awareness of the nonconformity. In this case, Kravat delivered three-inch ties instead of the ordered two-inch ties, which constitutes nonconforming goods. Therefore, Clothier properly rejected the shipment based on the breach of warranty, making answer (A) correct.",,-2.3557529857498594e-05,-15.87502384185791,-13.25002384185791,-100.0,0.9999981121387296
mbe_496,nan,MBE-1985-part7,train,Did Clothier properly reject the ties tendered on June 30?,C,C,True,1,1437,104,"C  
Reasoning: The gold passage indicates that a seller who has the present ability to deliver conforming goods and puts those goods at the buyer's disposal shifts the burden to the buyer to either accept or reject them. In this case, Kravat had the ability to deliver the conforming two-inch ties on June 30, which constitutes a cure for the previous defective delivery of three-inch ties. Therefore, Clothier did not properly reject the ties tendered on June 30, making answer (C) correct.",,-100.0,-100.0,-21.125,-100.0,1.0
mbe_497,nan,MBE-1985-part7,train,"Dent, while eating in a restaurant, noticed that a departing customer at the next table had left a f",B,B,True,1,1302,65,"B  
Reasoning: The gold passage defines voluntary manslaughter as an unlawful killing done without malice, in the heat of passion. The jury could find that being hit in the face with an umbrella constitutes adequate provocation, which could lead Dent to act in the heat of passion, making answer (B) correct.",,-8.9365873336792,-0.8115870952606201,-1.5615870952606201,-1.0615870952606201,0.44415556951692714
mbe_498,nan,MBE-1985-part7,train,Dever drove his car into an intersection and collided with a fire engine that had entered the inters,A,A,True,1,1236,81,"A  
Reasoning: The gold passage defines compensatory damages as those sufficient to indemnify the injured person for the loss suffered. In this case, Peters suffered a loss due to the fire that consumed his house, which was delayed by Dever's negligence. Therefore, Peters can recover that part of his loss that would have been prevented if the collision had not occurred, making answer (A) correct.",,-0.1606675386428833,-8.160667419433594,-1.9106675386428833,-100.0,0.8517093848230447
mbe_499,nan,MBE-1985-part7,train,Miller applied to the state liquor board for transfer of the license of Miller's Bar and Grill to a ,A,A,True,1,1222,84,"A  
Reasoning: The gold passage states that truth is a complete defense to defamation. Since Hammond's statement about Miller having underworld connections was based on rumors and was ultimately false, if Hammond reasonably believed his statement to be true, it does not provide a defense against defamation. Therefore, Miller will not recover if Hammond had a reasonable belief in the truth of his statement, making answer (A) correct.",,-0.01428526733070612,-10.38928508758545,-4.264285087585449,-100.0,0.9859060399872341
mbe_500,nan,MBE-1985-part7,train,Santos agreed to sell and Perrine agreed to buy a described lot on which a single-family residence h,D,C,False,1,1395,109,"C  
Reasoning: The gold passage defines a marketable title as one that is free from encumbrances and any reasonable doubt to its validity, which a reasonable purchaser would be willing to accept. Since Santos' house is only 8.4 feet from the side line, it violates the original 10-foot setback requirement, creating a reasonable doubt about the title's validity. Therefore, Perrine is justified in refusing to consummate the transaction, and Santos will not prevail in seeking specific performance. Thus, answer (C) is correct.",,-8.694503784179688,-2.1945040225982666,-0.6945040225982666,-0.9445040225982666,0.4994340398657721
mbe_501,nan,MBE-1985-part7,train,"Young, believing that Brown suffered from arthritis, told her that for $100 he could cure her with a",B,C,False,1,1257,127,"C  
Reasoning: The gold passage states that obtaining money based on a fraudulent representation constitutes theft by false pretenses. If Young was playing a practical joke and intended to return the money, this indicates that he did not intend to defraud Brown, which would absolve him of guilt. However, the other options (A, B, and D) do not negate the fraudulent nature of the transaction, as they still involve a belief in the efficacy of the device that is unreasonable or a lack of belief in its efficacy. Therefore, option C is the only one that does not support Young's guilt, making it the correct answer.",,-3.6310393810272217,-2.1310393810272217,-0.6310393214225769,-1.1310393810272217,0.5320711652362278
mbe_502,nan,MBE-1985-part7,train,"Congress enacted a law prohibiting the killing, capture, or removal of any form of wildlife upon or ",D,D,True,1,1223,90,"D  
Reasoning: The gold passage from Article IV, Section 3, Clause 2, known as the Property Clause, grants Congress the power to make rules and regulations regarding federally owned land. Since the law in question prohibits the killing, capture, or removal of wildlife on federally owned land, it falls directly under the authority provided by the Property Clause, making answer (D) the most justifiable source of national authority for this federal law.",,-100.0,-100.0,-100.0,-19.000001907348633,1.0
mbe_503,nan,MBE-1985-part7,train,David is being tried in federal court for criminal conspiracy with John to violate federal narcotics,A,B,False,1,1235,91,"B  
Reasoning: The gold passage states that the prosecution cannot compel the defendant's spouse to testify against him in a criminal case, and this privilege applies only if they are currently married. Since Wanda is David's new wife, she has the choice to testify or not, but David also has the right to object to her testifying against him. Therefore, the most accurate statement is that the choice is David's, making answer (B) correct.",,-6.003414630889893,-0.00341463228687644,-7.503414630889893,-8.25341510772705,0.996717713895768
mbe_504,nan,MBE-1989-90-part2,train,"West, a witness in a contract case, testified on direct examination that four people attended a meet",B,B,True,1,1310,71,"B  
Reasoning: The gold passage states that Rule 612(a) allows an attorney to use any document to try to jog or refresh a witness's memory. Since the attorney is attempting to show West his handwritten notes to help her remember the fourth person's name, this constitutes a proper attempt to refresh her recollection, making answer (B) correct.",,-17.5,0.0,-100.0,-100.0,0.999999974890009
mbe_505,nan,MBE-1989-90-part2,train,"While hospitalized, Marsh requested her attorney to draw a deed conveying her home to her son, Simon",D,D,True,1,1509,93,"D  
Reasoning: The gold passage states that for a deed to be valid, it must be delivered and accepted during the lifetime of both the grantor and the grantee. Since Simon explicitly stated that he wanted no part of the property and refused to accept the deed, this indicates that there was no effective acceptance of delivery of the deed. Therefore, Marsh's claim to win is based on the lack of acceptance by Simon, making answer (D) correct.",,-100.0,-100.0,-15.75,-3.128163257315464e-07,0.9999998555019511
mbe_506,nan,MBE-1989-90-part2,train,"Plummer, a well-known politician, was scheduled to address a large crowd at a political dinner. Just",A,C,False,1,1392,81,"C  
Reasoning: The gold passage establishes that conduct must be extreme and outrageous to be actionable, and it specifies that mere insults or indignities do not meet this threshold. Since Plummer suffered no physical harm and his embarrassment does not rise to the level of extreme and outrageous conduct as defined in the passage, he will not prevail in his claim against Devon. Therefore, answer (C) is correct.",,-100.0,-100.0,-20.125,-100.0,1.0
mbe_507,nan,MBE-1989-90-part2,train,"For this question only, assume that Threedee on learning of the assignment refused to allow Drafty t",C,C,True,1,1618,82,"C  
Reasoning: The gold passage explains that contracts for personal services, such as those involving unique abilities and talents, cannot be specifically enforced. Since Plannah's services as an architect are considered personal services, Threedee cannot compel him to complete the contract after he assigned his duties to Drafty without her consent. Therefore, Threedee is not entitled to relief, making answer (C) correct.",,-10.500038146972656,-100.0,-3.833878508885391e-05,-11.500038146972656,0.9999623348685422
mbe_508,nan,MBE-1989-90-part2,train,"For this question only, assume that Threedee allowed Drafty to proceed with the design work but that",A,C,False,1,1704,150,"C  
Reasoning: The gold passage discusses the concept of divisibility in contracts and emphasizes that a contract is not divisible if the parties intended all promises to be considered as a single whole. Since Drafty abandoned the project, it implies that the contract's performance was not completed, and thus, Threedee would not owe any payment to Drafty for the incomplete work. Therefore, II is correct as Drafty is liable for damages caused by her default. III is incorrect because Threedee is not indebted to Drafty for a prorated portion of the fee, as the contract is not divisible in this context. I is also incorrect because Plannah is not liable for Drafty's default since he assigned his rights and duties to Drafty. Thus",,-1.3125065565109253,-2.187506675720215,-0.5625065565109253,-3.937506675720215,0.5870279782939327
mbe_509,nan,MBE-1989-90-part2,train,Rose was convicted in federal court of Possession of one kilogram of heroin with intent to distribut,B,B,True,1,1428,106,"B  
Reasoning: The gold passage explains that the Double Jeopardy Clause protects against being prosecuted for the same offense after a conviction, but it does not bar separate prosecutions for different offenses that require proof of different elements. Since the conspiracy charge requires proof of an agreement to commit the crime, which is not an element of the possession charge, Rose's motion to dismiss the indictment should be denied. Therefore, answer (B) is correct as it states that each prosecution requires proof of an element that the other does not.",,-5.504515647888184,-0.004515446722507477,-100.0,-100.0,0.9959298630995432
mbe_510,nan,MBE-1989-90-part2,train,There is high and persistent unemployment in the industrialized state of Green. Its legislature ther,A,B,False,1,1436,123,"B  
Reasoning: The gold passage outlines the requirements for standing, stating that a plaintiff must demonstrate an injury that is fairly traceable to the defendant's conduct and likely to be redressed by the requested relief. Option (B) describes a corporation that is directly affected by the statute, as it has sales in Green and is currently purchasing significantly less than required by the statute. This corporation has a direct, personal stake in the outcome of the case, fulfilling the standing requirements outlined in the passage. The other options do not demonstrate a direct, personal stake in the outcome, making (B) the correct choice.",,-3.2975242137908936,-0.047524161636829376,-5.5475239753723145,-5.5475239753723145,0.9551575040879613
mbe_511,nan,MBE-1989-90-part2,train,Constance owned Greenacre in fee simple. She executed two instruments in the proper form of deeds. T,D,A,False,1,1719,134,"A  
Reasoning: The gold passage indicates that when the last owner of a property dies, the property must go through probate before it can be inherited, and if both owners die simultaneously, their shares will pass under the terms of their wills or to their closest relatives under state law. Since Henry, Audrey, and Susan all died simultaneously and there is no indication that any of them had a will, the property will not pass to the heirs of Henry or Audrey as joint tenants, nor to Susan, because the joint tenancy is ineffective after the last owner’s death. Therefore, the title to Greenacre will revert entirely to Constance, making answer (A) correct.",,-0.05836057290434837,-4.808360576629639,-3.0583605766296387,-100.0,0.9447877710297183
mbe_512,nan,MBE-1989-90-part2,train,"In Peck's antitrust suit against manufacturers of insulation, Peck's interrogatories asked for infor",A,C,False,1,1285,85,"C  
Reasoning: The gold passage defines an adoptive admission and does not provide any information regarding business records or hearsay exceptions. Since the passage does not support the admissibility of the annual journal as an adoptive admission or a business record, and it does not indicate any exceptions to hearsay, the evidence offered by Peck is inadmissible as hearsay not within any exception, making answer (C) correct.",,-10.750032424926758,-15.125032424926758,-3.225939872208983e-05,-100.0,0.9999782851089744
mbe_516,nan,MBE-1989-90-part2,train,A statute in a jurisdiction makes it a crime to sell ammunition to a minor (defined as a person unde,D,A,False,1,1372,96,"A  
Reasoning: The gold passage states that an attempt consists of an intent to commit a crime and an act in furtherance of that intent. Since the sale of ammunition did not occur because Duncan did not have enough money to pay for the shells, it was impossible for the sale to have taken place. Therefore, Matthews' best argument against the charge of attempting to violate the statute is that it was impossible for the sale to have occurred, making answer (A) correct.",,-0.011787483468651772,-5.511787414550781,-6.011787414550781,-5.261787414550781,0.9883248759124322
mbe_518,nan,MBE-1989-90-part2,train,A state statute makes fraud for personal financial gain a crime. Jones was convicted of violating th,D,D,True,1,1583,105,"D  
Reasoning: The gold passage emphasizes the protection of an individual's right to believe and profess any religious doctrine, as well as the performance of acts that constitute the free exercise of religion. Jones's prosecution for fraud based on his religious claims could be seen as a violation of his right to freely exercise his religion, as it requires the state to assess the truth of his religious beliefs. Therefore, the strongest constitutional defense he could assert is that the prosecution denied him the free exercise of religion, making answer (D) correct.",,-12.250006675720215,-100.0,-100.0,-6.2729995988775045e-06,0.9999952149074323
mbe_519,nan,MBE-1989-90-part2,train,"Pike sued Digger, the contractor who constructed Pike's house, for breach of warranty of habitabilit",D,D,True,1,1381,104,"D  
Reasoning: The gold passage states that evidence must be relevant and not outweighed by countervailing considerations such as being unfairly prejudicial, confusing, or a waste of time. Wirth's testimony about Pike's prior suit could confuse the issues and potentially waste time, as it introduces a past case that may not be directly relevant to the current breach of warranty claim. Therefore, the trial court should rule Wirth's offered testimony inadmissible based on these considerations, making answer (D) correct.",,-5.260317802429199,-5.760317802429199,-6.260317802429199,-0.010317754931747913,0.9897454915873479
mbe_520,nan,MBE-1989-90-part2,train,Jordan is an accomplice to,D,D,True,1,1425,129,"D  
Reasoning: The gold passage outlines the requirements for criminally negligent homicide, emphasizing that the actor must have caused the death and ought to have been aware of a substantial and unjustifiable risk of death from their conduct. In this case, Jordan supplied Hammond with Marvane instead of curare, which she believed to be harmless. The passage does not indicate that Jordan's actions constituted a gross deviation from the standard of care, as she did not perceive the risk of harm from the drug she provided. Therefore, Jordan does not meet the criteria for being an accomplice to any degree of criminal homicide, making answer (D) correct.",,-9.002245903015137,-8.627245903015137,-1.5022460222244263,-0.25224602222442627,0.7770648875110675
mbe_521,nan,MBE-1989-90-part2,train,"In a common-law jurisdiction, Hammond is guilty of",A,C,False,1,1356,127,"C  
Reasoning: The gold passage outlines the requirements for a conspiracy conviction, which include an agreement to commit a crime and an overt act in furtherance of that conspiracy. However, Hammond's actions do not meet the criteria for conspiracy as there is no evidence of an agreement with Jordan to commit murder, since she did not provide him with the poison he requested. Instead, she provided a harmless substance. Therefore, Hammond's actions can only be classified as attempted murder, as he intended to kill his wife but did not succeed due to the nature of the substance used. Thus, the correct answer is (C) attempted murder only.",,-3.4538779258728027,-0.9538778066635132,-0.7038778066635132,-2.4538779258728027,0.4959081233704783
mbe_522,nan,MBE-1989-90-part2,train,"While on a hiking trip during the late fall, Page arrived, toward the end of the day, at a clearing ",C,C,True,1,1488,87,"C  
Reasoning: The gold passage establishes that a landowner has a duty to avoid deliberately or maliciously causing injury to a trespasser and must use reasonable care to avoid injuring a trespasser only once they are aware of the trespasser's presence. Since Dwyer had no reason to anticipate Page's presence in the cabin, he would not owe her a duty of care, making answer (C) correct.",,-100.0,-13.500001907348633,-1.6240566083070007e-06,-17.375001907348633,0.9999986005899203
mbe_523,nan,MBE-1989-90-part2,train,"In a contract action by Awl against Howser, which of the following would the court decide under the ",A,A,True,1,1484,105,"A  
Reasoning: The gold passage defines a ""total breach"" as one that substantially impairs the value of the contract to the injured party, justifying recovery for all remaining rights to performance. Awl's notification to Howser on February 1 that he would not proceed unless the price was increased indicates a refusal to perform under the original terms, which constitutes a total breach. Therefore, Howser will win because Awl effectively committed a total breach of contract by indicating he would not perform unless the terms were changed.",,-0.041534192860126495,-3.791534185409546,-4.041534423828125,-8.041534423828125,0.9595374170763363
mbe_524,nan,MBE-1989-90-part2,train,"For this question only, assume that Awl is liable to Howser for breach of contract and also assume t",D,C,False,1,1947,108,"C  
Reasoning: The gold passage explains that compensatory damages are intended to cover the loss incurred by the nonbreaching party as a result of the breach. In this case, Howser incurred a loss by having to pay Gutter $85,000 to complete the house, which is $25,000 more than Awl's original contract price of $60,000. Therefore, Howser can recover the difference between Awl's original contract price and the total amount paid to Gutter, making answer (C) correct.",,-11.000033378601074,-12.000033378601074,-3.297462171758525e-05,-100.0,0.9999771546180092
mbe_525,nan,MBE-1989-90-part2,train,"During the night, Murphy broke into a house with the intention of stealing a typewriter. On not find",D,D,True,1,1199,100,"D  
Reasoning: The gold passage defines arson as the willful and malicious burning of the dwelling house of another person. In this scenario, Murphy not only broke into the house (which constitutes burglary) but also set fire to the couch, which is part of the dwelling. The act of burning the couch and causing damage to the ceiling fulfills the criteria for arson as defined in the passage. Therefore, Murphy is guilty of both burglary and arson, making answer (D) correct.",,-100.0,-1.7023290395736694,-8.0773286819458,-0.20232906937599182,0.8173204617470401
mbe_526,nan,MBE-1989-90-part2,train,Argus Corporation is privately owned and incorporated in the state of Kiowa. It contracted with the ,B,C,False,1,1371,103,"C  
Reasoning: The gold passage discusses the ""Dormant Commerce Clause,"" which prohibits states from enacting legislation that discriminates against or excessively burdens interstate commerce. Since the state of Arapahoe is attempting to impose a tax on a federal contract executed by Argus Corporation, this could be seen as an undue burden on interstate commerce, particularly if it discriminates against non-state businesses. Therefore, the court should hold the state tax unconstitutional as it violates the supremacy clause, making answer (C) correct.",,-100.0,-0.8264259099960327,-0.5764259099960327,-8.576425552368164,0.5620705004183127
mbe_527,nan,MBE-1989-90-part2,train,"Parmott sued Dexter in an automobile collision case. At trial, Parmott wishes to show by extrinsic e",B,B,True,1,1232,79,"B  
Reasoning: The gold passage states that evidence of bias, prejudice, or ulterior motives is relevant at trial because it may discredit the witness or affect the weight given to their testimony. Therefore, Parmott's attempt to show that Wade is Dexter's partner in a gambling operation is admissible as evidence of Wade's possible bias in favor of Dexter, making answer (B) correct.",,-100.0,-18.125001907348633,-100.0,-100.0,1.0
mbe_528,nan,MBE-1989-90-part2,train,"Taylor and Scott, an unmarried couple, purchased a condominium as tenants in common and lived in the",D,D,True,1,1372,124,"D  
Reasoning: The gold passage states that the statute of frauds requires certain types of contracts to be executed in writing, including contracts for the sale of land. Since Taylor and Scott's verbal agreement regarding the ownership of the condominium is not in writing, it falls under the statute of frauds, making the oral agreement unenforceable. Therefore, upon their deaths, the property would not pass according to their verbal agreement, and Mark and Martha would each own an undivided one-half interest in the condominium, as they both are the heirs of the deceased owners. Thus, answer (D) is correct.",,-9.01118278503418,-100.0,-4.5111823081970215,-0.011182458139955997,0.9888923576032569
mbe_529,nan,MBE-1989-90-part2,train,"Telco, a local telephone company, negligently allowed one of its telephone poles, located between a ",D,C,False,1,1445,150,"C  
Reasoning: The gold passage explains the rule of joint and several liability, indicating that if two or more tortfeasors' actions combine to cause a plaintiff's injuries, they can be held jointly and severally liable for the entire loss. Since both Telco's negligence (the termite-ridden pole) and Rhodes' actions (driving intoxicated and at excessive speed) contributed to Walker's injuries, they can be held liable. However, under the comparative fault act, if either defendant is found to bear less than fifty percent of the total fault, they would not be jointly and severally liable for the entire amount. Since the passage does not specify the fault percentages, we can conclude that Walker can recover from both Telco and",,-3.5937020778656006,-6.21870231628418,-0.3437020778656006,-1.3437020778656006,0.7094903488214935
mbe_530,nan,MBE-1989-90-part2,train,"Dirk broke into Vera's house one night. As he started to stuff silverware into a sack, he was surpri",B,B,True,1,1593,98,"B  
Reasoning: The gold passage indicates that a confession is inadmissible only if it is obtained through promises of mitigation or immunity, and that vague statements by police do not render a confession inadmissible. Dirk's waiver of his rights did not depend on the nature of the charges that were later filed against him, as the passage does not suggest that knowledge of Vera's condition is necessary for a knowing and intelligent waiver. Therefore, answer (B) is the most appropriate choice.",,-7.751367092132568,-0.0013670233311131597,-7.001367092132568,-100.0,0.9986591758095369
mbe_531,nan,MBE-1989-90-part2,train,"For this question only, assume that four months before the date for closing Perk quit possession and",C,C,True,1,1504,91,"C  
Reasoning: The gold passage defines a repudiation as either a statement by the obligor indicating an intention to breach the contract or a voluntary act that makes performance impossible or unlikely. In this case, Perk's decision to quit possession and notify Ventnor that he would not complete the transaction constitutes a repudiation of the contract. Therefore, Perk is not entitled to recover any reimbursement for the improvements made, making answer (C) correct.",,-100.0,-100.0,-1.9361264946837764e-07,-20.25,0.9999999983947716
mbe_532,nan,MBE-1989-90-part2,train,"For this question only, assume that Perk did not quit possession and desired to close, but, at the t",A,A,True,1,1595,108,"A  
Reasoning: The gold passage explains that reliance damages are based on the injured party's reliance interest, which includes expenditures made in preparation for or in performance of the contract. In this case, Perk made a permanent improvement to the property based on the expectation that Ventnor would convey the entire interest in Blackacre. Since Perk's expenditure of $8,000 was made in reliance on Ventnor's obligation to convey the property in fee simple, Perk is entitled to recover that amount, making answer (A) correct.",,-5.943783253314905e-05,-10.000059127807617,-100.0,-100.0,0.9999546021172236
mbe_534,nan,MBE-1989-90-part2,train,"On a wholly random basis, a state agency has given a few probationary employees who were not rehired",C,C,True,1,1345,101,"C  
Reasoning: The gold passage establishes that procedural due process prohibits the government from depriving an individual of a liberty or property interest without providing appropriate procedural protections, such as notice and an opportunity to contest the decision. Since Masters was a probationary employee and there is no indication that he had a protected property interest in continued employment, he does not have a right to be rehired that is protected by procedural due process. Therefore, his suit will likely be unsuccessful, making answer (C) correct.",,-100.0,-15.37500286102295,-3.292907877039397e-06,-100.0,0.9999997897565682
mbe_535,nan,MBE-1989-90-part2,train,"Able, an attorney, sued Clinton, a client, for his fee, based on an agreed hourly rate. Clinton subp",A,A,True,1,1403,65,"A  
Reasoning: The gold passage indicates that courts generally do not apply attorney-client privilege to billing statements that provide only general descriptions of services performed and do not reveal specific confidential communications. Since the information about hours billed does not fall under the privilege as described, the subpoena should be upheld, making answer (A) correct.",,-9.968312951968983e-06,-100.0,-100.0,-100.0,1.0
mbe_536,nan,MBE-1989-90-part2,train,"In an action by Furrow against Quark for specific performance of the option agreement, which of the ",B,B,True,1,1511,97,"B  
Reasoning: The gold passage states that for a conveyance of real property to be valid, it must contain a sufficient description of the property to be conveyed. Since Quark never had the five-acre parcel surveyed, it is likely that the description of the property in the written agreement is too indefinite to permit the remedy of specific performance that Furrow seeks. Therefore, Quark's best defense is that the description of the property is insufficient, making answer (B) correct.",,-9.78809928894043,-0.03809909150004387,-3.2880990505218506,-13.66309928894043,0.9626179691526637
mbe_537,nan,MBE-1989-90-part2,train,Assume for this question only that Quark is not liable to Furrow for breach of a land-sale contract.,A,A,True,1,1432,86,"A  
Reasoning: The gold passage defines a ""quasi-contract"" as an obligation created by law to restore the aggrieved party to its former position, which aligns with Furrow's situation. He conferred benefits (the improvements) upon Quark without a formal agreement for compensation, and thus, a quasi-contract theory would best support Furrow's claim for the reasonable value of the improvements he added to the farm.",,-1.7835754988482222e-05,-100.0,-100.0,-100.0,1.0
mbe_538,nan,MBE-1989-90-part2,train,"Abco developed a new drug, ZB, for treatment of Wegener's disease. Abco extensively tested ZB for se",D,C,False,1,1461,94,"C  
Reasoning: The gold passage outlines the requirements for demonstrating strict liability, which includes showing that the product was in a defective condition when it left the defendant's control. If the FDA approved the drug, it may provide a defense for Abco, suggesting that the approval could relieve them of liability. Therefore, whether Abco is relieved of liability by the FDA approval of the drug is a decisive question in determining Crane's ability to prevail in his strict liability claim.",,-100.0,-1.5034263134002686,-0.25342631340026855,-7.003426551818848,0.7765930649165004
mbe_540,nan,MBE-1989-90-part2,train,"In litigation over the estate of Baggs, who died intestate, Payton, who is eighteen years old, claim",B,B,True,1,1346,90,"B  
Reasoning: The gold passage states that evidence of a statement by a declarant concerning family relationships is not made inadmissible by the hearsay rule, even if the declarant had no personal knowledge of the matter. Since the Bible listing records Payton's birth and establishes her relationship to Baggs, it qualifies as a family record. Therefore, the Bible listing is admissible as a family record, making answer (B) correct.",,-11.25001335144043,-1.3544423381972592e-05,-100.0,-100.0,0.9999869928690234
mbe_541,nan,MBE-1989-90-part2,train,"Smythe was charged with the murder of his wife. In his defense, he testified that at the time he kil",C,C,True,1,1705,103,"C  
Reasoning: The gold passage explains that the defense of ""not guilty by reason of insanity"" is applicable when a defendant claims they were so mentally disturbed at the time of the offense that they lacked the required intention to commit the crime. Smythe's testimony indicates that he believed he was acting to prevent a catastrophic event due to his wife's actions, suggesting a mental disturbance that could negate his culpability. Therefore, the best defense raised by Smythe's testimony is insanity, making answer (C) correct.",,-14.000000953674316,-17.125001907348633,-1.2664456789934775e-06,-100.0,0.9999991319369755
mbe_542,nan,MBE-1989-90-part2,train,"After being notified by Dr. Josephs that Nurse Norris' employment with his office was terminated, No",D,C,False,1,1360,92,"C  
Reasoning: The gold passage outlines the requirements for establishing a defamation claim, which includes the necessity of proving that the defendant published a defamatory statement of fact to a third party. If Norris authorized Hospital to make an inquiry of her former employer, then Josephs' statement would not be considered defamatory because it was made in the context of a permissible inquiry. Therefore, Norris would not prevail in her defamation claim, making answer (C) correct.",,-7.252485275268555,-7.502485275268555,-0.002485050121322274,-6.752485275268555,0.9975717728079302
mbe_543,nan,MBE-1989-90-part2,train,Pullen used aluminum brackets in her business. On the telephone listed as hers in the telephone book,C,C,True,1,1354,77,"C  
Reasoning: The gold passage indicates that telephone conversations can be authenticated by evidence that a call was made to the number assigned to a particular person or business. Pullen's testimony that she recognized Denison's voice after hearing him in chambers provides a basis for authentication of the call, making answer (C) the strongest argument for the admission of her testimony concerning the telephone call.",,-7.062827110290527,-2.8128271102905273,-0.06282703578472137,-13.062827110290527,0.9391064601588615
mbe_544,nan,MBE-1989-90-part2,train,The High National Grasslands is owned by the United States and is located in the center of a large w,B,B,True,1,1319,75,"B  
Reasoning: The gold passage directly references the federal property clause of Article IV, Section 3, which grants Congress the power to make rules and regulations regarding property belonging to the United States. This clause supports the federal statute authorizing the Bureau of Land Management to lease the grazing rights in the High National Grasslands, making answer (B) the most appropriate choice.",,-100.0,-18.25,-100.0,-100.0,1.0
mbe_545,nan,MBE-1989-90-part2,train,Ann leased commercial property to Brenda for a period of ten years. The lease contained the followin,C,C,True,1,1308,96,"C  
Reasoning: The gold passage defines a novation as an agreement that allows for the substitution of a new party for an existing one, excusing the original party from obligations under the contract. In this case, since Ann accepted rent from Carolyn and agreed to the assignment, a novation likely occurred, which would relieve Brenda of her obligations under the lease. Therefore, if Ann loses, it will be because there was a novation, making answer (C) correct.",,-100.0,-100.0,-20.75,-100.0,1.0
mbe_546,nan,MBE-1989-90-part2,train,"For this question only, assume the following facts. Because she was overextended on other constructi",B,C,False,1,1739,90,"C  
Reasoning: The gold passage indicates that liquidated damages are meant to approximate actual damages and that courts will defer to the parties' stipulation regarding the reasonableness of the liquidated damages. Since Homey occupied the house and made the final payment, this action suggests that he waived any claim for delay damages. Therefore, the court will likely decide that Homey will recover nothing due to this waiver, making answer (C) correct.",,-4.0183796882629395,-8.643380165100098,-0.01837983913719654,-100.0,0.9818406588795703
mbe_547,nan,MBE-1989-90-part2,train,"For this question only, assume the following facts. Structo completed the house on October 14 and, w",A,A,True,1,1601,150,"A  
Reasoning: The gold passage states that courts will excuse the non-performance of a condition precedent if it involves extreme forfeiture or penalty and if the condition's existence does not form an essential part of the exchange for the promisor's performance. In this case, Bilevel's refusal to issue the final certificate appears to be in bad faith, as she acknowledges that Structo did a great job but withholds the certificate based on the contract price being too high due to market conditions. This situation could be seen as an extreme forfeiture for Structo, who has completed the work as per the contract. Therefore, the court will likely decide that Structo wins because the nonoccurrence of the condition (the certificate) is excused by B",,-6.24179228907451e-05,-15.625061988830566,-100.0,-100.0,0.9999998362622434
mbe_548,nan,MBE-1989-90-part2,train,Chemco designed and built a large tank on its premises for the purpose of storing highly toxic gas. ,A,A,True,1,1305,142,"A  
Reasoning: The gold passage discusses the principle of res ipsa loquitur, which allows a jury to infer negligence when the injury-causing object was under the control of the defendant and the event is one that does not occur if due care is exercised. In this case, to prevail, it must be established that the toxic gas that escaped from Chemco's premises was the cause of Nyman's death (I). The passage does not provide support for the necessity of proving that the tank was built in a defective manner (II) or that Chemco was negligent in designing the tank (III). Therefore, only I must be established for the claim to prevail, making answer (A) correct.",,-0.0003673940955195576,-100.0,-12.750367164611816,-100.0,0.9999970976873489
mbe_549,nan,MBE-1989-90-part2,train,"Zall, a resident of the state of Paxico, brought suit in federal district court against Motors, Inc.",C,C,True,1,1282,94,"C  
Reasoning: The gold passage indicates that for a case to be heard in federal district court on grounds of diversity jurisdiction, the amount in controversy must exceed $75,000. Zall is seeking a total of $24,000 ($12,000 actual and $12,000 punitive damages), which does not meet the threshold required for federal jurisdiction. Therefore, the federal district court should not hear this suit on its merits, making answer (C) correct.",,-100.0,-12.500029563903809,-2.9875325708417222e-05,-10.750029563903809,0.9999748285642893
mbe_550,nan,MBE-1989-90-part2,train,"Pack sued Donlon for slander, alleging that Donlon had publicly accused Pack of being a thief. In hi",A,A,True,1,1324,77,"A  
Reasoning: The gold passage indicates that evidence of specific instances of conduct may be admissible to prove ""consequential facts"" such as intent or knowledge, which aligns with the situation where Donlon is using evidence of Pack's theft to support his defense against the slander claim. Therefore, the evidence concerning the theft should be admitted, making answer (A) correct.",,-0.08472217619419098,-2.5847222805023193,-6.33472204208374,-5.58472204208374,0.9190313050446657
mbe_551,nan,MBE-1989-90-part2,train,Rimm and Hill were fooling around with a pistol in Hill's den. Rimm aimed the pistol in Hill's direc,A,C,False,1,1214,129,"C  
Reasoning: The gold passage outlines the elements of second-degree murder, which requires an unlawful killing with malice but without premeditation and deliberation. Rimm's actions of fooling around with a pistol and accidentally killing Hill do not demonstrate the malice required for murder, as there was no intent to kill or premeditation. Therefore, the most serious crime Rimm can be convicted of, given the circumstances of the accidental shooting, aligns with involuntary manslaughter, which typically involves unintentional killing resulting from reckless or negligent behavior. Thus, answer (C) is the most appropriate choice based on the passage.",,-14.500005722045898,-100.0,-5.319370302458992e-06,-100.0,0.9999994956527948
mbe_553,nan,MBE-1989-90-part2,train,A statute authorizes a specified federal administrative agency to issue rules governing the distribu,D,D,True,1,1357,97,"D  
Reasoning: The gold passage discusses the Presentment Clause, which outlines the constitutional process for a bill to become law, requiring passage by both Houses of Congress and presentation to the President. The provision allowing a joint committee to set aside rules issued by the agency does not follow this constitutional process, as it allows for a change in legal rights and obligations without going through the full legislative process specified in the Constitution. Therefore, this provision is unconstitutional, making answer (D) correct.",,-12.750014305114746,-100.0,-13.000014305114746,-1.4498052223643754e-05,0.999994837375841
mbe_554,TORTS,1991-Feb,train,"Walter, a 16-year-old, purchased an educational chemistry set manufactured by Chemco. Walter invited",D,A,False,1,1751,86,"A  
Reasoning: The gold passage indicates that strict products liability can be imposed for inadequate warnings or failure to warn about the dangers associated with a product. If the chemistry set did not contain a warning that its contents could be combined to form dangerous explosives, it could be considered defective due to a warning defect. Therefore, Peter would prevail under strict liability if the chemistry set lacked such a warning, making answer (A) correct.",,-0.002059380756691098,-100.0,-6.752059459686279,-7.502059459686279,0.9982790030816144
mbe_555,CONTRACTS,1991-Feb,train,"On August 1, Geriatrics, Inc., operating a ""lifetime care"" home for the elderly, admitted Ohlster, w",C,C,True,1,1486,110,"C  
Reasoning: The gold passage discusses the doctrine of frustration of purpose as a defense to a breach of contract claim, indicating that it applies when a party's principal purpose is substantially frustrated by an unforeseen event. However, in this case, Ohlster's death was a risk assumed by both parties when entering into the lifetime care contract. Therefore, the administratrix of Ohlster's estate cannot recover the $20,000 because the risk of Ohlster's life span was inherent in the contract, making answer (C) correct.",,-4.264335632324219,-9.514335632324219,-0.014335433952510357,-100.0,0.9858636198326286
mbe_556,CRIM. LAW,1991-Feb,train,"While walking home one evening, Harold, an off-duty police officer, was accosted by Jones, a strange",A,A,True,1,1356,85,"A  
Reasoning: The gold passage states that the use of deadly force is justifiable if the actor believes that such force is necessary to protect themselves against death or serious bodily injury, and that belief must be reasonable based on the facts as they appeared to the defendant at the time. Harold reasonably believed that Jones was going to kill him, which supports his claim of self-defense. Therefore, answer (A) is correct.",,-0.00021021578868385404,-100.0,-14.62520980834961,-100.0,0.9999995549147667
mbe_558,EVIDENCE,1991-Feb,train,"In a prosecution of Doris for murder, the government seeks to introduce a properly authenticated not",B,B,True,1,1526,102,"B  
Reasoning: The gold passage indicates that preliminary fact determinations affecting the admissibility of evidence are subject to proof by a preponderance of the evidence and that the judge is responsible for making these determinations. Since the affidavit from the attending physician provides evidence regarding the victim's state of mind at the time of writing the note, the judge may properly consider the affidavit in making the preliminary fact determination about the admissibility of the note as a dying declaration. Therefore, answer (B) is correct.",,-15.62501335144043,-1.318681188422488e-05,-100.0,-100.0,0.9999998362623407
mbe_559,TORTS,1991-Feb,train,"As Paul, a bartender, was removing the restraining wire from a bottle of champagne produced and bott",A,B,False,1,1690,111,"B  
Reasoning: The gold passage indicates that the adequacy of a warning must be evaluated in conjunction with the knowledge and expertise of those who may reasonably be expected to use the product. Since Paul is a bartender and has experience opening champagne bottles, it can be inferred that he would have a reasonable understanding of the risks involved, including the possibility of a stopper ejecting. Therefore, if a reasonable bartender would have realized that a stopper could eject from the bottle and hit his eye, then Paul may not recover damages, making answer (B) correct.",,-3.293109655380249,-0.04310960695147514,-5.29310941696167,-100.0,0.9578344738608486
mbe_560,CONTRACTS,1991-Feb,train,"Swatter, a baseball star, contracted with the Municipal Symphony Orchestra, Inc., to perform for $5,",D,A,False,1,1466,98,"A  
Reasoning: The gold passage establishes that contractual damages are limited to those that were foreseen by the parties at the time of contracting. The trial court's instruction to the jury correctly reflects this principle by stating that damages for losses must be those that could reasonably have been foreseen by the defendant as a probable result of its breach. Therefore, the judgment awarding only the $5,000 fee is consistent with the law as stated in the passage, making answer (A) correct.",,-3.1186566047836095e-05,-100.0,-10.500031471252441,-100.0,0.9999724643167242
mbe_561,CONST. LAW,1991-Feb,train,Road Lines is an interstate bus company operating in a five-state area. A federal statute authorizes,D,D,True,1,1627,109,"D  
Reasoning: The gold passage explains the Supremacy Clause, which establishes that federal law is the supreme law of the land and can preempt state law. Since the ICC granted permission for Road Lines to discontinue its unprofitable route under federal authority, this federal law likely preempts the state statute Foley relies on, which prohibits common carriers from abandoning service to communities without alternate transportation. Therefore, the state court should hear the case on its merits and decide for Road Lines, as the federal law takes precedence over the conflicting state law.",,-100.0,-100.0,-100.0,-20.125,1.0
mbe_562,CRIM. LAW,1991-Feb,train,Shore decided to destroy his dilapidated building in order to collect the insurance money. He hired ,A,A,True,1,1286,69,"A  
Reasoning: The gold passage states that felony murder can be charged in connection with certain felonies, including arson. Since Shore hired Parsons to burn down the building, which resulted in the vagrant's death, the felony of arson is the basis for the felony-murder charge. Therefore, answer (A) is correct.",,-5.872261317563243e-05,-100.0,-100.0,-100.0,1.0
mbe_564,CONST. LAW,1991-Feb,train,A federal statute prohibits the construction of nuclear energy plants in this country without a lice,B,B,True,1,1599,81,"B  
Reasoning: The gold passage establishes that for any bill to become law, it must be passed by both houses of Congress and then presented to the President for approval or veto. Since the congressional veto of the license did not go through the required process of being presented to the President, it is invalid under Article I, Section 7 of the Constitution. Therefore, answer (B) is correct.",,-11.62546157836914,-0.00046153197763487697,-100.0,-100.0,0.9999910603041099
mbe_565,CRIM. LAW,1991-Feb,train,"Lipsky, a college student, purchased narcotics from Speed, whom he believed to be a ""street person"" ",C,C,True,1,2291,149,"C  
Reasoning: The gold passage indicates that for a person to be held criminally liable as an accomplice, they must perform acts with the mental culpability required for the commission of the substantive crime. In Lipsky's case, he purchased narcotics from someone he believed to be a street person, not knowing that Speed was an undercover police agent. This suggests that Lipsky did not share the intent or purpose of committing a crime, as he was unaware of the true nature of the transaction. Therefore, based on the principles outlined in the passage, Lipsky should be acquitted, aligning with the reasoning in Case C, where the defendant was not guilty as an accomplice due to a lack of knowledge or intent regarding the crime.",,-5.7606520652771,-7.6356520652771,-0.010651841759681702,-5.0106520652771,0.9896984067248887
mbe_566,CRIM. LAW,1991-Feb,train,"In this jurisdiction, conviction for statutory rape requires proof of the defendant's knowledge that",B,C,False,1,1577,150,"C  
Reasoning: The gold passage outlines the requirements for establishing accomplice liability, specifically that the accomplice must share the requisite mental state for the offense. In this case, Howard knew that Sarah was underage, which satisfies the knowledge requirement for statutory rape. However, the passage does not provide sufficient information to conclude that Howard's actions directly aided or solicited the crime in a way that meets the criteria established in the cases. Since Case C indicates that the defendant was not guilty as an accomplice to Tooley's violation of the bribery statute, it suggests that mere knowledge of a crime does not automatically result in accomplice liability if the other elements are not met. Therefore, Howard should be acquitted based on the principles outlined in Case",,-2.6282269954681396,-4.3782267570495605,-0.12822693586349487,-3.3782269954681396,0.8809614607007042
mbe_567,CRIM. LAW,1991-Feb,train,"Larson, a plastic surgeon, agreed to remove the fingerprints from the hands of ""Fingers"" Malloy, who",A,C,False,1,1575,129,"C  
Reasoning: The gold passage outlines the requirements for proving accomplice liability, which include the accomplice having the purpose to make the crime succeed, aiding or attempting to aid in committing the offense, and sharing the requisite mental state for the offense. In Case C, the defendant was not found guilty as an accomplice to Tooley's violation of the bribery statute, indicating that the defendant did not meet the necessary criteria for accomplice liability. Similarly, Larson's actions in removing Malloy's fingerprints do not demonstrate the requisite purpose or intent to aid in the burglary, thus he should be acquitted on the authority of Case C.",,-2.865011692047119,-2.615011692047119,-0.6150116920471191,-1.1150116920471191,0.5413407980551799
mbe_569,CONST. LAW,1991-Feb,train,Congressional hearings determined that the use of mechanical power hammers is very dangerous to the ,B,B,True,1,1508,97,"B  
Reasoning: The gold passage establishes that when state and federal law directly conflict, state law must give way due to the Supremacy Clause. Since the federal statute prohibits the use of mechanical power hammers, and the city council's amendment requires their use, there is a direct conflict between the two laws. Therefore, the amendment to the city of Green's building safety code is unconstitutional because it conflicts with the provisions of the federal statute, making answer (B) correct.",,-16.125,-7.896309739408025e-07,-15.375000953674316,-100.0,0.9999996904447236
mbe_570,CONTRACTS,1991-Feb,train,"For this question only, assume the following facts. Shortly after making the contract, and before Su",C,A,False,1,1492,100,"A  
Reasoning: The gold passage discusses the nature of a contract implied in fact, emphasizing that a binding agreement requires clear evidence of the parties' intent to contract. In this case, Bonnie's Buns did not make an express promise to buy any of Superpastries' baked buns, which indicates a lack of mutuality of obligation. Therefore, the court will likely decide that Bonnie's Buns wins due to the absence of a binding commitment to purchase, making answer (A) correct.",,-0.29789963364601135,-2.5478997230529785,-1.797899603843689,-100.0,0.7527119938757002
mbe_571,CONTRACTS,1991-Feb,train,"For this question only, assume the following facts. The parties' contract included a provision for t",C,C,True,1,1555,82,"C  
Reasoning: The gold passage indicates that for a summary judgment to be granted, there must be no genuine issues of material fact. Since the question presents a scenario where there are potential disputes regarding whether Superpastries provided reasonable notice of termination and whether its financial losses justified ceasing production, these issues are material and triable. Therefore, both motions should be denied, making answer (C) correct.",,-14.000009536743164,-100.0,-9.968312951968983e-06,-100.0,0.9999991684716134
mbe_572,EVIDENCE,1991-Feb,train,"Dirk is on trial for the brutal murder of Villas. Dirk's first witness, Wesley, testified that in he",A,C,False,1,1328,82,"C  
Reasoning: The gold passage discusses the requirements for admitting expert testimony, focusing on qualification, reliability, and relevance. However, it does not provide any information regarding the admissibility of character evidence or the credibility of witnesses. Therefore, the passage does not support the admissibility of testimony regarding Wesley's reputation for untruthfulness, making answer (C) inadmissible during the prosecution's rebuttal.",,-0.8656518459320068,-3.615651845932007,-0.6156518459320068,-4.740652084350586,0.5420784780791392
mbe_573,REAL PROP.,1991-Feb,train,"Amos owned Greenfield, a tract of land. His friend Bert wanted to buy Greenfield and offered $20,000",D,C,False,1,1595,123,"C  
Reasoning: The gold passage discusses the parol evidence rule, which prohibits contradicting the terms of a written contract with prior or contemporaneous agreements. This rule is relevant to point I. Additionally, point II regarding the construction of the contract as to time of performance is also relevant because it pertains to the terms of the agreement and when Bert was expected to perform. Point III, concerning Bert's ability to perform, is relevant as it addresses whether Bert could fulfill the conditions of the contract. Therefore, points II and III are relevant to a decision in favor of Bert, making answer (C) correct.",,-3.106139659881592,-1.9811397790908813,-0.23113974928855896,-4.106139659881592,0.7993960258942857
mbe_574,CONST. LAW,1991-Feb,train,"Modality City has had a severe traffic problem on its streets. As a result, it enacted an ordinance ",B,B,True,1,1603,106,"B  
Reasoning: The gold passage indicates that in cases of social and economic policy, a statutory classification must be upheld against an equal protection challenge if there is any conceivable state of facts that could provide a rational basis for the classification. Since the ordinance includes a grandfather provision that allows vendors with long-standing operations to continue, it suggests a rational basis for distinguishing between those vendors and newer ones like Yuppee Yogurt. Therefore, the ordinance is likely to be constitutional under the rational basis test, making answer (B) correct.",,-100.0,-0.0007114782347343862,-100.0,-100.0,1.0
mbe_575,TORTS,1991-Feb,train,"If Governor Doe asserts a defamation claim against XYZ, will Doe prevail?",D,D,True,1,1352,110,"D  
Reasoning: The gold passage outlines the requirements for establishing a prima facie case of defamation, which includes demonstrating that the statement was defamatory and that it caused injury to the plaintiff's reputation. However, if the only reasonable interpretation of the signs is that ""murderer"" characterizes Doe's action of signing a death warrant rather than accusing him of committing homicide, then it may not be considered defamatory. Therefore, without a clear defamatory statement as defined in the passage, Doe is unlikely to prevail, making answer (D) correct.",,-6.067010879516602,-1.8170111179351807,-1.3170111179351807,-0.5670111179351807,0.5672284483182075
mbe_576,TORTS,1991-Feb,train,"If Doe asserts against XYZ a claim for damages for intentional infliction of emotional distress, wil",D,C,False,1,1340,87,"C  
Reasoning: The gold passage outlines the requirements for a prima facie case of intentional infliction of emotional distress (IIED), which includes showing that the distress is severe. It does not mention the necessity of physical harm as a requirement for IIED claims. Therefore, while Doe may have suffered emotional distress, the passage does not support the idea that physical harm is a prerequisite for recovery, making answer (C) correct.",,-4.270618438720703,-5.395618438720703,-0.27061864733695984,-1.5206186771392822,0.7629123004339252
mbe_577,CONTRACTS,1991-Feb,train,"As of July 22, which of the following is an accurate statement as to whether a contract was formed?",A,C,False,1,1418,127,"C  
Reasoning: The gold passage states that a contract is formed when an offer is made and accepted, and the agreement is supported by consideration. In this case, Acme's order constitutes an offer, and Snowco's response of ""We accept your order"" is an acceptance of that offer. Therefore, a contract was formed. The passage does not indicate that Acme's reservation of the right to cancel the order prevents the formation of a contract; rather, it suggests that the contract is valid but may be terminable at the will of either party prior to September 1. Thus, answer (C) is correct.",,-11.625170707702637,-8.750170707702637,-0.00017076305812224746,-100.0,0.9998326269078355
mbe_578,CONTRACTS,1991-Feb,train,"For this question only, assume the following facts. Acme did not cancel the order, and Snowco shippe",A,C,False,1,1460,121,"C  
Reasoning: The gold passage states that for a contract to be enforceable, it must be supported by consideration, and a mere promise is unenforceable. Acme's right to cancel the order before September 1 can be viewed as a condition that affects the enforceability of the contract. Since Acme did not cancel the order and Snowco shipped the shovels, the failure of Acme to exercise its right to cancel resulted in an enforceable contract. Therefore, answer (C) is the most accurate statement as of October 10 after Acme rejected the shovels.",,-4.705933570861816,-6.080933570861816,-0.7059338092803955,-0.7059338092803955,0.49432843073766924
mbe_580,CONST. LAW,1991-Feb,train,A federal statute enacted pursuant to the powers of Congress to enforce the Fourteenth Amendment and,A,A,True,1,1435,85,"A  
Reasoning: The gold passage indicates that Congress has the authority to enact legislation that deters or remedies constitutional violations, even if it intrudes into areas traditionally reserved for the states. This supports the argument that when Congress exercises its enforcement power under the Fourteenth Amendment, it can authorize private suits against states for damages, making answer (A) the strongest argument for Retiree against State X's motion to dismiss.",,-0.0002031827752944082,-100.0,-9.000203132629395,-100.0,0.9998766054178269
mbe_581,TORTS,1991-Feb,train,"At a country auction, Powell acquired an antique cabinet that he recognized as a ""Morenci,"" an extre",B,C,False,1,1604,131,"C  
Reasoning: The gold passage outlines the requirements for a product-liability claim, which include proving that the product was in a defective condition that was unreasonably dangerous for its intended use, that the defect existed when the product left the manufacturer's control, and that the defect proximately caused the injuries. In Powell's case, to prevail against Restorall, Inc., he would need to demonstrate that the product was defective when sold and that this defect caused the damage to the Morenci finish. Since the passage emphasizes the necessity of proving a defect for a product-liability claim, answer (C) is the most aligned with the information provided.",,-8.50190544128418,-8.75190544128418,-0.0019055474549531937,-6.50190544128418,0.9981381040380157
mbe_582,REAL PROP.,1991-Feb,train,"Two adjacent, two-story, commercial buildings were owned by Simon. The first floors of both building",C,C,True,1,1373,79,"C  
Reasoning: The gold passage indicates that the law of implied easements recognizes rights that may be implied even if they were not expressly conveyed, which suggests that Dennis may have an implied easement in the stairway. This implies that he has the right to maintain and repair the stairway to honor the intentions of the parties involved in the land transactions, making answer (C) correct.",,-12.000008583068848,-100.0,-8.895480277715251e-06,-13.250008583068848,0.9999920955013466
mbe_583,CONTRACTS,1991-Feb,train,"Hydro-King, Inc., a high-volume, pleasureboat retailer, entered into a written contract with Zuma, s",C,A,False,1,1521,106,"A  
Reasoning: The gold passage discusses liquidated damages and emphasizes that such provisions are meant to compensate for damages resulting from a breach. Since the contract between Hydro-King and Zuma did not include a liquidated damages provision, and Zuma is the party in default by notifying Hydro-King of his inability to complete the purchase, he is deemed to have lost any right to restitution of the benefit conferred (the $4,000 advance payment). Therefore, Zuma's claim should be denied, making answer (A) correct.",,-0.0016439995961263776,-11.251644134521484,-100.0,-100.0,0.9999869928732885
mbe_585,EVIDENCE,1991-Feb,train,"Park sued Officer Dinet for false arrest. Dinet's defense was that, based on a description he heard ",D,C,False,1,1531,150,"C  
Reasoning: The gold passage discusses the admissibility of evidence in the context of a motion for summary judgment, specifically mentioning that properly authenticated documents can be used if they are appropriately authenticated by affidavit or declaration. In this case, Brigg's testimony (II) regarding the description he read over the radio is admissible as it is based on personal knowledge. The note (III) containing the description can also be admissible if it is properly authenticated. However, Dinet's testimony (I) about what he heard is not supported by the passage as it does not address the admissibility of a witness's own recollection of events. Therefore, the correct answer is (C) II and III only, as they are the only items that",,-3.697763681411743,-3.447763681411743,-0.44776371121406555,-1.1977636814117432,0.6406446030045305
mbe_586,REAL PROP.,1991-Feb,train,Aris was the owner in fee simple of adjoining lots known as Lot 1 and Lot 2. He built a house in whi,B,B,True,1,1842,101,"B  
Reasoning: The gold passage specifically discusses the Rule Against Perpetuities, stating that it concerns whether interests vest too remotely and provides a clear definition of the rule. It does not mention the parol evidence rule, the Statute of Frauds, or the type of recording statute, which means those options are not supported by the passage. Therefore, the only relevant factor that will determine whether Aris will prevail is the Rule Against Perpetuities, making answer (B) correct.",,-100.0,-1.700132997939363e-05,-12.500017166137695,-100.0,0.99999627336133
mbe_587,EVIDENCE,1991-Feb,train,"Perez sued Dawson for damages arising out of an automobile collision. At trial, Perez called Minter,",B,B,True,1,1460,102,"B  
Reasoning: The gold passage states that a party may impeach its own witness if that witness gives testimony that tends to disprove the party's position or affirmatively damages the party's case. Minter's testimony, estimating Dawson's speed at 25 miles per hour, contradicts Perez's position that Dawson was speeding at 50 miles per hour. Therefore, Wallingford's testimony about Minter's prior statement can be used to impeach her credibility, making answer (B) correct.",,-100.0,-0.38689175248146057,-1.1368917226791382,-12.51189136505127,0.6791761914950859
mbe_589,TORTS,1991-Feb,train,"Palko is being treated by a physician for asbestosis, an abnormal chest condition that was caused by",D,B,False,1,1459,118,"B  
Reasoning: The gold passage indicates that a cause of action for negligent infliction of emotional distress must generally be based on conduct that ""unreasonably endangers"" the plaintiff's physical safety. Since the court has ruled against recovery for emotional distress in the absence of physical harm, and there is no indication that the jurisdiction recognizes a cause of action for an increased risk of cancer, Palko's emotional distress claim is not supported. Therefore, answer (B) is correct as it aligns with the passage's emphasis on the necessity of a recognized cause of action for such claims.",,-8.250274658203125,-0.00027432903880253434,-100.0,-100.0,0.9997388097668564
mbe_590,EVIDENCE,1991-Feb,train,"Dalton is on trial for burglary. During crossexamination of Dalton, the prosecutor wants to inquire ",A,C,False,1,1749,145,"C  
Reasoning: The gold passage indicates that evidence of a past conviction can be admitted to attack a witness's credibility if the crime involved dishonesty or false statement, regardless of the punishment. However, it also states that evidence of a conviction cannot be admitted if more than 10 years have passed since the witness was convicted or released from confinement. Since the conviction for falsifying a credit application is a misdemeanor, it is less likely to be considered as having significant probative value compared to a felony. Therefore, the fact that it was a misdemeanor (choice C) provides a strong reason for the trial court to refuse the examination, as it may not meet the criteria for admissibility based on the nature of the crime.",,-3.5323615074157715,-6.2823615074157715,-0.032361410558223724,-7.2823615074157715,0.9682060415205007
mbe_591,CRIM. LAW,1991-Feb,train,If the driver moves to suppress the use as evidence of the marijuana and cocaine found in the search,D,D,True,1,1518,120,"D  
Reasoning: The gold passage establishes that under the ""automobile exception,"" if a car is readily mobile and there is probable cause to believe it contains contraband, police are permitted to search the vehicle without additional requirements. In this case, the police had probable cause based on the information from the undercover officer and the description of the truck and its driver. Therefore, the search of the truck, which led to the discovery of both marijuana and cocaine, was lawful. As a result, the court should deny the motion to suppress evidence for both the marijuana and the cocaine found in the truck.",,-5.504364967346191,-9.004364967346191,-8.754364967346191,-0.004364728927612305,0.9956503604896872
mbe_592,CRIM. LAW,1991-Feb,train,"If the young woman moves to suppress the use as evidence of the heroin, the court should",A,A,True,1,1439,78,"A  
Reasoning: The gold passage states that a search or seizure is ordinarily unreasonable without individualized suspicion of wrongdoing. The young woman did not fit the description given by the informant, and her mere presence in the truck does not provide sufficient individualized suspicion to justify the search of her purse. Therefore, the court should grant her motion to suppress the evidence of the heroin found in her purse.",,-0.0005835341871716082,-8.25058364868164,-8.25058364868164,-100.0,0.9994777558267091
mbe_593,REAL PROP.,1991-Feb,train,Len owned two adjoining parcels known as Lot 1 and Lot 2. Both parcels fronted on Main Street and ab,A,B,False,1,1595,107,"B  
Reasoning: The gold passage outlines the requirements for establishing a prescriptive easement, which includes the need for the use to be hostile to the true owner. Since Tenny has access to the parking lot from the alley, this indicates that Tenny's use of the driveway over Lot 2 was not necessary for access, undermining the claim of hostility required for a prescriptive easement. Therefore, if Tenny loses, it will be because he has an alternative means of access, making answer (B) correct.",,-5.391509056091309,-0.3915089964866638,-1.1415090560913086,-10.391509056091309,0.6760640145608527
mbe_594,CONTRACTS,1991-Feb,train,"Dewar, a developer, needing a water well on one of his projects, met several times about the matter ",B,B,True,1,1586,75,"B  
Reasoning: The gold passage indicates that acceptance of an offer can be demonstrated by performing according to the terms of the offer. Waterman's commencement of drilling the well constitutes performance, which can be interpreted as an acceptance of Dewar's offer. This implies that Waterman had an obligation to complete the well as per the terms discussed, making answer (B) correct.",,-10.326464653015137,-0.20146489143371582,-1.7014648914337158,-100.0,0.8175476962968986
mbe_595,TORTS,1991-Feb,train,"In an action brought against Driver by Walker's legal representative, the only proofs that the legal",D,D,True,1,1555,116,"D  
Reasoning: The gold passage discusses the doctrine of res ipsa loquitur, which allows for an inference of negligence when an accident occurs that typically does not happen without negligence on the part of the defendant. In this case, the circumstances of Walker being struck while walking on the shoulder of the highway suggest that negligence may be inferred against Driver, especially since there are no other witnesses to contradict this inference. Therefore, the trial judge should deny Driver's motion for a directed verdict, as there is a reasonable basis to infer Driver's negligence, making answer (D) correct.",,-4.511056423187256,-12.261056900024414,-12.761056900024414,-0.011056429706513882,0.9890055379163767
mbe_596,CRIM. LAW,1991-Feb,train,"Smith joined a neighborhood gang. At a gang meeting, as part of the initiation process, the leader o",C,C,True,1,1276,85,"C  
Reasoning: The gold passage states that ""duress is not a legal defense to murder"" under longstanding Mississippi law. Since Smith's defense of duress cannot be used to absolve him of liability for the murder of Hardy, he cannot be found not guilty on that basis. Therefore, the only remaining option is that he is guilty of first-degree murder, as he intentionally and premeditatedly killed Hardy.",,-10.750022888183594,-100.0,-2.3319124011322856e-05,-13.625022888183594,0.9999773452280234
mbe_599,CONST. LAW,1991-Feb,train,A federal law provides that all motor vehicle tires discarded in this country must be disposed of in,A,A,True,1,1468,85,"A  
Reasoning: The gold passage emphasizes that states must comply with valid federal laws that regulate matters affecting interstate commerce, indicating that the procedural limitations imposed by the Commerce Clause require states to adhere to federal regulations. Therefore, East Dakota's unlicensed disposal of tires, despite meeting most federal standards, does not exempt it from compliance with the federal law mandating disposal in licensed facilities. Thus, answer (A) is correct.",,-0.505571186542511,-3.755571126937866,-1.0055711269378662,-100.0,0.6077900797284969
mbe_600,REAL PROP.,1991-Feb,train,"Arnold and Beverly owned a large tract of land, Blackacre, in fee simple as joint tenants with right",A,A,True,1,1376,112,"A  
Reasoning: The gold passage defines a tenancy in common as a form of ownership where each cotenant holds a separate fractional share of undivided property, indicating that the interests are distinct and independent. Since Arnold conveyed his interest to Alice and then she reconveyed it back to him, this action suggests that the joint tenancy was severed, leading to a situation akin to a tenancy in common at the time of Arnold's death. Therefore, Alice should prevail as she holds a one-half interest in Blackacre, making answer (A) correct.",,-0.11912306398153305,-5.6191229820251465,-4.4941229820251465,-2.3691229820251465,0.8912067010560968
mbe_601,TORTS,1991-Feb,train,Dent operates a residential rehabilitation center for emotionally disturbed and ungovernable childre,D,C,False,1,1481,105,"C  
Reasoning: The gold passage indicates that there are exceptions to the general rule that a parent is not liable for the tortious acts of their child, particularly when the parent fails to exercise control over the minor child. Since Dent has custody of Camden, he has the same duties and responsibilities as a parent. Camden's actions, which resulted in injury to Pell, occurred while he was under Dent's custody. Therefore, Pell can prevail against Dent because Camden was in Dent's custody, making answer (C) correct.",,-8.024659156799316,-2.6496591567993164,-0.6496590971946716,-0.8996590971946716,0.5222579046787358
mbe_602,EVIDENCE,1991-Feb,train,"Deetz was prosecuted for homicide. He testified that he shot in self-defense. In rebuttal, Officer W",B,B,True,1,1358,89,"B  
Reasoning: The gold passage explains that impeachment evidence is offered to discredit a witness and can serve both substantive and impeachment functions. Officer Watts' testimony about Deetz's statement serves to impeach Deetz's claim of self-defense by providing an alternative explanation for the shooting. Therefore, the offered testimony is admissible to impeach Deetz and as evidence that he did not act in self-defense, making answer (B) correct.",,-100.0,-2.2007883671903983e-05,-100.0,-100.0,1.0
mbe_603,TORTS,1991-Feb,train,"Landco owns and operates a 12-story apartment building containing 72 apartments, 70 of which are ren",D,C,False,1,1622,91,"C  
Reasoning: The gold passage establishes that a landlord is generally not liable for injuries caused by conditions on premises that are under the control of a tenant. Since Walker's claim does not provide any evidence of negligence or any of the exceptions to the lessor immunity doctrine, and Landco is in no better position than Walker to explain the accident, the claim is unlikely to survive a motion for directed verdict. Therefore, answer (C) is correct.",,-100.0,-9.063430786132812,-0.3134312033653259,-1.3134312629699707,0.7309739109969495
mbe_604,REAL PROP.,1991-Feb,train,"At the time of his death last week, Test owned Blackacre, a small farm. By his duly probated will, d",B,A,False,1,1369,135,"A  
Reasoning: The gold passage explains that a life estate is created when the language of the will clearly expresses the testator's intent to grant a right to possess, use, or enjoy property during the life of the grantee. In this case, Test devised Blackacre ""to Arthur for the life of Baker,"" which indicates that Arthur has a life estate contingent upon Baker being alive. Since Baker died before Test, Arthur's life estate is no longer valid, and the remainder would go to Casper. However, the question asks for the title to Blackacre at Test's death, which remains with Arthur for the life of Baker, making answer (A) correct.",,-0.010248132981359959,-5.010248184204102,-5.760248184204102,-100.0,0.9901767267277752
mbe_605,CONTRACTS,1991-Feb,train,"If Tower refuses to accept Copter's services, which of the following clauses in the GyroTower contra",A,A,True,1,1392,150,"A  
Reasoning: The gold passage discusses exculpatory clauses and their purpose in denying recovery for damages caused by negligence. However, it does not provide any information regarding the delegability of duties under a contract or the necessity of consent for delegation. Since the passage does not support any of the options regarding the non-delegability of Gyro's duties, the best choice based on the passage is (A) because it is the only clause mentioned that relates to liability, which could imply a need for consent in the context of the contract's obligations. However, it is important to note that the passage does not explicitly support the idea that the exculpatory clause prevents delegation without consent. Therefore, while (A) is the best option",,-0.2910003364086151,-100.0,-1.7910003662109375,-3.1660003662109375,0.7815270199935803
mbe_606,CONTRACTS,1991-Feb,train,"For this question only, assume that Tower orally agreed with Gyro to accept Copter's services and th",A,C,False,1,1430,93,"C  
Reasoning: The gold passage defines a novation as the substitution of one contract for another, which extinguishes the pre-existing obligation and releases those bound thereunder. Since Tower orally agreed to accept Copter's services, this constitutes a novation, thereby discharging Gyro from his duties under the Gyro-Tower contract. Therefore, Tower cannot succeed in an action against Gyro for damages for breach of contract, making answer (C) correct.",,-100.0,-100.0,-20.75,-100.0,1.0
mbe_607,REAL PROP.,1991-Feb,train,"Allen owned Greenacre in fee simple of record on January 10. On that day, Maria loaned Allen $50,000",C,A,False,1,1400,88,"A  
Reasoning: The gold passage indicates that a purchaser is presumed to have made inquiries if they have knowledge of facts that could suggest a conflicting right or title. Since both Maria and Barnes were unaware of each other's claims until January 23, and Barnes paid valuable consideration without notice before Maria recorded her mortgage, he qualifies as a bona fide purchaser. Therefore, the court should decide in favor of Barnes, making answer (A) correct.",,-0.02492627501487732,-4.02492618560791,-5.27492618560791,-7.14992618560791,0.9762117763982401
mbe_609,EVIDENCE,1991-Feb,train,Park sued Dunlevy for copyright infringement for using in Dunlevy's book some slightly disguised hou,A,C,False,1,1372,105,"C  
Reasoning: The gold passage indicates that hearsay is generally inadmissible unless it falls within a recognized exception. Park's testimony about what Dunlevy's executive assistant said is considered hearsay, as it is an out-of-court statement offered to prove the truth of the matter asserted (that Dunlevy obtained the plans). The passage does not provide any exceptions that would apply to this situation, making Park's testimony inadmissible as hearsay not within any exception, thus making answer (C) correct.",,-5.5182905197143555,-100.0,-0.018290648236870766,-4.2682905197143555,0.9819796832652821
mbe_610,CONST. LAW,1991-Feb,train,Congress enacted a statute providing grants of federal funds for the restoration and preservation of,A,A,True,1,1621,103,"A  
Reasoning: The gold passage indicates that Congress has the authority to impose conditions on the receipt of federal funds as long as those conditions are related to the general welfare and are unambiguous. Since the statute requires that courthouses restored with federal funds must be equipped with ramps and facilities for handicapped people, and this requirement is a condition of the grant, the County Board of Red County is bound to comply with this condition if they accept the federal grant. Therefore, answer (A) is correct.",,-0.00012999906903132796,-100.0,-15.125129699707031,-100.0,0.9999997300421417
mbe_611,CRIM. LAW,1991-Feb,train,Arnold decided to destroy an old warehouse that he owned because the taxes on the structure exceeded,D,C,False,1,1407,136,"C  
Reasoning: The gold passage discusses the principle that duress is no defense to killing an innocent person, but it does not provide any relevant information regarding the mental state required for arson or attempted arson. Since the passage does not address the implications of Arnold's belief about the legality of burning his own building, it cannot support any of the options regarding attempted arson. However, option (C) suggests that his mistake negated a necessary mental state, which aligns with the idea that a misunderstanding of the law could affect culpability. Therefore, based on the lack of support for the other options and the reasoning in (C), it is the most appropriate choice.",,-4.899636745452881,-100.0,-0.3996368646621704,-1.1496368646621704,0.6740926735146726
mbe_612,CONST. LAW,1991-Feb,train,"""Look-alike drugs"" is the term used to describe nonprescription drugs that look like narcotic drugs ",B,B,True,1,1366,94,"B  
Reasoning: The gold passage establishes that Congress has the power to regulate local activities that are part of an economic class of activities that have a substantial effect on interstate commerce. Since the statute in question regulates the manufacture, distribution, and sale of nonprescription drugs, which can be seen as affecting interstate commerce, the commerce clause is the most appropriate source of constitutional authority to justify Congress's enactment of this statute. Therefore, answer (B) is correct.",,-100.0,-18.750001907348633,-100.0,-100.0,1.0
mbe_613,CONST. LAW,1991-Feb,train,"After several well-publicized deaths caused by fires in products made from highly flammable fabrics,",D,B,False,1,1422,96,"B  
Reasoning: The gold passage indicates that a statute can be upheld if it regulates even-handedly to effectuate a legitimate local public interest and if its effects on interstate commerce are only incidental. The Orange statute aims to protect public safety by ensuring that only tested and approved fabrics are used, which aligns with a legitimate local public interest. Therefore, the statute is likely to be considered constitutional as it serves a legitimate purpose of protecting public safety, making answer (B) correct.",,-10.01165771484375,-0.01165776140987873,-7.51165771484375,-4.51165771484375,0.9884279976191173
mbe_615,EVIDENCE,1991-Feb,train,"Decker, charged with armed robbery of a store, denied that he was the person who had robbed the stor",D,D,True,1,1603,111,"D  
Reasoning: The gold passage discusses Rule 403, which states that even if evidence is relevant, it may be excluded if its probative value is substantially outweighed by the danger of unfair prejudice. The introduction of evidence regarding Decker's past robberies could potentially prejudice the jury against him, and the passage emphasizes that the evaluation of probative value must be made in the context of the trial's issues. Therefore, the evidence of Decker's prior robberies is likely inadmissible under this rule, making answer (D) correct.",,-100.0,-11.00003719329834,-11.25003719329834,-3.762356209335849e-05,0.999970291871372
mbe_619,REAL PROP.,1991-Feb,train,"Mom owned Blackacre, a two-family apartment house on a small city lot not suitable for partition-in-",D,D,True,1,1579,97,"D  
Reasoning: The gold passage discusses the principles surrounding partition actions, specifically emphasizing that a party seeking partition by sale must demonstrate that partition in-kind is impractical or unfair. Since Joe is the one who initiated the partition action and Ken has a judgment lien against Joe, the lien would only attach to Joe's interest in the property. Therefore, Ken's judgment will only affect the portion of the proceeds from the sale that is due to Joe, making answer (D) correct.",,-4.650914192199707,-1.775914192199707,-1.025914192199707,-0.7759142518043518,0.46137492931686175
mbe_620,CRIM. LAW,1991-Feb,train,"Suspecting that Scott had slain his wife, police detectives persuaded one of Scott's employees to re",C,C,True,1,1618,64,"C  
Reasoning: The gold passage indicates that the exclusionary rule does not apply to grand jury proceedings, as allowing such motions would impede the grand jury's investigative functions and transform them into preliminary trials. Therefore, the motion to suppress the evidence of the fingerprint comparisons should be denied, making answer (C) correct.",,-100.0,-100.0,-18.875001907348633,-100.0,1.0
mbe_624,REAL PROP.,1991-Feb,train,"Adam entered into a valid written contract to sell Blackacre, a large tract of land, to Betsy. At th",C,C,True,1,1382,67,"C  
Reasoning: The gold passage indicates that specific performance is typically ordered when the legal remedy is inadequate, particularly in cases involving real estate, as each parcel of land is unique. Since Adam acquired title to Blackacre before the scheduled closing, Betsy is entitled to specific performance of the contract, making answer (C) correct.",,-100.0,-100.0,-6.704273118884885e-07,-18.125,0.9999999865595812
mbe_625,TORTS,1991-Feb,train,Dayton operates a collection agency. He was trying to collect a $400 bill for medical services rende,A,C,False,1,1906,131,"C  
Reasoning: The gold passage establishes that in order to recover for intentional infliction of emotional distress, the plaintiff must demonstrate that the defendant's conduct was ""so outrageous that it is not tolerated by civilized society."" It further clarifies that mere insults, threats, or indignities do not meet this standard. Since the passage does not indicate that Dayton's conduct was extreme or outrageous enough to meet the threshold for liability, and it emphasizes that the burden to demonstrate such outrageous conduct is significant, Pratt is unlikely to prevail unless he suffered physical harm as a result of Dayton's conduct. Therefore, answer (C) is the most aligned with the passage.",,-1.3396508693695068,-5.464650630950928,-0.33965080976486206,-3.839650869369507,0.712239034733451
mbe_626,CONST. LAW,1991-Feb,train,"Public schools in the state of Green are financed, in large part, by revenue derived from real estat",C,C,True,1,1561,102,"C  
Reasoning: The gold passage states that wealth is not a suspect classification for purposes of the Equal Protection Clause. This implies that the court should not apply a heightened scrutiny standard, such as requiring the state to demonstrate a compelling interest. Since the plaintiffs have not alleged a violation of a fundamental right or a suspect classification, the appropriate standard for review is rational basis. Therefore, the plaintiffs must demonstrate that the funding allocation formula bears no rational relationship to any legitimate state interest, making answer (C) correct.",,-100.0,-100.0,-18.8750057220459,-100.0,1.0
mbe_627,TORTS,1991-Feb,train,"A car driven by Dan entered land owned by and in the possession of Peter, without Peter's permission",A,C,False,1,1242,101,"C  
Reasoning: The gold passage establishes that liability for trespass can arise from intentional actions (as in allegation I), negligent actions (as in allegation II), or from engaging in extrahazardous activities. Additionally, if Dan's actions resulted in damage to Peter's land (as in allegation III), that would also support a claim. Therefore, all three allegations (I, II, and III) provide a sufficient basis for a claim by Peter against Dan, making answer (C) correct.",,-6.7517313957214355,-7.5017313957214355,-0.0017314640572294593,-100.0,0.9982790028286073
mbe_628,CRIM. LAW,1991-Feb,train,In which of the following cases is Morrow most likely to be convicted if she is charged with receivi,B,C,False,1,1508,149,"C  
Reasoning: The gold passage discusses the concept of entrapment as an affirmative defense, emphasizing the importance of the defendant's predisposition to commit the crime and the role of governmental instigation. In option (C), Morrow is purchasing a car from Cooper, who is actively cooperating with the police after having stolen the car. This indicates that Cooper's actions are part of a police operation, which could suggest governmental instigation. Since Morrow is aware that the car is stolen and is engaging in the transaction with a person who is under police scrutiny, she is less likely to demonstrate reluctance, making her more predisposed to commit the crime of receiving stolen property. Therefore, she is most likely to be convicted in this scenario.",,-4.033629894256592,-4.283629894256592,-0.03363002464175224,-6.658629894256592,0.9672053009826216
mbe_633,REAL PROP.,1991-Feb,train,"Leaseco owned Blackacre, a tract of 100 acres. Six years ago, Leaseco leased a one-acre parcel, Onea",B,B,True,1,1538,112,"B  
Reasoning: The gold passage indicates that covenants may be terminated when there are radical changes that destroy the essential objects and purposes of the agreement. However, it does not state that the mere conveyance of property terminates the obligations of the lease. Since Leaseco retained the remainder of Blackacre and the lease to Eatco was made subject to the conveyance, the covenant for Eatco to contribute to off-site improvements likely remains enforceable. Therefore, Leaseco would prevail in recovering the costs from Eatco, making answer (B) correct.",,-7.689316272735596,-0.3143160939216614,-1.3143160343170166,-100.0,0.7307237683960129
mbe_634,TORTS,1991-Feb,train,"While Patty was riding her horse on what she thought was a public path, the owner of a house next to",B,C,False,1,1602,99,"C  
Reasoning: The gold passage indicates that even if Patty was a trespasser, the property owner would not be justified in using unreasonable force to compel her to leave. Since Patty did not suffer any physical harm, the property owner’s actions, while potentially aggressive, did not result in any bodily injury to her or her horse. Therefore, Patty's claim for damages would likely fail, leading to the conclusion that the result should be for the defendant, making answer (C) correct.",,-8.504524230957031,-5.504524230957031,-0.004524465650320053,-8.379524230957031,0.9954995449245491
mbe_635,REAL PROP.,1991-Feb,train,"Five years ago, Sally acquired Blackacre, improved with a 15-year-old dwelling. This year Sally list",B,B,True,1,1401,63,"B  
Reasoning: The gold passage establishes that when a buyer agrees to purchase property ""as is,"" they acknowledge that they are responsible for any damage resulting from unknown defects. This supports the conclusion that the ""as is"" provision in the contract controls the rights of the parties, making answer (B) correct.",,-100.0,-18.5,-100.0,-100.0,1.0
mbe_636,CRIM. LAW,1991-Feb,train,In which of the following situations would a court applying common-law doctrine be most likely to co,A,A,True,1,1333,91,"A  
Reasoning: The gold passage states that a mistake of law is not a defense. In option (A), Defendant believed the statutory period for a person to be presumed dead was three years instead of five. This mistake of law regarding the presumption of death does not provide a defense against the charge of bigamy. Therefore, a court applying common-law doctrine would be most likely to convict Defendant in this situation, making answer (A) correct.",,-0.18814417719841003,-4.438144207000732,-1.9381442070007324,-4.188144207000732,0.828944204949681
mbe_637,CONTRACTS,1991-Feb,train,"Assuming that there is no controlling statute, is the April 1 agreement an effective defense for Spe",A,C,False,1,1542,97,"C  
Reasoning: The gold passage defines consideration as something of value exchanged between parties, which is necessary for a promise to be enforceable. In this case, Spender's promise to pay interest until December 31 does not constitute new consideration for Midas's promise not to sue, as Spender was already obligated to pay the original debt of $1,000 plus interest. Therefore, there is no valid consideration for Midas's promise, making answer (C) correct.",,-19.625,-100.0,-20.75,-100.0,0.24508501313237172
mbe_638,CONTRACTS,1991-Feb,train,"For this question only, assume that on January 2 of the following year Midas's suit has not come to ",D,C,False,1,1998,130,"C  
Reasoning: The gold passage discusses conditions precedent and states that a condition precedent is something that must happen or be performed before a right can accrue to enforce the main contract. In this case, Midas's promise not to sue before December 31 is a condition precedent to Spender's obligation to pay the note. Since Midas filed suit before that date, he did not fulfill the condition precedent, which means that Spender's promise in the April 1 agreement cannot be enforced. Therefore, allowing Midas to enforce the promise would undermine the policy of the statute of limitations against enforcement of stale claims, making answer (C) correct.",,-10.001978874206543,-100.0,-0.25197866559028625,-1.5019786357879639,0.7772646362707964
mbe_639,CONST. LAW,1991-Feb,train,Which of the following acts by the United States Senate would be constitutionally IMPROPER?,C,C,True,1,1231,79,"C  
Reasoning: The gold passage establishes that the Supreme Court has ""original and exclusive"" jurisdiction to resolve controversies between states. Therefore, if the Senate were to appoint a commission to adjudicate a boundary dispute between two states, it would be acting outside its constitutional authority, as such disputes are meant to be resolved by the Supreme Court. Thus, option (C) is constitutionally improper.",,-14.875004768371582,-100.0,-4.60414821645827e-06,-100.0,0.9999996533674358
mbe_641,CONTRACTS,1991-Feb,train,"Pater and his adult daughter, Carmen, encountered Tertius, an old family friend, on the street. Carm",C,A,False,1,1329,81,"A  
Reasoning: The gold passage states that a gift is conditional if it is conditioned upon the performance of some act by the donee. Pater's promise to Tertius was conditional upon Carmen's performance of repaying the loan. Since Pater did not receive any consideration for his promise, he can argue that his promise is unenforceable, making answer (A) the best defense.",,-0.00014215784904081374,-10.250142097473145,-100.0,-100.0,0.9999646437471236
mbe_643,EVIDENCE,1991-Feb,train,"In litigation on a federal claim, Plaintiff had the burden of proving that Defendant received a noti",B,B,True,1,1376,85,"B  
Reasoning: The gold passage indicates that a claimant can rebut the presumption of receipt by making a reasonable showing to the contrary. In this case, Defendant's testimony that she never received the notice serves as a reasonable showing to rebut the presumption. Therefore, the jury may find that the notice was received based on Plaintiff's evidence, but they are not required to do so, making answer (B) correct.",,-10.750068664550781,-6.825890159234405e-05,-10.000068664550781,-100.0,0.9999331591570336
mbe_644,EVIDENCE,1991-Feb,train,"In a medical malpractice suit by Payne against Dr. Dock, Payne seeks to introduce a properly authent",A,D,False,1,1358,106,"D  
Reasoning: The gold passage outlines the requirements for admitting evidence under W. Va. R. Evid. 803(6), specifically noting that the record must be made by or from information transmitted by a person with knowledge of the matters. In this case, the medical resident who made the notation did not have personal knowledge of the operation and cannot identify which physician provided the information. Therefore, the notation does not meet the criteria for admissibility as it constitutes hearsay within hearsay, making answer (D) correct.",,-2.872032880783081,-6.372032642364502,-2.872032880783081,-0.12203282117843628,0.8851232447309598
mbe_645,EVIDENCE,1991-Feb,train,Parr sued Davis for damages for physical injuries allegedly caused by Davis's violation of the feder,D,A,False,1,1387,69,"A  
Reasoning: The gold passage emphasizes the importance of the physician-patient privilege as an absolute bar against unauthorized disclosure of patient medical records, including those of nonparty patients. Since the state code in Chippewa preserves common-law privileges intact, the court should apply state law and recognize the claim of privilege, making answer (A) correct.",,-0.25667238235473633,-6.381672382354736,-1.5066723823547363,-100.0,0.775980433287719
mbe_646,CRIM. LAW,1991-Feb,train,"Kathy, a two-year-old, became ill with meningitis. Jim and Joan, her parents, were members of a grou",A,B,False,1,1623,108,"B  
Reasoning: The gold passage discusses the concept of malice aforethought as a critical element in defining murder. It suggests that the mental state of the defendant is essential in determining the type of murder committed. Since Jim and Joan's actions were based on their religious beliefs, they could argue that their conduct was a constitutionally protected religious practice, which may negate the malice aforethought required for a murder charge. Therefore, their best defense is that they were pursuing a constitutionally protected religious belief, making answer (B) correct.",,-1.1814172267913818,-0.6814172267913818,-1.6814172267913818,-100.0,0.506480391055654
mbe_647,EVIDENCE,1991-Feb,train,"In a prosecution of Dahle for assault, Wharton is called to testify that the victim, Valerian, had c",C,C,True,1,1371,105,"C  
Reasoning: The gold passage discusses the adverse spousal testimony privilege, which allows a spouse to choose whether or not to testify against their partner. In this case, if Wharton is Valerian's husband, he can testify about Valerian's complaint without being compelled to do so, and his testimony is likely to be admitted. The other options (A, B, and D) do not involve the spousal relationship, making them less likely to support the admission of Wharton's testimony under the privilege discussed.",,-7.751412868499756,-8.126413345336914,-0.0014130928320810199,-7.626412868499756,0.9987865915033962
mbe_648,CONTRACTS,1991-Feb,train,"On January 15, Geetus is entitled to a judgment against Bower for which of the following amounts?",B,C,False,1,1540,93,"C  
Reasoning: The gold passage defines a material breach of contract as a non-performance of a duty that is significant enough to justify the injured party in considering the entire transaction as ended. Bower's failure to pay three installments constitutes a material breach, as it indicates a significant non-performance of her repayment obligation. Therefore, Geetus is entitled to a judgment against Bower for the full amount of the loan plus accrued interest, making answer (C) correct.",,-100.0,-12.000349044799805,-0.0003488129877950996,-8.000349044799805,0.9996585098942619
mbe_649,CONTRACTS,1991-Feb,train,"For this question only, assume that Bower's entire $1,000 debt is due and that she has failed to rep",D,D,True,1,1470,112,"D  
Reasoning: The gold passage outlines the four elements necessary to establish the existence of a contract, which include identifiable parties, consent, a lawful object, and sufficient cause or consideration. The passage does not provide any information that supports the defenses listed in I, II, or III. Specifically, it does not address the issue of consideration or the timing of acceptance and notification in relation to the formation of a contract. Therefore, none of the defenses presented (I, II, or III) are supported by the passage, making answer (D) correct.",,-5.259613513946533,-6.009613513946533,-6.259613513946533,-0.009613708592951298,0.990435633876951
mbe_651,CONST. LAW,1991-Feb,train,The Federal Family Film Enhancement Act assesses an excise tax of 10% on the price of admission to p,D,D,True,1,1691,101,"D  
Reasoning: The gold passage emphasizes that the government may not impose content-based restrictions on expressive activity without demonstrating a compelling state interest and that such regulations must be narrowly tailored. The Federal Family Film Enhancement Act imposes a tax based on the content of the films shown, which suggests a content-based regulation. Therefore, the strongest argument against the constitutionality of the act is that it imposes a tax solely on the basis of the content of speech without adequate justification, making answer (D) correct.",,-100.0,-100.0,-14.625000953674316,-1.3856492842023727e-06,0.9999995549147558
mbe_654,TORTS,1991-Feb,train,"As a result of an accident at the NPP nuclear power plant, a quantity of radioactive vapor escaped f",D,C,False,1,1426,118,"C  
Reasoning: The gold passage discusses the complexities of determining when a cause of action for tort liability accrues in cases involving long-latency diseases due to significant exposure to harmful substances. It emphasizes the challenge of linking the exposure to the eventual development of an insidious disease, which aligns with the situation of the exposed persons who may develop cancer. However, the passage does not address the issue of causation in terms of proving that any harm suffered was specifically caused by the exposure, making option (C) the one that does not present a substantial issue according to the information provided.",,-3.109790802001953,-2.859790802001953,-0.3597908020019531,-1.6097908020019531,0.6980716749488878
mbe_655,CONST. LAW,1991-Feb,train,A city ordinance makes the city building inspector responsible for ensuring that all buildings in th,A,C,False,1,1574,113,"C  
Reasoning: The gold passage indicates that the first inquiry in determining the constitutional protections for public employee speech is whether the employee spoke as a citizen on a matter of public concern. Since the building inspector's statements were made to a reporter and pertained to the conditions of buildings and their occupants, this qualifies as a matter of public concern. Therefore, the building inspector has a potential First Amendment claim. The passage does not support the idea that the city council had adequate justification for discharging the inspector based solely on his comments, making answer (C) correct.",,-3.773555040359497,-8.273554801940918,-0.023555010557174683,-100.0,0.9767733039264951
mbe_657,EVIDENCE,1991-Feb,train,Pitt sued Dill for damages for back injuries received in a car wreck. Dill disputed the damages and ,B,B,True,1,1280,72,"B  
Reasoning: The gold passage indicates that lay witness testimony must be based on personal perceptions or observations, and that a hypothetical question must include all significant facts to be valid. Since the hypothetical question posed to Dr. Webb omitted the significant fact of the childhood horseback riding accident, this omission provides a strong ground for objection, making answer (B) correct.",,-11.000019073486328,-1.8908587662735954e-05,-15.000019073486328,-100.0,0.9999829926889474
mbe_658,EVIDENCE,1991-Feb,train,"Daggett was prosecuted for murder of Vales, whose body was found one morning in the street near Dagg",B,B,True,1,1360,112,"B  
Reasoning: The gold passage outlines the criteria for an excited utterance, which includes a statement made while the declarant is under the stress of excitement caused by a startling event. In this case, Daggett's wife’s statement, ""You killed him! You killed him!"" was made in response to the startling event of Vales' murder, and it relates directly to that event. Therefore, Witt's testimony about the wife's statement qualifies as an excited utterance and is admissible under the hearsay exception, making answer (B) correct.",,-12.500004768371582,-4.723352049040841e-06,-14.625004768371582,-100.0,0.9999958282791689
mbe_659,REAL PROP.,1991-Feb,train,"Orin owned in fee simple Blueacre, a farm of 300 acres. He died and by will duly admitted to probate",D,D,True,1,1696,111,"D  
Reasoning: The gold passage indicates that the mortgagor is responsible for making mortgage payments, but it also notes that a mortgage can be a non-recourse in rem mortgage, meaning the mortgagor has no personal liability for the debt. Therefore, Clara cannot be held personally liable for any amounts due on the mortgage. However, if the mortgage installments are not paid, her share in the remainder could be at risk, as the property could be foreclosed upon. This aligns with option (D), making it the correct answer.",,-7.2507710456848145,-10.625771522521973,-10.625771522521973,-0.0007711516227573156,0.9992417991960862
mbe_660,CONTRACTS,1991-Feb,train,The trial court will probably rule that the evidence proffered by Bill's is,D,D,True,1,1520,91,"D  
Reasoning: The gold passage indicates that when a contract's language is ambiguous, the parties' course of performance is highly relevant for interpreting the agreement. Since Bill's seeks to introduce evidence of its past returns of undefective radios, which Tune accepted without objection, this evidence is considered significant in determining the parties' intentions regarding the contract. Therefore, the trial court will likely rule that the evidence is admissible, making answer (D) correct.",,-19.125,-100.0,-100.0,0.0,0.9999999950555496
mbe_661,CONTRACTS,1991-Feb,train,"For this question only, assume the following facts. When Bill's returned the 25 radios in question, ",B,A,False,1,1781,127,"A  
Reasoning: The gold passage discusses the concept of lack of consideration and the presumption of consideration in the existence of a written contract. It indicates that a party alleging lack of consideration has the burden of proof to rebut this presumption. In this case, Tune's deposit of the check marked ""Payment in full for all goods sold to Bill's to date"" could be interpreted as an acceptance of the terms stated in the check, which may estop Tune from asserting that Bill's owed any additional amount. Therefore, option (A) aligns with the principles outlined in the passage, making it the best defense for Bill's.",,-0.19667065143585205,-100.0,-4.4466705322265625,-1.946670651435852,0.8417237910580675
mbe_662,TORTS,1991-Feb,train,Plaintiff was a passenger in a car that was struck in the rear by a car driven by First. The collisi,A,A,True,1,1568,92,"A  
Reasoning: The gold passage explains that under the theory of joint and several liability, each tortfeasor is liable for the entire injury, regardless of their proportional fault. This means that the burden of proving how much damage each defendant caused falls on the defendants themselves, not the plaintiff. Therefore, Plaintiff's best argument is that the wrongdoers should bear the burden of the impossibility of apportionment, making answer (A) correct.",,-0.00010914575977949426,-100.0,-100.0,-100.0,1.0
mbe_663,EVIDENCE,1991-Feb,train,"Darby was prosecuted for sexually abusing his 13-year-old stepdaughter, Wendy. Wendy testified to Da",A,C,False,1,1347,75,"C  
Reasoning: The gold passage indicates that it is not permissible for a cross-examiner to go beyond the scope of direct examination. The question posed by defense counsel about Wendy's alleged misconduct does not relate to her truthfulness regarding the abuse allegations and therefore falls outside the scope of direct examination. Thus, the question is improper, making answer (C) correct.",,-11.000455856323242,-100.0,-0.00045617512660101056,-7.7504563331604,0.9995527559381333
mbe_664,CRIM. LAW,1991-Feb,train,"David entered the county museum at a time when it was open to the public, intending to steal a Picas",C,D,False,1,1330,130,"D  
Reasoning: The gold passage defines larceny as the wrongful taking of another's property with the intent to permanently deprive the owner of that property. In this case, David intended to take what he believed was a Picasso etching, but he took a photocopy instead, which does not constitute the taking of another's property as defined by larceny. Since he did not successfully take the original property, he cannot be guilty of larceny. However, he did attempt to take the property with the intent to permanently deprive the owner, which qualifies as attempted larceny. Therefore, answer (D) is correct.",,-5.977963447570801,-1.9779632091522217,-0.9779632687568665,-0.7279632687568665,0.4829627373535061
mbe_665,CONST. LAW,1991-Feb,train,Insurance is provided in the state of Shoshone only by private companies. Although the state insuran,C,C,True,1,1428,65,"C  
Reasoning: The gold passage establishes that the Equal Protection Clause of the Fourteenth Amendment protects citizens from government conduct, not from actions taken by private entities such as insurance companies. Since Foster's claim is against a private insurance company, the constitutional guarantee of equal protection does not apply, making answer (C) correct.",,-100.0,-100.0,-1.8624639324116288e-06,-13.250001907348633,0.9999982396568656
mbe_666,CRIM. LAW,1991-Feb,train,"If charged with murder of Chip, Jack should be found",A,C,False,1,1412,85,"C  
Reasoning: The gold passage indicates that for transferred intent to apply, the defendant must have intended to kill one person and accidentally killed another. In this case, Jack did not intend for Chip to be shot by the security guard; he merely incited Chip to act violently. Therefore, Jack should be found not guilty because he did not have the intent to cause Chip's death, making answer (C) correct.",,-3.783041477203369,-5.033041477203369,-0.033041536808013916,-5.783041477203369,0.9676434771563613
mbe_667,CRIM. LAW,1991-Feb,train,"If charged with attempted murder of Morgan, Jack should be found",A,C,False,1,1517,99,"C  
Reasoning: The gold passage discusses the doctrine of transferred intent, which applies when a defendant intends to kill one person but accidentally kills another. In this case, Jack intended to harm Morgan but did not directly attempt to kill him, and Morgan was never in imminent danger of being killed by Jack's actions. Therefore, Jack should be found not guilty of attempted murder of Morgan, as the passage indicates that the intent to kill must be directed at the victim in order for liability to attach.",,-2.6087725162506104,-4.108772277832031,-0.10877241939306259,-4.358772277832031,0.8971306341785854
mbe_668,CONST. LAW,1991-Feb,train,"The National AIDS Prevention and Control Act is a new, comprehensive federal statute that was enacte",D,B,False,1,1403,99,"B  
Reasoning: The gold passage indicates that Article III provides Congress the authority to regulate the jurisdiction of the United States Supreme Court, stating that the Court has appellate jurisdiction ""with such Exceptions, and under such Regulations as the Congress shall make."" This supports the idea that Congress can establish specific procedures for legal challenges, including the provision for direct review of the National AIDS Prevention and Control Act in the Supreme Court. Therefore, the provision is constitutional under this interpretation, making answer (B) correct.",,-100.0,-6.921253225300461e-05,-11.000069618225098,-12.000069618225098,0.9999771546180483
mbe_671,CONTRACTS,1991-Feb,train,"For this question only, assume the following facts. If Paul had started to paint on the following Sa",A,C,False,1,1665,112,"C  
Reasoning: The gold passage indicates that if unforeseen and substantial difficulties arise in the performance of a contract, and the other party promises additional compensation to complete the contract, that promise is supported by valid consideration. In this case, Paul's inability to finish the painting alone constituted an unforeseen difficulty, and Alice's agreement to pay ""whatever it takes"" to complete the work can be seen as a promise supported by consideration. Therefore, Paul is likely to recover the $1,200 he demands, as it reflects the new agreement formed due to the unforeseen circumstances.",,-3.6073694229125977,-5.607369422912598,-0.6073693037033081,-0.8573693037033081,0.5448623914742177
mbe_672,CONTRACTS,1991-Feb,train,"For this question only, assume the following facts. Paul commenced work on Saturday morning, and had",B,A,False,1,1474,100,"A  
Reasoning: The gold passage discusses quasi-contracts and equitable principles, emphasizing that a cause of action for quasi-contract arises when there is an obligation created by law without regard to the parties' intentions, aimed at restoring the aggrieved party to their former position. In this scenario, since the office building was destroyed by fire, both parties' contractual duties are discharged due to impossibility of performance. Therefore, Paul cannot recover anything from Alice, making answer (A) the accurate statement.",,-0.14330646395683289,-2.1433064937591553,-4.143306255340576,-100.0,0.8668133323568986
mbe_673,CONST. LAW,1991-Feb,train,The state of Erehwon has a statute providing that an unsuccessful candidate in a primary election fo,C,C,True,1,1458,86,"C  
Reasoning: The gold passage establishes that regulations imposing severe burdens on rights are subject to strict scrutiny, which requires the state to prove that the regulation is narrowly tailored to serve a compelling state interest. Therefore, in Sabel's suit challenging the constitutionality of the Erehwon statute, the proper burden of persuasion is on the state to demonstrate that the statute meets this strict scrutiny standard, making answer (C) correct.",,-8.750166893005371,-14.750166893005371,-0.00016718693950679153,-100.0,0.9998411710724726
mbe_674,REAL PROP.,1991-Feb,train,Rohan executed and delivered a promissory note and a mortgage securing the note to Acme Mortgage Com,B,B,True,1,1452,99,"B  
Reasoning: The gold passage states that the legal owner of a promissory note may maintain a cause of action even if actual or beneficial ownership lies with another party. Since Acme Mortgage Company was the original payee and legal owner of the note and mortgage, and it assigned them to XYZ Bank, XYZ Bank retains legal ownership despite Acme's subsequent actions. Therefore, the court should hold that XYZ Bank owns both the note and the mortgage, making answer (B) correct.",,-2.1291472911834717,-0.12914730608463287,-6.379147529602051,-100.0,0.8793019658855017
mbe_677,EVIDENCE,1991-Feb,train,"Paul sued Dyer for personal injuries sustained when Dyer's car hit Paul, a pedestrian. Immediately a",C,A,False,1,1235,67,"A  
Reasoning: The gold passage states that admissions of a party opponent are admissible as exceptions to the hearsay rule. Dyer's statement, ""Don't worry, I'll pay your hospital bill,"" can be interpreted as an admission of liability, making it admissible under this rule. Therefore, answer (A) is correct.",,-0.00016742534353397787,-100.0,-9.250167846679688,-100.0,0.9999038976249881
mbe_679,CONTRACTS,1991-Feb,train,"Seisin and Vendee, standing on Greenacre, orally agreed to its sale and purchase for $5,000, and ora",A,A,True,1,1437,89,"A  
Reasoning: The gold passage discusses clerical errors, which are mistakes made in writing or keeping records that do not involve judicial reasoning or determination. In option (A), the agreement was later reduced to writing and included two acres that were not part of the original oral agreement due to a clerical mistake. This situation aligns with the concept of reformation to correct a clerical error, making option (A) the most appropriate choice.",,-0.003126859664916992,-11.128127098083496,-100.0,-100.0,0.9999852610215394
mbe_680,TORTS,1991-Feb,train,Airco operates an aircraft maintenance and repair business serving the needs of owners of private ai,A,B,False,1,1472,101,"B  
Reasoning: The gold passage establishes that a product is considered defective only if it is ""not reasonably safe"" or ""unreasonably dangerous"" to the user or consumer. Since Airco was guilty of no negligence and the defect in the engine was not discoverable through available inspection and testing procedures, it cannot be concluded that the engine was defective in a way that would impose liability on Airco. Therefore, Flyer will not recover any compensation from Airco, making answer (B) correct.",,-6.751525402069092,-0.0015255718026310205,-8.00152587890625,-10.87652587890625,0.9984770550539445
mbe_681,CONST. LAW,1991-Feb,train,"To encourage the growth of its population, the state of Axbridge established a program that awarded ",C,C,True,1,1696,95,"C  
Reasoning: The gold passage establishes that classifications based on alienage are ""inherently suspect and subject to close judicial scrutiny."" It further states that the governmental interest justifying such discrimination must be legitimate and substantial, and the means adopted must be necessary and precisely drawn. Since the Lills are denied the award solely based on their alien status, this classification does not withstand the stringent examination required, making the exclusion unconstitutional. Therefore, answer (C) is correct.",,-100.0,-100.0,-2.045823566731997e-05,-100.0,1.0
mbe_682,TORTS,1991-Feb,train,"While driving at a speed in excess of the statutory limit, Dant negligently collided with another ca",C,C,True,1,1481,117,"C  
Reasoning: The gold passage discusses proximate cause, which includes the elements of cause in fact and foreseeability. It states that for a defendant's act to be a substantial factor in causing the injury, it must be shown that the harm would not have occurred without that act. In this case, Dant's negligent driving was the initial cause of the accident that led to the blockage of the highway, creating a situation where Page was injured. A jury could reasonably find that Page's injury was a continuing consequence of Dant's negligence, making answer (C) correct.",,-100.0,-18.0,-1.9361264946837764e-07,-18.625,0.9999999766179956
mbe_683,REAL PROP.,1991-Feb,train,"Olin owned Blueacre, a valuable tract of land located in York County. Olin executed a document in th",A,A,True,1,1508,106,"A  
Reasoning: The gold passage discusses the validity of title acquisition by bona fide purchasers or lenders for value, emphasizing that they take title free and clear of any subsequent liens. However, it does not address the specific issue of grantee identification in a deed or the concept of delivery. Since the passage does not provide support for the validity of the deed as it pertains to the identification of the grantees, the lack of adequate identification in the deed makes answer (A) the most appropriate choice based on the information provided.",,-0.8303423523902893,-1.5803422927856445,-1.3303422927856445,-2.4553422927856445,0.43940419250890655
mbe_684,CONST. LAW,1991-Feb,train,Old City police officers shot and killed Jones's friend as he attempted to escape arrest for an arme,C,C,True,1,1306,81,"C  
Reasoning: The gold passage indicates that federal courts can only adjudicate the constitutionality of a statute when there is an actual controversy involving the legal rights of litigants. Since Jones is seeking a judgment declaring the statute unconstitutional without a specific legal right being affected in an actual controversy, the federal district court should dismiss the action for not presenting a case or controversy, making answer (C) correct.",,-9.5621976852417,-2.81219744682312,-0.06219734624028206,-9.3121976852417,0.9397623443384302
mbe_686,TORTS,1991-Feb,train,"Pocket, a bank vice president, took substantial kickbacks to approve certain loans that later proved",B,D,False,1,1365,123,"D  
Reasoning: The gold passage outlines the elements required to establish a claim for assault under California law. Dudd's threat to have the guards throw Pocket out bodily constitutes a threat to touch Pocket in a harmful or offensive manner. Additionally, it can be reasonably inferred that Pocket believed Dudd was about to carry out this threat, especially given the urgency of the statement. Pocket did not consent to this conduct, and while physical injury is not required for assault, the threat itself is sufficient to establish the claim. Therefore, Pocket can prevail on his assault claim against Dudd, making answer (D) correct.",,-13.375576972961426,-7.500576496124268,-10.750576972961426,-0.0005765048554167151,0.9994242484081658
mbe_687,CONST. LAW,1991-Feb,train,"Lee contracted with Mover, an interstate carrier, to ship household goods from the state of Green to",A,A,True,1,1578,117,"A  
Reasoning: The gold passage discusses conflict preemption, which occurs when state law conflicts with federal law, making compliance with both impossible or when state law obstructs the objectives of federal law. In this case, the federal statute governing the liability of interstate carriers clearly establishes that liability is governed exclusively by the contract between the parties. Since Lee voluntarily signed a contract that limited Mover's liability, the state tort law claim would conflict with the federal statute, leading to the conclusion that the court should dismiss the case based on preemption. Thus, answer (A) is correct.",,-7.553032628493384e-05,-100.0,-100.0,-100.0,1.0
mbe_688,CRIM. LAW,1991-Feb,train,John asked Doris to spend a weekend with him at his apartment and promised her they would get marrie,D,C,False,1,1289,126,"C  
Reasoning: The gold passage defines kidnapping as the illegal holding of a person against their will, which includes elements of abduction and asportation. In this scenario, John has not physically moved Doris or held her against her will, as she was unaware of his actions and remained at the apartment. Therefore, he cannot be guilty of kidnapping. However, his actions of attempting to extort money from Doris's father while she was present could constitute attempted kidnapping, as he intended to abduct her for ransom. Thus, John is guilty of either kidnapping or attempted kidnapping, but not both, making answer (C) correct.",,-1.4329934120178223,-2.1829934120178223,-0.43299344182014465,-100.0,0.6486542302596408
mbe_689,CONST. LAW,1991-Feb,train,Metro City operates a cemetery pursuant to a city ordinance. The ordinance requires the operation of,B,B,True,1,1540,111,"B  
Reasoning: The gold passage outlines three tests for determining the constitutionality of a statute in relation to religion: it must have a secular legislative purpose, its primary effect must neither advance nor inhibit religion, and it must not foster excessive government entanglement with religion. The ordinance in question appears to have a secular purpose (operating a cemetery) and does not seem to advance or inhibit religion, as it allows for religious memorials but does not mandate them. Therefore, the suit is likely to be unsuccessful, making answer (B) correct.",,-100.0,-18.625,-100.0,-100.0,1.0
mbe_690,EVIDENCE,1991-Feb,train,"In a civil action for personal injury, Payne alleges that he was beaten up by Dabney during an alter",B,B,True,1,1258,109,"B  
Reasoning: The gold passage defines hearsay as an assertion made out of court that is offered to prove the truth of the matter asserted. The notation ""Patient says he was attacked by Dabney"" is an assertion made by Payne out of court and is being offered to prove that Dabney attacked him, which qualifies it as hearsay. Since the passage does not provide any exceptions to hearsay that would apply to this situation, the notation is inadmissible as hearsay not within any exception, making answer (B) correct.",,-100.0,-5.872261317563243e-05,-16.250059127807617,-100.0,0.999999912357561
mbe_691,EVIDENCE,1991-Feb,train,Dexter was tried for the homicide of a girl whose strangled body was found beside a remote logging r,A,C,False,1,1325,88,"C  
Reasoning: The gold passage indicates that evidence can be excluded if it is unfairly prejudicial or if it pertains to collateral matters that do not directly relate to the issue at hand. Since Wilma's testimony about Dexter's prior actions may suggest a character judgment rather than directly proving his guilt in the homicide, it could be considered improper character evidence. Therefore, the evidence is inadmissible, making answer (C) correct.",,-10.011999130249023,-7.011999130249023,-0.011999057605862617,-4.511999130249023,0.9880775816519122
mbe_693,REAL PROP.,1991-Feb,train,"Blackacre was a tract of 100 acres retained by Byron, the owner, after he had developed the adjoinin",A,A,True,1,1480,110,"A  
Reasoning: The gold passage states that a purchaser is bound by recitals, references, and reservations contained in or fairly disclosed by an instrument that forms an essential link in the chain of title. Since the deed imposing the restrictions was not in the chain of title for the 95 acres when Dart bought, he is not bound by those restrictions. Therefore, if Dart wins, it will be because the deed imposing the restrictions was not in the chain of title for the 95 acres when he purchased it, making answer (A) correct.",,-6.704273118884885e-07,-16.5,-100.0,-100.0,0.9999999317439252
mbe_694,CRIM. LAW,1991-Feb,train,"A grand jury indicted Alice on a charge of arson, and a valid warrant was issued for her arrest. Pau",A,A,True,1,1379,95,"A  
Reasoning: The gold passage states that ""Miranda warnings are required only when there is a custodial interrogation."" Since Alice was not given Miranda warnings but made a statement while in custody, the court would likely find that the statement was not obtained in violation of her rights because it was not during an interrogation as defined by the passage. Therefore, the court should deny the motion to suppress based on the information provided in the passage, making answer (A) correct.",,-0.006432445254176855,-5.50643253326416,-6.25643253326416,-7.75643253326416,0.9935933423726889
mbe_695,CONTRACTS,1991-Feb,train,"Debtor's $1,000 contractual obligation to Aunt was due on July 1. On the preceding June 15, Aunt cal",C,C,True,1,1294,75,"C  
Reasoning: The gold passage states that payments voluntarily made are not recoverable. Since Aunt accepted the $1,000 from Debtor without objection, this indicates that she accepted the payment and effectively revoked any prior assignment to Niece. Therefore, Niece cannot succeed in an action against Debtor for the $1,000, making answer (C) correct.",,-14.750001907348633,-100.0,-1.7432603272027336e-06,-13.750001907348633,0.999998539512008
mbe_696,TORTS,1991-Feb,train,"On appeal, the judgment entered on the directed verdict in Dooley's favor on the battery claim shoul",C,A,False,1,1581,99,"A  
Reasoning: The gold passage outlines the elements required to establish a civil battery claim, which includes the necessity for the defendant to have intentionally performed an act that resulted in harmful or offensive contact. Since the jury found that Dooley could not foresee the ball passing through the fence, it implies that he did not intend to cause harmful contact with Patricia. Therefore, the trial court's directed verdict in favor of Dooley on the battery claim should be affirmed, making answer (A) correct.",,-0.0024865958839654922,-100.0,-6.002486705780029,-100.0,0.9975273771144249
mbe_697,TORTS,1991-Feb,train,"For this question only, assume that, on appeal, the court holds that the question of whether Dooley ",A,C,False,1,1705,122,"C  
Reasoning: The gold passage states that vicarious liability is imposed by operation of law upon employers for acts of their employees within the course and scope of employment. However, it also emphasizes that an employer is not vicariously liable for a servant's battery, as it does not mention any exceptions for battery in the context of vicarious liability. Therefore, if the court holds that the question of whether Dooley committed a battery is a jury issue, the judgment in favor of the City Robins should be affirmed, as they would not be vicariously liable for Dooley's actions.",,-1.7015553712844849,-9.326555252075195,-0.20155532658100128,-100.0,0.8175016916619584
mbe_698,CONST. LAW,1991-Feb,train,"The School Board of the city of Rulb issued a rule authorizing public school principals to punish, a",C,C,True,1,2020,150,"C  
Reasoning: The gold passage emphasizes that the Due Process Clause protects individuals from bodily restraint and punishment without due process of law, particularly in the context of school authorities punishing a child. It states that when school authorities deliberately decide to punish a child by restraining them and inflicting appreciable physical pain, it implicates Fourteenth Amendment liberty interests. Teddy's punishment of being confined with his hands clasped for 15 days is a significant restraint and could be seen as grossly disproportionate to his minor offense of placing gum on a chair. Therefore, the argument that this application of the school board rule violates the due process clause due to the nature of the punishment is the most helpful to Teddy's parents, making answer (C) correct",,-100.0,-100.0,-17.750070571899414,-100.0,1.0
mbe_699,EVIDENCE,1991-Feb,train,Davidson and Smythe were charged with burglary of a warehouse. They were tried separately. At Davids,B,C,False,1,1707,76,"C  
Reasoning: The gold passage indicates that prior inconsistent statements may be admitted as substantive evidence but must be corroborated by other evidence to sustain a conviction. Since Smythe's statement made to Walton is being offered as evidence without corroboration, it is considered hearsay and is inadmissible under the rules outlined in the passage. Therefore, answer (C) is correct.",,-100.0,-12.750005722045898,-5.676981345459353e-06,-13.125005722045898,0.9999951029700926
mbe_702,REAL PROP.,1991-Feb,train,"Owen owned Greenacre, a tract of land, in fee simple. By warranty deed he conveyed Greenacre to Lafe",B,A,False,1,1421,108,"A  
Reasoning: The gold passage defines a vested remainder as a present fixed right in the remainderman to take possession upon the natural termination of the preceding estate, with no conditions precedent imposed on the time for the remainder to vest in interest. In this case, Rem's remainder was contingent upon her surviving Lafe, which did not occur as she predeceased him. Therefore, the contingent remainder never vested, and Owen's reversion entitled him to possession immediately upon Lafe's death, making answer (A) correct.",,-0.7390022277832031,-0.7390022277832031,-3.239002227783203,-100.0,0.48028778876026895
mbe_703,CONST. LAW,1991-Feb,train,A statute of the state of Illitron declares that after five years of continuous service in their pos,C,A,False,1,2157,129,"A  
Reasoning: The gold passage emphasizes that a deprivation of a property interest, such as employment, must be preceded by notice and an opportunity for a hearing appropriate to the nature of the case. It specifically states that due process requires ""some kind of a hearing"" prior to the discharge of an employee with a constitutionally protected property interest. Since the faculty member did not appeal the decision of the state administrative board and instead sought a declaratory judgment in federal court, her claim is not ripe for adjudication until all state judicial remedies have been exhausted. Therefore, the federal district court should dismiss the suit, making answer (A) correct.",,-0.051833439618349075,-100.0,-6.301833629608154,-3.051833391189575,0.9508256510504982
mbe_704,TORTS,1991-Feb,train,"Dorfman's dog ran into the street in front of Dorfman's home and began chasing cars. Peterson, who w",B,C,False,1,1276,112,"C  
Reasoning: The gold passage defines negligence as the failure to use due care, which is the standard of care expected from a person of ordinary prudence. However, the passage does not provide any information regarding the liability of a dog owner for injuries caused by their dog, nor does it address the specific circumstances under which a domestic animal may lead to liability. Therefore, based on the information provided, the assertion that a dog is a domestic animal (choice C) aligns with the lack of support for liability in the passage, making it the correct answer.",,-6.560534954071045,-4.560534954071045,-0.060534849762916565,-3.060534954071045,0.9412655053660693
mbe_705,TORTS,1991-Feb,train,"Dower, an inexperienced driver, borrowed a car from Puder, a casual acquaintance, for the express pu",A,B,False,1,1305,110,"B  
Reasoning: The gold passage states that the measure of damages for the conversion of a chattel is the market value of the chattel at the time and place of conversion. In this case, the car was worth $12,000 at the time of conversion, but the damage sustained was $3,000 to repair it. Since the car can be fully restored to its former condition, the appropriate measure of damages would be the cost to repair the car, which is $3,000. Therefore, answer (B) is correct.",,-7.012039661407471,-0.012039456516504288,-4.512039661407471,-100.0,0.9881219090184632
mbe_706,CRIM. LAW,1991-Feb,train,"Miller's, a department store, had experienced a growing incidence of shoplifting. At the store's req",B,C,False,1,1433,97,"C  
Reasoning: The gold passage discusses the concept of a ""reasonable expectation of privacy"" and emphasizes that this expectation is based on community norms and the context of the situation. In this case, Detective Best's observation of Davis's actions in the fitting room, which led to a valid arrest based on probable cause, suggests that the search and seizure of the dress were lawful. Therefore, the introduction of the dress into evidence should not be prevented, making answer (C) correct.",,-100.0,-2.5803933143615723,-0.08039332181215286,-6.580393314361572,0.9228596065864045
mbe_707,REAL PROP.,1991-Feb,train,"After Dora had torn down the existing building, she proceeded to excavate deeper. Dora used shoring ",B,A,False,1,1784,83,"A  
Reasoning: The gold passage indicates that liability arises when the removal of lateral support causes the soil to subside. Since Pam's building suffered extensive damage due to subsidence, it suggests that Dora's actions in excavating deeper without providing adequate support led to the injury of Pam's land. Therefore, Dora is liable for removing necessary support for Pam's lot, making answer (A) the best choice.",,-0.13054995238780975,-2.130549907684326,-100.0,-100.0,0.8807970732843035
mbe_708,REAL PROP.,1991-Feb,train,Assume that no problems with subsidence or other misadventures occurred during construction of Dora',D,D,True,1,1551,94,"D  
Reasoning: The gold passage establishes that a landowner's right to support extends only to the natural condition of the soil and does not protect against changes made by a neighbor that increase pressure on the land. Since Dora has received all necessary approvals and has acted within her rights to build a taller structure, Pam has no cause of action against her for the shadow created by the new building. Therefore, judgment should be for Dora, making answer (D) correct.",,-14.37501049041748,-16.625011444091797,-11.50001049041748,-1.0802738870552275e-05,0.9999892382824014
mbe_710,CONST. LAW,1991-Feb,train,"Roberts, a professional motorcycle rider, put on a performance in a privately owned stadium during w",D,D,True,1,1354,98,"D  
Reasoning: The gold passage indicates that the First and Fourteenth Amendments do not provide immunity to a television broadcasting company when it broadcasts a performance without the performer's consent. This suggests that entertainers retain the commercial value of their performances, and thus the television station's actions could be deemed unlawful. Therefore, answer (D) is correct as it aligns with the passage's assertion that entertainers are not deprived of the commercial value of their performances by the constitutional protections claimed by the station.",,-12.500207901000977,-100.0,-8.500207901000977,-0.00020747410599142313,0.9997928479871152
mbe_711,CONTRACTS,1991-Feb,train,"Stirrup, a rancher, and Equinox, a fancier of horses, signed the following writing: ""For $5,000, Sti",B,D,False,1,1473,119,"D  
Reasoning: The gold passage states that the parol evidence rule precludes the admission of prior or contemporaneous oral statements that vary or contradict the terms of a written contract that is clear, unambiguous, and fully integrated. Since the written agreement between Stirrup and Equinox is clear and unambiguous regarding the sale of a gray horse for $5,000, any oral agreements regarding the inclusion of a saddle or the option to choose a brown horse would contradict the written terms. Therefore, the court will not admit any of the evidence, making answer (D) correct.",,-11.000055313110352,-10.500055313110352,-11.875055313110352,-5.56233171664644e-05,0.9999488021506078
mbe_712,CONTRACTS,1991-Feb,train,"Testator, whose nephew Bypast was his only heir, died leaving a will that gave his entire estate to ",C,C,True,1,1366,124,"C  
Reasoning: The gold passage discusses undue influence in the context of will contests, indicating that actions taken under such influence are not freely done. While the passage does not directly address the good faith of Bypast in contesting the will, it implies that if Bypast's claim is based on a lack of sound mind without evidence, it may not be considered a legitimate or good faith challenge. Therefore, under the prevailing view, Bypast may not be entitled to recover because he did not bring the will contest in good faith, making answer (C) the most appropriate choice based on the passage.",,-8.579435348510742,-8.204435348510742,-0.07943551242351532,-2.5794355869293213,0.923715418745559
mbe_713,EVIDENCE,1991-Feb,train,Parker sues Dix for breach of a promise made in a letter allegedly written by Dix to Parker. Dix den,C,D,False,1,1579,94,"D  
Reasoning: The gold passage discusses various methods for authenticating a writing, including direct testimony from someone familiar with the signature, comparison with an established signature, and circumstantial evidence. However, it does not mention that evidence of the letter being written in response to one from Parker to Dix would serve as a basis for authenticating the signature. Therefore, option (D) is not a sufficient basis for admitting the letter into evidence, making it the correct answer.",,-4.612430095672607,-6.112430095672607,-2.3624298572540283,-0.1124299094080925,0.8936654502965082
mbe_716,REAL PROP.,1991-Feb,train,"Able, owner of Blackacre and Whiteacre, two adjoining parcels, conveyed Whiteacre to Baker and coven",A,A,True,1,1470,84,"A  
Reasoning: The gold passage indicates that an unrecorded land use restriction is enforceable against a purchaser only if the purchaser has actual knowledge of the restriction. Since Egan had actual knowledge of Able's covenant with Baker to impose restrictions, this knowledge is crucial for Dodd's ability to prevail in enjoining Egan from using Blackacre for filling station purposes. Therefore, answer (A) is correct.",,-0.0622599720954895,-8.312259674072266,-100.0,-2.8122599124908447,0.9396825975518595
mbe_717,TORTS,1991-Feb,train,"While walking on a public sidewalk, Anson was struck by a piece of lumber that fell from the roof of",B,C,False,1,1301,98,"C  
Reasoning: The gold passage states that a principal can be held vicariously liable for the acts of an independent contractor only under specific circumstances, such as negligence in selecting, instructing, or supervising the contractor, or if the work is inherently dangerous, or if there is a specific non-delegable duty. Since none of these exceptions apply to Bruce's situation with Chase, Anson will not prevail if Chase is considered an independent contractor, making answer (C) correct.",,-100.0,-7.0009307861328125,-0.0009308716980740428,-13.125930786132812,0.999086957630767
mbe_718,REAL PROP.,1991-Feb,train,Owen contracted to sell Vacantacre to Perry. The written contract required Owen to provide evidence ,C,C,True,1,1537,116,"C  
Reasoning: The gold passage defines ""marketable title"" as one that is free from encumbrances and reasonable doubt as to its validity, which a reasonably intelligent person would accept. In this case, Owen's title was not marketable because it included an undivided one-eighth interest owned by Alice, which raised a reasonable doubt about the title's validity. Since time was of the essence and Perry objected to the title, he was justified in refusing to close the transaction. Therefore, the court will hold for Perry, making answer (C) correct.",,-100.0,-15.375000953674316,-7.896309739408025e-07,-100.0,0.9999997897566935
mbe_719,CRIM. LAW,1991-Feb,train,"A statute provides: A person commits the crime of rape if he has sexual intercourse with a female, n",B,D,False,1,1494,123,"D  
Reasoning: The gold passage establishes that the due process clause requires the prosecution to prove every fact necessary to constitute the crime charged beyond a reasonable doubt. The jury instructions in this case placed the burden on Dunbar to prove his defenses regarding his belief in consent and his marital status, which could potentially violate his constitutional rights. However, the passage does not explicitly state that the instructions themselves were unconstitutional or that they violated Dunbar's rights. Therefore, based solely on the information provided in the passage, Dunbar's constitutional rights were not violated by either part of the instructions, making answer (D) correct.",,-6.522275924682617,-4.272275924682617,-5.022275924682617,-0.022275732830166817,0.9779897387007859
mbe_720,TORTS,1991-Feb,train,"Star, who played the lead role in a television soap opera, was seriously injured in an automobile ac",D,D,True,1,1933,117,"D  
Reasoning: The gold passage emphasizes the ""risk standard,"" which limits an actor's liability to those physical harms that result from the risks that made the actor's conduct tortious. In this case, Danton's negligent driving caused physical harm to Star, but the economic loss suffered by Penn due to the cancellation of the television series is not a harm that falls within the scope of liability for Danton's actions. The passage indicates that liability does not extend to economic losses that arise solely from physical harm to another person, which supports answer (D) as the correct choice.",,-100.0,-100.0,-2.5789239406585693,-0.07892382889986038,0.9241418278134569
mbe_721,CONTRACTS,1991-Feb,train,"On December 1, Broker contracted with Collecta to sell her one of a certain type of rare coin for $1",A,A,True,1,1527,87,"A  
Reasoning: The gold passage defines an incidental beneficiary as someone who benefits from a contract but is neither a promisee nor an intended beneficiary. Since Collecta is not identified as a donee or creditor beneficiary in the context of the Broker-Hoarder contract, she would be considered an incidental beneficiary. Therefore, Broker would win because Collecta does not have enforceable rights under the contract, making answer (A) correct.",,-0.0033274299930781126,-100.0,-6.003327369689941,-100.0,0.997527376694627
mbe_724,REAL PROP.,1991-Feb,train,"Owen owned Greenacre in fee simple. The small house on Greenacre was occupied, with Owen's oral perm",D,C,False,1,1559,98,"C  
Reasoning: The gold passage discusses joint tenancy and the rights associated with it, but it does not provide any information relevant to the situation between Able and Baker regarding tenancy or the conveyance of Greenacre. However, it does imply that the rights of possession and tenancy are significant. Since Owen's permission for Baker to occupy the property preceded the conveyance to Able, Baker's tenancy is likely still valid, making answer (C) the most appropriate choice based on the information provided.",,-100.0,-6.604943752288818,-0.4799436330795288,-0.9799436330795288,0.6216129280605502
mbe_725,REAL PROP.,1991-Feb,train,"Owens owned Whiteacre, a dwelling house situated on a two-acre lot in an area zoned for single-famil",C,C,True,1,1634,85,"C  
Reasoning: The gold passage discusses the implications of illegal conversions and the lack of recourse for landlords in such situations. It establishes that the landlord had no claim against the tenant due to the illegal use of the property, indicating that illegal conversions create significant legal risks. This aligns with the situation of Owens, where the illegal conversion of Whiteacre creates a risk of litigation, making answer (C) the correct choice.",,-8.12624740600586,-100.0,-0.0012471356894820929,-100.0,0.9997040429664653
mbe_728,TORTS,1991-Feb,train,"Ann's three-year-old daughter, Janet, was killed in an automobile accident. At Ann's direction, Jane",C,A,False,1,2251,112,"A  
Reasoning: The gold passage indicates that there is generally no duty to control the conduct of a third person unless a special relationship exists that gives rise to such a duty. Since the mausoleum did not have a special duty to protect against the criminal acts of vandals, it is unlikely that Ann can prevail in her lawsuit for emotional distress. Therefore, the correct answer is (A), as Ann experienced no threat to her own safety, which aligns with the passage's emphasis on the absence of a duty to foresee or prevent criminal activity by third parties.",,-0.1675369292497635,-5.167536735534668,-1.917536973953247,-100.0,0.8470901594172
mbe_729,CONTRACTS,1991-Feb,train,"Wastrel, a notorious spendthrift who was usually broke for that reason, received the following lette",D,A,False,1,1601,93,"A  
Reasoning: The gold passage discusses the elements required to prove fraud and promissory estoppel, but it does not provide support for the enforceability of a promise to make a future gift. Since Bullion's promise to give Wastrel $5,000 is essentially a promise to make a gift in the future, and the passage does not indicate that such a promise is enforceable, option (A) is the best defense for Bullion.",,-0.21003852784633636,-3.585038423538208,-2.210038423538208,-3.585038423538208,0.8307224135518007
mbe_730,CONST. LAW,1991-Feb,train,Congress passed a bill prohibiting the President from granting a pardon to any person who had not se,C,C,True,1,1303,89,"C  
Reasoning: The gold passage indicates that the President's pardoning power is derived from the Constitution and cannot be modified, abridged, or diminished by Congress. Therefore, the act of Congress prohibiting the President from granting pardons to individuals who have not served a certain portion of their sentence interferes with the President's plenary power to grant pardons, making the act unconstitutional. Thus, answer (C) is correct.",,-20.125,-100.0,-3.128163257315464e-07,-100.0,0.9999999981810377
mbe_731,EVIDENCE,1991-Feb,train,"Defendant is on trial for the crime of obstructing justice by concealing records subpoenaed May 1, i",D,C,False,1,1312,103,"C  
Reasoning: The gold passage discusses the ""necessary witness"" test, which indicates that an attorney can be called to testify if their testimony is material and unobtainable elsewhere. This implies that if the attorney's testimony is relevant to the case and the attorney was aware of the illegal purpose for which the advice was sought, then the privilege may not apply. Therefore, answer (C) is correct, as it aligns with the idea that the privilege does not hold if the attorney knew of the illegal purpose.",,-6.8784308433532715,-8.628430366516113,-0.25343066453933716,-1.5034306049346924,0.7763600512928021
mbe_732,TORTS,1991-Feb,train,"Prad entered Drug Store to make some purchases. As he was searching the aisles for various items, he",D,C,False,1,1668,104,"C  
Reasoning: The gold passage establishes that a store owner owes a duty to exercise ordinary care towards customers and to maintain the premises in a reasonably safe condition. Since Prad was in the store as a customer, he is owed this duty. The clerk's knowledge of the open shaft and failure to warn Prad about it constitutes a breach of that duty, as it created an unsafe condition that Prad was unaware of. Therefore, Prad can recover damages for his injuries, making answer (C) correct.",,-4.371553421020508,-3.246553421020508,-0.7465533018112183,-0.7465533018112183,0.4742181615323574
mbe_733,CRIM. LAW,1991-Feb,train,A statute in the jurisdiction defines murder in the first degree as knowingly killing another person,B,B,True,1,1746,150,"B  
Reasoning: The gold passage defines murder as the unlawful killing of a human being with ""malice aforethought,"" which can be established through various means, including intentional acts or conduct showing reckless indifference to human life. In this case, Duncan fired several rounds into the liquor store, which demonstrates a reckless disregard for the safety of others, leading to the death of the burglar. Since the act was not premeditated (as there was no indication of deliberation), it does not meet the criteria for first-degree murder. However, it does fit the definition of second-degree murder, as it was an unlawful killing that occurred during the commission of a dangerous felony (the armed robbery). Therefore, the most serious degree of criminal homicide Duncan is",,-4.422751426696777,-0.1727512776851654,-1.9227513074874878,-8.922751426696777,0.8416115427446691
mbe_735,TORTS,1991-Feb,train,"In the course of a bank holdup, Robber fired a gun at Guard. Guard drew his revolver and returned th",C,C,True,1,1247,103,"C  
Reasoning: The gold passage defines battery as an unlawful touching or striking done with the intention of bringing about harmful or offensive contact. Since Guard fired his weapon in self-defense against Robber, his actions are likely to be considered privileged, meaning he would not be liable for battery to Plaintiff, who was unintentionally struck by a ricocheted bullet. Therefore, if Guard fired reasonably in his own defense, Plaintiff will not prevail in a claim against Guard for battery, making answer (C) correct.",,-10.12712574005127,-7.002125263214111,-0.002125280210748315,-6.752125263214111,0.9978816699473055
mbe_739,TORTS,1991-Feb,train,"Jones and Smith, who were professional rivals, were attending a computer industry dinner where each ",C,B,False,1,1335,104,"B  
Reasoning: The gold passage outlines the requirements for establishing a prima facie case of defamation, which includes the necessity for the defamatory statement to be published to a third person. In this case, Jones's statement was made directly to Smith and not to Brown, who overheard the conversation. Therefore, since the statement was not published to Brown as a third person in a manner that would satisfy the defamation criteria, Smith cannot prevail in his claim against Jones. Thus, answer (B) is correct.",,-12.250006675720215,-6.2729995988775045e-06,-14.750006675720215,-100.0,0.9999948221251491
mbe_741,CONST. LAW,1991-Feb,train,Small retailers located in the state of Yellow are concerned about the loss of business to certain l,B,B,True,1,1376,101,"B  
Reasoning: The gold passage discusses the validity of state statutes affecting interstate commerce, emphasizing that such statutes will be upheld unless the burden on interstate commerce is clearly excessive compared to the local benefits. The plaintiffs can argue that the statute imposes an unreasonable burden on interstate commerce by requiring manufacturers and wholesalers to sell at prices dictated by the lowest prices in bordering states, which could be seen as excessive in relation to any local benefits. Therefore, argument (B) is the most persuasive based on the passage.",,-100.0,-18.8750057220459,-100.0,-100.0,1.0
mbe_742,TORTS,1991-Feb,train,"The Pinners, a retired couple, had lived in their home in a residential neighborhood for 20 years wh",C,A,False,1,1463,85,"A  
Reasoning: The gold passage establishes that to prove a nuisance, a plaintiff must demonstrate that the defendant's use of their property unreasonably interferes with the plaintiff's right to peacefully use their property. The Pinners can prevail if they show that the children's noise constitutes a substantial interference with their enjoyment of their home, which aligns with the criteria outlined in the passage. Therefore, answer (A) is correct.",,-0.02664150856435299,-100.0,-4.026641368865967,-100.0,0.9820137875704568
mbe_743,EVIDENCE,1991-Feb,train,Which of the following items of evidence is LEAST likely to be admitted without a supporting witness,C,D,False,1,1371,117,"D  
Reasoning: The gold passage states that documents must be authenticated to be admissible at trial, and while some documents can be self-authenticating, the passage does not provide specific examples of which types of documents fall into that category. Among the options, a pamphlet issued by the State Highway Department is least likely to be considered self-authenticating without a supporting witness, as it does not appear to be a business record or a document that would typically be accepted without further authentication. Therefore, answer (D) is the least likely to be admitted without a supporting witness.",,-2.420039176940918,-2.420039176940918,-1.1700390577316284,-0.6700390577316284,0.5117501663048895
mbe_744,CONTRACTS,1991-Feb,train,"If Mater subsequently asserts and Nirvana denies that the parties had a binding contract on May 3, w",A,A,True,1,1509,97,"A  
Reasoning: The gold passage indicates that in many cases, the existence of a contract can be established without needing to determine which document constituted the offer and which constituted the acceptance. This supports Mater's position that a binding contract may have been formed through their correspondence, as it emphasizes that the manner of agreement can be sufficient to show a contract exists, even if the exact moment of its making is unclear. Therefore, answer (A) most persuasively supports Mater's position.",,-0.3185676634311676,-5.818567752838135,-1.3185676336288452,-100.0,0.7288809178272748
mbe_745,CONTRACTS,1991-Feb,train,"For this question only, assume the following facts. On May 4, Mater and Nirvana Motors both signed a",B,B,True,1,2064,124,"B  
Reasoning: The gold passage outlines the requirements for a third-party beneficiary to assert rights under a contract, specifically that the contract must be valid and intended for the third party's benefit. In this case, Dilbert is an intended beneficiary of the Mater-Nirvana contract, as it was explicitly stated that the Rolls-Royce was a wedding gift for him. Additionally, his reliance on the contract by selling his Cheetah indicates that the benefit to him is sufficiently immediate, thus making his rights vested. Therefore, the court will likely decide in favor of Dilbert, making answer (B) correct.",,-12.288053512573242,-0.038053084164857864,-3.288053035736084,-100.0,0.9626686763805904
mbe_746,CONST. LAW,1991-Feb,train,"A federally owned and operated office building in the state of West Dakota is heated with a new, pol",C,C,True,1,1351,68,"C  
Reasoning: The gold passage states that the activities of the Federal Government are free from regulation by any state, indicating that state laws are invalid if they regulate the federal government directly. Therefore, the operators of the federal office building cannot be prosecuted by West Dakota authorities for violating state pollution control standards, making answer (C) correct.",,-100.0,-100.0,-21.0,-100.0,1.0
mbe_748,EVIDENCE,1991-Feb,train,Under the rule allowing exclusion of relevant evidence because its probative value is substantially ,C,C,True,1,1208,84,"C  
Reasoning: The gold passage lists specific considerations for excluding relevant evidence, including unfair prejudice, confusing the issues, misleading the jury, undue delay, wasting time, and needlessly presenting cumulative evidence. However, it does not mention the opponent being surprised by the evidence and not being fairly prepared to meet it as a consideration. Therefore, answer (C) is not supported by the passage and is the correct choice.",,-16.5,-100.0,-3.128163257315464e-07,-100.0,0.9999999317439496
mbe_749,CONTRACTS,1991-Feb,train,"On June 1, Buyem, Inc., a widget manufacturer, entered into a written agreement with Mako, Inc., a t",C,C,True,1,1676,86,"C  
Reasoning: The gold passage discusses the modification of a contract as a change in the obligations of a party through mutual agreement. It implies that a modification can be valid even without new consideration, which supports Mako's action to recover the additional $10,000 based on the July 1 modification. Therefore, answer (C) is the best choice as it aligns with the principles outlined in the passage regarding contract modifications.",,-18.625,-100.0,-7.896309739408025e-07,-100.0,0.9999999918479731
mbe_750,REAL PROP.,1991-Feb,train,"Twenty years ago, Test, who owned Blackacre, a one-acre tract of land, duly delivered a deed of Blac",C,A,False,1,1456,121,"A  
Reasoning: The gold passage indicates that a quiet title action requires the plaintiff to prevail based on the strength of their own claim to title. Since Owner has brought an action to quiet title against Sonny, Fanny, and School District, and given that School District no longer has a valid interest in Blackacre (as it has ceased using the property for school purposes), Owner's claim to title is strong. The passage does not support any claims by Sonny or Fanny, as their interests are not described as stronger than Owner's. Therefore, the court should find that title is now in Owner.",,-0.015026038512587547,-4.515026092529297,-5.765026092529297,-7.140026092529297,0.9851280056746413
mbe_751,REAL PROP.,1991-July,train,"By warranty deed, Marta conveyed Blackacre to Beth and Christine ""as joint tenants with right of sur",C,A,False,1,1247,93,"A  
Reasoning: The gold passage indicates that a joint tenant may convey her interest in the property, which defeats the right of survivorship. Since Beth conveyed her interest to Eugenio, this action severed the joint tenancy between Beth and Christine. After Beth's death, Christine's interest in Blackacre remained, but she then conveyed her interest to Darin. Therefore, title to Blackacre is now held by Darin, making answer (A) correct.",,-0.4009789228439331,-100.0,-1.150978922843933,-4.525979042053223,0.6718037053324679
mbe_752,TORTS,1991-July,train,"Peavey was walking peacefully along a public street when he encountered Dorwin, whom he had never se",C,C,True,1,1365,86,"C  
Reasoning: The gold passage outlines that the elements of civil battery include the requirement that the defendant intentionally performed an act that resulted in harmful contact. If Dorwin did not know that he was striking a person, it suggests that he did not have the requisite intent to cause harmful contact, which is essential for establishing battery. Therefore, this defense would be the most effective for Dorwin, making answer (C) correct.",,-3.292325735092163,-5.792325496673584,-0.0423256941139698,-6.792325496673584,0.9586552436545854
mbe_754,CONTRACTS,1991-July,train,"For this question only, assume the following facts. Structo informed Bailey (accurately) that becaus",C,A,False,1,1404,111,"A  
Reasoning: The gold passage indicates that a contract is not substantively unconscionable unless the terms are grossly unfair under the circumstances that existed when the parties entered into the contract. In this case, Bailey's promise to pay an additional $20,000 lacks consideration because Structo was already obligated to perform under the original contract for $500,000. Therefore, Bailey's promise does not create a binding obligation, and Structo is only entitled to the original contract price of $500,000, making answer (A) correct.",,-0.012081503868103027,-5.512081623077393,-5.137081623077393,-100.0,0.9900666733442423
mbe_755,CONTRACTS,1991-July,train,"For this question only, assume the following facts. Upon encountering the rock formation, Structo, i",D,D,True,1,1612,112,"D  
Reasoning: The gold passage establishes that the proper measure of damages for a breach of contract in a real estate transaction is the difference between the contract price and the fair market value of the property at the time of the breach. Since Bailey is refusing to pay more due to the nonconforming driveway, Structo's claim for additional payment is not supported by the passage, which implies that Bailey is entitled to damages for the cost of correcting the driveway. Therefore, Structo is not entitled to recover any additional amount, making answer (D) correct.",,-2.9418535232543945,-1.441853404045105,-2.6918535232543945,-0.44185343384742737,0.6429364570127675
mbe_756,CRIM. LAW,1991-July,train,Larson was charged with the murder of a man who had been strangled and whose body was found in some ,A,A,True,1,1674,70,"A  
Reasoning: The gold passage indicates that the exclusionary rule is designed to prevent the use of evidence obtained through governmental misconduct. Since Larson's consent to the search was not obtained through intentional police misconduct and he was not compelled to make the diary entry, the court should admit the diary as evidence. Therefore, answer (A) is correct.",,-3.292907877039397e-06,-100.0,-100.0,-100.0,1.0
mbe_757,EVIDENCE,1991-July,train,"In contract litigation between Pixley and Dill, a fact of consequence to the determination of the ac",A,A,True,1,1422,75,"A  
Reasoning: The gold passage indicates that a court may take judicial notice of the existence of documents in a court file, but it does not require a request from a party to do so. Therefore, the court may take judicial notice of the fact that Capitan is the state's capital even if Pixley does not specifically request it, making answer (A) correct.",,-5.200166469876422e-06,-17.0000057220459,-100.0,-100.0,0.9999999586006462
mbe_758,CONST. LAW,1991-July,train,A statute of the state of East Dakota requires each insurance company that offers burglary insurance,C,C,True,1,1464,117,"C  
Reasoning: The gold passage outlines the criteria for a statute to be considered a proper exercise of police power, stating that it must be appropriate and reasonably necessary to accomplish a purpose within the scope of the police power, and it must be reasonable and not arbitrary or unjust. The statute in question requires uniform rates for burglary insurance within the same county, which can be seen as a reasonable regulation aimed at ensuring fairness and stability in the insurance market. Therefore, the court should hold the statute constitutional as it aligns with the principles outlined in the passage, making answer (C) correct.",,-100.0,-100.0,-1.9361264946837764e-07,-19.875,0.9999999976644065
mbe_759,CRIM. LAW,1991-July,train,Dawson was charged with felony murder because of his involvement in a bank robbery. The evidence at ,B,B,True,1,1420,108,"B  
Reasoning: The gold passage indicates that the Eighth Amendment does not permit the imposition of the death penalty on someone who aids and abets a felony in which a murder is committed by others, provided that the individual did not kill, attempt to kill, or intend for a killing to occur. Since Dawson did not kill anyone and only agreed to drive the getaway car, he falls under this protection. Therefore, while he can be convicted of felony murder, the death penalty cannot be imposed, making answer (B) correct.",,-7.258499622344971,-0.008499573916196823,-6.008499622344971,-5.258499622344971,0.9916341336118242
mbe_760,EVIDENCE,1991-July,train,"In an automobile negligence action by Popkin against Dwyer, Juilliard testified for Popkin. Dwyer la",B,C,False,1,1551,78,"C  
Reasoning: The gold passage establishes that courts do not allow one witness to comment on the veracity of another witness, which includes proving character by specific instances of conduct. Therefore, Popkin's counsel's question about Watts making a false affidavit is improper as it attempts to impeach Watts based on a specific instance of conduct rather than general reputation, making answer (C) correct.",,-100.0,-13.250161170959473,-0.00016074994346126914,-8.750161170959473,0.999839804062878
mbe_761,TORTS,1991-July,train,David built in his backyard a garage that encroached two feet across the property line onto property,C,B,False,1,1452,95,"B  
Reasoning: The gold passage indicates that a landowner does not owe a duty of care to a trespasser, and since Prudence was unaware of the encroachment prior to David's sale to Drake, she cannot claim damages for trespass against David. Additionally, David no longer owns or possesses the garage after selling the property to Drake, which further supports that Prudence cannot prevail in her action against David. Therefore, answer (B) is correct.",,-9.000160217285156,-0.00016039233014453202,-10.250160217285156,-100.0,0.999841257870336
mbe_762,EVIDENCE,1991-July,train,Poole sued Darrel for unlawfully using Poole's idea for an animal robot as a character in Darrel's s,D,D,True,1,1291,105,"D  
Reasoning: The gold passage states that the best evidence rule applies when the contents of a document are to be proved, requiring the original or a sufficient excuse for its nonproduction. Since the rule specifically mentions documents and does not extend to oral testimony about the appearance of a model, Poole does not need to meet any of the conditions listed in options A, B, or C. Therefore, answer (D) is correct as it indicates that the best evidence rule does not apply to oral testimony regarding the model.",,-6.752716541290283,-10.002716064453125,-6.502716541290283,-0.0027163070626556873,0.9972876586757229
mbe_763,REAL PROP.,1991-July,train,"Lanny, the owner of Whiteacre in fee simple, leased Whiteacre to Teri for a term of ten years by pro",D,B,False,1,1627,89,"B  
Reasoning: The gold passage establishes that an option to purchase in a lease is a continuing offer that remains valid as long as the lease is in effect. Since the lease is still valid, the option to purchase is also valid. Therefore, the position favorable to Lanny is that marketable title can be conveyed as long as any outstanding option not mentioned in the purchase contract has not yet been exercised, making answer (B) correct.",,-4.511575222015381,-0.011575179174542427,-8.011574745178223,-100.0,0.9886850348174446
mbe_764,TORTS,1991-July,train,Daniel and a group of his friends are fanatical basketball fans who regularly meet at each others' h,B,B,True,1,1782,117,"B  
Reasoning: The gold passage establishes that a police officer cannot recover damages for common-law negligence if the injury occurred while performing a duty that increased the risk of injury. Since Officer was injured while intervening in a fight that was a direct result of the situation created by Daniel's invitation, the performance of his duties exposed him to a heightened risk of injury. Therefore, the best argument in support of Daniel's motion to dismiss the complaint is that Officer is not entitled to recovery based on the negligent conduct that created the need for his professional intervention, making answer (B) correct.",,-1.3304104804992676,-0.33041051030158997,-4.080410480499268,-100.0,0.7187020362985239
mbe_769,CRIM. LAW,1991-July,train,Jones wanted to kill Adams because he believed Adams was having an affair with Jones's wife. Early o,A,C,False,1,1282,99,"C  
Reasoning: The gold passage outlines the essential elements of attempted murder, which require that the defendant engaged in conduct that constituted a substantial step toward killing another human being. In this case, Jones fired shots at Adams, but since none of the shots came close to Adams due to the distance and the limited range of the pistol, it was impossible for him to have killed Adams. Therefore, he cannot be guilty of attempted murder or any lesser included offense, making answer (C) correct.",,-10.375944137573242,-7.000944137573242,-0.0009443380986340344,-13.625944137573242,0.9990565959446044
mbe_770,CONST. LAW,1991-July,train,Widgets are manufactured wholly from raw materials mined and processed in the state of Green. The on,C,C,True,1,1571,108,"C  
Reasoning: The gold passage discusses the limitations imposed by the dormant Commerce Clause on state regulations that may discriminate against or burden interstate commerce. While states have powers reserved to them by the Tenth Amendment, this does not provide a blanket authority to construct their tax systems in any manner they choose if it violates the Commerce Clause. Therefore, the argument in (C) is the least helpful in defending the constitutionality of the proposed state tax on widgets, as it does not address the potential conflict with interstate commerce regulations outlined in the passage.",,-9.250226020812988,-100.0,-0.00022570860164705664,-10.250226020812988,0.9998685481699897
mbe_771,REAL PROP.,1991-July,train,"Blackacre is a large tract of land owned by a religious order known as The Seekers. On Blackacre, Th",C,C,True,1,1850,119,"C  
Reasoning: The gold passage indicates that the scope of an easement is determined by the language of the easement and the surrounding circumstances. It also states that if the language is ambiguous, the use of the easement can be extended if the parties intended to allow such an extension. The passage does not support the idea that the increased use of the easement by The Seekers, due to the successful operation of the nursing home, constitutes an unreasonable burden on the servient estate. Therefore, the court is likely to hold for The Seekers, making answer (C) correct.",,-11.00092887878418,-7.00092887878418,-0.0009287334396503866,-100.0,0.9990722779360501
mbe_772,REAL PROP.,1991-July,train,"Three months ago, Bert agreed in writing to buy Sam's single-family residence, Liveacre, for $110,00",D,D,True,1,1496,113,"D  
Reasoning: The gold passage outlines the requirements for a plaintiff to prevail in a breach of contract action, specifically emphasizing the need to prove a valid contract, a material breach, and damages. In this case, Bert's inability to close the contract due to his job transfer constitutes a breach. Since the contract explicitly allowed Sam to retain the deposit as liquidated damages in the event of Bert's default, Sam is entitled to keep the $5,000 deposit. Therefore, answer (D) is correct as it aligns with the principles outlined in the passage.",,-5.0616936683654785,-1.936693549156189,-3.9366936683654785,-0.18669354915618896,0.8299259479952406
mbe_773,CONTRACTS,1991-July,train,"Rollem, an automobile retailer, had an adult daughter, Betsy, who needed a car in her employment but",A,C,False,1,1443,82,"C  
Reasoning: The gold passage states that consideration, which is necessary for a binding contract, must be bargained for and given in exchange for a promise. In this case, Betsy's payment of $3,000 is inadequate consideration compared to the car's worth of $10,000. Therefore, Rollem's promise lacks sufficient consideration to support a valid contract, making answer (C) correct.",,-15.750000953674316,-100.0,-1.2664456789934775e-06,-14.000000953674316,0.9999990239739037
mbe_774,TORTS,1991-July,train,"Peter, who was 20 years old, purchased a new, high-powered sports car that was marketed with an inte",C,C,True,1,1477,95,"C  
Reasoning: The gold passage outlines the elements of a claim for failure to warn based in negligence, which includes the requirement that the product did not contain an adequate warning of the alleged defect or hazard. If the statement in the manual concerning the tires did not adequately warn Peter of the dangers associated with high-speed driving on the tires mounted on the car, then Peter could prevail in his strict product liability action. Therefore, answer (C) is supported by the passage.",,-10.000059127807617,-11.250059127807617,-5.908022285439074e-05,-15.000059127807617,0.9999412903200857
mbe_775,EVIDENCE,1991-July,train,"In a federal court diversity action by Plant against Decord on an insurance claim, a question arose ",C,C,True,1,1181,84,"C  
Reasoning: The gold passage indicates that the law of the state whose substantive law is applied is relevant in determining which state's law governs the insurance contract. Since the question pertains to the presumption regarding the order of death in a common accident, it follows that the applicable law would be that of the state whose substantive law is being applied in the federal court diversity action. Therefore, answer (C) is correct.",,-100.0,-19.875,-20.125,-100.0,0.4378234991142019
mbe_776,CRIM. LAW,1991-July,train,"Plagued by neighborhood youths who had been stealing lawn furniture from his back yard, Armando rema",C,C,True,1,1292,82,"C  
Reasoning: The gold passage states that the elements of second-degree assault include reckless infliction of substantial bodily harm. Armando's action of firing a shotgun into the bushes, where he believed intruders were hiding, demonstrates a reckless disregard for the safety of others, particularly since he struck a child. Therefore, he is guilty of second-degree assault for recklessly causing serious physical injury to the child.",,-100.0,-100.0,-20.250001907348633,-100.0,1.0
mbe_777,CONST. LAW,1991-July,train,Twenty percent of the residents of Green City are members of minority racial groups. These residents,D,D,True,1,1550,87,"D  
Reasoning: The gold passage indicates that the Fifteenth Amendment forbids discrimination against individuals based on race in matters related to voting. The plaintiffs' claim that the single-member districting system diminishes the ability of minority group voters to affect election outcomes directly relates to the right to vote without racial discrimination. Therefore, the most obvious constitutional basis for the plaintiffs' claim is the Fifteenth Amendment, making answer (D) correct.",,-100.0,-100.0,-100.0,-7.896309739408025e-07,1.0
mbe_780,CONTRACTS,1991-July,train,"For this question only, assume the following facts. After completing 25% of the garage strictly acco",B,C,False,1,1384,134,"C  
Reasoning: The gold passage defines a material breach of contract as a non-performance of a duty that is significant enough to justify the injured party in considering the entire transaction as ended. In this case, Karp's demand for a progress payment of $2,000 after completing only 25% of the work, without any prior agreement on progress payments, constitutes a breach of contract. Since Manor refused to pay and Karp abandoned the job, it indicates that Karp's actions were unreasonable and led to the abandonment of the contract. Therefore, only Manor is in breach and liable for Karp's damages, if any, making answer (C) correct.",,-2.7804715633392334,-0.9054716229438782,-0.6554716229438782,-4.2804718017578125,0.5195121352273133
mbe_781,CONTRACTS,1991-July,train,"For this question only, assume the following facts. After completing 25% of the garage strictly acco",C,C,True,1,1484,86,"C  
Reasoning: The gold passage establishes that an assignee of rights under a contract stands in the shoes of the assignor and can assert any rights that the assignor could have asserted. Since Karp breached the contract by abandoning the job, Manor has the right to recoup damages for that breach. Therefore, Manor can assert this right against Banquo as Karp's assignee, making answer (C) correct.",,-16.25,-15.875000953674316,-7.896309739408025e-07,-100.0,0.9999997848384566
mbe_783,CONTRACTS,1991-July,train,"On June 1, Topline Wholesale, Inc., received a purchase-order form from Wonder-Good, Inc., a retaile",D,A,False,1,1662,99,"A  
Reasoning: The gold passage outlines the criteria for establishing a material alteration, which includes the existence of a material alteration to the underlying contract, lack of consent to the alteration, and harm resulting from the alteration. In this case, the liability-limitation clause in Topline's acceptance form constitutes a material alteration of the original offer from Wonder-Good. Since Wonder-Good did not consent to this alteration, it follows that there is no contract, making answer (A) correct.",,-0.05708649009466171,-3.05708646774292,-6.18208646774292,-5.18208646774292,0.9452503634164935
mbe_784,TORTS,1991-July,train,Electco operates a factory that requires the use of very high voltage electricity. Paul owns propert,C,D,False,1,1688,81,"D  
Reasoning: The gold passage discusses the elements necessary to establish a claim for intentional interference with a prospective economic advantage, which includes the requirement of wrongful conduct beyond mere interference. It does not support the idea that Paul can recover for purely economic loss without physical harm to his person or property. Since the passage does not indicate that economic loss alone is sufficient for recovery, answer (D) is correct.",,-13.875207901000977,-100.0,-8.500207901000977,-0.00020771251001860946,0.9997956311991814
mbe_785,REAL PROP.,1991-July,train,"Les leased a barn to his neighbor, Tom, for a term of three years. Tom took possession of the barn a",C,C,True,1,1427,110,"C  
Reasoning: The gold passage defines ""attornment"" but does not provide any information regarding the obligations of the lessor or lessee in relation to known dangers or injuries resulting from those dangers. However, the scenario indicates that Les knew of the danger posed by the weakened wall and failed to warn Tom. This suggests that Les may be liable for Tom's injuries due to his knowledge of the hazardous condition. Therefore, based on the information provided, answer (C) is the most appropriate comment concerning the outcome of Tom's action against Les.",,-1.253516435623169,-1.503516435623169,-0.7535163760185242,-100.0,0.48102427813306853
mbe_786,EVIDENCE,1991-July,train,"Dahle is charged with possession of heroin. Prosecution witness Walker, an experienced dog trainer, ",A,C,False,1,1453,111,"C  
Reasoning: The gold passage emphasizes that for an opinion to be admissible under Rule 701, it must be rationally based on the witness's perception and must be reasonably reliable. Walker's testimony about the dog's reaction is based on the dog's behavior, which does not constitute firsthand perception of the contents of the briefcase. Since the dog's reaction is not a reliable basis for concluding that the briefcase contained heroin, Walker's testimony is inadmissible as it is based on hearsay not within any exception, making answer (C) correct.",,-17.375001907348633,-13.250001907348633,-2.1008713702030946e-06,-15.500001907348633,0.9999980256647194
mbe_789,CONTRACTS,1991-July,train,Does Dominique have a cause of action against Hardcash?,B,B,True,1,1449,94,"B  
Reasoning: The gold passage discusses reliance damages, which are intended to reimburse a plaintiff for expenditures made in reliance on a contract. Dominique's actions in having the building demolished indicate that she relied on Hardcash's promise to lend her the money. This reliance was substantial, reasonable, and foreseeable, as she took a significant step based on the expectation of receiving the loan. Therefore, answer (B) is supported by the passage, making it the correct choice.",,-6.255115509033203,-0.005115395877510309,-5.755115509033203,-100.0,0.9949127778051481
mbe_790,CONTRACTS,1991-July,train,"For this question only, assume that Dominique has a cause of action against Hardcash. If she sues hi",C,C,True,1,1559,112,"C  
Reasoning: The gold passage outlines the criteria for recovering expectation damages, which include foreseeability, causation, and reasonable certainty. However, it emphasizes that damages cannot be based on mere speculation. In this case, reliance damages, which account for the actual expenses incurred by Dominique (the $10,000 for removing the old building), are more appropriate given that they are based on concrete expenditures rather than speculative future profits or values. Therefore, option (C) is the most suitable measure of recovery as it aligns with the principles outlined in the passage.",,-5.2571635246276855,-8.757163047790527,-0.007163347210735083,-6.5071635246276855,0.9931379946943887
mbe_792,TORTS,1991-July,train,"While Hill was in her kitchen, she heard the screech of automobile tires. She ran to the window and ",D,B,False,1,1599,91,"B  
Reasoning: The gold passage discusses the concept of proximate cause and emphasizes that a plaintiff must show that the defendant's negligence was a ""substantial factor"" contributing to the result. In this case, Hill's claim hinges on whether it is foreseeable that a person may suffer physical harm (such as a heart attack) caused solely by an injury inflicted on another (the child). This aligns with option (B), making it the correct choice.",,-9.600300788879395,-0.10030069202184677,-2.3503007888793945,-10.975300788879395,0.9045738032947441
mbe_793,CRIM. LAW,1991-July,train,"Suffering from painful and terminal cancer, Willa persuaded Harold, her husband, to kill her to end ",D,C,False,1,1224,130,"C  
Reasoning: The gold passage indicates that the distinction between murder and aiding suicide depends on whether the defendant actively participates in the act causing death. In this case, Harold actively participated by holding the gun to Willa's head and killing her, which suggests that he is not merely aiding in suicide but is directly causing her death. Since Willa insisted on her death, this could mitigate the charge, but it does not absolve Harold of criminal liability. Therefore, the most serious degree of criminal homicide of which Harold can be legally convicted is voluntary manslaughter, as it reflects the circumstances of his actions in response to Willa's request.",,-0.9774307012557983,-5.727430820465088,-0.47743070125579834,-100.0,0.6204327704446312
mbe_794,EVIDENCE,1991-July,train,Peterson sued Dylan for libel. After Peterson testified that Dylan wrote to Peterson's employer that,A,C,False,1,1255,100,"C  
Reasoning: The gold passage discusses the concept of substantial evidence but does not provide any information regarding the admissibility of character evidence or specific instances of conduct in libel cases. Therefore, based on the passage, we cannot conclude that the evidence of Peterson's prior theft is admissible for any purpose, including impeachment or substantive evidence. Thus, the most appropriate answer is (C), as it states that such evidence is inadmissible because character may not be shown by specific instances of conduct.",,-100.0,-7.150074481964111,-0.025074629113078117,-3.7750747203826904,0.9762550589408393
mbe_795,CONST. LAW,1991-July,train,"The Federal Computer Abuse Act establishes the Federal Computer Abuse Commission, authorizes the Com",B,B,True,1,1465,95,"B  
Reasoning: The gold passage states that federal legislation regulating economic activity that substantially affects interstate commerce will be sustained. The Federal Computer Abuse Act, which regulates the possession of computers, can be seen as addressing an economic activity that affects interstate commerce, especially given the nature of computer usage and its implications for data security and integrity. Therefore, the act is likely to be upheld as constitutional under Congress's authority to regulate such matters, making answer (B) the correct choice.",,-8.500407218933105,-0.00040767391328699887,-14.625407218933105,-100.0,0.9997961280252202
mbe_797,REAL PROP.,1991-July,train,Able conveyed Blackacre to Baker by a warranty deed. Baker recorded the deed four days later. After ,B,B,True,1,1423,104,"B  
Reasoning: The gold passage defines a bona fide purchaser for value as someone who has paid valuable consideration without notice of another's claim to the property. Since Smollett filed a judgment against Able before Baker recorded the deed, Baker may be considered a bona fide purchaser for value if he had no notice of Smollett's claim at the time of the conveyance. Therefore, if Smollett is unsuccessful, it will be because he is not a purchaser for value, making answer (B) correct.",,-2.5145552158355713,-0.26455527544021606,-4.01455545425415,-2.0145552158355713,0.7676417942342962
mbe_800,CONTRACTS,1991-July,train,"For this question only, assume the following facts. Kranc did not give Schaff notice of the resale u",B,B,True,1,1505,93,"B  
Reasoning: The gold passage defines a condition precedent as something that must happen or be performed before a right to enforce the main contract can occur. In this case, Kranc's failure to provide written notice of his resale by January 2 constitutes a failure of a condition precedent to the existence of the contract. Therefore, Schaff can argue that because this condition was not met, the contract cannot be enforced, making answer (B) the best defense.",,-100.0,-17.87501335144043,-100.0,-100.0,1.0
mbe_801,CONTRACTS,1991-July,train,"For this question only, assume the following facts. On December 16, Kranc notified Schaff by telepho",C,C,True,1,1589,115,"C  
Reasoning: The gold passage discusses the concept of waiver, indicating that a party may waive a condition precedent by failing to assert its remedies for a breach. In this case, Schaff's response to Kranc's notification about the resale agreement can be interpreted as a waiver of the written notice condition. Schaff's agreement to deliver the engine despite the lack of written notice suggests that he waived the condition that required Kranc to provide written notification. Therefore, Kranc's claim is best supported by the concept of waiver of condition, making answer (C) correct.",,-100.0,-100.0,-20.625,-100.0,1.0
mbe_802,TORTS,1991-July,train,"David owned a shotgun that he used for hunting. David knew that his old friend, Mark, had become inv",A,B,False,1,1495,94,"B  
Reasoning: The gold passage establishes that a negligent tortfeasor has a right to indemnity from an intentional joint tortfeasor. Since David was found to be negligent and Mark was the intentional tortfeasor who shot Paul, David can only seek contribution based on comparative fault, not indemnity for the full amount. Therefore, answer (B) is correct as it aligns with the principle that David's negligence limits his recovery to contribution only.",,-8.000411987304688,-0.00041243841405957937,-100.0,-100.0,0.9996646497183046
mbe_804,REAL PROP.,1991-July,train,"Olwen owned 80 acres of land, fronting on a town road. Two years ago, Olwen sold to Buck the back 40",B,B,True,1,1454,88,"B  
Reasoning: The gold passage establishes that an appurtenant easement is one that benefits the dominant estate and is transferred along with the land when it is sold or otherwise transferred. Since Buck's easement was appurtenant to the back 40 acres he sold to Sam, the easement over Olwen's land should have passed to Sam as a result of Buck's deed to him, making answer (B) correct.",,-100.0,-4.246537173457909e-06,-15.000003814697266,-100.0,0.9999996940976409
mbe_805,EVIDENCE,1991-July,train,"Dickinson was charged with possession of cocaine. At Dickinson's trial, the prosecution established ",A,A,True,1,1417,89,"A  
Reasoning: The gold passage states that to authenticate evidence, there must be sufficient evidence to support a finding that the item is what the proponent claims it is. In this case, the circumstances surrounding Dickinson dropping the bag and the police finding it shortly thereafter provide a basis for the prosecution to argue that the bag found is the same one Dickinson dropped. Therefore, the objection should be overruled, making answer (A) correct.",,-7.696077227592468e-05,-100.0,-100.0,-10.000077247619629,0.9999546021443193
mbe_806,TORTS,1991-July,train,Chemco manufactured a liquid chemical product known as XRX. Some XRX leaked from a storage tank on C,B,C,False,1,1516,123,"C  
Reasoning: The gold passage discusses the duty of property owners to take reasonable measures to maintain artificial conditions on their property, particularly when they have knowledge of a harmful condition. It implies that liability may arise from a failure to act when aware of a potential danger. In the context of Farmer's case against Chemco, the passage suggests that Farmer would need to establish that Chemco had a defective storage tank or failed to take reasonable care in storing the XRX to prevail. Therefore, answer (C) is correct, as it aligns with the requirement to demonstrate a defect or negligence in order to recover damages.",,-7.761407852172852,-6.261407852172852,-0.011407949961721897,-4.761407852172852,0.9891070697183163
mbe_807,EVIDENCE,1991-July,train,A threatening telephone call that purports to be from Defendant to Witness is most likely to be admi,C,C,True,1,1219,120,"C  
Reasoning: The gold passage discusses the admissibility of demonstrative evidence, emphasizing the need for a proper foundation and personal knowledge to establish accuracy. Among the options, (C) suggests that Witness had given his unlisted number only to Defendant and a few other persons, which could help establish a proper foundation for the call being attributed to Defendant. This personal knowledge supports the accuracy of the identification of the caller, making (C) the most likely choice to be admitted against Defendant. The other options do not provide a basis for establishing the necessary foundation or personal knowledge as required by the passage.",,-1.142595887184143,-100.0,-0.39259588718414307,-100.0,0.679178699175393
mbe_808,CONST. LAW,1991-July,train,The open-air amphitheater in the city park of Rightville has been utilized for concerts and other en,A,A,True,1,1575,103,"A  
Reasoning: The gold passage states that the government may impose reasonable restrictions on protected speech in a public forum if those restrictions are justified without reference to the content of the speech, are narrowly tailored to serve a significant governmental interest, and leave open ample alternative channels for communication. Therefore, the standard that should be used to determine the constitutionality of the ordinance is that it is narrowly tailored to serve a substantial government interest and does not unreasonably limit alternative avenues of expression, making answer (A) correct.",,-0.0011724866926670074,-14.626172065734863,-100.0,-100.0,0.9999995549147607
mbe_809,CRIM. LAW,1991-July,train,Smith and Penn were charged with murder. Each gave a confession to the police that implicated both o,A,A,True,1,1573,75,"A  
Reasoning: The gold passage establishes that a nontestifying accomplice's confession, which implicates a defendant, is not admissible against that defendant unless the defendant has had the opportunity to confront the witness. Since Penn did not testify at trial, Smith's conviction should be reversed due to the admission of Penn's confession, making answer (A) correct.",,-0.6949781775474548,-0.6949781775474548,-6.6949782371521,-100.0,0.49938107906852697
mbe_810,CONST. LAW,1991-July,train,"The state of Orrington wanted to prevent its only major league baseball team, the privately owned an",C,C,True,1,1631,100,"C  
Reasoning: The gold passage establishes that the Fourteenth Amendment only applies to actions that can be fairly attributed to the state, and it does not protect against private conduct, regardless of how discriminatory it may be. Since the owners of the Opossums are private actors and there is no indication of substantial state involvement in their contracting decisions, the one-time grant of state funds is insufficient to subject their actions to the limitations of the Fourteenth Amendment. Therefore, answer (C) is correct.",,-12.250341415405273,-100.0,-0.00034177995985373855,-100.0,0.9999952149037608
mbe_813,REAL PROP.,1991-July,train,"Sixty years ago by a properly executed and recorded deed, Albert conveyed Greenacre, a tract of land",D,B,False,1,1568,119,"B  
Reasoning: The gold passage explains that a life estate is a possessory estate where the life tenant has the right to full enjoyment and use of the land during the continuance of the life estate. Since Louis had a life estate in Greenacre and upon his death, his estate would pass to his widow, Zelda, who would inherit the entire estate from Louis. This indicates that Zelda has a vested interest in Greenacre, and her life estate merges with the inheritance from Louis, making her the owner of the entire title. Therefore, answer (B) is supported by the passage.",,-1.531423568725586,-0.5314235091209412,-2.781423568725586,-2.031423568725586,0.5894805598816074
mbe_814,EVIDENCE,1991-July,train,"In an automobile collision case brought by Poe against Davies, Poe introduced evidence that Ellis ma",C,C,True,1,1227,71,"C  
Reasoning: The gold passage defines impeachment evidence as that which is offered to discredit a witness and reduce the effectiveness of their testimony. Since Witt's testimony is aimed at discrediting Ellis's excited utterance by presenting a conflicting statement, it should be admitted for the purpose of impeaching Ellis. Therefore, answer (C) is correct.",,-1.9650449752807617,-1.4650449752807617,-0.46504494547843933,-100.0,0.6285317261699966
mbe_815,TORTS,1991-July,train,"Plaintiff, a jockey, was seriously injured in a race when another jockey, Daring, cut too sharply in",C,C,True,1,1407,110,"C  
Reasoning: The gold passage indicates that for a battery claim to succeed in the context of sports injuries, there must be an intentional act causing injury that goes beyond what is ordinarily permissible. Daring's action of cutting sharply in front of Plaintiff's horse could be considered reckless, but for Plaintiff to prevail on the battery claim, it must be shown that Daring intended to cause impermissible contact or that Plaintiff apprehended such contact. Therefore, answer (C) is correct as it aligns with the requirement of intent for a battery claim.",,-100.0,-100.0,-19.125001907348633,-100.0,1.0
mbe_816,REAL PROP.,1991-July,train,Able entered into a written contract with Baker to sell Greenacre. The contract was dated June 19 an,D,A,False,1,1343,150,"A  
Reasoning: The gold passage discusses the conditions under which a contract can be considered ""of the essence,"" which is relevant to advising Able about the closing date and whether he can declare the contract at an end due to Baker's inability to close. The passage does not address the parol evidence rule, statute of frauds, or specific performance, making options II, III, and IV irrelevant in this context. Therefore, the only relevant consideration is whether time is of the essence, which corresponds to option I. Thus, the correct answer is (A) I and III only, as III is included in the answer choice but is not supported by the passage. However, since the passage does not support any of the other options, (A",,-0.0034545487724244595,-100.0,-100.0,-6.003454685211182,0.9975273771798926
mbe_817,CRIM. LAW,1991-July,train,"Lester was engaged to marry Sylvia. One evening, Lester became enraged at the comments of Sylvia's e",D,B,False,1,1388,104,"B  
Reasoning: The gold passage defines an accessory after the fact as someone who, knowing that an offense has been committed, provides assistance to the offender to hinder their apprehension, trial, or punishment. Since the evidence shows that any aid Sylvia rendered occurred after the crime was completed (i.e., after Lester had already committed the child abuse), she does not meet the criteria for being an accessory after the fact as outlined in the passage. Therefore, the charge should be dismissed, making answer (B) correct.",,-0.9864507913589478,-0.48645076155662537,-4.486450672149658,-7.361450672149658,0.6150517002404586
mbe_818,CONST. LAW,1991-July,train,In response to massive layoffs of employees of automobile assembly plants located in the state of Am,A,A,True,1,1492,99,"A  
Reasoning: The gold passage discusses the dormant Commerce Clause, which prevents state regulations that impede the free flow of goods and prohibits protectionist measures that favor in-state economic interests over out-of-state competitors. The statute in question prohibits parking foreign-made automobiles in state-owned lots, which can be seen as a burden on foreign commerce. Therefore, the strongest argument to challenge the constitutionality of the statute is that it imposes an undue burden on foreign commerce, making answer (A) correct.",,-0.001176416757516563,-100.0,-100.0,-100.0,1.0
mbe_819,EVIDENCE,1991-July,train,Pate sued Dr. Doke for psychiatric malpractice and called Dr. Will as an expert witness. During Will,A,B,False,1,1248,100,"B  
Reasoning: The gold passage indicates that expert testimony is necessary to establish the applicable standard of care in cases of alleged negligence that are beyond the experience of a layman. This implies that the expert's opinion is based on reliable authority, which supports its admissibility as a basis for his opinion. However, the passage does not provide support for the idea that the text can be read to the jury as substantive evidence of the proper standard of care, making answer (B) the correct choice.",,-6.751345634460449,-0.0013457079185172915,-8.75134563446045,-11.50134563446045,0.9986623206449874
mbe_820,TORTS,1991-July,train,"The Daily Sun, a newspaper, printed an article that stated: Kitchen, the popular restaurant on the t",B,A,False,1,1555,133,"A  
Reasoning: The gold passage outlines the requirements for a defamation claim under Florida law, specifically stating that a plaintiff must establish that the defendant published a false statement that caused injury. Since the stipulation indicates that Plaintiff never embezzled any funds, the publication of the article could be considered false. However, the passage does not mention the necessity of proving special harm for a defamation claim, which is a requirement for certain types of defamation claims. Therefore, if the record contains no evidence that Plaintiff suffered special harm as a result of the publication, the defendant's motion for a directed verdict should be granted, making answer (A) correct.",,-0.1533157378435135,-3.903315782546997,-2.153315782546997,-5.153315544128418,0.857933894036892
mbe_821,TORTS,1991-July,train,"Surgeon performed a sterilization operation on Patient. After the surgery, Surgeon performed a test ",D,B,False,1,1718,140,"B  
Reasoning: The gold passage discusses the principles of compensatory damages and emphasizes that damages must be proximately caused by the wrongdoer's actions. It also states that future damages can be awarded for anticipated losses due to the effects of an injury caused by negligence. However, it highlights that to recover for future permanent consequences, it must be shown with reasonable certainty that such consequences will result from the injury. The question of whether a person can recover damages for a life burdened by a severe birth defect due to a physician's failure to prevent that birth is complex and hinges on the speculative nature of the future consequences of the injury, making it the most difficult question to answer based on the passage.",,-1.9161796569824219,-0.16617965698242188,-5.166179656982422,-100.0,0.8470901547795568
mbe_822,CRIM. LAW,1991-July,train,Robert walked into a store that had a checkcashing service and tried to cash a $550 check which was ,B,B,True,1,1338,97,"B  
Reasoning: The gold passage defines an attempt in criminal law as an unfinished crime that includes the intent to commit the crime and a direct act toward its consummation, but not achieving the ultimate goal. In this case, Robert intended to rob the attendant and made a direct threat to achieve that goal, but he did not successfully complete the robbery since he left without the check being endorsed. Therefore, he is most likely guilty of attempted robbery, making answer (B) correct.",,-12.750018119812012,-1.8550976164988242e-05,-13.000018119812012,-100.0,0.9999948373746111
mbe_823,CONTRACTS,1991-July,train,"For this question only, assume the following facts. During the first month of the contract, Kabb pur",C,C,True,1,1658,113,"C  
Reasoning: The gold passage discusses the distinction between express and constructive conditions in contracts. It states that express conditions must be literally performed, while constructive conditions are subject to substantial compliance. In this case, Petrol's duty to place advertising with Artiste was contingent upon Kabb purchasing his gasoline from Petrol. Since Kabb failed to meet this condition by purchasing from another supplier, Petrol's duty to place advertising with Artiste was excused. Therefore, Artiste will not succeed in her action against Petrol for breach of contract, making answer (C) correct.",,-15.75,-100.0,-3.128163257315464e-07,-100.0,0.9999998555019511
mbe_824,CONTRACTS,1991-July,train,"For this question only, make the following assumptions. Artiste was an intended beneficiary under th",A,A,True,1,1684,122,"A  
Reasoning: The gold passage establishes that an intended beneficiary, like Artiste, has the right to enforce the original terms of the contract even if the parties (Kabb and Petrol) agree to change those terms. It specifically states that a discharge or modification of a duty to an intended beneficiary is ineffective if the terms of the promise creating the duty provide otherwise. Since Artiste was an intended beneficiary and there is no indication in the passage that the contract allowed Kabb and Petrol to modify their obligations to her without her consent, Artiste will likely succeed in her action against Petrol for breach of contract.",,-0.003179855877533555,-100.0,-5.753180027008057,-100.0,0.9968273176987351
mbe_825,TORTS,1991-July,train,"Drew, the owner of a truck leasing company, asked Pat, one of Drew's employees, to deliver $1,000 to",B,B,True,1,1402,85,"B  
Reasoning: The gold passage outlines the necessary elements for establishing a prima facie case of slander, which includes the requirement that the defamatory statement must be published to a third party. Since Drew's statement was overheard by several other employees, this constitutes publication to a third party. Therefore, Pat will prevail if Drew should have foreseen that the statement would be overheard, making answer (B) correct.",,-13.500133514404297,-0.00013357517309486866,-9.000133514404297,-100.0,0.9998752347975423
mbe_827,EVIDENCE,1991-July,train,"In a suit by Palmer against Denby, Palmer sought to subpoena an audiotape on which Denby had narrate",A,C,False,1,1264,125,"C  
Reasoning: The gold passage outlines the conditions under which communications between a client and a legal adviser are protected from disclosure. It emphasizes that these communications must be made in confidence and for the purpose of seeking legal advice. If Denby has been deposed and there is good reason to believe that the audiotape may contain inconsistent statements, this could undermine the claim of privilege, as the content of the audiotape may be relevant to the case and not protected if it contradicts Denby's deposition. Therefore, option (C) is the most likely scenario under which the audiotape would be subject to subpoena.",,-13.125007629394531,-13.500007629394531,-7.3458322731312364e-06,-100.0,0.9999966343194953
mbe_830,REAL PROP.,1991-July,train,"Owen, the owner of Greenacre, a tract of land, mortgaged Greenacre to ABC Bank to secure his preexis",C,C,True,1,1579,109,"C  
Reasoning: The gold passage indicates that a marketable title is one that is free from reasonable doubt and does not interfere with the market value of the property. Owen's offer to pay and discharge the mortgage at closing would satisfy his obligation to deliver a marketable title, as it would eliminate the encumbrance that Newton claims makes the title unmarketable. Therefore, the court is likely to hold for Owen because his arrangements for the payment of the mortgage would ensure that the title is marketable, making answer (C) correct.",,-100.0,-18.0,0.0,-100.0,0.9999999847700205
mbe_833,EVIDENCE,1991-July,train,"Defendant was prosecuted for bankruptcy fraud. Defendant's wife, now deceased, had testified adverse",A,C,False,1,1366,129,"C  
Reasoning: The gold passage states that former testimony is ordinarily inadmissible against the accused unless the declarant is unavailable as a witness. In this case, Defendant's wife is deceased, making her unavailable. However, the passage also requires that the party against whom the testimony is offered must have had an opportunity and similar motive to develop the testimony during the prior proceeding. Since no serious effort was made to challenge her credibility despite the availability of impeachment information, it indicates that the opportunity to develop the testimony was not adequately utilized. Therefore, the testimony should be excluded as hearsay not within any exception, making answer (C) correct.",,-8.250298500061035,-10.500298500061035,-0.0002988776541315019,-11.625298500061035,0.999702353724385
mbe_834,CONTRACTS,1991-July,train,"For this question only, assume the following facts. At the time of contracting, Mermaid told Phinney",A,A,True,1,1673,111,"A  
Reasoning: The gold passage discusses the requirement for the nonbreaching party to establish its ability to perform at the time of the breach in order to claim damages. Since Mermaid was able to perform the contract by taking Tess out fishing after Phinney's late arrival, she can retain the $200 deposit as liquidated damages. The passage implies that it would be difficult for Mermaid to establish actual damages due to the nature of the charter, and the $200 appears to be a reasonable forecast of anticipated loss, making answer (A) correct.",,-0.00012011249782517552,-10.250120162963867,-10.500120162963867,-100.0,0.9999371100083736
mbe_835,CONTRACTS,1991-July,train,"For this question only, assume the following facts. On May 15 at 1 a.m., the Coast Guard had issued ",A,C,False,1,1530,116,"C  
Reasoning: The gold passage discusses the concept of actual damages and compensatory damages, emphasizing that damages are awarded to compensate for proven injury or loss. However, it does not provide any information regarding the concepts of impossibility, mutual mistake, or liquidated damages. Therefore, based on the passage, we cannot conclude that the contract is discharged or that Phinney is entitled to a return of his deposit. Since the performance of the contract was possible given the seaworthiness of the boat, option (C) is the most accurate statement based on the information provided.",,-3.5092475414276123,-100.0,-0.1342475712299347,-2.3842475414276123,0.8774875203525392
mbe_836,REAL PROP.,1991-July,train,"Eight years ago, Orben, prior to moving to a distant city, conveyed Blackacre, an isolated farm, to ",C,A,False,1,1417,106,"A  
Reasoning: The gold passage defines a quitclaim deed as one that conveys the grantor's complete interest in the property but does not warrant the validity of the title. Since Sam received a quitclaim deed without consideration and did not record it, his interest is weaker compared to Fred, who holds a warranty deed for valuable consideration. The passage does not provide any information that would support the idea that Sam's interest could take priority over Fred's, making answer (A) the most appropriate choice based on the information provided.",,-0.4000140130519867,-4.7750139236450195,-1.150014042854309,-6.5250139236450195,0.6724306646153957
mbe_837,REAL PROP.,1991-July,train,"Brown owned Blackacre, a tract of undeveloped land. Blackacre abuts Whiteacre, a tract of land owned",A,B,False,1,1751,110,"B  
Reasoning: The gold passage emphasizes that adverse possession requires exclusive possession of the land, and any joint or common possession by the claimant and the property owner defeats the exclusivity needed for an adverse possession claim. Since Brown did not object to Agency's use of Blackacre and was unaware of the encroachment, this suggests an implied consent to the continuation of that use. Therefore, if Agency prevails, it would be because Brown's failure to keep himself informed and his lack of objection constituted implied consent, making answer (B) correct.",,-1.7170617580413818,-0.21706177294254303,-4.217061996459961,-7.592061996459961,0.8051059660462543
mbe_839,CRIM. LAW,1991-July,train,Donald was arrested in Marilyn's apartment after her neighbors had reported sounds of a struggle and,A,C,False,1,1552,87,"C  
Reasoning: The gold passage outlines the requirements for double jeopardy to apply, specifically that jeopardy must have previously attached and terminated for the same offense. In this case, Donald was not charged with murder during his first trial, as Marilyn had not died at that time. Therefore, he was not placed in jeopardy for murder in the first trial, making his claim incorrect. Thus, answer (C) is correct.",,-100.0,-100.0,-21.125,-100.0,1.0
mbe_840,REAL PROP.,1991-July,train,"Ogle owned Greenacre, a tract of land, in fee simple. Five years ago, he executed and delivered to L",A,A,True,1,1456,108,"A  
Reasoning: The gold passage discusses the requirements for establishing adverse possession, which is not directly relevant to the question about the rights to possession of Greenacre among Lilly, Mina, and Rex. However, it implies that a claimant must have a valid claim to the property. Since Lilly was granted a life estate by Ogle, her interest in Greenacre remains valid and unaffected by Ogle's subsequent death. Therefore, Lilly retains the right to immediate possession, making answer (A) the most appropriate choice based on the information provided.",,-0.6738526225090027,-100.0,-3.5488526821136475,-1.1738526821136475,0.6013421621383587
mbe_841,CRIM. LAW,1991-July,train,Devlin was charged with murder. Several witnesses testified that the crime was committed by a person,C,C,True,1,1591,95,"C  
Reasoning: The gold passage discusses the identification procedures and emphasizes that if the trial court determines that there was no unduly suggestive identification procedure, the identification evidence is admissible. The prosecution's request for Devlin to walk across the courtroom to display his limp is a legitimate part of a proper courtroom identification process, as it does not appear to be unnecessarily suggestive. Therefore, Devlin's objection will most likely be denied, making answer (C) correct.",,-100.0,-100.0,-19.625,-100.0,1.0
mbe_843,TORTS,1991-July,train,"Penkov suffered a severe loss when his manufacturing plant, located in a shallow ravine, was flooded",D,B,False,1,1518,89,"B  
Reasoning: The gold passage emphasizes the importance of establishing a direct connection between the defendant's negligence and the plaintiff's damages through but-for causation. Since both City and Railroad's negligence contributed to the flooding, Penkov must introduce evidence that allows the court to reasonably apportion responsibility between the two parties. Without such evidence, it is unclear how much of the loss can be attributed to Railroad alone, making answer (B) correct.",,-4.023375034332275,-0.27337488532066345,-1.5233749151229858,-6.398375034332275,0.7620731313141362
mbe_844,CRIM. LAW,1991-July,train,"Smith asked Jones if he would loan him $500, promising to repay the amount within two weeks. Jones l",D,C,False,1,1268,127,"C  
Reasoning: According to the gold passage, theft by trick involves obtaining possession of another's property through a trick or device, with the intent to permanently deprive the owner of it, while the owner does not intend to transfer title. In this case, Smith obtained the $500 from Jones under the pretense of repaying it, which constitutes obtaining money by false pretenses. However, the passage does not indicate that Smith used a trick or device to obtain the money in a manner that would qualify as larceny by trick. Therefore, the correct answer is (C) obtaining money by false pretenses only.",,-1.2075296640396118,-1.9575296640396118,-0.7075296640396118,-2.7075295448303223,0.4930065162250194
mbe_846,CONST. LAW,1991-July,train,"The federal statute admitting the state of Blue to the Union granted Blue certain public lands, and ",A,C,False,1,1494,114,"C  
Reasoning: The gold passage establishes that the United States Supreme Court will not review a question of federal law decided by a state court if the decision rests on an independent and adequate state law ground. In this case, the Blue Supreme Court's decision was based on the interpretation of the federal statute and its identical provisions in the Blue Constitution, which suggests that the decision is grounded in state law. Therefore, the United States Supreme Court should decline to review the case on the grounds that it rests on an adequate and independent state ground, making answer (C) correct.",,-100.0,-100.0,-21.25,-100.0,1.0
mbe_848,TORTS,1991-July,train,The manager of a department store noticed that Paula was carrying a scarf with her as she examined v,B,B,True,1,1523,116,"B  
Reasoning: The gold passage states that a merchant may detain a suspected shoplifter if there is reasonable cause to believe that shoplifting occurred and if the detention is conducted in a reasonable manner and for a reasonable length of time. In this scenario, the manager had a reasonable belief that Paula might be shoplifting due to her actions of putting the scarf into her purse. Since the manager's detention of Paula was brief and aimed at investigating the situation, this aligns with the legal standard provided in the passage, making answer (B) the best defense for the store.",,-100.0,-17.875001907348633,-100.0,-100.0,1.0
mbe_849,CONST. LAW,1991-July,train,A proposed federal statute would prohibit all types of discrimination against black persons on the b,B,B,True,1,1611,104,"B  
Reasoning: The gold passage establishes that Congress has the authority to regulate local activities that have a substantial effect on interstate commerce. The proposed federal statute prohibiting discrimination against black persons could be viewed as a means of enforcing the provisions of the Thirteenth Amendment, which addresses issues of slavery and involuntary servitude, and is related to the broader goal of ensuring equality and preventing discrimination. Therefore, answer (B) is supported by the passage as it aligns with Congress's power to legislate in this area.",,-15.125205039978027,-0.00020520923135336488,-8.500205039978027,-100.0,0.9997963031395201
mbe_851,TORTS,1991-July,train,"John's father, Jeremiah, died in Hospital. Hospital maintains a morgue with refrigerated drawers a b",A,A,True,1,1655,115,"A  
Reasoning: The gold passage discusses the recognition of claims for negligent infliction of emotional distress (NIED) in cases involving the mishandling of a corpse, specifically referencing the Carney case, which allows for recovery when there is desecration of a grave or abuse of a dead body. The passage indicates that mental anguish is a foreseeable result of such mishandling. Therefore, John's emotional distress due to the improper handling of his father's body aligns with the sensitivity people have regarding the care of deceased relatives, making answer (A) the most appropriate choice.",,-0.1751333773136139,-4.425133228302002,-1.9251333475112915,-5.925133228302002,0.839474814998242
mbe_852,REAL PROP.,1991-July,train,"Able was the owner of Greenacre, a large tract of land. Able entered into a binding written contract",B,C,False,1,1465,90,"C  
Reasoning: The gold passage indicates that a judgment lien can only attach to the interest the debtor has in the property. Since Able is unable to convey a marketable title due to the judgment lien against him, he effectively has no interest that can be conveyed free of the lien. Therefore, Baker is justified in declining to accept the title, and Able cannot benefit from Baker's action in recording the contract, making answer (C) correct.",,-5.012718677520752,-5.637718677520752,-0.2627184987068176,-1.5127184391021729,0.7693565735306966
mbe_853,EVIDENCE,1991-July,train,Post sued Dint for dissolution of their yearlong partnership. One issue concerned the amount of mone,A,C,False,1,1428,96,"C  
Reasoning: The gold passage discusses the admissibility of expert testimony and the requirement of firsthand knowledge. It implies that ordinary witnesses, unlike experts, must have firsthand knowledge or observation to provide reliable testimony. Since Dint's testimony is based on his memory rather than firsthand knowledge or observation of the ledger entries, and the ledger itself serves as the best evidence of the amounts Post received, Dint's testimony is inadmissible. Therefore, answer (C) is correct.",,-2.832188367843628,-100.0,-0.08218836784362793,-5.082188606262207,0.9339982596214678
mbe_854,CONTRACTS,1991-July,train,"In a signed writing, Nimrod contracted to purchase a 25-foot travel trailer from Trailco for $15,000",A,B,False,1,1454,92,"B  
Reasoning: The gold passage states that under the Uniform Commercial Code's perfect tender rule, a buyer may reject a seller's tender for any trivial defect. Since Nimrod discovered a missing spare tire, he is entitled to reject the trailer under this rule, regardless of the seller's offer to cure the defect. Therefore, answer (B) is accurate as it reflects Nimrod's right to reject the trailer and terminate the contract due to the defect.",,-2.8121001720428467,-0.062100112438201904,-9.812100410461426,-100.0,0.9398618563598543
mbe_855,REAL PROP.,1991-July,train,"Oker owned in fee simple two adjoining lots, Lots 1 and 2. He conveyed in fee simple Lot 1 to Frank.",D,B,False,1,1667,132,"B  
Reasoning: The gold passage indicates that an executory contract for the exchange of real property that is not recorded will be void against any person who subsequently acquires the same realty in good faith and for valuable consideration, provided their conveyance is first duly recorded. Since Oker's deed to Frank was never recorded, Tim's claim to enforce the covenant against Henry, who acquired Lot 2 through intestate succession from Oker, is likely barred because Henry's ownership is protected by the recording act. Therefore, if judgment is for Henry, it will be because Frank's deed from Oker was never recorded, making answer (B) correct.",,-14.000001907348633,-1.6240566083070007e-06,-14.250001907348633,-100.0,0.9999985208786701
mbe_856,TORTS,1991-July,train,"While Prudence was leaving an elevator, it suddenly dropped several inches, causing her to fall. An ",D,C,False,1,1526,100,"C  
Reasoning: The gold passage discusses the principle that a tortfeasor is responsible for the full extent of a plaintiff's damages, even if those injuries are exacerbated by a pre-existing condition, which aligns with the ""eggshell plaintiff"" rule. This means that Acme Elevator Company would be liable for the full amount of Prudence's disability, as they must take her as they find her, regardless of her pre-existing condition. Therefore, answer (C) is correct.",,-4.512095928192139,-100.0,-0.01209599245339632,-8.887096405029297,0.9888762899979083
mbe_857,EVIDENCE,1991-July,train,"Dix is on trial for killing Vetter. The prosecutor calls Winn to testify that after being shot, Vett",A,A,True,1,1571,100,"A  
Reasoning: The gold passage indicates that a district court has wide discretion in ruling on the admissibility of evidence and that the determination of relevance involves assessing whether the evidence supports or refutes the issues to be proven at trial. Since the judge must hear evidence regarding Vetter's belief of imminent death before allowing the dying declaration, it is appropriate for both sides to present their arguments in a hearing outside the presence of the jury. This aligns with option (A), making it the correct choice.",,-0.0007813957636244595,-9.000781059265137,-100.0,-7.750781536102295,0.9994461545889829
mbe_858,CRIM. LAW,1991-July,train,"Police received an anonymous tip that Tusitala was growing marijuana in her backyard, which was surr",D,D,True,1,1576,99,"D  
Reasoning: The gold passage establishes that observations made from public navigable airspace do not violate a person's reasonable expectation of privacy. It states that what a person knowingly exposes to the public is not protected by the Fourth Amendment. Since Officer Boa's observations of the marijuana plants were made from a helicopter in public airspace, Tusitala's expectation of privacy regarding her backyard is deemed unreasonable. Therefore, the court should deny the motion to suppress the evidence, making answer (D) correct.",,-100.0,-14.000001907348633,-100.0,-1.8624639324116288e-06,0.9999991684720098
mbe_859,CONTRACTS,1991-July,train,"Buyem faxed the following signed message to Zeller, his long-time widget supplier: ""Urgently need bl",B,C,False,1,2035,150,"C  
Reasoning: The gold passage discusses the concept of breach of contract and the distinction between material and immaterial breaches. It states that if a breach constitutes a material failure of performance, the non-breaching party is discharged from all liability under the contract. In this case, Zeller's shipment of red widgets instead of blue widgets is a nonconforming shipment, which likely constitutes a material breach since it deprives Buyem of the benefit he reasonably expected (blue widgets). Therefore, Buyem has the right to reject the shipment and recover for total breach, but he may also accept the shipment and seek damages for the nonconformity. This aligns with option (C), which correctly states that Buyem may accept the shipment and must",,-6.386744499206543,-5.511744499206543,-0.0117444833740592,-100.0,0.9942429444608113
mbe_860,CONST. LAW,1991-July,train,Members of a religious group calling itself the Friends of Lucifer believe in Lucifer as their Supre,D,D,True,1,1792,101,"D  
Reasoning: The gold passage establishes that expression, including religious conduct, is subject to reasonable time, place, or manner restrictions that are justified without reference to the content of the speech and serve significant governmental interests. The prohibition of overnight camping and campfires on Mt. Snow is likely a nondiscriminatory restriction aimed at advancing public safety interests, which aligns with the principles outlined in the passage. Therefore, the denial of the permit is valid under these circumstances, making answer (D) correct.",,-14.750014305114746,-100.0,-100.0,-1.3902033970225602e-05,0.9999996072139581
mbe_861,EVIDENCE,1991-July,train,"Park sued Davis Co. for injuries suffered in the crash of Park's dune buggy, allegedly caused by a d",D,D,True,1,1295,107,"D  
Reasoning: The gold passage discusses the admissibility of evidence of other crimes or wrongs, outlining a four-prong test that includes relevance to a material issue, similarity to the offense charged, clarity and convincing nature of the evidence, and the balance of probative value against prejudice. A judgment for another plaintiff against Davis Co. in another case does not meet the criteria of being relevant to the material issue of whether the part was manufactured by Davis Co. in this specific case, making answer (D) not admissible.",,-100.0,-100.0,-12.000109672546387,-0.00011009939044015482,0.9999938558227752
mbe_862,REAL PROP.,1991-July,train,"Anna entered into a valid written contract to purchase Blackacre, a large tract of land, from Jones ",C,A,False,1,1463,123,"A  
Reasoning: The gold passage states that title to real property can only be conveyed by a valid, acknowledged deed. In this case, the deed executed by Jones purported to convey Blackacre to Anna and Charles, but since Charles had died before the closing, he could not legally receive any interest in the property. Therefore, the deed is invalid as to Charles, and legal title cannot vest in him. Consequently, the court should hold that legal title to Blackacre is vested all in Jones, as the conveyance to Anna and Charles was not valid due to the lack of Charles's capacity to take title.",,-0.8074370622634888,-0.8074370622634888,-3.557436943054199,-2.557436943054199,0.446887062992785
mbe_863,CONTRACTS,1991-July,train,"For this question only, assume that when Miller tendered the first installment to Eclaire in complia",D,D,True,1,1420,138,"D  
Reasoning: The gold passage establishes that contracts are freely assignable under New York law unless there is clear language expressly prohibiting assignment. This means that the arguments I, II, and III do not have legal support from the passage. Specifically, there is no indication in the passage that executory requirements contracts are nonassignable (I), that duties under an executory bilateral contract require an express promise to perform by the delegatee (II), or that the language of ""assignment"" affects only a transfer of rights and not a delegation of duties (III). Therefore, none of the arguments legally support Eclaire's rejection of the goods, making answer (D) correct.",,-10.750155448913574,-9.750155448913574,-9.500155448913574,-0.0001552665780764073,0.9998454320212059
mbe_864,CONTRACTS,1991-July,train,"For this question only, assume that Eclaire accepted Miller's delivery of the first installment unde",D,D,True,1,1616,127,"D  
Reasoning: The gold passage discusses the duty to mitigate damages in a breach-of-contract action, emphasizing that the injured party cannot recover damages that could have been prevented through reasonable action. However, the passage does not provide any support for the defenses listed in the question regarding Eclaire's obligations to Miller. Specifically, it does not address whether Eclaire's lack of express agreement to accept Miller, her payment to Staff discharging her obligation, or Staff's continued obligation after assignment are valid defenses. Therefore, none of the defenses I, II, or III are supported by the passage, making answer (D) correct.",,-15.0,-100.0,-17.5,-4.320199877838604e-07,0.9999996689876546
mbe_865,CRIM. LAW,1991-July,train,"On October 22, Officer Jones submitted an application for a warrant to search 217 Elm Street for coc",D,A,False,1,1467,84,"A  
Reasoning: The gold passage indicates that the validity of a search warrant is not undermined simply because the informant provided inaccurate information, as long as the applicant for the warrant accurately represents that information. Therefore, if the judge concludes that Susie Schultz's statement is incorrect, it constitutes a material false statement in the application, which supports granting the motion to suppress. Thus, answer (A) is correct.",,-0.0028203281108289957,-6.0028204917907715,-9.752820014953613,-100.0,0.9974693738631336
mbe_866,CONST. LAW,1991-July,train,The Personnel Handbook of Green City contains all of that city's personnel policies. One section of ,C,A,False,1,1363,90,"A  
Reasoning: The gold passage indicates that property interests, including those related to employment, are not created by the Constitution but rather by existing rules or understandings, such as state law. Therefore, the initial burden of persuasion in Baker's suit would be on the Green City Council to demonstrate that the personnel handbook did not create a constitutionally protected interest in her employment or the procedures for termination. This makes answer (A) the correct choice.",,-0.04869932681322098,-100.0,-3.048699378967285,-100.0,0.9525741291785796
mbe_867,EVIDENCE,1991-July,train,Dean was prosecuted in federal court for making threats against the President of the United States. ,C,C,True,1,1243,102,"C  
Reasoning: The gold passage indicates that information related to medical or psychiatric examinations is privileged against disclosure in a medical malpractice action. However, it does not establish that Dean's statement about planning to shoot the President falls within any recognized privilege, as it was not made in the context of receiving mental health services but rather as a threat. Therefore, Dean's motion to prevent the nurse from testifying is likely to be unsuccessful because the statement does not qualify for any privilege, making answer (C) correct.",,-16.5,-18.375,-1.9361264946837764e-07,-100.0,0.9999999212765553
mbe_868,REAL PROP.,1991-July,train,"Able, who owned Blackacre, a residential lot improved with a dwelling, conveyed it for a valuable co",A,A,True,1,1323,96,"A  
Reasoning: The gold passage defines a latent defect as a hidden or concealed defect that cannot be discovered through reasonable inspection. It also states that nondisclosure of such defects by the vendor impairs the purchaser's right to receive the benefits of the contract. Since Able did not disclose the sewage issue, which qualifies as a latent defect, Baker's ability to recover his repair costs hinges on Able's failure to disclose this defect. Therefore, answer (A) is correct.",,-5.438573680294212e-06,-100.0,-100.0,-100.0,1.0
mbe_869,TORTS,1991-July,train,"Gardner's backyard, which is landscaped with expensive flowers and shrubs, is adjacent to a golf cou",A,D,False,1,1474,109,"D  
Reasoning: The gold passage defines trespass as an intentional or negligent intrusion upon the possessory interest in property of another, requiring the plaintiff to establish interference without consent. However, it does not address the concept of necessity as a privilege to enter another's property. Given that Driver's entry onto Gardner's property was occasioned by necessity (to avoid being hit by the falling tree), it suggests that Driver's actions may be privileged, meaning Gardner would not prevail in his action for damages. Therefore, answer (D) is correct.",,-9.50009822845459,-13.62509822845459,-10.75009822845459,-9.805981972021982e-05,0.999902502417797
mbe_870,CRIM. LAW,1991-July,train,"Steve, in desperate need of money, decided to hold up a local convenience store. Determined not to h",D,D,True,1,1385,84,"D  
Reasoning: The gold passage establishes that felony-murder liability extends to deaths that occur during the commission of an underlying felony, regardless of intent to kill. Since the death of the clerk was caused by the actions of the customer and not by Steve directly, Steve's best argument for not being guilty of felony murder is that he is not responsible for the acts of the customer, making answer (D) correct.",,-5.760435581207275,-7.510435581207275,-5.010435581207275,-0.010435622185468674,0.9896347510797497
mbe_871,CONTRACTS,1991-July,train,"Client consulted Lawyer about handling the sale of Client's building, and asked Lawyer what her lega",B,B,True,1,1693,123,"B  
Reasoning: The gold passage outlines the requirements for establishing an accord and satisfaction defense, which includes the existence of a disputed claim and a specific agreement by both parties regarding the acceptance of a lesser amount than claimed. In this case, Client disputed the amount of Lawyer's fee in good faith and sent a check marked ""Payment in full,"" which indicates an agreement to settle the dispute for that amount. Lawyer's acceptance of the check without protest or reservation of rights further supports the conclusion that an accord and satisfaction was reached. Therefore, Lawyer cannot recover any additional amount from Client, making answer (B) correct.",,-18.875,-3.128163257315464e-07,-100.0,-100.0,0.9999999936511978
mbe_872,REAL PROP.,1991-July,train,Pauline and Doris own adjacent parcels of land. On each of their parcels was a low-rise office build,D,D,True,1,1545,93,"D  
Reasoning: The gold passage establishes that a property owner has the right to block air and light from a neighbor's windows by building on their own property, regardless of the impact on the neighbor's convenience or inconvenience. Since Doris has secured all necessary governmental approvals and is exercising her right to build, Pauline has no legal right to demand that sunlight continue to reach her building. Therefore, the court should grant judgment for Doris, making answer (D) correct.",,-100.0,-100.0,-6.251928806304932,-0.0019286326132714748,0.9980732656706854
mbe_875,CRIM. LAW,1991-July,train,"State Y employs the Model Penal Code or American Law Institute test for insanity, and requires the s",A,A,True,1,1411,81,"A  
Reasoning: The gold passage establishes that a judge may submit the issue of insanity to the jury unless it would be ""clearly unreasonable"" for the jury to find against the defendant. This implies that if the judge believes the jury could not reasonably find the prosecution has proved sanity beyond a reasonable doubt, she may grant a directed verdict for the defense. Therefore, answer (A) is correct.",,-0.3141159415245056,-7.43911600112915,-1.3141160011291504,-8.689115524291992,0.7305056999604841
mbe_876,CRIM. LAW,1991-July,train,"Trelawney worked at a day-care center run by the Happy Faces Day Care Corporation. At the center, on",B,B,True,1,1700,115,"B  
Reasoning: The gold passage discusses the concept of depraved indifference murder, which occurs when a defendant's conduct is marked by a lack of moral concern for the victim's life, even in the absence of intent to kill. Trelawney's best argument against murder charges would be that he lacked the mental state necessary for the crime, as he did not intend to kill Smith and reported the abuse he observed. This aligns with the passage's emphasis on the mental state required for depraved indifference murder, making answer (B) the most appropriate choice.",,-8.5235013961792,-0.023501571267843246,-3.7735016345977783,-100.0,0.9768284446240466
mbe_877,TORTS,1991-July,train,"If Perkins asserts a claim for damages against Delval Airline based on negligence, Perkins will",D,B,False,1,1316,101,"B  
Reasoning: The gold passage establishes that tort law requires a duty of reasonable care to avoid injury to others, which is determined by the standard of conduct demanded by the community. If Perkins could have easily moved to another seat, it suggests that she had an option to avoid the risk posed by Morton, which would likely negate the airline's duty to protect her in that situation. Therefore, answer (B) is supported by the passage, while the other options do not align with the principles outlined.",,-3.1449601650238037,-0.14496026933193207,-100.0,-2.3949601650238037,0.8656612289358305
mbe_878,TORTS,1991-July,train,"If Perkins asserts a claim for damages against Delval Airline based on battery, she will",C,C,True,1,1333,82,"C  
Reasoning: The gold passage discusses the requirements for establishing a respondeat superior claim, which involves showing a principal/agent relationship and that the conduct of the agent or employee fell within the scope of their employment. Since Morton was not acting as an agent or employee of Delval Airline when he struck Perkins, she cannot prevail against the airline based on battery. Therefore, answer (C) is correct.",,-15.875004768371582,-12.250004768371582,-4.961759259458631e-06,-100.0,0.9999950873867326
mbe_879,CONST. LAW,1991-July,train,Terrorists in the foreign country of Ruritania kidnapped the United States ambassador to that countr,C,C,True,1,1394,76,"C  
Reasoning: The gold passage states that if constitutional executive agreements conflict with state law, the executive agreement controls. This supports the argument that the President's power to negotiate with foreign nations includes the authority to make executive agreements that can override state law, making answer (C) the strongest constitutional argument for the President's authority to require the governor of Aurora to release the prisoner.",,-100.0,-100.0,-20.625,-100.0,1.0
mbe_881,CONTRACTS,1991-July,train,Debbit is contractually obligated to deliver the stacks because,B,B,True,1,1650,106,"B  
Reasoning: The gold passage defines a ""modification"" of a contract as a change that introduces new elements or cancels some details while leaving the general purpose and effect undisturbed. Debbit's letter introduced the new element of the book stacks to the original contract for the sale of law books. Barrister's acceptance of this offer on November 14 constitutes an agreement to modify the original contract, thereby obligating Debbit to deliver the stacks along with the books. Thus, answer (B) is correct.",,-10.500029563903809,-2.999452772201039e-05,-15.875029563903809,-100.0,0.9999723367849528
mbe_882,CONTRACTS,1991-July,train,"For this question only, assume that on November 12 Debbit told Barrister that he had decided not to ",B,B,True,1,1504,108,"B  
Reasoning: The gold passage discusses the concept of professionalism in determining who qualifies as a merchant under the statute. It indicates that the knowledge and skill of professionals are relevant in this context. Since Debbit is not a merchant with respect to the book stacks, this implies that he may not be held to the same standards as a merchant would be regarding the offer. Therefore, his communication on November 12 to not part with the stacks can be seen as a legally effective revocation of his offer, making answer (B) correct.",,-2.6732192039489746,-0.17321914434432983,-2.4232192039489746,-100.0,0.8421164592215037
mbe_883,REAL PROP.,1991-July,train,"Seller owned Blackacre, improved with an aging four-story warehouse. The warehouse was built to the ",A,C,False,1,1398,140,"C  
Reasoning: The gold passage outlines the requirements for a claim of fraudulent misrepresentation, which involves a false representation concerning a material existing fact that the plaintiff reasonably relied upon and was damaged as a result. However, the situation described does not indicate that Seller made any false representations about the loading docks; rather, it suggests that the issue was not discussed at all. Therefore, the claim of misrepresentation does not apply. The most fitting claim in this context is failure of consideration, as the value of Blackacre was substantially reduced due to the municipality's action, which directly affects the consideration Buyer expected to receive. Thus, answer (C) is the most appropriate choice based on the information provided.",,-1.3739643096923828,-2.873964309692383,-0.3739643394947052,-100.0,0.6896720797460764
mbe_884,EVIDENCE,1991-July,train,"Prescott sued Doxie for fraud. After verdict for Prescott, Doxie talked with juror Wall about the tr",D,C,False,1,1293,107,"C  
Reasoning: The gold passage indicates that to show probable injury from juror misconduct, there must be evidence that the misconduct caused a juror to vote differently than they would have otherwise. If Wall testifies that he relied on testimony that the judge had stricken and ordered the jury to disregard, this suggests that his vote for Prescott was influenced by improper information, which could be seen as causing him to vote differently than he would have otherwise. Therefore, answer (C) is the most likely basis for granting a new trial.",,-16.625003814697266,-100.0,-2.935296834039036e-06,-100.0,0.9999999397643183
mbe_886,REAL PROP.,1991-July,train,"Ody, owner of Profitacre, executed an instrument in the proper form of a deed, purporting to convey ",C,A,False,1,1646,95,"A  
Reasoning: The gold passage discusses the concept of waiver of statutory rights, emphasizing that a waiver must be a clear and decisive act showing an intentional relinquishment of a known right. In this context, Leon's execution of a deed to convey Profitacre to Mona can be interpreted as a waiver of his life estate, which would result in Ralph owning Profitacre in fee simple. Therefore, answer (A) is the most consistent with the principles outlined in the passage.",,-0.5737106800079346,-100.0,-2.3237106800079346,-100.0,0.8519528019683106
mbe_888,TORTS,1991-July,train,"At the trial of an action against Grandmother on behalf of Patrick, the following evidence has been ",D,C,False,1,1333,83,"C  
Reasoning: The gold passage establishes that a duty of care arises when it is foreseeable that harm may result if care is not exercised. Given that a firearm is considered an inherently dangerous instrumentality, it is foreseeable that leaving it accessible could lead to harm, especially to children. Therefore, a jury could find that Grandmother breached a duty of care she owed to Patrick, making answer (C) correct.",,-100.0,-16.201414108276367,-0.20141470432281494,-1.701414704322815,0.8175744009719412
mbe_893,CONST. LAW,1991-July,train,A newly enacted federal statute appropriates $100 million in federal funds to support basic research,C,C,True,1,1563,102,"C  
Reasoning: The gold passage indicates that the Spending Clause grants Congress broad discretion to tax and spend for the general welfare, including the ability to fund specific programs and impose limits on how those funds are used. Since the statute appropriates funds for research and specifies a method for determining the recipients, it falls within Congress's authority to determine the objects of its spending as long as it serves the general welfare and does not violate any prohibitory language in the Constitution. Therefore, answer (C) is correct.",,-100.0,-100.0,-1.981667537620524e-06,-100.0,1.0
mbe_894,CONTRACTS,1991-July,train,Which of the following fact patterns most clearly suggests an implied-in-fact contract?,C,C,True,1,1301,116,"C  
Reasoning: The gold passage defines an express contract as one that involves an exchange of promises where the parties have communicated the terms to which they agree to be bound. In the case of Asphalt mistakenly paving Nabor's driveway while Nabor looked on without objection, this scenario suggests an implied-in-fact contract because Nabor's silence and lack of objection can be interpreted as acceptance of the service provided, even though there was no explicit agreement. This aligns with the concept of an implied-in-fact contract, which arises from the conduct of the parties rather than explicit communication.",,-5.2564311027526855,-7.0064311027526855,-0.006431021727621555,-100.0,0.9938783060949463
mbe_895,REAL PROP.,1991-July,train,"Ashton owned Woodsedge, a tract used for commercial purposes, in fee simple and thereafter mortgaged",B,D,False,1,1584,91,"D  
Reasoning: The gold passage establishes that a deficiency judgment can be sought against all parties involved in the mortgage if the fair market value of the property is less than the total mortgage debt owed. Since First Bank joined Ashton, Beam, and Carter as defendants in the foreclosure action, and all parties had some obligation related to the mortgage, First Bank is entitled to collect a deficiency judgment against all three parties. Therefore, answer (D) is correct.",,-6.504148960113525,-6.004148960113525,-8.754148483276367,-0.00414891866967082,0.9958764217064618
mbe_896,TORTS,1991-July,train,Landco purchased a large tract of land intending to construct residential housing on it. Landco hire,B,C,False,1,1435,99,"C  
Reasoning: The gold passage discusses the concept of duty and reasonable care in the context of negligence. It emphasizes that a duty of care is determined by social values and customs, and it implies that if a party exercises reasonable care, they may not be liable for damages. In this case, if Poolco used reasonable care in conducting the blasting operations, then Landco would not be liable for the damages to Plaintiff's home. Therefore, answer (C) is supported by the passage.",,-6.503210544586182,-9.25321102142334,-0.003210627008229494,-6.503210544586182,0.9969066085156674
mbe_897,CONST. LAW,1991-July,train,The state of Atlantica spends several million dollars a year on an oyster conservation program. As p,C,C,True,1,1651,113,"C  
Reasoning: The gold passage discusses the preemption doctrine stemming from the Supremacy Clause, which indicates that federal laws take precedence over state laws in certain areas. Since Fisher, Inc. holds a federal shipping license that permits it to engage in fishing activities, this federal authorization could be interpreted as providing a right to fish in Atlantica's waters despite the state law requiring a permit. Therefore, the strongest argument in support of Fisher, Inc.'s continued right to fish is based on its federal shipping license, making answer (C) the correct choice.",,-1.3324658870697021,-100.0,-0.3324658274650574,-100.0,0.7310585903489892
mbe_898,CONST. LAW,1991-July,train,The United States Department of the Interior granted Concessionaire the food and drink concession in,D,D,True,1,1476,94,"D  
Reasoning: The gold passage explains that the Supremacy Clause establishes that federal law is the supreme law of the land and that conflicts between federal and state law are resolved in favor of federal law. Since the federal statute authorizing the concessions provides that the grantees would pay only a nominal rental, Concessionaire can challenge the state occupancy tax on the grounds that it conflicts with federal law, making answer (D) the strongest ground for his challenge.",,-100.0,-100.0,-100.0,-20.000001907348633,1.0
mbe_899,TORTS,1991-July,train,"Davis has a small trampoline in his backyard which, as he knows, is commonly used by neighbor childr",A,A,True,1,1689,117,"A  
Reasoning: The gold passage discusses the doctrine of primary assumption of the risk, which states that a plaintiff who voluntarily engages in a recreational activity assumes the inherent risks of that activity. In this case, jumping on a trampoline is a recreational activity where the risks are ordinary and commonly understood. If children are likely to be attracted by the trampoline, they would normally realize the risk of using it without mats, which aligns with the principles outlined in the passage. Therefore, Philip is unlikely to prevail if he did not recognize the inherent risks associated with using the trampoline in its current state.",,-0.23357731103897095,-1.7335772514343262,-3.483577251434326,-100.0,0.7924530677628717
mbe_900,EVIDENCE,1991-July,train,Deben was charged with using a forged prescription from a Dr. Kohl to obtain Percodan* from Smith's ,B,B,True,1,1290,95,"B  
Reasoning: The gold passage indicates that a lay witness' opinion testimony is admissible if it provides a basis for concluding that the witness is more likely to correctly identify the defendant than the jury. Wallman's and Witler's testimony serves to identify Deben as the individual who presented the prescriptions at their respective drugstores, which aligns with the identification context described in the passage. Therefore, their testimony is admissible for this purpose, making answer (B) correct.",,-100.0,-18.750001907348633,-17.500001907348633,-100.0,0.22270013882530884
mbe_901,CONST. LAW,1991-July,train,An ordinance of the city of Green requires that its mayor must have been continuously a resident of ,A,A,True,1,1659,107,"A  
Reasoning: The gold passage emphasizes the requirement of a ""case or controversy"" as a fundamental aspect of judicial power under Article III of the U.S. Constitution. Since Candidate has not yet been elected and is uncertain about his eligibility due to the residency requirement, there is no actual injury or imminent threat to his legal rights at this moment. Therefore, the court should refuse to determine the merits of the suit, as there is no concrete and particularized injury affecting Candidate in a personal way, making answer (A) correct.",,-0.0007196996593847871,-12.375720024108887,-100.0,-100.0,0.9999957771679255
mbe_902,REAL PROP.,1991-July,train,"Oliver, owner of Blackacre, needed money. Blackacre was fairly worth $100,000, so Oliver tried to bo",D,A,False,1,1398,70,"A  
Reasoning: The gold passage states that an option to purchase an interest in real property must be in writing to be valid under the Statute of Frauds. Since Len's oral agreement to reconvey Blackacre to Oliver is not in writing, it is invalid. Therefore, Len owns Blackacre outright, making answer (A) correct.",,-0.0016412617405876517,-100.0,-11.376641273498535,-100.0,0.9999885212320078
mbe_903,CONST. LAW,1991-July,train,Big City High School has had a very high rate of pregnancy among its students. In order to assist st,D,D,True,1,1533,82,"D  
Reasoning: The gold passage indicates that when a statute classifies individuals based on gender, the party defending the classification must show that it serves important governmental objectives and that the means employed are substantially related to achieving those objectives. Therefore, in Joe's case, the school must demonstrate that its admission policy for the child-care classes is substantially related to an important governmental interest, making answer (D) correct.",,-13.50000286102295,-13.87500286102295,-14.50000286102295,-3.173704271830502e-06,0.9999971824548268
mbe_904,CRIM. LAW,1991-July,train,Defendant was upset because he was going to have to close his liquor store due to competition from a,A,A,True,1,1407,115,"A  
Reasoning: The gold passage indicates that the offense of unlawfully causing a fire can be committed by a person who is aware of and consciously disregards a substantial and unjustifiable risk that their act will cause a fire. In this case, Defendant intended to set fire to his store to collect insurance, demonstrating awareness of the risk involved. If he could have put out the fire before it spread and chose not to do so because he wanted the building destroyed, this aligns with the definition of recklessness provided in the passage. Therefore, answer (A) is correct.",,-0.6949964165687561,-6.444996356964111,-0.6949964165687561,-8.56999683380127,0.4991108565226267
mbe_905,TORTS,1991-July,train,"In his employment, Grinder operates a grinding wheel. To protect his eyes, he wears glasses, sold un",C,C,True,1,1395,90,"C  
Reasoning: The gold passage states that a product is considered defective if it lacks any element necessary to make it safe for its intended use. The warning label on the safety glasses indicates that they are only designed to protect against small, flying objects, which does not include the hazard posed by the disintegrating grinding wheel. Therefore, the glasses were not designed or sold for the type of hazard Grinder encountered, making answer (C) correct.",,-100.0,-100.0,-20.25,-100.0,1.0
mbe_906,TORTS,1991-July,train,"Based upon the foregoing facts, if Paul sues Shampoo Company to recover damages for his dermatitis, ",D,D,True,1,1679,127,"D  
Reasoning: The gold passage establishes that a supplier has a duty to warn end users of a dangerous product and that this includes providing adequate instructions for safe use. The passage also outlines the criteria for a legally adequate warning, which includes attracting attention, explaining the mechanism of injury, and providing instructions to avoid injury. Given that Paul used the No-Flake shampoo in a manner contrary to the label's instructions, the most promising theory of liability for Paul would be that the shampoo was inadequately labeled to warn of its dangers, as the label did not sufficiently prevent misuse despite the warning. Therefore, answer (D) is correct.",,-100.0,-100.0,-100.0,-2.1008713702030946e-06,1.0
mbe_907,TORTS,1991-July,train,"If Paul asserts a claim for his injuries against Shampoo Company based on strict liability in tort, ",D,D,True,1,1668,111,"D  
Reasoning: The gold passage discusses the requirements for establishing a strict liability claim in Florida, specifically focusing on the manufacturer's relationship to the product, the unreasonably dangerous condition of the product, and the proximate causal connection between the product's condition and the plaintiff's injury. It does not address defenses such as misuse, contributory negligence, or privity. Therefore, since the passage does not support any of the defenses listed in I, II, or III, the correct answer is (D) Neither I, nor II, nor III.",,-9.750090599060059,-12.375090599060059,-10.500090599060059,-9.031157969729975e-05,0.9999099541705126
mbe_908,TORTS,1991-July,train,"If Paul asserts a claim against Oscar for his dermatitis injuries, Oscar's best defense will be that",A,A,True,1,1540,95,"A  
Reasoning: The gold passage defines contributory negligence as conduct by the plaintiff that falls below the standard of care necessary for their own protection and contributes to their harm. In this case, Paul used the No-Flake shampoo in a manner that exceeded the instructions provided on the box, which constitutes a failure to conform to the standard of care for his own protection. Therefore, Oscar's best defense against Paul's claim for dermatitis injuries would be that Paul was contributorily negligent.",,-0.3895074725151062,-1.139507532119751,-6.264507293701172,-100.0,0.6778855278614256
mbe_909,CONST. LAW,1991-July,train,A statute of the state of Wasminia prohibits the use of state-owned or state-operated facilities for,C,A,False,1,1654,95,"A  
Reasoning: The gold passage establishes that a woman has the right to choose to have an abortion before viability without undue interference from the State. The Wasminia statute limits the availability of abortions to situations where it is necessary to save the life of the mother, which creates a substantial obstacle for women seeking abortions for nonviable fetuses. This limitation constitutes an undue burden on the fundamental right to decide whether to have a child, making answer (A) correct.",,-0.06242058053612709,-100.0,-2.812420606613159,-100.0,0.9399133512987253
mbe_911,TORTS,1991-July,train,"While Driver was taking a leisurely spring drive, he momentarily took his eyes off the road to look ",B,B,True,1,1362,86,"B  
Reasoning: The gold passage indicates that summary judgment in negligence cases is typically not granted unless the facts clearly demonstrate the negligence of one party without any fault from the other. In this case, the facts show that Driver's momentary distraction led to a situation where Walker was injured. A jury could reasonably find that Driver's actions were negligent and that this negligence caused Walker's injury, thus making answer (B) correct.",,-8.829150199890137,-0.07915029674768448,-2.5791501998901367,-100.0,0.9240065009832142
mbe_914,EVIDENCE,1991-July,train,"Dove is on trial for theft. At trial, the prosecutor called John and May Wong. They testified that, ",A,C,False,1,1315,104,"C  
Reasoning: The gold passage states that a statement made contemporaneously with a perceived event may be excluded from hearsay rules as a present sense impression. However, in this case, May Wong's statement of the license number was not made during or immediately after the event of witnessing the theft, as she was relaying the information to the police after the fact. Therefore, the tape recording of May Wong stating the license number is hearsay and does not fall within any exception, making answer (C) correct.",,-3.0494613647460938,-7.049461364746094,-0.04946136102080345,-100.0,0.9517474057268496
mbe_915,TORTS,1991-July,train,Diggers Construction Company was engaged in blasting operations to clear the way for a new road. Dig,B,B,True,1,1458,87,"B  
Reasoning: The gold passage explains that contributory negligence occurs when a plaintiff's conduct falls below the standard of care necessary for their own protection and contributes to their harm. Since Paul understood the signs and disregarded the warnings, his actions can be seen as a failure to exercise reasonable diligence for his own protection, which aligns with the definition of contributory negligence. Therefore, Paul will not prevail in his action against Diggers.",,-11.500014305114746,-1.4021237802808173e-05,-12.750014305114746,-100.0,0.9999869677595339
mbe_916,EVIDENCE,1991-July,train,Pike sued Day City Community Church for damages he suffered when Pike crashed his motorcycle in an a,C,C,True,1,1242,63,"C  
Reasoning: The gold passage discusses impeachment evidence, which is used to attack a witness's credibility. Asking Winters whether she is a member of the church could be relevant to establishing potential bias or partiality, which is a valid reason for impeachment. Therefore, answer (C) is supported by the passage.",,-3.773256778717041,-100.0,-0.023256894201040268,-100.0,0.9770226274974265
mbe_917,CONST. LAW,1991-July,train,Radon is a harmful gas found in the soil of certain regions of the United States. A statute of the s,C,C,True,1,1821,106,"C  
Reasoning: The gold passage outlines the concept of federal preemption, indicating that state law may be preempted by federal law in various ways, including when state law is inconsistent with federal law or when it obstructs federal objectives. In this case, the rigorous Magenta licensing requirement does not conflict with the federal statute or the EPA's actions, as it serves a legitimate public interest in ensuring accurate radon testing. Therefore, the court will likely rule in favor of Magenta, making answer (C) correct.",,-100.0,-12.75001335144043,-1.3306015716807451e-05,-100.0,0.9999970976881467
mbe_918,CONTRACTS,1991-July,train,"Bitz, an amateur computer whiz, agreed in writing to design for the Presskey Corporation, a distribu",D,D,True,1,1554,114,"D  
Reasoning: The gold passage discusses the concept of reasonable reliance, indicating that reliance is reasonable if it is material and if the plaintiff's reliance on a misrepresentation was justified. In this case, Bitz's reliance on Presskey's acceptance of fewer game designs than originally agreed upon can be seen as reasonable, especially since he materially changed his position by investing in new equipment based on Presskey's conduct. Therefore, the jury's finding that the contract was modified by conduct and Bitz's reliance on that modification is supported, making answer (D) correct.",,-0.9778292179107666,-5.727829456329346,-100.0,-0.477829247713089,0.6204327636671033
mbe_919,REAL PROP.,1991-July,train,"Test owned Blackacre, a vacant one-acre tract of land in State. Five years ago, he executed a deed c",A,A,True,1,1418,109,"A  
Reasoning: The gold passage indicates that a charitable trust can be created by a conveyance by deed to a trustee for a legally charitable purpose. In this case, Test conveyed Blackacre to Church for the purpose of erecting a church building, which is a charitable purpose. Since Church did not construct the church building and the state official asserts that a charitable trust was created that has not terminated, the court should find that the title is now in Developer, who acquired the property from Church. Thus, answer (A) is correct.",,-0.5910595059394836,-4.591059684753418,-5.341059684753418,-0.8410595059394836,0.5537809606702655
mbe_920,EVIDENCE,1991-July,train,Mr. Denby was charged with the sale of narcotics. The federal prosecutor arranged with Mrs. Denby fo,C,D,False,1,1296,119,"D  
Reasoning: The gold passage states that a married person has a privilege not to be called as a witness by an adverse party without the prior express consent of the spouse. However, it does not provide an absolute prohibition against calling the spouse as a witness; rather, it indicates that the spouse can be called if the calling party does so in good faith without knowledge of the marital relationship. Since the prosecution has arranged for Mrs. Denby to testify and she has been granted immunity, she can be required to testify about her observations, making answer (D) the most clearly correct choice.",,-4.314458847045898,-3.0644588470458984,-6.064458847045898,-0.06445882469415665,0.9376200860149988
mbe_922,CONST. LAW,1991-July,train,The legislature of the state of Gray recently enacted a statute forbidding public utilities regulate,C,C,True,1,1638,107,"C  
Reasoning: The gold passage discusses the doctrine of ripeness, which aims to prevent premature adjudication of issues that would benefit from further factual development. The factors outlined in the passage suggest that the court should consider whether delayed review would cause hardship, whether judicial intervention would interfere with administrative action, and whether further factual development is needed. Since Economy Electric is uncertain about when it will need a rate increase and has not yet faced hardship from the statute, the action is likely not ripe for decision, making answer (C) correct.",,-100.0,-100.0,-19.625,-100.0,1.0
mbe_923,EVIDENCE,1991-July,train,"Daniel is on trial for evading $100,000 in taxes. The prosecution offers in evidence an anonymous le",B,B,True,1,1335,89,"B  
Reasoning: The gold passage outlines the criteria for a statement to be considered an admission by a party-opponent and thus admissible as an exception to the hearsay rule. The letter from Daniel acknowledges his intention to pay back taxes, which is relevant to the prosecution's case and inconsistent with his current position of evading taxes. Therefore, the letter meets the requirements for admissibility as an admission, making answer (B) correct.",,-100.0,-1.688212614681106e-05,-16.500017166137695,-100.0,0.9999999317439903
mbe_924,CONTRACTS,1991-July,train,"For this question only, assume the following facts. Having received Broker's message on October 17, ",A,A,True,1,1639,105,"A  
Reasoning: The gold passage discusses the implication of a reasonable time for performance when a contract does not specify a time. Broker's argument that he did not repudiate the contract on October 17 and may still perform by the contract deadline of December 31 aligns with the principle that performance is expected within a reasonable time. Since Broker's response does not constitute a formal repudiation and he still has time to fulfill his obligation, this makes answer (A) the best argument in support of the motion to dismiss.",,-0.0005205047782510519,-100.0,-8.875520706176758,-8.500520706176758,0.9996568078927951
mbe_925,CONTRACTS,1991-July,train,"For this question only, assume the following facts. After receiving Broker's message on October 17, ",C,C,True,1,1642,117,"C  
Reasoning: The gold passage discusses the nature of breach of contract actions, specifically distinguishing between money damages and specific performance. It implies that when a party has suffered a loss due to a breach, they may seek appropriate remedies. Choice (C) aligns with this principle, as it states that an aggrieved party may resort to any appropriate remedy for breach when there is a repudiation that substantially impairs the value of the contract. This supports Hoarda's argument against Broker's motion to dismiss, as it emphasizes the right to seek remedies in the face of a breach.",,-2.8404123783111572,-100.0,-0.0904124453663826,-100.0,0.939913346038965
mbe_926,REAL PROP.,1991-July,train,"Alice owned a commercial property, Eastgate, consisting of a one-story building rented to various re",B,B,True,1,1680,98,"B  
Reasoning: The gold passage defines waste as an unreasonable or improper use of real estate by someone in possession that results in substantial injury. Richard's argument that the proposed demolition of the building constitutes waste aligns with this definition, as it suggests that Acme's plans would lead to substantial injury to the property, which Richard, as the remainderman, has an interest in preserving for future use as a park. Therefore, option (B) is the best argument for Richard.",,-100.0,-1.4140441635390744e-05,-14.500014305114746,-100.0,0.9999994956526749
mbe_927,EVIDENCE,1991-July,train,"Doppler is charged with aggravated assault on Vezy, a game warden. Doppler testified that, when he w",C,C,True,1,1625,100,"C  
Reasoning: The gold passage states that evidence of a person's character or character trait is not admissible to prove that on a particular occasion the person acted in accordance with that character or trait. Willy's testimony about Doppler shooting a man without provocation is an attempt to show that Doppler acted in accordance with a violent character, which is prohibited under the rules outlined in the passage. Therefore, Willy's testimony is inadmissible as improper character evidence, making answer (C) correct.",,-9.925485610961914,-3.050485610961914,-0.05048568919301033,-6.300485610961914,0.9507791417875678
mbe_928,CRIM. LAW,1991-July,train,"Eddie worked as the cashier in a restaurant. One night after the restaurant had closed, Eddie discov",A,A,True,1,1459,93,"A  
Reasoning: The gold passage defines larceny as the taking away of property of another without consent and against the will of the owner or possessor, with the intent to convert the property to someone else's use. In this case, Eddie took the bag containing the cash from the safe without Rita's consent and against her will, intending to keep the cash for himself. Therefore, Eddie is guilty of larceny, making answer (A) correct.",,-0.7336803674697876,-0.7336803674697876,-3.233680248260498,-100.0,0.4802877865030328
mbe_929,CRIM. LAW,1991-July,train,"A grand jury returned an indictment charging Daniels with bank robbery, and when he could not make b",B,B,True,1,1376,98,"B  
Reasoning: The gold passage establishes that once adversary proceedings have commenced, an individual has a right to legal representation during government interrogation. Since Daniels had been indicted and was awaiting trial, he had the right to counsel. Innis's actions, as directed by the prosecutor, constituted an interrogation without Daniels having legal representation, thus violating his right to counsel. Therefore, the motion to exclude Innis's testimony should be granted based on this violation, making answer (B) correct.",,-4.759746551513672,-0.009746409952640533,-8.509746551513672,-7.009746551513672,0.9903274282800291
mbe_931,CONST. LAW,1991-July,train,Clerk is a clerical worker who has been employed for the past two years in a permanent position in t,B,B,True,1,1531,150,"B  
Reasoning: The gold passage outlines the two inquiries that guide the interpretation of constitutional protections for public employee speech. The first inquiry is whether the employee spoke as a citizen on a matter of public concern. Clerk's remark about the governor can be considered a matter of public concern, as it relates to a public figure and a significant event (the attempted assassination). Since Clerk's speech qualifies under the first inquiry, the next question is whether the government employer (the county recorder) had an adequate justification for dismissing him. The passage suggests that if the speech is on a matter of public concern, the employee may have a First Amendment claim, which implies that Clerk's right to express himself outweighs the state's interest in discharging him. Therefore,",,-100.0,-0.2020210325717926,-1.7020210027694702,-100.0,0.817574471748733
mbe_934,REAL PROP.,1991-July,train,"Oren owned Purpleacre, a tract of land, in fee simple. By will duly admitted to probate after his de",D,C,False,1,1458,91,"C  
Reasoning: The gold passage defines a contingent remainder as one that is subject to a condition precedent or given to an uncertain person. Since Cam's remainder is contingent upon the survival of his children (Cynthia and Camelia), and he has died, his remainder must descend by intestacy, making it non-devisable. Therefore, Cynthia and Camelia, as Cam's heirs, would inherit the remainder, making answer (C) correct.",,-4.834648609161377,-100.0,-0.5846484899520874,-0.8346484899520874,0.5577042614061916
mbe_935,TORTS,1991-July,train,Allen and Bradley were law school classmates who had competed for the position of editor of the law ,B,A,False,1,1576,80,"A  
Reasoning: The gold passage outlines the essential elements of a defamation claim, which include the publication of a false statement to a third party that is defamatory concerning the plaintiff. Since Allen's statement about Bradley's note was false, this satisfies the first two elements of the defamation claim. Therefore, Bradley will recover because Allen's statement was indeed false, making answer (A) correct.",,-0.47533273696899414,-1.2253327369689941,-2.475332736968994,-100.0,0.6220058829452726
mbe_936,CONTRACTS,1991-July,train,"In an action for breach of contract by Prism against Starr, Prism's probable recovery is",C,A,False,1,1323,83,"A  
Reasoning: The gold passage establishes that a contract executed by a minor is enforceable by the minor but may be avoided by the minor if not affirmed after reaching adulthood. Since Starr was a minor at the time of the original transaction and has not affirmed the contract after reaching majority, she has the privilege of avoiding the contract. Therefore, Prism's probable recovery is nothing, making answer (A) correct.",,-0.0005642342148348689,-7.500564098358154,-100.0,-100.0,0.9994472212880192
mbe_937,CONTRACTS,1991-July,train,"For this question only, assume that Starr bought the telescope from Prism after reaching her majorit",D,A,False,1,1357,104,"A  
Reasoning: The gold passage states that an agreement must be definite enough for a court to determine the legal obligations and liabilities of the parties for it to be enforceable. The phrase ""as soon as I am able"" introduces an element of indefiniteness regarding when Starr is required to pay, but it does not make the promise illusory or require proof of ability or inability to pay. Therefore, the quoted language has no effect on the enforceability of the promise, making answer (A) correct.",,-0.06388328224420547,-6.313883304595947,-2.8138833045959473,-10.063882827758789,0.9381710440007595
mbe_939,EVIDENCE,1991-July,train,Prine sued Dover for an assault that occurred March 5 in California. To support his defense that he ,A,A,True,1,1373,103,"A  
Reasoning: The gold passage explains that statements can be admitted under the ""state of mind"" exception to the hearsay rule if the declarant's state of mind is at issue in the trial. In this case, Dover's letter expressing his intention to be in Utah on March 5 is relevant to his state of mind regarding his whereabouts at the time of the assault. Therefore, the letter is admissible for the limited purpose of showing Dover's state of mind, making answer (A) correct.",,-0.05171435326337814,-100.0,-6.0517144203186035,-3.0517144203186035,0.950330214862567
mbe_940,CONST. LAW,1991-July,train,"Maple City has an ordinance that prohibits the location of ""adult theaters and bookstores"" (theaters",B,B,True,1,1823,103,"B  
Reasoning: The gold passage indicates that the government may enforce regulations on expressive activities, including time, place, and manner regulations, as long as they serve a significant governmental interest and do not unreasonably limit alternative avenues of communication. The Maple City ordinance, which restricts adult theaters and bookstores to industrial zones to mitigate adverse secondary effects, aligns with this principle. Therefore, the ordinance is valid under the criteria outlined in the passage, making answer (B) the most accurate statement regarding its constitutionality.",,-100.0,-1.7432603272027336e-06,-100.0,-100.0,1.0
mbe_941,CRIM. LAW,1991-July,train,"Kingsley was prosecuted for selling cocaine to an undercover police agent. At his trial, he testifie",D,D,True,1,1619,104,"D  
Reasoning: The gold passage emphasizes that appellate courts are only concerned with legal errors and that to overturn a conviction, the appellant must show that any identified legal error was prejudicial. The passage does not indicate that admitting prior convictions as substantive evidence or imposing a burden of persuasion on the defense constitutes a legal error that would be prejudicial to Kingsley. Therefore, since neither of the reasons provided in options A or B is supported by the passage, the conviction should be affirmed, making answer (D) correct.",,-4.513406753540039,-1.763406753540039,-3.013406753540039,-0.26340675354003906,0.7684491646513987
mbe_942,TORTS,1991-July,train,Assume for this question only that a state statute provides for a system of pure comparative neglige,A,A,True,1,1463,150,"A  
Reasoning: The gold passage indicates that under the ""pure"" form of comparative fault, a plaintiff's negligence does not relieve the defendant from liability but merely reduces the amount of damages recoverable. Since Pat's total damages are $100,000 and her negligence is apportioned at 30%, she can recover 70% of her damages, which amounts to $70,000. Because of joint and several liability, Donald is liable for the full amount of Pat's recoverable damages, which is $70,000. After paying Pat, Donald can seek contribution from Drew based on their respective fault percentages. Since Drew is 40% at fault, Donald can collect $40,000 from Drew. Thus, the correct answer is (",,-0.24317175149917603,-3.2431716918945312,-1.7431716918945312,-100.0,0.7855970245498071
mbe_943,TORTS,1991-July,train,Assume for this question only that the state has retained the common-law rule pertaining to contribu,C,C,True,1,1407,132,"C  
Reasoning: The gold passage explains that California follows a system of pure comparative negligence, which assigns responsibility and liability for damages in direct proportion to the amount of negligence of each party. Since the jury apportioned 30% of the negligence to Donald, Pat can recover 70% of her damages from him, which amounts to $30,000. However, because the state has abolished joint and several liability, Donald cannot seek contribution from Drew for the remaining amount of Pat's damages. Therefore, Donald is liable only for his share of the damages, and he will not be entitled to collect anything from Drew. This makes answer (C) correct.",,-6.040603160858154,-3.5406033992767334,-0.040603332221508026,-4.790603160858154,0.9603123728505408
mbe_946,CONST. LAW,1991-July,train,A statute of the state of Orrington provides that assessments of real property for tax purposes must,A,A,True,1,1497,109,"A  
Reasoning: The gold passage establishes that the Equal Protection Clause of the Fourteenth Amendment requires that all persons similarly situated be treated alike. Owner's claim that her property is assessed at a much higher value than similar properties, resulting in disproportionately higher taxes, supports an argument that she is not being treated equally compared to other property owners in similar situations. Therefore, the strongest constitutional argument to support Owner's claim is that the comparative overvaluation of her property deprives her of the equal protection of the laws, making answer (A) correct.",,-4.246537173457909e-06,-100.0,-100.0,-100.0,1.0
mbe_947,EVIDENCE,1991-July,train,Plaza Hotel sued Plaza House Hotel for infringement of its trade name. To establish a likelihood of ,B,B,True,1,1263,100,"B  
Reasoning: The gold passage defines hearsay as an out-of-court statement offered for the truth of its content, which is generally inadmissible unless it fits into a recognized exception. The memoranda prepared by Plaza Hotel's employees would be considered hearsay, as they are statements made by third parties (the employees) about instances of confusion. Since the passage does not indicate that these memoranda fit any hearsay exception, they should be excluded, making answer (B) correct.",,-100.0,-6.392202976712724e-06,-100.0,-100.0,1.0
mbe_948,nan,1992,train,Jackson and Brannick planned to break into a federal government office to steal food stamps. Jackson,C,B,False,1,1620,78,"B  
Reasoning: The gold passage explains that an accomplice is someone who actively participates in the commission of a crime and can be held liable for the crime committed by the principal. Crowley knowingly purchased stolen food stamps, which indicates he willingly aided the criminal act. Therefore, he can be charged as a principal in the conspiracy to steal food stamps, making answer (B) correct.",,-3.3496665954589844,-0.3496665358543396,-1.3496665954589844,-100.0,0.7053845250851116
mbe_949,nan,1992,train,"Defendant, a worker in a metalworking shop, had long been teasing Vincent, a young colleague, by cal",D,D,True,1,1346,103,"D  
Reasoning: The gold passage defines voluntary manslaughter as an unlawful killing done without malice, in the heat of passion, or in unreasonable belief in the necessity of self-defense. However, the scenario presented does not fit the definition of voluntary manslaughter, as it does not indicate that the killing was done in the heat of passion or under an unreasonable belief of self-defense. Therefore, none of the options (A, B, or C) apply, making (D) the correct answer.",,-6.726987361907959,-2.351987361907959,-100.0,-0.10198736190795898,0.9035660095530358
mbe_950,nan,1992,train,"Opus, the owner of Stoneacre, entered into a written agreement with Miner. Under this written agreem",B,B,True,1,1576,87,"B  
Reasoning: The gold passage explains that a profit a prendre is an incorporeal interest in land that allows the holder to enter upon another's land and remove something of value from the soil. This indicates that Miner has a property right in the form of a profit a prendre, which is protected by the due process clause. Therefore, Miner is entitled to compensation in the condemnation action, making answer (B) correct.",,-100.0,-0.0004324573092162609,-7.75043249130249,-100.0,0.9995694429333052
mbe_951,nan,1992,train,Dan was an alcoholic who frequently experienced auditory hallucinations that commanded him to engage,D,D,True,1,3417,100,"D  
Reasoning: The gold passage explains that the insanity defense allows a defendant to assert a lack of culpability based on mental illness, which is classified as an excuse defense. Dan's auditory hallucinations and the command to strangle the woman suggest that he may not have been able to recognize the wrongfulness of his actions or control his behavior due to a mental defect. This aligns with the principles of the insanity defense, making option (D) the best choice for Dan's acquittal.",,-100.0,-100.0,-100.0,-1.9361264946837764e-07,1.0
mbe_952,nan,1992,train,"For this question only, assume the following facts. The passbook was issued solely in Prodigal's nam",D,C,False,1,1403,88,"C  
Reasoning: The gold passage discusses the intent to benefit a third party and the reliance on a promise to confer a right. However, it does not support the idea that Prodigal had any rights to the funds without possession of the passbook or without being informed of the account. Since Prodigal never obtained possession of the passbook, he lacks the necessary rights to claim the funds, making answer (C) correct.",,-8.318671226501465,-8.193671226501465,-0.6936709880828857,-0.6936709880828857,0.4997398405949434
mbe_953,nan,1992,train,"For this question only, assume the following facts. The passbook was issued by Vault to Mater solely",C,B,False,1,1670,91,"B  
Reasoning: The gold passage states that donative assignments are generally revocable, and one way to revoke such an assignment is for the assignor to notify the assignee of the revocation. In this case, Mater explicitly revoked her gift to Prodigal by writing to him and asking for the passbook to be returned. Therefore, the estate prevails because Mater's gift was revocable and was effectively terminated by her express revocation.",,-6.50157356262207,-0.001573544810526073,-10.25157356262207,-100.0,0.9984635675906501
mbe_954,nan,1992,train,"In a civil suit by Pine against Decker, Decker called Wall, a chemist, as an expert witness and aske",A,A,True,1,1284,83,"A  
Reasoning: The gold passage indicates that character evidence may be admitted to prove that a person acted in conformity with their character on a particular occasion. In this case, Wall's failure in two chemistry courses is relevant to the weight of his testimony as an expert, as it may affect the credibility of his qualifications. Therefore, the answer (A) is supported by the passage, making it the correct choice.",,-0.3048422932624817,-1.804842233657837,-3.304842233657837,-2.804842233657837,0.7380061555282502
mbe_955,nan,1992,train,Congress enacts a law providing that all disagreements between the United States and a state over fe,D,D,True,1,1255,86,"D  
Reasoning: The gold passage states that federal courts cannot issue advisory opinions due to the Constitution's case-or-controversy requirement. Since the law in question involves a federal court determining the fairness and lawfulness of a judgment regarding federal grant-in-aid funds, it could be interpreted as allowing the court to render an advisory opinion. Therefore, this law is unconstitutional for that reason, making answer (D) correct.",,-100.0,-11.904779434204102,-3.5297791957855225,-0.029779309406876564,0.9706812059355511
mbe_957,nan,1992,train,"In a contract suit by Perez against Drake, each of the following is an accepted method of authentica",A,C,False,1,1300,85,"C  
Reasoning: The gold passage discusses the admissibility of expert testimony regarding the authenticity of signatures and does not mention the method of authentication involving a document that has been in existence for at least 20 years and has no suspicious circumstances. While the passage supports the use of expert opinions and comparisons by the jury, it does not provide support for the method described in option (C), making it the exception among the choices.",,-2.8643147945404053,-3.3643147945404053,-0.1143147200345993,-4.114314556121826,0.8920465725709583
mbe_958,nan,1992,train,"For a valuable consideration, Amato, the owner of Riveracre, signed and gave to Barton a duly execut",B,C,False,1,1420,114,"C  
Reasoning: The gold passage discusses factors that bear on the reasonableness of a restraint on alienation. It implies that a restraint on the owner's power to make a testamentary disposition could be unreasonable. Since Barton's right to purchase Riveracre is contingent upon Amato's decision to sell or her death, it effectively restrains Amato's ability to freely dispose of her property, which aligns with the concerns raised in the passage. Therefore, answer (C) is correct as it reflects the potential unreasonableness of the restraint imposed by the instrument.",,-100.0,-8.100531578063965,-0.10053186118602753,-2.350531816482544,0.9043760743315855
mbe_960,nan,1992,train,"If Dunbar is prosecuted for murder on the basis of felony murder and the jury believes her claim, sh",D,A,False,1,1341,87,"A  
Reasoning: The gold passage indicates that under the felony-murder rule, the key requirement is that the felony and the murder must be part of one continuous transaction. Since Dunbar was committing a felony (theft) when Balcom shot Stone, the jury could find that the murder was a direct result of the felony, making Dunbar guilty under the felony-murder rule. Therefore, answer (A) is correct.",,-0.039623819291591644,-3.289623737335205,-6.539623737335205,-100.0,0.9612818267189539
mbe_961,nan,1992,train,If Dunbar is prosecuted for murder on the basis of being an accessory to Balcom in committing a murd,C,C,True,1,1355,80,"C  
Reasoning: The gold passage states that accessorial liability requires the defendant to intentionally aid another in the conduct constituting the offense with the necessary mental culpability. If Dunbar had no idea that Balcom was armed and did not plan to use force, she did not intentionally aid in the murder, which means she should be found not guilty. Therefore, answer (C) is correct.",,-100.0,-7.000911712646484,-0.0009117019944824278,-100.0,0.9990889488152951
mbe_963,nan,1992,train,Acorp and Beeco are companies that each manufacture pesticide X. Their plants are located along the ,D,D,True,1,1387,86,"D  
Reasoning: The gold passage establishes the rule of joint and several liability, which applies when two or more tortfeasors' actions combine to cause a plaintiff's injuries. Since both Acorp and Beeco negligently discharged pesticide into the river, their combined actions caused harm to Landesmann's cattle. Therefore, Landesmann can recover the entire amount of his damages from either company, making answer (D) correct.",,-100.0,-100.0,-100.0,-1.9361264946837764e-07,1.0
mbe_964,nan,1992,train,"Paulsen sued Daly for nonpayment of a personal loan to Daly, as evidenced by Daly's promissory note ",B,B,True,1,1291,79,"B  
Reasoning: The gold passage states that impeachment evidence is admissible if it is relevant to undermining the credibility of the witness being impeached. Wilson's testimony regarding the duration of Walters' employment directly challenges Walters' credibility by suggesting he may have misrepresented his work history. Therefore, Wilson's testimony is admissible as impeachment on a collateral question, making answer (B) correct.",,-100.0,-0.10021734237670898,-100.0,-2.350217342376709,0.9046505351008906
mbe_966,nan,1992,train,"If Roth asserts a claim against Bike Shop based on strict liability in tort, will Roth prevail?",A,A,True,1,1343,89,"A  
Reasoning: The gold passage establishes that a manufacturer can be held strictly liable for a defective product if the plaintiff's injury results from a reasonably foreseeable use of that product. If the brake failed due to a defect present when the bicycle left the factory, Roth's injury would likely be considered a result of that defect, making answer (A) correct. The other options do not align with the strict liability principle as outlined in the passage.",,-0.0007304243044927716,-11.125730514526367,-7.250730514526367,-100.0,0.9992756115962947
mbe_967,nan,1992,train,If Perez asserts a claim based on negligence against Cycle Company and if it is found that the brake,B,A,False,1,1423,90,"A  
Reasoning: The gold passage outlines the requirements for proving a manufacturing defect claim under Florida law, which includes that the product was defective, the defect existed at the time it left the manufacturer's control, and the defect proximately caused the plaintiff's injuries. Since it is stated that the brake failure resulted from a manufacturing defect in the bicycle, and Cycle Company placed the defective bicycle into the stream of commerce, Perez will prevail under option (A).",,-0.00017529279284644872,-11.250175476074219,-9.000175476074219,-100.0,0.9998636015303426
mbe_969,nan,1992,train,"For this question only, assume that on November 1, Toy Store sues Fido for damages and alleges the a",D,D,True,1,1539,88,"D  
Reasoning: The gold passage states that to properly plead breach of contract, the complaint must identify the specific provision of the contract allegedly breached by a defendant. Toy Store's complaint alleges that Fido failed to deliver the mechanical dogs by the agreed date of November 15, which constitutes a breach of the contract. Therefore, the court should deny Fido's motion to dismiss because Toy Store has sufficiently alleged an actionable breach of contract.",,-11.000092506408691,-9.500092506408691,-100.0,-9.29340603761375e-05,0.9999084548114578
mbe_970,nan,1992,train,"For this question only, assume that by November 16, Fido, without legal excuse, has delivered no dog",A,A,True,1,1769,93,"A  
Reasoning: The gold passage explains that an assignment can be for the purpose of collection, which does not transfer beneficial ownership to the assignee but allows the assignee to collect on the claim. Since the assignment from Fido to High Finance was for security purposes, it does not constitute a complete transfer of the claim against Toy Store. Therefore, Toy Store cannot recover anything from High Finance based on Fido's default, making answer (A) correct.",,-0.00015050210640765727,-11.000150680541992,-100.0,-100.0,0.999983298581132
mbe_971,nan,1992,train,A 10-lot subdivision was approved by the proper governmental authority. The authority's action was p,D,C,False,1,1398,82,"C  
Reasoning: The gold passage defines marketable title as one that a reasonable buyer would accept, free from reasonable doubt as to its validity. Since the undesignated parcel has never been approved by the proper governmental authority, it creates a defect in the title that would likely lead to reasonable doubt regarding its validity. Therefore, title to the parcel is not marketable, making answer (C) correct.",,-9.451051712036133,-10.451051712036133,-0.5760514140129089,-0.8260514140129089,0.5621160527597381
mbe_972,nan,1992,train,"A state statute requires the permanent removal from parental custody of any child who has suffered """,A,C,False,1,1353,101,"C  
Reasoning: The gold passage states that the party challenging the constitutionality of a statute bears the burden of proving that the statute and its application are unconstitutional beyond a reasonable doubt. In this case, Zeller is the one challenging the application of the statute to his conduct, which means he has the burden of persuasion. Therefore, answer (C) is correct, as it reflects that Zeller must prove that the application of the statute to him is not necessary to vindicate an important state interest.",,-1.0209527015686035,-1.7709527015686035,-0.7709527015686035,-5.6459527015686035,0.4641846026114932
mbe_974,nan,1992,train,"In March, when Ohm was 17, Stereo delivered to Ohm a television set. At that time Ohm agreed in writ",C,A,False,1,1258,97,"A  
Reasoning: The gold passage states that damages recoverable for breach of contract are only those caused by the breach. Since Ohm's letter indicated he would only pay $300, and the reasonable value of the television set was $250, Stereo cannot recover the original sale price of $400 or the amount promised in the letter, as those amounts do not reflect the damages caused by the breach. Therefore, Stereo is entitled to recover nothing, making answer (A) correct.",,-0.3144686818122864,-1.3144686222076416,-6.814468860626221,-100.0,0.7302559412146591
mbe_975,nan,1992,train,"Dray was prosecuted for bank robbery. At trial, the bank teller, Wall, was unable to identify Dray, ",C,C,True,1,1314,108,"C  
Reasoning: The gold passage states that a statement made by a witness identifying a party as a participant in a crime is admissible if it meets certain criteria. Wall's testimony about identifying Dray in the photograph satisfies these criteria: it is an identification of a party, it was made when the crime was fresh in her memory, and she testified that her prior identification was a true reflection of her opinion at that time. Therefore, Wall's testimony is admissible as prior identification by the witness, making answer (C) correct.",,-100.0,-100.0,-21.375,-100.0,1.0
mbe_976,nan,1992,train,Which of the following is LEAST likely to be the underlying felony in a prosecution for felony murde,B,B,True,1,1371,86,"B  
Reasoning: The gold passage defines manslaughter as a killing that occurs without malice aforethought, which is necessary to constitute murder. Since manslaughter itself does not involve malice, it is not typically classified as an underlying felony for felony murder, which requires a felony that involves malice or intent. Therefore, option (B) is least likely to be the underlying felony in a prosecution for felony murder.",,-100.0,-0.00035906085395254195,-8.250359535217285,-100.0,0.9997388098047709
mbe_977,nan,1992,train,"If Morris asserts a claim based on strict liability tort against Trailco, she will",B,B,True,1,1538,78,"B  
Reasoning: The gold passage establishes that manufacturers and sellers are strictly liable for injuries caused by unreasonably dangerous products, regardless of the knowledge of third parties about the product's dangerous propensity. Since Dixon's knowledge of the trailer's dangerous design does not relieve Trailco of liability, Morris can recover against Trailco based on strict liability. Therefore, answer (B) is correct.",,-100.0,-19.75,-100.0,-100.0,1.0
mbe_978,nan,1992,train,"If Morris asserts a claim for her injuries against Dixon, she will",A,C,False,1,1370,110,"C  
Reasoning: The gold passage indicates that a driver may be held liable for damages if they knew or should have known about a defective condition and failed to maintain their vehicle in a safe condition, which constitutes negligence. Therefore, for Morris to prevail against Dixon, she must demonstrate that Dixon was driving in a negligent manner at the time of the accident. The passage does not support strict liability or the idea that the mere existence of a defect in the trailer automatically results in liability without establishing negligence. Thus, answer (C) is the correct choice.",,-2.5790183544158936,-9.079018592834473,-0.07901834696531296,-100.0,0.9240364358707576
mbe_979,nan,1992,train,"Fernwood Realty Company developed a residential development, known as the Fernwood Development, whic",A,A,True,1,1481,115,"A  
Reasoning: The gold passage states that a covenant touches and concerns the land if it affects the nature, quality, or value of what is conveyed. If the covenant in question does not meet this criterion, it may not be enforceable. Since Page is purchasing power from General Power and not adhering to the covenant, it suggests that the covenant may not be affecting the land in a way that is enforceable against her. Therefore, if judgment is for Page, it is likely because the covenant does not touch and concern the land, making answer (A) correct.",,-0.003302239580079913,-9.753302574157715,-10.003302574157715,-5.753302097320557,0.9967242897344522
mbe_980,nan,1992,train,Congress passes an Energy Conservation Act. The act requires all users of energy in this country to ,A,A,True,1,1351,99,"A  
Reasoning: The gold passage indicates that Congress has the ability to delegate power under broad general directives, as long as there is an intelligible principle guiding that delegation. Since the Energy Conservation Act sets forth specific standards for the President to follow in determining the percentage reduction, it provides sufficient guidance for the delegation of authority. Therefore, the provision allowing the President to set the exact percentage is likely constitutional as it creates a limited administrative power to implement the statute, making answer (A) correct.",,-0.0019624168053269386,-100.0,-6.251962184906006,-100.0,0.9980732648907249
mbe_981,nan,1992,train,"Ortega owned Blackacre in fee simple and by his will specifically devised Blackacre as follows: ""To ",C,A,False,1,1461,120,"A  
Reasoning: The gold passage states that the doctrine of after-acquired title does not apply to a void conveyance. Since Luis quitclaimed his interest in Blackacre to Jos& and then Eugenia died survived by Jos& but no children, the conveyance from Luis to Jos& is relevant. If the quitclaim deed did not effectively transfer any title that Luis had (due to the conditions of Ortega's will), then Luis retains his original interest, and thus his after-acquired title would not be applicable. Therefore, judgment should be for Luis, making answer (A) correct.",,-0.6049219369888306,-0.8549219369888306,-3.604921817779541,-100.0,0.5468700866448327
mbe_982,nan,1992,train,"Duncan was charged with aggravated assault. At trial Duncan did not testify; however, he sought to o",D,C,False,1,1217,75,"C  
Reasoning: The gold passage states that opinion testimony is generally not a proper method of admitting evidence regarding character traits. This implies that character evidence, including opinion evidence of good character for truth and veracity, is not admissible to prove conduct in conformity therewith. Therefore, the correct answer is (C), as it aligns with the principle outlined in the passage.",,-100.0,-100.0,-4.320199877838604e-07,-15.25,0.9999997617629871
mbe_983,nan,1992,train,Alford was a suspect in a homicide committed during a robbery of a liquor store. Barber was a friend,C,C,True,1,1534,109,"C  
Reasoning: The gold passage indicates that a waiver of Miranda rights does not need to be explicit, but the State must show that the relinquishment of rights was voluntary and that the defendant was aware of the rights being waived and the consequences. Since Barber's statement was made after he was given Miranda warnings, it suggests that his statement was freely and voluntarily given, and he was not entitled to Miranda warnings prior to the discussion. Therefore, his motion to prevent the introduction of his statement should be denied, making answer (C) correct.",,-8.25048542022705,-100.0,-0.0004854882718063891,-8.75048542022705,0.9995804561799176
mbe_984,nan,1992,train,The federal government has complete jurisdiction over certain parkland located within the state of P,A,A,True,1,1400,97,"A  
Reasoning: The gold passage discusses the Necessary and Proper Clause, which allows Congress to take means that are rationally related to implementing its constitutionally enumerated powers. The federal law forbidding hunting of animals that have left federal property can be seen as a necessary and proper means of protecting U.S. property, as it aims to conserve wildlife that is part of the federal park. Therefore, answer (A) is the strongest ground supporting the constitutionality of the federal law.",,-0.000431861262768507,-15.500432014465332,-100.0,-100.0,0.9999998144609266
mbe_985,nan,1992,train,"If Poe asserts a claim based on defamation against Kane, will Poe prevail?",D,C,False,1,1414,103,"C  
Reasoning: The gold passage defines defamation as the publication or communication of a false statement of fact that injures someone by adversely affecting their reputation. For Poe to prevail in a defamation claim against Kane, it must be shown that Kane's statement was false and that Kane knew it was false or acted with reckless disregard for the truth. The passage does not provide information about whether Kane knew that Poe owed no money to Store, making answer (C) the most appropriate choice based on the information provided.",,-6.5803632736206055,-9.455363273620605,-0.08036316931247711,-2.5803632736206055,0.9227873830687262
mbe_986,nan,1992,train,"If Poe asserts a claim based on intentional infliction of emotional distress against Kane, will Poe ",A,C,False,1,1508,107,"C  
Reasoning: The gold passage outlines the requirements for a prima facie case of intentional infliction of emotional distress (IIED), which includes showing that the conduct is extreme and outrageous, intentional or reckless, causes emotional distress, and that the distress is severe. However, the passage does not indicate that physical harm is necessary for a claim of IIED. Therefore, while Poe may have experienced emotional distress, the passage does not support the assertion that he will prevail unless he suffered physical harm, making answer (C) correct.",,-3.5352072715759277,-5.285207271575928,-0.0352073609828949,-7.910207271575928,0.9654140102748411
mbe_987,nan,1992,train,"If Kane asserts a claim of battery against Poe, will Kane prevail?",B,B,True,1,1608,115,"B  
Reasoning: The gold passage defines battery as the unlawful touching or striking of another, which can occur through any forcible contact. For Kane to prevail in his claim of battery against Poe, it must be shown that Poe intended to bring about harmful or offensive contact. If Poe knew that slamming the door would likely strike the bullhorn and cause injury to Kane, this knowledge indicates that he acted with the intent necessary for battery. Therefore, answer (B) is correct, as it aligns with the requirement of intent in the definition of battery provided in the passage.",,-11.001969337463379,-0.126969575881958,-2.126969575881958,-100.0,0.8807823957451533
mbe_988,nan,1992,train,A contract would arise from these communications only if,D,D,True,1,1465,96,"D  
Reasoning: The gold passage states that an offer lapses if not accepted within a ""reasonable time,"" but does not specify a fixed time frame. Therefore, for a contract to arise from the communications between Eureka and Gourmet, it is necessary that Gourmet's acceptance (the check and memo) be mailed within a reasonable time after receiving Eureka's offer. This makes answer (D) correct, as it aligns with the principle of reasonable time for acceptance mentioned in the passage.",,-100.0,-100.0,-100.0,-5.512236498361744e-07,1.0
mbe_989,nan,1992,train,"For this question only, assume the following facts: Eureka shipped 24 LBVCs to Gourmet after receivi",C,C,True,1,1728,107,"C  
Reasoning: The gold passage emphasizes that the formation of a valid contract requires a meeting of the minds, which is evidenced by an offer and acceptance of definite terms. Eureka's written reply quoted a price but did not include any restrictions on resale, which means that Gourmet's acceptance was based on the terms presented in that reply. If the invoice sent later included a restriction that was not part of the original offer, it could be argued that the original offer was not accepted as it was presented, making answer (C) correct.",,-6.504131317138672,-2.129131317138672,-0.1291312724351883,-100.0,0.8794773887866458
mbe_990,nan,1992,train,Downs was indicted in state court for bribing a public official. During the course of the investigat,D,D,True,1,1312,80,"D  
Reasoning: The gold passage indicates that the Fourth Amendment protects individuals from warrantless searches and seizures in places where they have a reasonable expectation of privacy. Since the records in question are business records of the bank, Downs likely does not have a legitimate expectation of privacy in those records. Therefore, his motion to prevent the introduction of the records should be denied, making answer (D) correct.",,-16.375001907348633,-100.0,-13.75000286102295,-2.696889623621246e-06,0.9999988549531962
mbe_996,CONTRACTS,1998,train,"On July 15, in a writing signed by both parties, Fixtures, Inc., agreed to deliver to Druggist on Au",B,B,True,1,1546,118,"B  
Reasoning: The gold passage defines ""waiver"" as the voluntary and intentional relinquishment of a known right, and it states that conduct may constitute a waiver of a contract term if there is clear evidence. The oral agreement on August 1 to postpone the delivery date implies that Druggist accepted the change in terms, which can be interpreted as a waiver of the original August 15 delivery date. Therefore, Fixtures can succeed in an action against Druggist for breach of contract based on the waiver established by the August 1 agreement, making answer (B) correct.",,-6.252841949462891,-0.0028419606387615204,-8.50284194946289,-100.0,0.9978706213998809
mbe_997,CRIM. LAW,1998,train,"Beth wanted to make some money, so she decided to sell cocaine. She asked Albert, who was reputed to",D,B,False,1,1494,144,"B  
Reasoning: The gold passage indicates that it is not a defense that the crime was factually or legally impossible to commit if the person believed the circumstances to be true. However, it also states that there can be no attempt to commit a crime if the result intended is not the one that is criminalized, even if the defendant had the intention to cause a result. In this case, since the white powder was not cocaine, Albert cannot be guilty of attempting to sell cocaine because he did not intend to sell cocaine, and Beth cannot be guilty either because she was selling a substance that was not cocaine. Therefore, neither Albert nor Beth is guilty of attempting to sell cocaine, making answer (B) correct.",,-5.256515979766846,-0.006516179069876671,-6.756515979766846,-9.506516456604004,0.9935486391973889
mbe_998,TORTS,1998,train,"Neighbor, who lived next door to Homeowner, went into Homeowner's garage without permission and borr",B,C,False,1,1416,116,"C  
Reasoning: The gold passage outlines the requirements for proving conversion, which include the defendant wrongfully assuming control of the property. In this case, Neighbor borrowed the saw without permission, which constitutes wrongful control. However, when Neighbor was using the saw to cut Homeowner's branches, he was acting with the intent to benefit Homeowner, which may negate the wrongful nature of his actions at that moment. Therefore, Homeowner is unlikely to recover for conversion since Neighbor was not intending to keep the saw and was attempting to help Homeowner, making answer (C) correct.",,-2.93902587890625,-2.18902587890625,-0.1890258491039276,-4.93902587890625,0.8278729363259486
mbe_999,TORTS,1998,train,Homeowner hired Arsonist to set fire to Homeowner's house so that Homeowner could collect the insura,A,C,False,1,1376,120,"C  
Reasoning: The gold passage outlines the requirements for establishing a manufacturing defect, which include that the product must have been defectively manufactured and that the defect was the proximate cause of the plaintiff's damages. However, it does not address the context in which the product was used. Given that Arsonist was using the lighter to commit a felony (arson), it is reasonable to conclude that the lighter was not being used for an intended or reasonably foreseeable purpose. Therefore, Arsonist is unlikely to prevail based on the information provided in the passage, making answer (C) correct.",,-12.250029563903809,-100.0,-2.9875325708417222e-05,-11.500029563903809,0.9999850850068247
mbe_1000,REAL PROP.,1998,train,"Susan owned Goldacre, a tract of land, in fee simple. By warranty deed, she conveyed Goldacre in fee",C,B,False,1,1627,100,"B  
Reasoning: The gold passage indicates that even if a deed is defectively executed or acknowledged, it can still transfer equitable title and that the recordation of such a deed provides notice of the equitable interest to subsequent parties. Since the written agreement between Susan and Ted, which established the trust for Benton, was not recorded but was intended to create an equitable interest, Benton retains an equitable claim against the property. Therefore, Benton can assert his rights against Patricia, making answer (B) correct.",,-1.511130928993225,-0.2611309587955475,-4.7611308097839355,-100.0,0.7706453162193581
mbe_1001,EVIDENCE,1998,train,"In a federal investigation of Defendant for tax fraud, the grand jury seeks to obtain a letter writt",C,C,True,1,1288,88,"C  
Reasoning: The gold passage discusses the necessity of producing documentary evidence when it is relevant to the case. Since the letter contains a statement that indicates an intention to commit a crime (back-dating a deed to evade tax law), it falls under the exception where attorney-client privilege does not protect communications made in furtherance of a crime or fraud. Therefore, production of the letter should be required, making answer (C) correct.",,-5.256810188293457,-7.881810188293457,-0.006810106802731752,-100.0,0.9944038462786833
mbe_1002,CRIM. LAW,1998,train,"After being fired from his job, Mel drank almost a quart of vodka and decided to ride the bus home. ",B,B,True,1,1379,73,"B  
Reasoning: The gold passage indicates that robbery requires the intent to permanently deprive the owner of their property. Mel's mistaken belief that the briefcase was his own suggests he lacked the specific intent to steal someone else's property, which is a necessary element of robbery. Therefore, his mistake negates the required specific intent, making answer (B) correct.",,-100.0,-0.0027679058257490396,-6.002768039703369,-8.252767562866211,0.9972674766509256
mbe_1003,CONST. LAW,1998,train,A generally applicable state statute requires an autopsy by the county coroner in all cases of death,B,B,True,1,1666,89,"B  
Reasoning: The gold passage indicates that a neutral law of general application, such as the state's autopsy statute, does not need to be supported by a compelling government interest and only needs to survive rational basis review. Since the statute is generally applicable and serves a legitimate state purpose of discovering and prosecuting illegal activity resulting in death, it is constitutional under the standards set forth in the passage. Therefore, answer (B) is correct.",,-100.0,-19.125001907348633,-100.0,-100.0,1.0
mbe_1004,CONTRACTS,1998,train,"By the terms of a written contract signed by both parties on January 15, M.B. Ram, Inc., agreed to s",C,B,False,1,1397,89,"B  
Reasoning: The gold passage defines repudiation and indicates that a repudiation gives the obligee a claim for damages for total breach. However, it does not address the requirement for notice of resale. Since Ram sold the computer without notifying Materboard, it is likely that Ram cannot recover damages for the breach. Therefore, answer (B) is correct, as it highlights the failure to give proper notice of the intention to resell.",,-2.8391149044036865,-0.08911482989788055,-4.339114665985107,-4.339114665985107,0.9153683982701826
mbe_1005,REAL PROP.,1998,train,"Anna owned Blackacre, which was improved with a dwelling. Beth owned Whiteacre, an adjoining unimpro",D,D,True,1,1512,108,"D  
Reasoning: The gold passage indicates that a bona fide purchaser of land who has no actual or constructive knowledge of an easement takes title free of the burden of that easement. Since Anna's use of the easement was clearly visible, this would put Bank on notice of the easement, making it unlikely that Bank could claim ignorance of it. Therefore, if Anna's easement is not terminated, it will be because Bank had notice of the easement due to Anna's visible use, making answer (D) correct.",,-4.758630275726318,-100.0,-12.50862979888916,-0.008630049414932728,0.991418853526694
mbe_1006,REAL PROP.,1998,train,"A little more than five years ago, Len completed construction of a single-family home located on Hom",D,A,False,1,1542,120,"A  
Reasoning: The gold passage discusses the implications of an ""as is"" provision in a purchase agreement and emphasizes that such a provision does not constitute a knowing waiver of the implied warranty of habitability unless specific burdens are met by the builder-developer. However, the passage does not provide any information regarding the removal of items installed by a tenant or the rights of a tenant to remove such items upon lease termination. Therefore, based on the information provided, the court should decide that Tina may remove none of the items, as the passage does not support any claim for her right to remove them.",,-0.00736430287361145,-100.0,-6.632364273071289,-5.257364273071289,0.9934686400869778
mbe_1007,CONST. LAW,1998,train,The mineral alpha is added to bodies of fresh water to prevent the spread of certain freshwater para,D,D,True,1,1782,114,"D  
Reasoning: The gold passage states that Congress has the authority to ""lay and collect Taxes, Duties, Imposts and Excises"" as part of its powers to provide for the general welfare of the United States. It emphasizes that Congress can enact taxes even on activities it cannot directly regulate. The passage also highlights that Congress has considerable latitude in exercising its powers, as long as the means are appropriate and not prohibited by the Constitution. Therefore, the tax on alpha, as a means of exercising federal authority, is constitutional, making answer (D) correct.",,-100.0,-100.0,-100.0,-3.7697225252486533e-06,1.0
mbe_1008,EVIDENCE,1998,train,Plaintiff sued Defendant for breach of a commercial contract in which Defendant had agreed to sell P,A,C,False,1,1219,96,"C  
Reasoning: The gold passage discusses the standard of ""clear and convincing evidence"" but does not provide any support for the admissibility of evidence related to impeachment on collateral issues. Since the question involves whether the evidence regarding Expert Witness's false testimony in divorce proceedings is relevant to the current case, and the passage does not indicate that such impeachment is permissible, answer (C) is correct as it states that the evidence should be excluded because it is impeachment on a collateral issue.",,-7.750870227813721,-8.000870704650879,-0.0008702484192326665,-9.250870704650879,0.9991384263167997
mbe_1009,TORTS,1998,train,"Karen was crossing Main Street at a crosswalk. John, who was on the sidewalk nearby, saw a speeding ",B,D,False,1,1259,97,"D  
Reasoning: The gold passage indicates that a rescuer must exercise reasonable care when attempting to aid someone in danger. If John's intent was to save Karen and he acted in a manner he believed was necessary to do so, then he may not be liable for battery, as his intent was not to harm her but to protect her. Therefore, if John's actions were reasonable under the circumstances, Karen would not prevail in her battery claim against him, making answer (D) correct.",,-6.7551469802856445,-6.5051469802856445,-6.0051469802856445,-0.005146827083081007,0.9948733477977229
mbe_1011,REAL PROP.,1998,train,"Olivia, owner in fee simple of Richacre, a large parcel of vacant land, executed a deed purporting t",B,B,True,1,1524,130,"B  
Reasoning: The gold passage discusses the meaning of a warranty deed, which includes the vendor's obligation to convey clear title to the premises. However, it does not address the issue of delivery of the deed or the validity of the conditions attached to the conveyance. Since the question revolves around whether Olivia's deed to Grant was delivered, and the passage does not provide any information supporting the validity of Grant's deed to Bonnie or the conditions imposed by Olivia, the most relevant choice is (B), which states that Olivia's deed to Grant was not delivered. This aligns with the lack of information in the passage regarding the delivery of the deed.",,-4.266894340515137,-0.01689411886036396,-6.266894340515137,-100.0,0.9840634036928925
mbe_1012,TORTS,1998,train,Perry suffered a serious injury while participating in an impromptu basketball game at a public park,D,C,False,1,1592,105,"C  
Reasoning: The gold passage explains that participants in contact sports, such as basketball, accept the inherent risks of harm associated with the activity, including rough play and contact that may occur during the game. Since the passage indicates that players voluntarily endure risks normally associated with the activity, Perry's participation in a rough game implies that he consented to the rough play, including the risk of being struck by Dever's elbow. Therefore, Perry will not prevail in his claim for compensation, making answer (C) correct.",,-100.0,-100.0,-3.128163257315464e-07,-18.875,0.9999999936511978
mbe_1013,CONST. LAW,1998,train,Water District is an independent municipal water-supply district incorporated under the applicable l,A,A,True,1,1455,88,"A  
Reasoning: The gold passage states that the equal protection clause guarantees that ""all persons similarly situated should be treated alike."" The set-asides by the Water District create a distinction based on race, which would deny equal protection to other potential employees or contractors who are not members of racial minority groups. Therefore, the set-asides are unconstitutional as they violate the principle of equal treatment under the law, making answer (A) correct.",,-0.00023369524569716305,-12.00023365020752,-100.0,-100.0,0.9999938558251211
mbe_1016,TORTS,1998,train,"The police in City notified local gas station attendants that a woman, known as Robber, recently had",A,C,False,1,1608,105,"C  
Reasoning: The gold passage outlines the elements of false imprisonment, which include the intention to confine another, the act resulting in confinement, and the person being conscious of their confinement. In this case, Owner's actions of falsely informing Traveler about her car's condition and instructing her to stay in his office could lead Traveler to reasonably believe she could not leave. Therefore, if Traveler reasonably believed she could not leave Owner's premises, she would prevail in her false imprisonment claim, making answer (C) correct.",,-1.3312808275222778,-6.956280708312988,-0.33128082752227783,-4.081280708312988,0.7180173682932345
mbe_1018,TORTS,1998,train,"Powell, who was an asbestos insulation installer from 1955 to 1965, contracted asbestosis, a serious",B,B,True,1,1494,108,"B  
Reasoning: The gold passage indicates that a manufacturer's duty to warn arises when there is a need to inform consumers of dangers of which they are unaware. It also implies that the standard for determining this duty is based on what a prudent manufacturer would know about the risks. Therefore, the relevant legal question for the court to decide is whether the defendant should be held to the standard of a prudent manufacturer who knew of the risks, regardless of whether those risks were reasonably discoverable before 1966. This makes answer (B) correct.",,-7.78900671005249,-0.039006736129522324,-3.2890067100524902,-7.66400671005249,0.9618223409507654
mbe_1020,REAL PROP.,1998,train,"Alex and Betty, who were cousins, acquired title in fee simple to Blackacre, as equal tenants in com",C,B,False,1,1796,114,"B  
Reasoning: The gold passage indicates that a person holding an ownership interest as a tenant in common may maintain an action for partition, but the right to seek partition is not absolute and may be defeated when the equities demand. Since Betty has established her ownership interest and right to possess the property, the court should confirm the tenancy in common and require an accounting to determine if either party is indebted to the other for expenses related to the property, such as rental payments, taxes, insurance premiums, and maintenance costs. Therefore, answer (B) is the correct choice.",,-12.700950622558594,-0.5759501457214355,-0.8259501457214355,-100.0,0.5621747872313521
mbe_1021,EVIDENCE,1998,train,"Plaintiff sued Defendant for illegal discrimination, claiming that Defendant fired him because of hi",B,A,False,1,1361,91,"A  
Reasoning: The gold passage indicates that evidence of an extraneous act may be admissible to impeach a witness's testimony if it tends to rebut that testimony. Since the tape recording contains evidence of Defendant's alleged admissions of racial motivation, it serves both to impeach Witness's testimony about absenteeism and to provide evidence of Defendant's racial motivation. Therefore, the tape recording is admissible for both purposes, making answer (A) correct.",,-0.2538819909095764,-1.5038819313049316,-100.0,-100.0,0.7772998508568416
mbe_1022,CONTRACTS,1998,train,"For this question only, assume that no other correspondence passed between Stationer and Lawyer unti",A,A,True,1,1372,95,"A  
Reasoning: The gold passage indicates that an acceptance is effective upon mailing and not upon receipt, and that it is operative as soon as it is put out of the offeree's possession if transmitted by an authorized means. Since Stationer had not revoked its offer before April 15, Lawyer's faxed order for ""100 reams of your paper"" constitutes an effective acceptance of Stationer's offer at the specified prices. Therefore, answer (A) is correct.",,-0.15849319100379944,-5.2834930419921875,-2.1584932804107666,-3.6584932804107666,0.8536218838613784
mbe_1023,CONTRACTS,1998,train,"For this question only, assume that on January 15, having at that time received no reply from Lawyer",B,C,False,1,1324,110,"C  
Reasoning: The gold passage discusses the elements of promissory estoppel, which requires a promise made with the expectation of reliance, leading to reasonable reliance by the promisee. Since Stationer notified Lawyer of a price increase effective February 1, and there is no indication that Stationer provided any assurance that prices would remain unchanged beyond the original offer, it follows that the price increase is effective for catalog orders received in February. Therefore, there is no consideration supporting an assurance that prices would not increase, making answer (C) correct.",,-4.761478424072266,-6.011478424072266,-0.011478538624942303,-100.0,0.9889920744948217
mbe_1024,CRIM. LAW,1998,train,"State X enacted a statute ""to regulate administratively the conduct of motor vehicle junkyard busine",C,C,True,1,1809,100,"C  
Reasoning: The gold passage indicates that regulatory searches in closely regulated industries do not require warrants if certain conditions are met. The statute in question serves a substantial government interest in regulating motor vehicle junkyards to deter theft, and the inspections are necessary to further this regulatory scheme. Additionally, the passage suggests that the certainty and regularity of the inspections provide a constitutionally adequate substitute for a warrant. Therefore, Janet's motion to suppress the evidence should be denied, making answer (C) correct.",,-100.0,-100.0,-0.005234121344983578,-5.255234241485596,0.9947798749303168
mbe_1025,CONST. LAW,1998,train,Current national statistics show a dramatic increase in the number of elementary and secondary schoo,A,A,True,1,1631,74,"A  
Reasoning: The gold passage explains that Congress does not have the authority to issue direct orders to state governments, as established by the anticommandeering doctrine. Since the federal statute requires state legislatures to enact specific legislation regarding controlled substances near schools, it constitutes a direct order to the states, which is unconstitutional. Therefore, answer (A) is correct.",,-0.001245112856850028,-100.0,-100.0,-100.0,1.0
mbe_1026,REAL PROP.,1998,train,"Janet had a season ticket for the Scorpions' hockey games at Central Arena (Section B, Row 12, Seat ",B,A,False,1,1539,106,"A  
Reasoning: The gold passage discusses the elements required to prove a nuisance cause of action, which involves proving that a condition creates danger and inflicts injury, among other factors. However, it does not support Janet's claim that she has a right to continue her solicitation activities in the arena. ABC, as the owner of the property, has the right and obligation to control activities on its premises, including prohibiting solicitations. Therefore, the court will likely decide in favor of ABC, making answer (A) correct.",,-0.06557667255401611,-2.8155765533447266,-100.0,-100.0,0.939913343093499
mbe_1027,TORTS,1998,train,Company designed and built a processing plant for the manufacture of an explosive chemical. Engineer,C,C,True,1,1535,92,"C  
Reasoning: The gold passage outlines the requirements for a plaintiff to recover on a products liability claim alleging design defect, specifically that the defect must be a producing cause of the injury. Since the explosion was caused by a design defect unrelated to the filter system designed by Engineer, Engineer owed no duty to Plaintiff to prevent the particular risk of harm associated with the processing plant's design defect. Therefore, Plaintiff will not prevail, making answer (C) correct.",,-100.0,-100.0,-20.25,-22.125,0.8670357598021706
mbe_1028,REAL PROP.,1998,train,"Several years ago, Bart purchased Goldacre, financing a large part of the purchase price by a loan f",A,C,False,1,1458,96,"C  
Reasoning: The gold passage establishes that due-on-sale clauses are valid and enforceable in Illinois, meaning that Mort has the option to invoke the due-on-sale clause in Bart's mortgage. Since Bart conveyed Goldacre to Pam without obtaining Mort's consent, this action violated the due-on-sale clause, allowing Mort to demand the entire principal balance of the debt. Therefore, Mort is entitled to judgment against Pam for the delinquent payments, making answer (C) correct.",,-100.0,-21.875,-21.125,-100.0,0.679178699175393
mbe_1029,CONST. LAW,1998,train,Congress recently enacted a statute imposing severe criminal penalties on anyone engaged in trading ,C,C,True,1,1517,95,"C  
Reasoning: The gold passage outlines the requirements for standing, which include suffering an ""injury in fact"" that is concrete, particularized, and actual or imminent. Since the members of the association are not currently engaged in trading and do not intend to do so in the future, they cannot demonstrate a concrete and particularized injury related to the enforcement of the statute. Therefore, they lack the necessary standing to bring the suit, making answer (C) correct.",,-100.0,-100.0,-19.25,-100.0,1.0
mbe_1030,CRIM. LAW,1998,train,"Rachel, an antique dealer and a skilled calligrapher, crafted a letter on very old paper. She includ",C,B,False,1,1387,111,"B  
Reasoning: The gold passage defines forgery as the false making or alteration of a document without authority, or the uttering of such a document with the intent to defraud. Rachel created a false document (the letter) with the intent to defraud the collector, which constitutes forgery. However, she did not make any explicit representation about the authenticity of the document, as she stated she could make no promises regarding it. Therefore, while she committed forgery, she has not committed false pretenses, making answer (B) correct.",,-12.500031471252441,-3.190178904333152e-05,-10.500031471252441,-100.0,0.9999687378613701
mbe_1031,TORTS,1998,train,"Mom rushed her eight-year-old daughter, Child, to the emergency room at Hospital after Child fell of",C,D,False,1,1406,92,"D  
Reasoning: The gold passage indicates that a duty of care is generally imposed only under specific circumstances, such as when the defendant has induced reliance, entered into a relationship imposing a duty, or when a statute imposes such a duty. Since the passage does not suggest that Hospital had any affirmative duty of care towards Mom in this situation, it supports the conclusion that Hospital's personnel owed Mom no affirmative duty of care, making answer (D) correct.",,-11.829011917114258,-9.079011917114258,-2.5790114402770996,-0.07901151478290558,0.9240296939475879
mbe_1035,EVIDENCE,1998,train,"At Dove's trial for theft, Mr. Wong, called by the prosecutor, testified to the following: 1) that f",A,C,False,1,1365,86,"C  
Reasoning: The gold passage outlines the requirements for a recorded recollection to be admissible. In this case, Mr. Wong does not have firsthand knowledge of the license number, as he cannot recall it himself and only verified it after listening to the police tape. Therefore, the tape recording does not meet the criteria for recorded recollection and is considered hearsay not within any exception, making answer (C) correct.",,-7.000919818878174,-12.250920295715332,-0.0009200352360494435,-100.0,0.9990841722303565
mbe_1036,TORTS,1998,train,"For ten years, Vacationer and Neighbor have owned summer vacation homes on adjoining lots. A stream ",A,A,True,1,1313,70,"A  
Reasoning: The gold passage defines nuisance as an unreasonable use of one's property that substantially impairs another's right to enjoy their property. If Neighbor's damming of the stream unreasonably interferes with Vacationer's use and enjoyment of his property, then Vacationer could prevail. Therefore, answer (A) is supported by the passage.",,-6.790129555156454e-05,-100.0,-10.250067710876465,-100.0,0.999964643742526
mbe_1037,REAL PROP.,1998,train,"Corp, a corporation, owned Blackacre in fee simple, as the real estate records showed. Corp entered ",D,A,False,1,1811,93,"A  
Reasoning: The gold passage indicates that a recorded judgment asserts a ""claim"" against property, which can be considered a ""lien."" Since George's judgment was obtained before Barbara recorded her deed, it creates a valid claim against Blackacre that can affect Barbara's title. Therefore, Polly is correct in objecting to Barbara's title because George's judgment was filed prior to Barbara's recording of the deed, making answer (A) the correct choice.",,-0.38208121061325073,-1.6320812702178955,-3.3820812702178955,-100.0,0.7483395214932871
mbe_1040,EVIDENCE,1998,train,"Mrs. Pence sued Duarte for shooting her husband from ambush. Mrs. Pence offers to testify that, the ",D,D,True,1,1228,96,"D  
Reasoning: The gold passage defines hearsay as a statement made by a person not currently testifying and offered to prove the truth of the matter asserted. Mrs. Pence's testimony about her husband's statement regarding Duarte's threat is being offered to prove that Duarte had the intent to harm her husband, which constitutes hearsay. Since it does not fall within any recognized exception to the hearsay rule, it is inadmissible. Therefore, answer (D) is correct.",,-100.0,-100.0,-100.0,-19.875,1.0
mbe_1043,REAL PROP.,1998,train,Arthur's estate plan included a revocable trust established 35 years ago with ABC Bank as trustee. T,C,B,False,1,1506,94,"B  
Reasoning: The gold passage indicates that a power of appointment exists as long as it is set forth in a legally operative document, such as a revocable trust. It does not specify that the Rule Against Perpetuities applies to general powers of appointment. Therefore, if the court rules for Marie, it could be because the Rule Against Perpetuities does not apply to the general power of appointment that Alice had, making answer (B) correct.",,-4.519917964935303,-0.019917825236916542,-4.769917964935303,-100.0,0.9806222291226232
mbe_1044,CONTRACTS,1998,train,"Assuming that Glazier has no remedy quasi in rem under the relevant state mechanic's lien statute, w",A,A,True,1,1578,117,"A  
Reasoning: The gold passage indicates that an action in quasi contract is not permissible when there is a valid written agreement that clearly covers the dispute. Since Glazier has a contract with Tenant for the window replacement, this would preclude a quasi contract claim against Landlord. Therefore, option (A) is the best choice as it suggests an action for the reasonable value of a benefit conferred, which may be outside the terms of the contract with Tenant, thus providing a potential remedy against Landlord. The other options do not align with the limitations set forth in the passage.",,-0.06752919405698776,-100.0,-3.0675292015075684,-7.317529201507568,0.9519301523666603
mbe_1045,CONTRACTS,1998,train,"For this question only, assume the following facts. Upon vacating the building, Tenant mailed a $1,0",B,B,True,1,1694,90,"B  
Reasoning: The gold passage discusses the elements of contracts, including the necessity of offer, acceptance, consideration, and intent to be bound. It does not provide support for the concept of accord and satisfaction or the implications of cashing a check with a notation. Since the amount owed by Tenant to Glazier was liquidated and undisputed, Tenant is unlikely to prevail on the defense of accord and satisfaction, making answer (B) correct.",,-4.759286403656006,-0.009286601096391678,-7.384286403656006,-100.0,0.9908068739850974
mbe_1046,EVIDENCE,1998,train,Defendant is on trial for robbing a bank in State A. She testified that she was in State B at the ti,B,B,True,1,1296,75,"B  
Reasoning: The gold passage states that a statement of the declarant’s then-existing state of mind, such as plans, is not excluded by the hearsay rule. Since Witness is testifying about Defendant's statement regarding her plans to be in State B, this falls within the hearsay exception for then-existing state of mind, making answer (B) correct.",,-100.0,-17.87501335144043,-100.0,-100.0,1.0
mbe_1047,CRIM. LAW,1998,train,The legislature of State X is debating reforms in the law governing insanity. Two reforms have been ,B,B,True,1,1407,102,"B  
Reasoning: The gold passage indicates that the United States Supreme Court has not established a constitutional requirement for an affirmative insanity defense and has upheld statutes that place the burden of proof on the defendant regarding insanity. Since there is no federal due process right to an independent defense of insanity, neither Proposal A (eliminating the insanity defense) nor Proposal B (placing the burden of proof on the defendant) would be unconstitutional under the due process clause. Therefore, the correct answer is (B) neither proposal.",,-8.250276565551758,-0.0002764710516203195,-11.625276565551758,-100.0,0.999729874679413
mbe_1048,CONST. LAW,1998,train,"A federal statute appropriated $7 million for a nationwide essay contest on ""How the United States C",D,D,True,1,1809,89,"D  
Reasoning: The gold passage establishes that legislation is presumed to be valid if it is rationally related to a legitimate government purpose. The essay contest statute has a clear purpose of generating ideas to combat drug abuse, which is a legitimate government interest. Additionally, the statute provides concrete objectives and criteria for awarding the prize money, which supports its constitutionality. Therefore, the court should hold the statute constitutional, making answer (D) correct.",,-19.875,-100.0,-100.0,-9.088346359931165e-07,0.999999997664405
mbe_1049,TORTS,1998,train,"Fran, who was driving at an excessive speed, applied her brakes to stop at a traffic light. Due to d",B,C,False,1,1568,103,"C  
Reasoning: The gold passage discusses the doctrine of last clear chance and emphasizes that it applies only when the defendant has failed to exercise a clear chance to avoid the accident. In this case, since the jurisdiction follows contributory negligence as a bar to recovery, if the jury finds that Fran's conduct (speeding) was in any way a legal cause of the accident, she will not prevail. Therefore, answer (C) is correct as it aligns with the principle that contributory negligence can bar recovery.",,-100.0,-11.50001049041748,-1.0445127372804563e-05,-16.000009536743164,0.9999897574764937
mbe_1050,REAL PROP.,1998,train,"Sal owned five adjoining rectangular lots, numbered 1 through 5 inclusive, all fronting on Main Stre",B,D,False,1,1512,148,"D  
Reasoning: The gold passage establishes that zoning ordinances cannot relieve private property from valid restrictive covenants if the ordinances are less stringent. However, it also indicates that restrictive covenants do not control decisions regarding variances granted by zoning authorities. Since the zoning ordinance limits the use of the properties to one- and two-family residences, and Betty's construction of a two-family residence on Lot 4 does not comply with the covenant restricting Lot 4 to one-family residential purposes, the plaintiffs' claims for relief based on the restrictive covenant are likely to be denied. Therefore, all plaintiffs should be denied any recovery or relief because the zoning preempts any private scheme of covenants, making answer (D) the most appropriate choice.",,-3.3584978580474854,-2.8584978580474854,-4.6084980964660645,-0.10849791020154953,0.897818335581913
mbe_1051,CONST. LAW,1998,train,"Kelly County, in the state of Green, is located adjacent to the border of the state of Red. The comm",B,B,True,1,1483,117,"B  
Reasoning: The gold passage indicates that a statute will be upheld if it regulates even-handedly to effectuate a legitimate local public interest and if its effects on interstate commerce are only incidental. However, if the burden on interstate commerce is clearly excessive in relation to the local benefits, it may be struck down. The ordinance in question appears to unduly burden interstate commerce by preventing Scarletville taxicab owners from competing in Kelly County without adequate justification, which aligns with the reasoning in option (B). Therefore, judgment for Scarletville taxicab owners is the proper result.",,-100.0,-0.10026684403419495,-2.350266933441162,-9.850266456604004,0.9046028373885908
mbe_1052,EVIDENCE,1998,train,"Paul sued Donna for breach of contract. Paul's position was that Joan, whom he understood to be Donn",B,B,True,1,1377,94,"B  
Reasoning: The gold passage discusses the concept of apparent authority, indicating that it is based on what a reasonably prudent person would assume about an agent's authority based on the principal's conduct. Paul's testimony regarding Joan's statement would be admissible if there is sufficient evidence to support a finding that Joan had actual or apparent authority to act for Donna. Therefore, answer (B) is correct as it aligns with the requirement for evidence to support the claim of authority.",,-3.77705979347229,-0.2770598530769348,-1.52705979347229,-6.277060031890869,0.7580461189370344
mbe_1053,CONST. LAW,1998,train,A city ordinance requires a taxicab operator's license to operate a taxicab in King City. The ordina,D,D,True,1,1608,86,"D  
Reasoning: The gold passage indicates that property interests are defined by existing rules or understandings stemming from an independent source, such as state law. In this case, the licensing ordinance does not grant John a property interest in being free from competition from additional licensees, as it only establishes criteria for issuing licenses based on qualifications. Therefore, the court should rule in favor of city officials, making answer (D) correct.",,-100.0,-14.37500286102295,-13.25000286102295,-2.935296834039036e-06,0.9999976681581785
mbe_1055,CONTRACTS,1998,train,"Bye Bye telegraphed Vendor on June 1, ""At what price will you sell 100 of your QT- Model garbage-dis",D,D,True,1,1714,104,"D  
Reasoning: The gold passage discusses the doctrine of anticipatory repudiation, which states that if one party distinctly and unequivocally communicates a refusal to perform the contract, the other party can treat that refusal as a breach. Bye Bye's letter received on June 9, which expresses a refusal to deal with Vendor's terms, can be interpreted as an unequivocal refusal to perform. This refusal would excuse Vendor from any obligation to perform under the contract, making answer (D) the best defense for Vendor.",,-6.5101318359375,-4.7601318359375,-100.0,-0.010131901130080223,0.9899469549718685
mbe_1056,CRIM. LAW,1998,train,"At a party, Diane and Victor agreed to play a game they called ""spin the barrel."" Victor took an unl",B,C,False,1,1527,93,"C  
Reasoning: The gold passage defines reckless conduct as behavior where the defendant knows they are putting others in imminent danger, even if they do not foresee the specific injury that results. Diane's act of pointing the gun at Victor and pulling the trigger, despite knowing the potential danger, constitutes reckless behavior. Therefore, her actions could lead to a conviction for manslaughter due to gross negligence, making answer (C) the most appropriate choice based on the passage.",,-100.0,-6.251965522766113,-0.001965627772733569,-12.001965522766113,0.9980671446130067
mbe_1058,CONST. LAW,1998,train,A statute of State X permits a person's name to appear on the general election ballot as a candidate,C,C,True,1,1465,104,"C  
Reasoning: The gold passage indicates that the Fourteenth Amendment prohibits government action that deprives an individual of life, liberty, or property without due process of law. Since the statute of State X imposes different requirements for candidates based on their political affiliation, it could be argued that this creates an unequal burden on candidates from a new political party, particularly those from racial minority groups. Therefore, the Fourteenth Amendment would be the most relevant constitutional provision for the new political party to challenge the statute's constitutionality.",,-11.000024795532227,-100.0,-2.47495681833243e-05,-100.0,0.9999832985789195
mbe_1059,EVIDENCE,1998,train,Defendant is on trial for the murder of his father. Defendant's defense is that he shot his father a,C,B,False,1,1292,74,"B  
Reasoning: The gold passage emphasizes the importance of firsthand knowledge for a witness to testify about matters. Since Witness's testimony is based on observations of arguments and not on direct knowledge of who instigated them, it lacks the necessary firsthand knowledge required by the federal rules of evidence. Therefore, the evidence is inadmissible, making answer (B) correct.",,-4.264182090759277,-0.014182306826114655,-11.139182090759277,-100.0,0.9859220426247853
mbe_1060,REAL PROP.,1998,train,"Alex and Brenda owned in fee simple Greenacre as tenants in common, each owning an undivided one-hal",B,B,True,1,1486,101,"B  
Reasoning: The gold passage discusses the concept of ""equity of redemption,"" which is the right of a mortgagor to recover property by fulfilling obligations, such as making payments due on the mortgage. Since Brenda tendered only half of the amount due and there was no indication that she fulfilled the entire obligation required to redeem the property, she cannot claim a release of her interest in Greenacre. Therefore, Brenda should lose her action against Marge, making answer (B) correct.",,-5.506048679351807,-0.006048485636711121,-6.256048679351807,-100.0,0.994018766018048
mbe_1061,CRIM. LAW,1998,train,"As to the switchblade knife and the .45-caliber pistol, Jason's motion to suppress should be",C,C,True,1,1804,93,"C  
Reasoning: The gold passage establishes that a search incident to arrest is a well-established exception to the warrant requirement. It allows law enforcement officers to conduct a warrantless search of a person who is arrested and of his surrounding area. Since Jason was arrested and the switchblade knife and .45-caliber pistol were found on his person during this lawful arrest, the search and seizure of these items are valid under the exception, making answer (C) correct.",,-100.0,-100.0,-21.5,-100.0,1.0
mbe_1062,CRIM. LAW,1998,train,"As to Jason's statement, his motion to suppress should be",C,C,True,1,1684,72,"C  
Reasoning: The gold passage establishes that statements made by a defendant that are classified as volunteered and not the product of police interrogation are admissible and not subject to suppression for lack of Miranda warnings. Since Jason's statement was made spontaneously and not in response to police interrogation, it is considered a volunteered statement, making option (C) the correct choice.",,-100.0,-100.0,-5.512236498361744e-07,-19.75,0.9999999973534248
mbe_1063,CRIM. LAW,1998,train,"As to the Uzi automatic weapon, Jason's motion to suppress should be",A,C,False,1,1678,89,"C  
Reasoning: The gold passage discusses the limitations of a search warrant, emphasizing that a search must be conducted within the scope authorized by the warrant. However, it does not state that once the object of the warrant is found, further searches are prohibited. Since the police were lawfully in the bedroom and the Uzi was immediately identifiable as subject to seizure, Jason's motion to suppress should be denied, making answer (C) correct.",,-2.2280094623565674,-2.4780094623565674,-0.22800953686237335,-4.4780097007751465,0.7968135380046188
mbe_1064,EVIDENCE,1998,train,Plaintiff is suing Doctor for medical malpractice occasioned by allegedly prescribing an incorrect m,C,C,True,1,1239,85,"C  
Reasoning: The gold passage does not provide any information regarding the admissibility of offers to pay medical expenses or compromise offers. However, based on general legal principles, offers to pay medical expenses are typically inadmissible to prove liability. Since the passage does not support any of the other options and does not provide a basis for admissibility, choice (C) is the most appropriate answer based on the context provided.",,-8.381400108337402,-100.0,-0.006400342099368572,-5.256400108337402,0.9945517663102048
mbe_1065,CRIM. LAW,1998,train,Sam and two of his friends were members of a teenage street gang. While they were returning from a d,B,A,False,1,1250,61,"A  
Reasoning: The gold passage states that an accomplice to manslaughter is legally responsible for the principal's acts that proximately caused the victim's death. Since Sam was not convicted of the offense, his companions cannot be held legally responsible as accomplices, making answer (A) correct.",,-0.06271743029356003,-2.8127174377441406,-8.81271743774414,-7.687717437744141,0.9393425050938616
mbe_1066,TORTS,1998,train,Employer retained Doctor to evaluate medical records of prospective employees. Doctor informed Emplo,A,A,True,1,1320,88,"A  
Reasoning: The gold passage outlines the types of invasion of privacy claims but does not provide any support for negligent misrepresentation or negligent infliction of emotional distress. Since the passage does not mention these two causes of action, they cannot be considered valid claims based on the information provided. Therefore, the only applicable cause of action that could potentially arise from the situation is negligent infliction of emotional distress, making answer (A) correct.",,-0.9918068647384644,-2.116806983947754,-1.4918068647384644,-100.0,0.5178172934625039
mbe_1067,CONTRACTS,1998,train,Is Gourmet obligated to permit Newman to perform the Gourmet-Deligor agreement?,C,C,True,1,1407,68,"C  
Reasoning: The gold passage indicates that duties involving an exercise of judgment and discretion cannot be delegated. Since Deligor's role as an interior decorator involves personal judgment, taste, and skill, it follows that Gourmet is not obligated to permit Newman to perform the Gourmet-Deligor agreement. Therefore, answer (C) is correct.",,-12.87501335144043,-100.0,-1.2948405128554441e-05,-100.0,0.9999974387188216
mbe_1068,CONTRACTS,1998,train,"If Gourmet allows Newman to perform and approves his design plan, but Newman fails without legal exc",D,D,True,1,1509,117,"D  
Reasoning: The gold passage indicates that a beneficiary is considered an intended beneficiary when the promisee intends to give the beneficiary the benefit of the promised performance. In this case, Gourmet is an intended beneficiary of the agreement between Deligor and Newman, as he allowed Newman to perform the work and approved the design. Therefore, if Newman fails to complete the decorating as agreed, Gourmet has an enforceable claim against both Deligor, whose duty to Gourmet was not discharged by the assignment, and Newman, who was to perform the contract. Thus, answer (D) is correct.",,-2.825925827026367,-7.575925827026367,-4.325925827026367,-0.07592570781707764,0.927002991733911
mbe_1070,REAL PROP.,1998,train,Otis owned in fee simple Lots 1 and 2 in an urban subdivision. The lots were vacant and unproductive,D,C,False,1,1406,124,"C  
Reasoning: The gold passage discusses the doctrine of caveat emptor, which indicates that a purchaser of tax-sale property assumes the risks involved and has no remedy against the taxing authorities beyond what is provided by the tax-sale statutes. However, it does not provide any information regarding the responsibilities of a life tenant or the obligations to pay real estate taxes. Therefore, based solely on the passage, we cannot conclude that Lena has a duty to reimburse Rose for the taxes paid, making answer (C) correct as it states that Lena's sole possession gives her the right to decide whether or not taxes should be paid.",,-5.013689994812012,-100.0,-0.013689986430108547,-5.013689994812012,0.986703291152238
mbe_1072,EVIDENCE,1998,train,"Plaintiff sued Defendant under an age discrimination statute, alleging that Defendant refused to hir",D,B,False,1,1253,90,"B  
Reasoning: The gold passage discusses the admissibility of demonstrative exhibits and does not provide any information regarding hearsay or the personal knowledge of witnesses. Since Defendant's testimony about Employer's statement is based on what Employer allegedly said and not on Defendant's own personal knowledge, it constitutes hearsay. Therefore, without any exceptions to the hearsay rule mentioned in the passage, the testimony is inadmissible, making answer (B) correct.",,-6.251943588256836,-0.0019436265574768186,-12.501943588256836,-100.0,0.9980695529702229
mbe_1074,TORTS,1998,train,"While approaching an intersection with the red light against him, Motorist suffered a heart attack t",C,C,True,1,1454,79,"C  
Reasoning: The gold passage establishes that a driver who becomes suddenly stricken by a loss of consciousness from an unforeseen cause is not chargeable with negligence. Since Motorist had no history of heart disease and no warning of the heart attack, his loss of consciousness was not foreseeable. Therefore, Motorist has a complete defense against liability for the accident, making answer (C) correct.",,-19.875030517578125,-100.0,-2.975612187583465e-05,-11.250029563903809,0.9999869905335028
mbe_1075,EVIDENCE,1998,train,"In a jurisdiction without a Dead Man's Statute, Parker's estate sued Davidson claiming that Davidson",B,B,True,1,1304,96,"B  
Reasoning: The gold passage discusses the requirements for an excited utterance to be admissible, which include the need for a startling event, the timing of the statement, and the stress of excitement. However, Parker's statement does not fit the criteria for an excited utterance as it was made while he was dying and not in response to a startling event. Therefore, it is considered hearsay and does not fall within any exception, making answer (B) correct.",,-7.636714458465576,-0.011714319698512554,-4.511714458465576,-8.886713981628418,0.9883992256495967
mbe_1076,CONTRACTS,1998,train,"For this question only, assume the following facts. Logger offered to buy, sever, and remove the sta",C,C,True,1,1551,119,"C  
Reasoning: The gold passage defines unconscionability as a situation where the inequality of the bargain is so extreme that it shocks the judgment of a reasonable person, requiring both procedural and substantive unfairness. In this case, Logger's offer to buy the timber at a price 70% lower than the prevailing market rate could be seen as substantively unfair, as it is an oppressive term that no reasonable person would accept. Therefore, Landholder's best prospect for cancellation of the contract with Logger is based on the concept of unconscionability, making answer (C) correct.",,-100.0,-100.0,-20.25,-100.0,1.0
mbe_1077,CONTRACTS,1998,train,"For this question only, assume the following facts. Logger offered a fair price for the timber right",A,A,True,1,1661,92,"A  
Reasoning: The gold passage explains that third-party beneficiary status requires an examination of the parties' intention to benefit the third party through the contract. It emphasizes that only intended beneficiaries, who fall within a class that the contract clearly intends to benefit, qualify for this status. Since the neighbor is described as an incidental beneficiary of the Logger-Landholder contract, he does not meet the criteria for third-party beneficiary status, making answer (A) correct.",,-1.1756367712223437e-05,-100.0,-12.875011444091797,-100.0,0.9999974387169893
mbe_1079,REAL PROP.,1998,train,"By a writing, Oner leased his home, Blackacre, to Tenn for a term of three years, ending December 31",A,A,True,1,1395,130,"A  
Reasoning: The gold passage indicates that a judgment declaring the forfeiture of the lease does not relieve the lessee from liability for unpaid rent. Since Tenn is the original lessee and remains liable for the entire term of the lease, Oner can pursue Tenn for the full amount of unpaid rent. Agrit, as a sublessee, is not liable to Oner for the unpaid rent since the passage does not indicate any liability on Agrit's part. Therefore, Oner is entitled to a judgment against Tenn individually for the full amount of $24,000, and no judgment against Agrit, making answer (A) correct.",,-0.05016783997416496,-4.050168037414551,-4.050168037414551,-4.300168037414551,0.9515693981387041
mbe_1081,REAL PROP.,1998,train,"Bill owned in fee simple Lot 1 in a properly approved subdivision, designed and zoned for industrial",A,D,False,1,1510,95,"D  
Reasoning: The gold passage indicates that an adjoining owner may excavate on their land without committing a trespass or infringing on a property right, provided that the adjacent soil would not have fallen of its own weight. Since Gail's excavation did not involve negligence or malicious intent and was authorized by a building permit, she is not liable for the subsidence that occurred on Lot 1. Therefore, judgment should be for Gail, making answer (D) correct.",,-2.489940881729126,-3.739940881729126,-2.239940881729126,-0.23994094133377075,0.7868242147367803
mbe_1082,EVIDENCE,1998,train,Defendant is charged with murder in connection with a carjacking incident during which Defendant all,B,A,False,1,1351,82,"A  
Reasoning: The gold passage outlines the four fundamental elements required for a child of tender years to be deemed competent to testify. The first element specifically addresses the need for the child to have a present understanding of the obligation to speak the truth. Therefore, the son's testimony should be admitted if the prosecutor can first provide evidence that persuades the judge of the son's competence, making answer (A) correct.",,-0.39130523800849915,-1.1413052082061768,-100.0,-100.0,0.6791786926816161
mbe_1084,TORTS,1998,train,Patron ate a spicy dinner at Restaurant on Sunday night. He enjoyed the food and noticed nothing unu,C,C,True,1,1457,109,"C  
Reasoning: The gold passage establishes that for a defendant's actions to be considered the cause in fact of a plaintiff's injury, those actions must be a substantial factor in causing the harm. Since Patron has not definitively established that Restaurant's food caused his illness, and given that the health department found no signs of bacterial infection among the employees tested after the incident, Restaurant's best argument would be that Patron has failed to prove a direct causal link between his illness and the food he consumed. Therefore, answer (C) is correct.",,-100.0,-100.0,-19.875,-100.0,1.0
mbe_1085,CRIM. LAW,1998,train,"In a jurisdiction that has abolished the felony-murder rule, but otherwise follows the common law of",D,B,False,1,1460,135,"B  
Reasoning: The gold passage discusses the distinction between depraved heart murder and culpable negligence, indicating that depraved heart murder requires a higher degree of recklessness. Since Sally fired her weapon into the air without intending to hit anyone, her actions may not meet the threshold for depraved heart murder but could be considered culpably negligent, leading to an unintentional homicide. Ralph, who did not directly cause the death, would also not be guilty of murder or manslaughter under these circumstances. Therefore, the correct answer is (B), as neither can be guilty of murder, but both can be convicted of manslaughter based on unintentional homicide.",,-4.767801761627197,-0.017801614478230476,-4.767801761627197,-100.0,0.9829909267318339
mbe_1086,CONST. LAW,1998,train,"In recent years, several large corporations incorporated and headquartered in State A have suddenly ",C,B,False,1,1789,97,"B  
Reasoning: The gold passage establishes that state laws violate the Commerce Clause if they create differential treatment that benefits in-state interests while burdening out-of-state interests. The statute in question imposes a requirement that could hinder acquisitions of State A corporations by out-of-state entities, which aligns with the concerns outlined in the passage regarding the adverse effects on interstate commerce. Therefore, the statute is likely unconstitutional as it adversely affects the interstate sale of securities, making answer (B) correct.",,-4.026909828186035,-0.026909733191132545,-4.776909828186035,-100.0,0.9737408087851084
mbe_1087,CONTRACTS,1998,train,"A written construction contract began with the following recital: ""This Agreement, between Land, Inc",A,D,False,1,1530,95,"D  
Reasoning: The gold passage indicates that a written agreement is considered ambiguous only when it can be interpreted in more than one reasonable way. Since the contract is found to be completely integrated, the ""four corners"" rule applies, meaning that the meaning of the contract must be determined solely from its own terms without reference to prior negotiations or understandings. Therefore, Boss's proffered evidence from pre-contract negotiations is not admissible, making answer (D) correct.",,-15.561968803405762,-100.0,-2.811969041824341,-0.061969030648469925,0.9399131865449973
mbe_1088,TORTS,1998,train,"When Parents were told that their child, Son, should repeat second grade, they sought to have him ev",C,C,True,1,1622,88,"C  
Reasoning: The gold passage indicates that the dissemination of news or news events does not generally constitute an invasion of the right of privacy. Since the article reported on a public meeting where Parents made a request regarding Son's evaluation, it can be considered a fair and accurate report of what transpired at that meeting. Therefore, Son's legal representative would not recover in a privacy action against the newspaper, making answer (C) correct.",,-100.0,-100.0,-20.875,-100.0,1.0
mbe_1089,EVIDENCE,1998,train,"On trial for murdering her husband, Defendant testified she acted in self-defense. Defendant calls E",D,D,True,1,1259,78,"D  
Reasoning: The gold passage states that no expert witness may express an opinion regarding the mental state or condition of an accused in a criminal proceeding as it pertains to the elements of the crime or defense. Since Expert's testimony would involve an opinion about Defendant's mental state at the time of the killing, it is inadmissible under this rule, making answer (D) correct.",,-100.0,-100.0,-2.57889461517334,-0.07889463007450104,0.9241418189341297
mbe_1090,CONST. LAW,1998,train,The legislature of State X enacts a statute that it believes reconciles the state's interest in the ,C,C,True,1,1391,100,"C  
Reasoning: The gold passage states that a state may regulate pre-viability abortion to further its legitimate interests, but only if the laws do not place an ""undue burden"" on a woman's right to end her pregnancy. The statute in question imposes restrictions on abortion after the first trimester, which could be interpreted as placing an undue burden on a woman's right to reproductive choice prior to fetal viability. Therefore, the statute will probably be held unconstitutional, making answer (C) correct.",,-12.875081062316895,-100.0,-8.137130498653278e-05,-100.0,0.9999974387169978
mbe_1092,CRIM. LAW,1998,train,"While browsing in a clothing store, Alice decided to take a purse without paying for it. She placed ",D,D,True,1,1297,81,"D  
Reasoning: The gold passage defines larceny as the taking and carrying away of another's property without consent and with the intent to permanently deprive the owner of that property. Alice took the purse from its original location and concealed it under her coat with the intent to steal, which satisfies the elements of larceny as outlined in the passage. Therefore, answer (D) is correct.",,-100.0,-100.0,-12.750006675720215,-6.749814019713085e-06,0.9999970976877999
mbe_1093,TORTS,1998,train,"In this action, will Mechanic obtain a judgment against Basher?",D,D,True,1,1489,104,"D  
Reasoning: The gold passage defines proximate cause as a cause that produces the injury in a natural and continuous sequence, without which the injury would not have occurred. Since Mechanic's injury was a direct result of the negligence caused by Basher's driving, it can be considered a proximate consequence of Basher's actions. Therefore, Mechanic will obtain a judgment against Basher unless there is an intervening cause, which is not indicated in the passage. Thus, answer (D) is correct.",,-100.0,-10.5632963180542,-1.3132963180541992,-0.31329628825187683,0.7310396882804753
mbe_1094,TORTS,1998,train,"In this action, will Mechanic obtain a judgment against Adam?",C,B,False,1,1426,125,"B  
Reasoning: The gold passage discusses the concept of pure comparative negligence, which allows a plaintiff to recover damages even if they are more negligent than the defendant, but their recovery is reduced by their percentage of negligence. In this case, for Mechanic to obtain a judgment against Adam, it would be necessary to establish that Adam was aware of the risk posed by the gasoline leak. If Adam was not aware of the risk, he may not be held liable for Mechanic's injuries. Therefore, answer (B) is the most supported by the passage, as it emphasizes the need for Adam's awareness of the risk.",,-3.594123601913452,-0.3441236913204193,-1.3441237211227417,-100.0,0.7109070566434825
mbe_1095,CRIM. LAW,1998,train,"At 11:00 p.m., John and Marsha were accosted in the entrance to their apartment building by Dirk, wh",A,B,False,1,1537,133,"B  
Reasoning: The gold passage establishes that Dirk committed robbery by taking the diamond necklace from Marsha through means of violence or fear, as he forced her to bind and gag John. Additionally, the passage explains that the felony murder rule applies when a felon contributes to the death of any person during the commission of a designated felony. Since John's heart attack occurred as a direct result of Dirk's actions, Dirk can be held liable for murder under this rule. However, there is no indication in the passage that Dirk committed burglary, as the focus is on the robbery and the resulting death. Therefore, the correct answer is (B) robbery and murder only.",,-1.143631100654602,-0.39363110065460205,-5.1436309814453125,-100.0,0.6752111263259283
mbe_1098,CONTRACTS,1998,train,"For this question only, make the following assumptions. On March 1, Fixtures tendered 24 sets to Apa",D,B,False,1,1466,124,"B  
Reasoning: The gold passage states that a party may cancel a contract if there is a material breach, which relates to a vital provision of the agreement. In this case, Fixtures has not delivered the complete order of 25 sets, which could be considered a material breach. However, the passage does not indicate that Apartments is entitled to cancel the entire contract for the remaining sets due on April 1; it only allows for the acceptance of any number of the 24 sets and the rejection of the rest. Therefore, answer (B) is correct, as it aligns with the information provided in the passage.",,-1.325960636138916,-0.3259606659412384,-4.575960636138916,-100.0,0.7235137777567646
mbe_1099,EVIDENCE,1998,train,Defendant is on trial for nighttime breaking and entering of a warehouse. The warehouse owner had se,B,B,True,1,1341,83,"B  
Reasoning: The gold passage states that photographs are generally admissible if they illustrate any fact or are relevant to describe the person, thing, or place depicted, provided their probative value outweighs any prejudicial effect. Since the infrared photograph is being offered to show similarities to Defendant and is authenticated by an expert, it allows the jury to compare the photograph with Defendant, making answer (B) correct.",,-6.251935958862305,-0.0019359003053978086,-100.0,-100.0,0.9980732654492787
mbe_1100,REAL PROP.,1998,train,"Olivia owned Blackacre, her home. Her daughter, Dawn, lived with her and always referred to Blackacr",D,A,False,1,1434,101,"A  
Reasoning: The gold passage indicates that a purchaser is bound by the recitals and references in the chain of title. Since Dawn executed a warranty deed to Bruce, which was recorded, it establishes Bruce's claim to Blackacre. However, if Dawn had nothing to convey to Bruce at the time of the deed, then Bruce's claim would be invalid. Therefore, if Carl wins, it will be because Dawn had nothing to convey to Bruce two years ago, making answer (A) correct.",,-0.0044619240798056126,-6.754461765289307,-9.879462242126465,-5.754461765289307,0.9956142139000166
mbe_1102,TORTS,1998,train,The warden of State Prison prohibits the photographing of the face of any prisoner without the priso,D,D,True,1,1415,114,"D  
Reasoning: The gold passage outlines the requirements for a claim of intentional or reckless infliction of emotional distress (IIED), specifically that the defendant must have intended to inflict distress, known that distress was certain or substantially certain to result, or acted recklessly with disregard for the probability of distress. Photographer can argue that no reasonable person could conclude that his conduct was extreme and outrageous towards Prisoner, as he did not intend to photograph Prisoner and was merely taking a photograph of Mobster. This makes answer (D) the best argument for summary judgment.",,-5.2552995681762695,-100.0,-9.75529956817627,-0.005299692507833242,0.9947221893575396
mbe_1103,CONST. LAW,1998,train,"The vaccination of children against childhood contagious diseases (such as measles, diphtheria and w",B,B,True,1,1414,80,"B  
Reasoning: The gold passage indicates that the President's authority is at its maximum when acting with express or implied authorization from Congress. Since there is no federal statute that prohibits the President from creating the commission, and the action falls within the scope of executive authority, it supports the conclusion that the President can constitutionally create the commission for this purpose. Therefore, answer (B) is correct.",,-17.0000057220459,-6.630610641877865e-06,-15.000006675720215,-100.0,0.9999996526983992
mbe_1104,EVIDENCE,1998,train,"Defendant is on trial for extorting $10,000 from Victim. An issue is the identification of the perso",D,D,True,1,1308,113,"D  
Reasoning: The gold passage discusses the best evidence rule, which requires the production of an original writing when its contents are in dispute. However, the passage does not state that Victim's testimony is inadmissible due to lack of positive identification or the absence of the tape. Instead, Victim's uncertainty about the caller's identity affects the weight of his testimony rather than its admissibility. Therefore, answer (D) is correct as it aligns with the principle that the lack of certainty goes to the weight of the testimony, not its admissibility.",,-5.769371509552002,-5.269371509552002,-4.519371509552002,-0.019371703267097473,0.9808351678761096
mbe_1105,REAL PROP.,1998,train,"Owner owned Greenacre, a tract of land, in fee simple. Owner executed an instrument in the proper fo",B,B,True,1,1501,77,"B  
Reasoning: The gold passage indicates that a writing that embodies the elements of a contract is not open to variation or contradiction by parol evidence. It also states that acknowledging the receipt of money or property does not render the entire writing a mere receipt. Therefore, the validity of the conveyance does not depend on the actual payment of consideration, making answer (B) correct.",,-11.251590728759766,-0.001590438769198954,-6.501590251922607,-9.501590728759766,0.9984112296320706
mbe_1106,TORTS,1998,train,Vintner is the owner of a large vineyard and offers balloon rides to visitors who wish to tour the g,B,B,True,1,1342,87,"B  
Reasoning: The gold passage indicates that a property owner owes a reasonable duty of care to a trespasser only when the trespasser's presence becomes known. Since Vintner was unaware of Trespasser's presence, he does not owe a duty of care. Therefore, Trespasser can only prevail if Vintner had actual awareness of his presence and failed to take reasonable care, making answer (B) correct.",,-3.773360252380371,-0.023360198363661766,-100.0,-100.0,0.9770226313026177
mbe_1107,CRIM. LAW,1998,train,Matt and his friend Fred were watching a football game at Matt's home when they began to argue. Fred,D,D,True,1,1471,75,"D  
Reasoning: The gold passage establishes that a person has the right to use deadly force to prevent the commission of a felony in their home and that there is no duty to retreat in such circumstances. Since Fred was threatening Matt with a knife and refused to leave, Matt was justified in using deadly force to protect himself in his home, making answer (D) correct.",,-100.0,-100.0,-18.5,-1.9361264946837764e-07,0.9999999907625486
mbe_1108,CONST. LAW,1998,train,Central City in the state of Green is a center for businesses that assemble personal computers. Comp,D,D,True,1,2010,116,"D  
Reasoning: The gold passage establishes that the negative implications of the Commerce Clause prohibit state measures that discriminate against interstate commerce, particularly those that favor in-state economic interests over out-of-state competitors. Since Assembler's tax is based on the proportion of components manufactured in Green, and Assembler uses only out-of-state components, the tax effectively discriminates against Assembler by not providing any reduction, unlike other local assemblers who benefit from the tax reduction for using in-state components. Therefore, the court should rule in favor of Assembler, making answer (D) correct.",,-13.750004768371582,-100.0,-100.0,-5.080963092041202e-06,0.9999989322967962
mbe_1109,CRIM. LAW,1998,train,"Hannah, who was homeless, broke into the basement of a hotel and fell asleep. She was awakened by a ",D,C,False,1,1251,110,"C  
Reasoning: The gold passage defines self-defense as an affirmative defense that can excuse a defendant from criminal liability. In this scenario, Hannah's action of spraying the guard with a fire extinguisher could be interpreted as self-defense in response to the guard's aggressive behavior. However, the passage does not provide any information that would support a conviction for aggravated assault, burglary, or trespass. Therefore, the most serious crime for which Hannah could be convicted, given the context of self-defense, is assault, making answer (C) correct.",,-1.6170554161071777,-5.117055416107178,-0.617055356502533,-1.3670554161071777,0.540144938473445
mbe_1110,CONTRACTS,1998,train,"On March 1, Mechanic contracted to repair Textiles' knitting machine and to complete the job by Marc",B,C,False,1,1514,102,"C  
Reasoning: The gold passage indicates that consequential damages may be awarded if the loss flows naturally from the breach and was contemplated by the parties when the contract was made. Since both Mechanic and Textiles knew that the knitting machine was essential for fulfilling the Knitwear contract, Textiles assumed the risk of any delay loss to Knitwear by proceeding with the contract while the machine was under repair. Therefore, Mechanic's best defense is that Textiles assumed this risk, making answer (C) correct.",,-100.0,-3.048617362976074,-0.04861745610833168,-100.0,0.9525741226150288
mbe_1111,EVIDENCE,1998,train,Plaintiff sued Defendant for personal injuries suffered in a train-automobile collision. Plaintiff c,C,C,True,1,1319,78,"C  
Reasoning: The gold passage outlines the criteria for admitting expert testimony, which includes the witness qualifying as an expert based on their knowledge, skill, experience, training, or education. Since the police accident investigator has experience and training relevant to assessing the speed of the train, his testimony is proper as it meets the qualifications for expert testimony. Therefore, answer (C) is correct.",,-100.0,-20.375,-21.125,-100.0,0.32082130082460697
mbe_1112,REAL PROP.,1998,train,"Ven owned Goldacre, a tract of land, in fee simple. Ven and Pur entered into a written agreement und",A,A,True,1,1530,150,"A  
Reasoning: The gold passage outlines the requirements for establishing a claim for conversion, which includes the necessity for the plaintiff to prove ownership or entitlement to possession, unlawful control by the defendant, a demand for return of the property, and a refusal to return it. In this case, Addy, as the administratrix of Pur's estate, is demanding the return of the $50,000 deposit. However, Ven's assertion that he is entitled to retain the deposit as liquidated damages indicates that he is exercising control over the deposit in a manner inconsistent with Addy's rights. Since the passage suggests that the provision relied upon by Ven may not be enforceable under the circumstances, it supports the conclusion that Addy should prevail in her claim for",,-0.22802861034870148,-3.9780285358428955,-1.728028655052185,-5.728028774261475,0.7995300883111243
mbe_1113,CONST. LAW,1998,train,An ordinance of Central City requires every operator of a taxicab in the city to have a license and ,D,D,True,1,1786,96,"D  
Reasoning: The gold passage establishes that content-based laws, which target speech based on its communicative content, are presumptively unconstitutional and must be justified by the government as narrowly tailored to serve compelling state interests. The ordinance in question restricts Driver's ability to display political messages based on their content, which falls under the definition of content-based regulation. Therefore, Driver has a meritorious defense based on the United States Constitution, making answer (D) correct.",,-100.0,-100.0,-100.0,-1.9361264946837764e-07,1.0
mbe_1115,EVIDENCE,1998,train,"At Devlin's trial for burglary, Jaron supported Devlin's alibi that they were fishing together at th",C,B,False,1,1310,86,"B  
Reasoning: The gold passage indicates that extrinsic evidence is generally admissible to correct errors in documents. Since Jaron's credibility is a significant factor in the case and his denial on cross-examination about the truthfulness of his credit card application opens the door for further inquiry, Wilcox's testimony regarding Jaron's employment history is admissible as a matter of right. Therefore, answer (B) is correct.",,-2.7066900730133057,-0.4566899836063385,-1.2066899538040161,-100.0,0.6338076357313257
mbe_1116,REAL PROP.,1998,train,"Owen owned Blackacre in fee simple, as the land records showed, when he contracted to sell Blackacre",B,D,False,1,1598,94,"D  
Reasoning: The gold passage emphasizes the importance of record title in conveyancing, indicating that good and clear record title is based solely on the record itself. Since Bryer received a warranty deed and was a purchaser for value, he likely qualifies as a purchaser without notice of Cred's judgment lien, which was not recorded. Therefore, the court would most probably decide in favor of Bryer because he was a purchaser without notice, making answer (D) correct.",,-2.9212117195129395,-2.6712117195129395,-3.4212117195129395,-0.17121173441410065,0.8440335187393558
mbe_1117,CONTRACTS,1998,train,"A written construction contract, under which Contractor agreed to build a new house for Owner at a f",D,B,False,1,1340,128,"B  
Reasoning: The gold passage states that both oral agreements and unsubscribed written agreements involving an interest in or the sale of real property are subject to the statute of frauds. Since the construction contract required modifications to be in writing and signed by both parties, the oral requests for extras do not satisfy this requirement, thus supporting Owner's defense under the statute of frauds. The parol evidence rule is not directly supported by the passage, nor are the preexisting duty rule or failure of an express condition mentioned. Therefore, the only effective support for Owner's defense is the statute of frauds, making answer (B) correct.",,-100.0,-2.45848218582978e-06,-100.0,-100.0,1.0
mbe_1119,CRIM. LAW,1998,train,Susan entered a guilty plea to a charge of embezzlement. Her attorney hired a retired probation offi,A,C,False,1,1544,107,"C  
Reasoning: The gold passage establishes that the attorney-client privilege protects communications between a client and their attorney, and it extends to agents of the attorney or client, including necessary intermediaries. However, the consultant in this case is not an attorney, and the privilege does not automatically extend to non-attorneys unless they are acting as agents in a professional capacity. Since the consultant is not an attorney, the privilege does not apply, making the prosecution's motion to compel her testimony appropriate. Therefore, answer (C) is correct.",,-2.579139232635498,-100.0,-0.07913917303085327,-100.0,0.9241418241572634
mbe_1122,CONTRACTS,1998,train,"Which of the following, if proved, best supports Buyer's suit against Owner for breach of contract?",A,C,False,1,1663,113,"C  
Reasoning: The gold passage indicates that option contracts require exact compliance with the terms specified in the option agreement. Since the writing explicitly stated that the offer would only become effective if the $100 consideration was paid, Buyer's assertion that Owner had indicated the deal was binding without the payment directly supports Buyer's claim that the contract was enforceable despite the lack of payment. This statement from Owner could be interpreted as a waiver of the requirement for the $100 payment, making answer (C) the best support for Buyer's suit against Owner for breach of contract.",,-3.0492005348205566,-7.799200534820557,-0.04920049011707306,-100.0,0.9521834344749552
mbe_1123,CONTRACTS,1998,train,"For this question only, assume that, for whatever reason, Buyer prevails in the suit against Owner. ",D,A,False,1,1450,127,"A  
Reasoning: The gold passage discusses the conditions under which an option to purchase may be rendered void and unenforceable, depending on the intention of the parties. However, it does not provide any information regarding the recovery of damages or specific performance in the context of a breach of an option to purchase. Since the passage does not support any of the other options regarding damages or specific performance, and given that Buyer is assumed to prevail, the only option that aligns with the lack of specific performance and the nature of the breach is nominal damages. Therefore, Buyer would be entitled to nominal damages only, making answer (A) correct.",,-0.9815126061439514,-1.7315125465393066,-1.2315125465393066,-1.9815125465393066,0.3818182905099224
mbe_1124,REAL PROP.,1998,train,"Alpha and Beta owned Greenacre, a large farm, in fee simple as tenants in common, each owning an und",D,B,False,1,1540,88,"B  
Reasoning: The gold passage defines a quiet title action as a suit to perfect an existing title against adverse claims. In this case, Beta is seeking to quiet title against Hera's claim to Greenacre. Since Hera defaulted in the obligations undertaken by Alpha, specifically failing to pay real estate taxes, this provides a basis for Beta to prevail in the quiet title action. Therefore, answer (B) is supported by the passage.",,-4.526520729064941,-0.026520775631070137,-4.276520729064941,-6.776520729064941,0.974142259439423
mbe_1125,CRIM. LAW,1998,train,"Eighteen-year-old Kenneth and his 14- year-old girlfriend, Emma, made plans to meet in Kenneth's apa",B,B,True,1,1327,96,"B  
Reasoning: The gold passage emphasizes that the essence of a criminal conspiracy is an unlawful agreement between two or more persons. Since Emma is only 14 years old and below the age of consent, she cannot legally consent to the act, which means she cannot be considered a conspirator in this context. Therefore, Kenneth's conspiracy conviction should be reversed because he cannot conspire with someone who is not legally capable of agreeing to the crime, making answer (B) correct.",,-10.889225006103516,-0.01422461960464716,-4.264224529266357,-100.0,0.9859179751274838
mbe_1127,CONST. LAW,1998,train,"The state of Green imposes a tax on the ""income"" of each of its residents. As defined in the taxing ",C,C,True,1,1375,99,"C  
Reasoning: The gold passage indicates that a state tax imposed on those who deal with the Federal Government is constitutional as long as it is applied equally to similarly situated constituents of the State. Since the tax in question is imposed on the employees rather than directly on the United States and does not discriminate against federal employees, the state of Green may collect this tax on the fair rental value of the personal use of the automobiles furnished by the federal government. Therefore, answer (C) is correct.",,-12.75001049041748,-13.75001049041748,-1.0325924449716695e-05,-100.0,0.9999960299919953
mbe_1129,EVIDENCE,1998,train,"Passenger is suing Defendant for injuries suffered in the crash of a small airplane, alleging that D",D,D,True,1,1267,67,"D  
Reasoning: The gold passage states that evidence of a person's insurance can be admitted for purposes such as proving agency, ownership, or control. Since Witness's testimony about selling a liability insurance policy to Defendant can be used to support the claim that Defendant had ownership of or responsibility for the airplane, answer (D) is correct.",,-100.0,-14.750000953674316,-16.875,-5.512236498361744e-07,0.9999995603023307
mbe_1130,REAL PROP.,1998,train,"Opal owned several vacant lots in ABC Subdivision. She obtained a $50,000 loan from a lender, Bank, ",D,D,True,1,1384,96,"D  
Reasoning: The gold passage indicates that a material and obvious alteration to a written instrument creates a presumption that the alteration occurred before the instrument was executed and delivered. Since the release of Lot 5 was altered to include it alongside Lot 2, this alteration is material and obvious. Therefore, the alteration is ineffective, and Bank's original mortgage remains valid against Lot 5. Thus, the court should rule in favor of Bank, making answer (D) correct.",,-8.157357215881348,-4.032357215881348,-4.282357215881348,-0.03235702961683273,0.9681705120226107
mbe_1131,CRIM. LAW,1998,train,"If Miller moves to suppress his admission about killing his neighbor, the court should",A,A,True,1,1582,98,"A  
Reasoning: The gold passage establishes that for a Miranda waiver to be valid, it must be voluntary, meaning it should be the product of a free and deliberate choice without intimidation, coercion, or deception. Since Miller was threatened by a deputy during the questioning, this suggests that his admission was not made voluntarily. Therefore, the court should grant the motion to suppress his admission based on the lack of a voluntary waiver of his right to silence, making answer (A) correct.",,-0.10802837461233139,-2.6080284118652344,-4.108028411865234,-100.0,0.9087599273473497
mbe_1132,CRIM. LAW,1998,train,"If Miller moves to exclude the introduction of Jones's clothing into evidence, the court should",C,C,True,1,1550,86,"C  
Reasoning: The gold passage establishes that open fields do not provide a reasonable expectation of privacy, as they are accessible to the public and police. Since the clothing was found in an area that is considered an open field, Miller had no expectation of privacy regarding that area, making the introduction of the clothing into evidence permissible. Therefore, the court should deny the motion to exclude the evidence, making answer (C) correct.",,-100.0,-100.0,-21.75,-100.0,1.0
mbe_1135,CONTRACTS,1998,train,"For this question only, assume the following facts. On October 1, Buyer told Seller, ""I'm increasing",D,D,True,1,1341,87,"D  
Reasoning: The gold passage defines a repudiation as either a statement indicating an intention to breach or a voluntary act that makes performance impossible. Buyer's statement on October 1 does not indicate a clear intention to breach the contract but rather expresses unhappiness and a lack of intent to buy unless legally obligated. Therefore, it does not meet the criteria for repudiation as outlined in the passage, making answer (D) correct.",,-11.250096321105957,-100.0,-9.500096321105957,-9.615255839889869e-05,0.9999121486058122
mbe_1136,CONTRACTS,1998,train,"For this question only, assume the following facts. Buyer unequivocally repudiated the contract on A",C,C,True,1,1471,106,"C  
Reasoning: The gold passage discusses the entitlement to restitution when a party has paid funds due to a mistake of fact, specifically emphasizing that restitution is available only if the receiving party has not materially changed its position in reliance on the payment. In this case, Seller materially changed his position by selling the ranch to Rancher after Buyer's repudiation. Therefore, Buyer cannot prevail in her suit against Seller for breach of contract because she did not retract her repudiation before Seller took this action, making answer (C) correct.",,-16.250003814697266,-100.0,-3.4121114822482923e-06,-100.0,0.9999999123575608
mbe_1137,REAL PROP.,1998,train,"Owner owned a hotel, subject to a mortgage securing a debt Owner owed to Lender One. Owner later acq",A,C,False,1,1762,132,"C  
Reasoning: The gold passage discusses judicial foreclosure as a civil action governed by the Rules of Civil Procedure, which implies that the distribution of proceeds from a foreclosure sale must adhere to the established legal framework. Since Lender One purchased the parking garage for an amount exceeding Lender Two's mortgage balance, the surplus of $200,000 should be allocated to satisfy the claims of both lenders proportionally. Therefore, Lender One should receive $100,000 (to cover the shortfall from the hotel purchase) and Lender Two should receive $100,000 (as part of the surplus from the parking garage sale), making answer (C) correct.",,-3.0518412590026855,-3.6768412590026855,-0.17684121429920197,-100.0,0.9202904091147683
mbe_1139,TORTS,1998,train,The Rapido is a sports car manufactured by the Rapido Motor Co. The Rapido has an excellent reputati,A,A,True,1,1478,107,"A  
Reasoning: The gold passage establishes that a product is considered defectively unreasonably dangerous if there is a reasonable alternative design available that could have avoided or reduced the risk of harm. Since the plaintiff presented evidence of an alternative engine design that would eliminate the stalling problem, the jury could find that the absence of this alternative design rendered the Rapido unreasonably dangerous, which could be a proximate cause of the collision. Therefore, the motion for a directed verdict should be denied, making answer (A) correct.",,-0.018173707649111748,-4.018173694610596,-100.0,-100.0,0.9820137898076129
mbe_1140,EVIDENCE,1998,train,"Pedestrian died from injuries caused when Driver's car struck him. Executor, Pedestrian's executor, ",D,D,True,1,1357,70,"D  
Reasoning: The gold passage states that hearsay is allowed in preliminary hearings when a statute authorizes it. Since the affidavit from Doctor is being used to establish the context for Pedestrian's statement, the judge may consider this hearsay in ruling on the admissibility of Pedestrian's statement. Therefore, answer (D) is correct.",,-100.0,-100.0,-15.375,-4.320199877838604e-07,0.9999997897565682
mbe_1142,TORTS,1998,train,Driver was driving his car near Owner's house when Owner's child darted into the street in front of ,C,C,True,1,1514,149,"C  
Reasoning: The gold passage establishes that to prevail in a claim for negligent infliction of emotional distress (NIED), a plaintiff must show that the defendant engaged in negligent conduct, that the plaintiff suffered serious emotional distress, and that the defendant's negligent conduct was a legal cause of that distress. Importantly, it also states that a plaintiff must establish some predicate injury either to property or to another person in order to recover for NIED. In this case, Owner did not suffer any physical harm, nor was there any physical injury to his child, which means Owner cannot recover for NIED. Therefore, the correct answer is (C) — Owner will not prevail unless Driver was negligent, which is a necessary condition for any claim.",,-100.0,-16.125003814697266,-3.173704271830502e-06,-12.75000286102295,0.9999969983758142
mbe_1143,REAL PROP.,1998,train,"Vendor owned Greenacre, a tract of land, in fee simple. Vendor entered into a valid written agreemen",A,C,False,1,1448,105,"C  
Reasoning: The gold passage defines a marketable title as one that is free from encumbrances and any reasonable doubt to its validity, which implies that a seller has an obligation to convey such a title unless there is a contrary express agreement. Since the contract did not contain any provisions that could be construed as referring to title, it can be inferred that an obligation to convey marketable title is implied. Therefore, Purchaser should be awarded damages for Vendor's breach of contract, making answer (C) correct.",,-7.500589370727539,-10.250589370727539,-0.0005891331238672137,-100.0,0.9994119043288525
mbe_1144,CONST. LAW,1998,train,The state of Red sent three of its employees to a city located in the state of Blue to consult with ,A,A,True,1,1609,103,"A  
Reasoning: The gold passage states that the full faith and credit clause requires states to recognize and enforce the judgments of the courts of other states, giving those judgments the same preclusive force they would enjoy in the originating state. Since the judgment from the Blue state court is final and the state of Red admitted jurisdiction and participated in the trial, the injured persons can recover the full balance of their Blue state court judgment from the state of Red in the enforcement proceeding. Therefore, answer (A) is correct.",,-0.011158646084368229,-100.0,-4.511158466339111,-100.0,0.9890130554162534
mbe_1145,CRIM. LAW,1998,train,"Martha's high school teacher told her that she was going to receive a failing grade in history, whic",A,A,True,1,1354,82,"A  
Reasoning: The gold passage emphasizes that for a defendant to be held liable for a crime involving injury, the State must prove that the defendant's conduct was the proximate cause of the alleged injury. Since Martha's actions did not directly lead to the teacher's death, she can argue that she committed no act that proximately caused the teacher's death, making answer (A) the best defense.",,-19.25021743774414,-100.0,-100.0,-100.0,1.0
mbe_1146,EVIDENCE,1998,train,Plaintiff sued Defendant for personal injuries arising out of an automobile accident. Which of the f,D,B,False,1,1305,79,"B  
Reasoning: The gold passage discusses the reliability of eyewitness testimony and the influence of suggestive feedback on their confidence and accuracy. However, it does not provide any information regarding the rules of cross-examination, specifically about leading questions. Therefore, the passage does not support the idea that a judge should refuse to allow leading questions during cross-examination, making answer (B) an error.",,-2.959135055541992,-0.45913511514663696,-1.2091350555419922,-4.084135055541992,0.6324707911004668
mbe_1147,EVIDENCE,1998,train,Phil is suing Dennis for injuries suffered in an automobile collision. At trial Phil's first witness,A,A,True,1,1265,109,"A  
Reasoning: The gold passage states that evidence of bias, prejudice, or ulterior motives on the part of a witness is relevant at trial because it may discredit the witness or affect the weight given to their testimony. By asking Wanda about Frank beating up Dennis the day before the collision, Dennis is attempting to show potential bias that Frank may have against him, which aligns with the principle outlined in the passage. Therefore, the question is proper as it tends to show the possible bias of Frank against Dennis, making answer (A) correct.",,-0.0009697027853690088,-100.0,-100.0,-100.0,1.0
mbe_1148,REAL PROP.,1998,train,"Thirty years ago Able, the then-record owner of Greenacre, a lot contiguous to Blueacre, in fee simp",A,A,True,1,1792,104,"A  
Reasoning: The gold passage discusses the requirements for establishing a prescriptive easement, which includes the need for continued and uninterrupted use for a specified period. Since Dorcas has regularly used the driveway since acquiring title and the location of the easement was established by Baker's acts, Charlie's defense that the location is governed by reasonableness fails. The established use by Baker and the evidence of regular use by Dorcas support that the location of the easement is fixed, making answer (A) correct.",,-0.08013785630464554,-2.5801379680633545,-7.205137729644775,-100.0,0.9234550657973635
mbe_1150,CONTRACTS,1998,train,"For this question only, assume the following facts. After making the contract with Bank, Computers d",D,A,False,1,1334,98,"A  
Reasoning: The gold passage establishes that a party's breach of contract may be excused under the defense of impossibility of performance when changed circumstances render the promise significantly different from what both parties contemplated at the time of the contract. Since Computers discovered that the technology was unreliable and that no manufacturer could build the contracted-for computer, this situation qualifies as a changed circumstance that makes performance impossible. Therefore, the court will likely decide in favor of Computers, making answer (A) correct.",,-2.4868770196917467e-05,-11.750024795532227,-100.0,-100.0,0.999992110736836
mbe_1151,EVIDENCE,1998,train,Defendant was charged with attempted murder of Victor in a sniping incident in which Defendant alleg,B,B,True,1,1192,45,"B  
Reasoning: The gold passage states that character evidence is generally neither relevant nor admissible. Therefore, the evidence of Defendant's past violent acts should be excluded as improper character evidence, making answer (B) correct.",,-16.625120162963867,-0.00012047011114191264,-100.0,-100.0,0.9999999397642468
mbe_1152,REAL PROP.,1998,train,"Art, who owned Blackacre in fee simple, conveyed Blackacre to Bea by warranty deed. Celia, an adjoin",C,B,False,1,1308,85,"B  
Reasoning: The gold passage states that a warranty deed includes covenants of title, which specifically include a warranty to defend the title against all claims. Since Bea demanded that Art defend her title under the deed's covenant of warranty and Art refused, Bea is entitled to recover her expenses incurred in defending against Celia's action. Therefore, the court should decide in favor of Bea, making answer (B) correct.",,-14.750000953674316,-18.375,-100.0,-100.0,0.025957381310101762
mbe_1153,CONST. LAW,1998,train,Alex contracted for expensive cable television service for a period of six months solely to view the,C,C,True,1,1580,100,"C  
Reasoning: The gold passage establishes that a lawsuit becomes moot when the parties lose a legally cognizable interest in the outcome of the litigation. Since Clark's trial has concluded with a conviction and sentencing, Alex's claim for an injunction to resume televising the trial no longer presents a live controversy. Therefore, the most proper disposition of the motion by the federal court would be to grant the motion, as the subject matter of the controversy has ceased to exist, making answer (C) correct.",,-100.0,-100.0,-19.750001907348633,-100.0,1.0
mbe_1154,TORTS,1998,train,Traveler was a passenger on a commercial aircraft owned and operated by Airline. The aircraft crashe,C,A,False,1,1413,100,"A  
Reasoning: The gold passage establishes that in a wrongful death claim, the plaintiff must prove a wrongful act, neglect, or default of the defendant that proximately caused the death. Since the legal representative offered no evidence as to the cause of the crash, there is no basis to establish that Airline's actions or negligence caused the death. Therefore, the court should grant Airline's motion to dismiss due to the lack of evidence regarding the cause of the crash, making answer (A) correct.",,-2.696889623621246e-06,-13.50000286102295,-100.0,-100.0,0.9999986290430182
mbe_1155,CONST. LAW,1998,train,Company wanted to expand the size of the building it owned that housed Company's supermarket by addi,D,D,True,1,1492,116,"D  
Reasoning: The gold passage establishes that a ""rough proportionality"" test must be applied to determine whether the conditions imposed by the city on a building permit are related to the projected impact of the proposed development. It specifies that the city is required to make an individualized determination that the required dedication (in this case, the child care center) is related in both nature and extent to the impact of the proposed development. Since the city officials presented no evidence or findings to justify the requirement, they failed to meet their burden under this standard, making answer (D) correct.",,-100.0,-100.0,-12.750097274780273,-9.722539834911004e-05,0.9999970976881583
mbe_1156,REAL PROP.,1998,train,"Ollie owned a large tract of land known as Peterhill. During Ollie's lifetime, Ollie conveyed the ea",D,D,True,1,1487,109,"D  
Reasoning: The gold passage discusses the creation of an equitable servitude by estoppel, which requires an express or implied representation that is reasonably foreseeable for the other party to rely on, and that reliance must be reasonable to avoid injustice. The quoted restriction in the conveyance from Ollie to Abel and Betty establishes a clear intent to bind successors to the residential use and lot size requirements, which aligns with the principles of an equitable servitude. Therefore, the court will find the restriction to be valid, making answer (D) correct.",,-7.258631229400635,-5.008631229400635,-6.883631229400635,-0.008631349541246891,0.9915899094649105
mbe_1157,EVIDENCE,1998,train,"At Defendant's murder trial, Defendant calls Witness as his first witness to testify that Defendant ",A,D,False,1,1225,66,"D  
Reasoning: The gold passage states that character evidence is generally not admissible to prove conduct, except in specific situations. Since the passage does not enumerate any exceptions that would allow for the admission of character evidence in this case, the court should exclude the testimony as to both character traits, making answer (D) correct.",,-7.503762722015381,-10.378762245178223,-5.753762722015381,-0.0037625478580594063,0.9962470701293522
mbe_1158,CONST. LAW,1998,train,"The governor of the state of Green proposes to place a Christmas nativity scene, the components of w",B,D,False,1,2687,112,"D  
Reasoning: The gold passage indicates that the display of the crèche (nativity scene) can be justified as having a legitimate secular purpose, specifically to celebrate the Christmas Holiday and depict its historical origins. The passage emphasizes that the inclusion of the crèche does not primarily serve a religious purpose but rather aligns with the broader context of the holiday season. Therefore, displaying the nativity scene alongside other secular exhibits, such as products manufactured in Green, supports the argument that the display is constitutional under the Establishment Clause, making answer (D) correct.",,-100.0,-5.082427024841309,-0.8324272632598877,-0.5824272632598877,0.5586873762644899
mbe_1159,CRIM. LAW,1998,train,Two police officers in uniform were on foot patrol in a neighborhood frequented by drug sellers. The,B,B,True,1,1606,108,"B  
Reasoning: The gold passage discusses the principle that evidence obtained from a search incident to an arrest cannot be used to justify the arrest itself if the arrest is based on a minor violation. In this case, the police's action of seizing the cocaine was a result of their approach to Sandra after she had been ordered to stop, which could be considered an unlawful seizure. Therefore, Sandra's motion to suppress the evidence should be granted because the cocaine was obtained as a result of this unlawful seizure, making answer (B) correct.",,-100.0,-0.12826016545295715,-6.628260135650635,-2.1282601356506348,0.87963224394364
mbe_1160,EVIDENCE,1998,train,"In a federal civil trial, Plaintiff wishes to establish that, in a state court, Defendant had been c",D,B,False,1,1335,102,"B  
Reasoning: The gold passage discusses the concept of judicial notice and emphasizes that it should not deny the opposing party the chance to disprove the fact sought to be noticed. It does not provide support for the admissibility of testimony from a party present at the time of sentencing, as this type of testimony is not mentioned in the context of judicial notice or self-authentication. Therefore, option (B) is the least likely to be permitted as it does not align with the principles outlined in the passage.",,-6.300831317901611,-0.800831139087677,-0.800831139087677,-2.3008310794830322,0.44899083702826065
mbe_1161,REAL PROP.,1998,train,"Three years ago Adam conveyed Blackacre to Betty for $50,000 by a deed that provided: ""By accepting ",A,A,True,1,1519,109,"A  
Reasoning: The gold passage defines the Rule Against Perpetuities, stating that no interest is valid unless it must vest within a certain timeframe. The provision in the deed that allows Adam to repurchase Blackacre for $1,000 if it is used for nonresidential purposes could potentially violate this rule if it creates an interest that does not vest within the required period. Therefore, if the court rules against Adam, it could be because the provision violates the Rule Against Perpetuities, making answer (A) correct.",,-0.02994474396109581,-10.77994441986084,-3.529944658279419,-100.0,0.970667560616077
mbe_1162,CONTRACTS,1998,train,"Loyal, aged 60, who had no plans for early retirement, had worked for Mutate, Inc., for 20 years as ",B,B,True,1,1502,82,"B  
Reasoning: The gold passage discusses reasonable reliance and indicates that if a reasonably prudent person would not have discovered the true facts, then the plaintiffs should recover. Loyal's decision to retire and purchase a recreational vehicle was based on the Board's promise of a lifetime pension, which he reasonably relied upon. This reliance aligns with the standard of reasonable reliance mentioned in the passage, making answer (B) correct.",,-13.875080108642578,-8.0536883615423e-05,-12.375080108642578,-100.0,0.9999948349277074
mbe_1163,CONST. LAW,1998,train,Congress wishes to enact legislation prohibiting discrimination in the sale or rental of housing on ,B,B,True,1,1756,96,"B  
Reasoning: The gold passage discusses Congress's authority to regulate activities that have a substantial effect on interstate commerce. It specifically mentions that Congress can regulate the sale or rental of housing as it relates to interstate commerce, which aligns with the argument in option (B) that the sale or rental of almost all housing could reasonably be deemed to have a substantial effect on interstate commerce. Therefore, option (B) is the most credible argument for congressional authority to enact the proposed statute.",,-100.0,-17.625003814697266,-100.0,-100.0,1.0
mbe_1164,TORTS,1998,train,"Because of Farmer's default on his loan, the bank foreclosed on the farm and equipment that secured ",C,C,True,1,1338,98,"C  
Reasoning: The gold passage indicates that strict liability applies to a defendant who is considered a ""seller"" of a defective product. Since the auctioneer sold the tractor, the question arises whether the auctioneer qualifies as a ""seller"" for strict liability purposes. The passage does not provide support for the auctioneer being classified as a seller, which leads to the conclusion that the defendant should not be held liable under strict liability in tort. Therefore, answer (C) is correct.",,-17.75,-18.75,-1.9361264946837764e-07,-100.0,0.9999999732501814
mbe_1166,EVIDENCE,1998,train,Plaintiff sued Defendant for injuries sustained in an automobile collision. During Plaintiffs hospit,D,D,True,1,1446,102,"D  
Reasoning: The gold passage states that a record made at or near the time by a person with knowledge, kept in the course of a regularly conducted business activity, is admissible. The testimony of the hospital records custodian confirms that Plaintiff's hospital record was made and kept in the ordinary course of the hospital's business, satisfying the requirements outlined in the passage. Therefore, the entry reporting Doctor's diagnosis is admissible as a record of regularly conducted business activity, making answer (D) correct.",,-100.0,-100.0,-8.500205039978027,-0.00020497082732617855,0.9997965730360091
mbe_1168,REAL PROP.,1998,train,"Adam owns Townacres in fee simple, and Bess owns the adjoining Greenacres in fee simple. Adam has ke",B,A,False,1,1445,105,"A  
Reasoning: The gold passage outlines the requirements for establishing a private nuisance, specifically that the defendants' actions must interfere with the use or enjoyment of property rights and cause significant harm. Adam's strongest argument is that the condition of Greenacres has an adverse impact on real estate values, which can be interpreted as a significant harm affecting the enjoyment of his property rights. Therefore, option (A) aligns with the requirement of showing significant harm due to interference with property rights, making it the strongest argument Adam can present.",,-0.1205921545624733,-2.8705921173095703,-2.8705921173095703,-8.37059211730957,0.8864328900614722
mbe_1169,CONTRACTS,1998,train,Breeder bought a two-month-old registered boar at auction from Pigstyle for $800. No express warrant,C,C,True,1,1531,97,"C  
Reasoning: The gold passage discusses the caveat emptor doctrine, which places the duty to examine and judge the value and condition of the property on the buyer, protecting the seller from liability for defects. Since Breeder had the opportunity to examine the boar and was aware of the minimum age for determining fertility, he assumed the risk of the boar's sterility. Therefore, the court will likely decide in favor of Pigstyle, making answer (C) correct.",,-16.00020408630371,-15.500204086303711,-0.00020389800192788243,-8.500204086303711,0.9997962751073368
mbe_1170,TORTS,1998,train,Homeowner owns a house on a lake. Neighbor owns a house across a driveway from Homeowner's property.,A,A,True,1,1351,88,"A  
Reasoning: The gold passage establishes that a sustained and intentional campaign to annoy a neighbor by interfering with the use and enjoyment of the neighbor's property can amount to a private nuisance. Since Homeowner installed the spotlight solely to annoy Neighbor, this action aligns with the definition of a private nuisance as described in the passage. Therefore, Neighbor will prevail based on the intentional nature of Homeowner's actions, making answer (A) correct.",,-7.3458322731312364e-06,-17.75000762939453,-100.0,-100.0,0.9999999804443248
mbe_1171,CRIM. LAW,1998,train,"On May 1, 1987, a car driven by Debra struck Peggy, a pedestrian. On July 1, 1987, with regard to th",D,A,False,1,1566,130,"A  
Reasoning: The gold passage establishes that a conviction for a misdemeanor (such as reckless driving) does not bar a subsequent prosecution for manslaughter that arises from the same incident, particularly when the death of the victim occurs after the initial conviction. Therefore, Debra's double jeopardy claim is not valid, as the manslaughter charge is not considered the same offense as the reckless driving charge. However, the passage does not address the statute of limitations issue, so we cannot conclude that the motion should be granted on that ground. Thus, the motion should be granted only on double jeopardy grounds, making answer (A) correct.",,-0.31851574778556824,-100.0,-5.318515777587891,-1.3185157775878906,0.7274751627089256
mbe_1173,CONST. LAW,1998,train,State Y has a state employee grievance system that requires any state employee who wishes to file a ,A,A,True,1,1794,122,"A  
Reasoning: The gold passage outlines that any gender classification must meet the standard of intermediate scrutiny, requiring the state to provide an ""exceedingly persuasive"" justification for the classification. The justification must serve ""important governmental objectives"" and be ""substantially related"" to achieving those objectives. In this case, the state's attorney's justification for eliminating female arbitrators based on the belief that they would be biased is an overbroad generalization and does not meet the demanding burden of justification required. Therefore, the panel selection process is unconstitutional under the intermediate scrutiny standard, making answer (A) correct.",,-0.00011772842844948173,-100.0,-100.0,-100.0,1.0
mbe_1174,REAL PROP.,1998,train,"Theresa owned Blueacre, a tract of land, in fee simple. Theresa wrote and executed, with the require",C,C,True,1,1524,118,"C  
Reasoning: The gold passage discusses the concept of a condition precedent, which is an event that must occur before a duty to perform arises. In the context of the will, if the court rules that the remainder is contingent, it implies that there is a condition that must be met for the remainder to vest. The choice that suggests a condition that remaindermen must survive Della aligns with the idea of a condition precedent, as it indicates that the right to the remainder is dependent on the survival of Della. Therefore, answer (C) is supported by the passage.",,-3.326911449432373,-3.576911449432373,-0.07691147178411484,-5.076911449432373,0.9296189750727588
mbe_1175,TORTS,1998,train,"Driver negligently drove his car into Pedestrian, breaking her leg. Pedestrian's leg was put in a ca",B,B,True,1,1563,119,"B  
Reasoning: The gold passage establishes that a defendant is liable for all injuries proximately caused by their negligence. Since Driver's negligence caused Pedestrian's initial injury (the broken leg), he is liable for that injury. Furthermore, because Pedestrian's subsequent injury (the broken arm) occurred as a result of her weakened condition from the first injury and was not caused by her own negligence or any intervening cause, Driver's negligence is also deemed the proximate cause of the broken arm. Therefore, Pedestrian can recover from Driver for both injuries, making answer (B) correct.",,-100.0,-0.0807391032576561,-6.3307390213012695,-2.5807390213012695,0.9224960687616144
mbe_1176,CRIM. LAW,1998,train,"FBI agents, without a warrant and without permission of Mexican law enforcement or judicial officers",D,B,False,1,1574,150,"B  
Reasoning: The gold passage establishes that a warrantless arrest does not violate the Fourth Amendment if it is supported by probable cause. Since Steven was kidnapped by FBI agents without a warrant, the legality of his arrest hinges on whether the agents had probable cause at the time of the arrest. The passage does not provide specific details about the circumstances surrounding Steven's arrest, but it implies that if probable cause existed, the arrest could be justified. On the other hand, Joan's arrest occurred in Texas without any mention of probable cause being established in the passage. Therefore, the court should grant Steven's motion to dismiss the indictment due to the lack of a warrant and the potential absence of probable cause, while denying Joan's motion since her arrest was not",,-5.765735626220703,-0.01573565974831581,-4.515735626220703,-6.515735626220703,0.9844503923703604
mbe_1177,CONTRACTS,1998,train,Gourmet purchased the front portion of the land needed for a restaurant he desired to build and oper,C,C,True,1,1606,86,"C  
Reasoning: The gold passage establishes that a valid contract requires mutuality of agreement and legal consideration, which is defined as something acquired by the promisor or forborne by the promisee in exchange for a promise. In this case, Gourmet bargained for and received a quitclaim deed from Hope in exchange for his promise to pay $6,000. This constitutes a valid consideration, making answer (C) correct.",,-7.750770568847656,-8.000770568847656,-0.000770436367020011,-100.0,0.9992343815537621
mbe_1178,TORTS,1998,train,"Athlete, a professional football player, signed a written consent for his team's physician, Doctor, ",A,A,True,1,1300,85,"A  
Reasoning: The gold passage defines battery as the unprivileged touching of one person by another with the intent to bring about contact that is harmful or offensive. Since Athlete did not consent to Surgeon performing the operation, this constitutes an unprivileged touching, making answer (A) correct. The other options do not address the lack of consent directly, which is central to the definition of battery provided in the passage.",,-20.5,-100.0,-100.0,-100.0,1.0
mbe_1179,CONST. LAW,1998,train,"Senator makes a speech on the floor of the United States Senate in which she asserts that William, a",B,B,True,1,1565,97,"B  
Reasoning: The gold passage indicates that the Speech or Debate Clause protects members of Congress from being questioned about their speech or debate in the legislative context. Since Senator's speech was made on the floor of the Senate, it falls under this protection, granting her immunity from defamation claims related to that speech. Additionally, Frank, as her legislative assistant, may assert this immunity for his role in assisting her. Therefore, the court should grant the motion to dismiss for both defendants.",,-100.0,-0.5770440101623535,-0.8270440101623535,-100.0,0.5621765008857981
mbe_1181,CRIM. LAW,1998,train,Smart approached Johnson and inquired about hiring someone to kill his girlfriend's parents. Unknown,C,C,True,1,1276,84,"C  
Reasoning: The gold passage states that the crime of solicitation is complete when the solicitation is made, regardless of whether the act is consummated or any steps are taken towards its completion. Since Smart solicited Johnson to commit murder, the offense was completed at the moment the solicitation was made, making Smart liable for solicitation to commit murder despite his later attempt to withdraw. Therefore, answer (C) is correct.",,-14.625008583068848,-11.750008583068848,-8.537868779967539e-06,-100.0,0.9999916656597612
mbe_1182,CONTRACTS,1998,train,"Retailer, a dry goods retailer, telephoned Manufacturer, a towel manufacturer, and offered to buy fo",B,C,False,1,1383,65,"C  
Reasoning: The gold passage states that price is an essential term of a contract, and without it, there cannot be an enforceable contract. Since Retailer never signed a writing that included a price term, there is no enforceable agreement between Manufacturer and Retailer. Therefore, answer (C) is correct.",,-10.62722110748291,-8.25222110748291,-0.25222137570381165,-1.5022213459014893,0.7770783815847621
mbe_1183,CONST. LAW,1998,train,"Doctor, a resident of the city of Greenville in the state of Green, is a physician licensed to pract",B,B,True,1,1651,126,"B  
Reasoning: The gold passage explains the Privileges and Immunities Clause of Article IV, which ensures that citizens of one state are entitled to the same privileges as citizens of another state. It specifically addresses the issue of residency classifications that favor residents over nonresidents, indicating that such classifications can be invalidated if they burden activities essential to the livelihood of the nation. Since Doctor is being excluded from practicing in the Redville hospital based solely on her residency in Green rather than Red, the Privileges and Immunities Clause would be the most relevant constitutional provision to challenge this exclusion. Therefore, answer (B) is correct.",,-100.0,-16.250076293945312,-100.0,-100.0,1.0
mbe_1184,REAL PROP.,1998,train,"Martin, the owner in fee simple of Orchardacres, mortgaged Orchardacres to Marie to secure the payme",B,B,True,1,1716,95,"B  
Reasoning: The gold passage establishes that a mortgagee can become a mortgagee in possession if the mortgage grants the right to enter and take possession of the mortgaged premises. Since Marie undertook to care for the orchard and harvest the profits due to Martin's absence, she acted as a mortgagee in possession. Therefore, Paul can recover damages from Marie because she was in possession of the property and responsible for its management, making answer (B) correct.",,-13.393208503723145,-0.0182088240981102,-4.018208980560303,-100.0,0.9820122946836803
mbe_1185,TORTS,1998,train,"Actor, a well-known movie star, was drinking Vineyard wine at a nightclub. A bottle of the Vineyard ",C,C,True,1,1551,80,"C  
Reasoning: The gold passage establishes that the right to publicity protects against the appropriation of an individual's name and likeness without consent for the financial gain of the appropriator. Since Vineyard used Actor's photograph in a wine advertisement for commercial purposes without Actor's consent, Actor has a valid claim for violation of his right to publicity. Therefore, Actor will prevail, making answer (C) correct.",,-10.750027656555176,-12.875027656555176,-2.7968066206085496e-05,-100.0,0.9999759938717422
mbe_1187,CONTRACTS,1998,train,"Buyer mailed a signed order to Seller that read: ""Please ship us 10,000 widgets at your current pric",D,D,True,1,1534,62,"D  
Reasoning: The gold passage indicates that once an offer is accepted, it becomes irrevocable. In this case, Seller accepted Buyer's order by mailing the acceptance letter before Buyer attempted to revoke the order. Therefore, a contract was formed when Seller accepted the order, making answer (D) correct.",,-2.8123369216918945,-100.0,-9.437336921691895,-0.06233691796660423,0.9398384244336189
mbe_1188,TORTS,1998,train,"As Seller, an encyclopedia salesman, approached the grounds on which Hermit's house was situated, he",A,A,True,1,1437,78,"A  
Reasoning: The gold passage establishes that a landowner may not deliberately or maliciously cause injury to a trespasser. Since Hermit is responsible for the explosive charge that injured Seller, he may be liable for those injuries, regardless of the warning sign. Therefore, if Hermit was responsible for the explosive charge, Seller can recover damages, making answer (A) correct.",,-0.024212665855884552,-7.024212837219238,-3.774212598800659,-100.0,0.9761529454586768
mbe_1189,REAL PROP.,1998,train,Adam owned Blackacre. Adam entered into a written three-year lease of Blackacre with Bertha. Among o,A,A,True,1,1338,127,"A  
Reasoning: The gold passage states that a lease is freely assignable unless there is an express provision in the lease that states otherwise. In this case, the lease explicitly prohibits Bertha from assigning the lease or subletting Blackacre. Bertha's action of allowing Charles exclusive use of the garage for storage constitutes an assignment or subletting, violating the lease. However, allowing Doris to use the fields does not appear to be an assignment or subletting as it does not involve a transfer of rights to the property. Therefore, only action I constitutes a violation of the lease, making answer (A) correct.",,-0.22204922139644623,-4.222049236297607,-1.7220492362976074,-5.222049236297607,0.8011640963427866
mbe_1190,CRIM. LAW,1998,train,Defendant is charged with murder. The evidence shows that she pointed a gun at Victim and pulled the,D,D,True,1,1341,96,"D  
Reasoning: The gold passage establishes that if an accused creates an issue of mistaken belief regarding the culpable mental element of the offense, they are entitled to a defensive instruction of ""mistake of fact."" If the jury believes Defendant's testimony and finds her mistaken belief about the gun being a prop reasonable, it would negate the culpability required for murder. Therefore, she should be found not guilty of both murder and manslaughter, making answer (D) correct.",,-100.0,-18.0,-14.75,-4.320199877838604e-07,0.9999995919836558
mbe_1191,TORTS,1998,train,Del's sporting goods shop was burglarized by an escaped inmate from a nearby prison. The inmate stol,D,B,False,1,2092,106,"B  
Reasoning: The gold passage indicates that business owners have a legal duty to take reasonable security measures to protect against foreseeable criminal acts occurring on their premises. Del's failure to activate the alarm's motion detector can be seen as a negligent act that contributed to the theft of firearms, which were then used in a shooting spree. Since Del was negligent in failing to activate the alarm, which could have prevented the injury to Paula, she is likely to prevail in her lawsuit against Del. Thus, answer (B) is correct.",,-3.7734756469726562,-0.02347560226917267,-8.648475646972656,-100.0,0.9768512578021933
mbe_1192,CONST. LAW,1998,train,"A statute of the state of Texona prohibits any retailer of books, magazines, pictures, or posters fr",A,A,True,1,1486,81,"A  
Reasoning: The gold passage discusses the vagueness doctrine, which is relevant to the First Amendment concerns regarding regulations that limit speech. It states that regulations must provide fair notice of what is prohibited and should not be so vague that they allow for discriminatory enforcement. Therefore, the best defense for Corner Store is that the statute is excessively vague and overbroad, making answer (A) correct.",,-0.0004583135014399886,-100.0,-100.0,-100.0,1.0
mbe_1193,EVIDENCE,1998,train,In an arson prosecution the government seeks to rebut Defendant's alibi that he was in a jail in ano,A,A,True,1,1300,68,"A  
Reasoning: The gold passage states that testimony indicating a diligent search failed to disclose a record is not inadmissible under the hearsay rule. Therefore, Witness's testimony about not finding any record of Defendant's incarceration is admissible as evidence of the absence of an entry from a public record, making answer (A) correct.",,-0.000913370808120817,-100.0,-100.0,-100.0,1.0
mbe_1355,CONST. LAW,"Because the ordinance is not related to the exercise of a fundamental right or based on a suspect trait, it need only rationally relate to some legitimate governmental interest. Under the Equal Protection Clause, which is implicated because the ordinance treats some city employees differently from others, a governmental classification must be necessary to promote a compelling state interest when it relates to who may exercise a fundamental right or when it is based on a suspect trait (e.g., race or national origin). If a quasi-suspect classification (e.g., gender or legitimacy) is involved, the classification will be upheld if it is substantially related to an important government interest. In all other cases, the classification is valid if there is any conceivable basis on which it might relate to any legitimate governmental interest. This ""rational basis"" test is used for all classifications that relate only to matters of economics or social welfare. The right of police officers and firefighters to hold second jobs is not a fundamental right that will trigger strict scrutiny. In addition, the ordinance is not based on a suspect or quasi-suspect classification. Therefore, the validity of the ordinance is judged according to the ""rational basis"" test. A party attacking a classification under this test bears the difficult burden of demonstrating to the court that the classification does not have a rational relationship to a legitimate interest of government.",train,"A city passed an ordinance prohibiting all of its police officers and firefighters from ""moonlightin",D,C,False,1,1525,85,"C  
Reasoning: The gold passage indicates that the ordinance is evaluated under the ""rational basis"" test because it does not relate to a fundamental right or a suspect classification. The city has a significant interest in ensuring that police officers and firefighters are readily available for emergencies, which justifies the ordinance. Therefore, the ordinance is constitutional as it rationally relates to a legitimate governmental interest, making answer (C) correct.",,-100.0,-100.0,-0.00043376852408982813,-7.750433921813965,0.9995694429846469
mbe_408,nan,MBE-1978-83-part6,train,A statute of the state of Tuscarora made it a misdemeanor to construct any building of more than fiv,C,C,True,1,1440,96,"C  
Reasoning: The gold passage explains that the Supremacy Clause invalidates state laws that conflict with federal law, particularly when compliance with both is impossible or when state law obstructs federal objectives. In this case, the construction company built the federal office building according to federal specifications, and the state sprinkler requirement directly conflicts with those federal regulations. Therefore, the company's strongest defense is that the state sprinkler requirement violates the Supremacy Clause, making answer (C) correct.",,-100.0,-100.0,-20.625,-100.0,1.0
mbe_890,CONTRACTS,1991-July,train,"For this question only, assume the following facts. On November 26, Galley without legal excuse repu",B,B,True,1,1477,97,"B  
Reasoning: The gold passage outlines the criteria for recovering expectation damages, which include that the damages must be reasonably foreseeable, caused by the breach, and shown with reasonable certainty. Joiner would have made a profit of $3,000 on the job, which is his expectancy damages. Since Galley's repudiation allows Joiner to claim these damages, and they are foreseeable and certain, Joiner is entitled to recover $3,000, making answer (B) correct.",,-8.880436897277832,-0.0054367585107684135,-5.255436897277832,-100.0,0.9946415088369078
mbe_991,nan,1992,train,"For this question only, assume that Prentis demonstrates that common carriers are permitted to trans",B,B,True,1,1638,141,"B  
Reasoning: The gold passage discusses the ""Dormant Commerce Clause,"" which prohibits states from enacting legislation that discriminates against or excessively burdens interstate commerce. In this case, the differentiation between common carriers transporting snipe traps and private individuals is likely to be justified if there is a rational basis for it. The passage implies that states can regulate commerce as long as they do not engage in protectionist policies that favor local interests over interstate commerce. Therefore, the application of the Midland statute to Prentis, as a private individual, while allowing common carriers to transport snipe traps, can be found constitutional because there is a rational basis for this differentiation, making answer (B) correct.",,-8.750211715698242,-0.00021140782337170094,-10.500211715698242,-100.0,0.9998140368715159
mbe_47,nan,MBE-1972-78-part2,train,"If Parker asserts a claim against Driver for damage to Parker's automobile, the most likely result i",A,C,False,1,1555,99,"C  
Reasoning: The gold passage defines contributory negligence as conduct by the plaintiff that falls below the standard of care necessary for their own protection and contributes to their harm. Parker's act of parking unlawfully in front of a fire hydrant constitutes contributory negligence, as it violates the ordinance designed to ensure access to the hydrant. Therefore, Parker is likely to be found contributorily negligent as a matter of law, which would bar his recovery against Driver for the damage to his automobile.",,-100.0,-100.0,-5.2166411478538066e-05,-10.250052452087402,0.9999646437593582
mbe_48,nan,MBE-1972-78-part2,train,If City asserts a claim against Driver for the damage to the fire hydrant and Driver was negligent i,A,A,True,1,1459,99,"A  
Reasoning: The gold passage establishes that legal cause is established if an injury was foreseeable as the type of harm that a reasonable person would expect to see as a likely result of their conduct. Since Driver's negligence in swerving his car led to the damage of the fire hydrant, it is foreseeable that such an action could result in harm to City. Therefore, Driver's negligence is both a cause in fact and a legal cause of City's harm, making answer (A) correct.",,-0.005328385625034571,-5.255328178405762,-100.0,-100.0,0.9947798732303775
mbe_72,nan,MBE-1972-78-part3,train,"Derrick testified in his own behalf that he was going 30 m.p.h. On cross-examination, Price's counse",B,B,True,1,1351,108,"B  
Reasoning: The gold passage states that a statement by a party-opponent is considered an admission and is admissible as an exception to the hearsay rule if it meets certain requirements. Derrick's statement to the Officer about driving 40 m.p.h. is a conscious acknowledgment of a fact relevant to the case (his speed at the time of the accident) and is inconsistent with his current testimony of driving 30 m.p.h. Therefore, Officer's testimony is admissible as an admission, making answer (B) correct.",,-100.0,-18.25,-100.0,-100.0,1.0
mbe_107,nan,MBE-1972-78-part4,train,Mammoth's counsel seeks to have Sheriff testify that while he was investigating the accident he was ,A,A,True,1,1383,88,"A  
Reasoning: The gold passage states that a statement by a party-opponent can be considered an admission and is admissible as an exception to the hearsay rule if it meets certain requirements. Pemberton's statement, ""This was probably our fault,"" is a conscious acknowledgment of facts relevant to the cause and is unfavorable to Pemberton's position. Therefore, it qualifies as an admission, making answer (A) correct.",,-0.000851201475597918,-100.0,-10.75085163116455,-7.250851154327393,0.9992689150548095
mbe_597,CONTRACTS,1991-Feb,train,"For this question only, assume the following facts. Shortly before the agreement was signed, Ohner a",B,C,False,1,1555,89,"C  
Reasoning: The gold passage explains the parol evidence rule, which prohibits the introduction of prior or contemporaneous oral agreements that contradict the terms of a written contract. Since the oral agreement required approval by a third party (Ohner's spouse) and made the parties' duties conditional, it contradicts the written agreement. Therefore, evidence of the oral agreement is barred by the parol evidence rule, making answer (C) correct.",,-100.0,-16.500123977661133,-0.00012356207298580557,-9.000123977661133,0.9998765372361318
mbe_617,CONTRACTS,1991-Feb,train,Will Elda succeed in an action for $500 brought against Barry after April 30?,B,B,True,1,1412,87,"B  
Reasoning: The gold passage establishes that a beneficiary is considered an intended beneficiary when the promisee intends to give the beneficiary the benefit of the promised performance. In this case, Elda is the intended beneficiary of the agreement between Alice and Barry, as they agreed to make payments to support her. Therefore, Elda will succeed in an action for $500 against Barry after April 30, making answer (B) correct.",,-6.751621246337891,-0.0016212647315114737,-7.751621246337891,-100.0,0.9984009389009142
mbe_692,CONTRACTS,1991-Feb,train,"Fruitko, Inc., ordered from Orchard, Inc., 500 bushels of No. 1 Royal Fuzz peaches, at a specified p",D,D,True,1,1378,106,"D  
Reasoning: The gold passage indicates that a contract is formed when an offer is made and accepted, and acceptance can occur through conduct that manifests intent to accept the offer. Since Orchard shipped the peaches, this action can be viewed as acceptance of the contract terms. However, the passage does not state that Fruitko must accept the peaches if they do not conform to the contract specifications. Therefore, while a contract was formed, Fruitko does not have to accept the non-conforming shipment, making answer (D) correct.",,-10.255276679992676,-100.0,-5.255276203155518,-0.005276330281049013,0.994744885566075
mbe_787,TORTS,1991-July,train,"Doe negligently caused a fire in his house, and the house burned to the ground. As a result, the sun",B,B,True,1,1372,116,"B  
Reasoning: The gold passage indicates that proximate cause is concerned with whether the injury is a natural and probable consequence of the wrongful act. It states that individuals are not responsible for all possible consequences of their negligence, but only those that are probable according to ordinary experience. In this case, Doe's duty to avoid risks created by a fire does not encompass the risk that sunshine would damage Peter's trees, as this is not a probable consequence of Doe's negligence. Therefore, option (B) is the best argument in support of Doe's motion to dismiss the complaint.",,-10.47412395477295,-0.47412383556365967,-0.9741238355636597,-100.0,0.6224417412431481
mbe_938,REAL PROP.,1991-July,train,Beach owned a tract of land called Blackacre. An old road ran through Blackacre from the abutting pu,A,A,True,1,1565,142,"A  
Reasoning: The gold passage outlines the requirements for establishing a prescriptive easement, which include continued and uninterrupted use for a period of twenty years, the identity of the thing enjoyed, and that the use was adverse under claim of right. In this case, Daniel used the old road for 15 years, which is insufficient to establish a prescriptive easement since the required period is twenty years. Therefore, Carrol cannot compel contribution from Daniel. As for Beach, since he conveyed the right to pass and repass over the old road to Carrol, he is not liable for the repair costs either. Thus, Carrol will lose as to both defendants, making answer (A) correct.",,-0.2567460536956787,-100.0,-1.5067460536956787,-6.131746292114258,0.7756064990374879
mbe_944,CONTRACTS,1991-July,train,"Tess Traviata owed Dr. Paula Pulmonary, a physician, $25,000 for professional services. Dr. Pulmonar",D,C,False,1,1493,139,"C  
Reasoning: The gold passage indicates that contracts are freely assignable unless there is clear language prohibiting assignment. In this case, both assignments (to Bridey and Margin) are valid under New York law. However, since Traviata paid Dr. Pulmonary without knowledge of either assignment, she acted at her peril. Therefore, neither Bridey nor Margin can recover from Traviata. However, Bridey can recover from Dr. Pulmonary because she was the first assignee, while Margin, who is an assignee for value, cannot recover from Dr. Pulmonary since the assignment to her was not the first in time. Thus, answer (C) is correct.",,-3.545466899871826,-4.420466899871826,-0.045466843992471695,-6.420466899871826,0.9574058349253561
mbe_1034,CONTRACTS,1998,train,"For this question only, assume the following facts. Shareholder is willing and ready to consummate t",B,B,True,1,1655,120,"B  
Reasoning: The gold passage explains that a fully integrated agreement discharges prior agreements to the extent that they are within its scope, and evidence of those prior agreements is not admissible to vary or broaden the written terms of the fully integrated agreement. However, if the written agreement is only partially integrated, it discharges prior agreements only to the extent that they are inconsistent with it. Since the oral condition regarding Conglomerate's approval is a condition to the existence of an enforceable obligation, it is not within the scope of the parol evidence rule, making answer (B) correct.",,-8.13798999786377,-0.38798996806144714,-1.1379899978637695,-7.1379899978637695,0.6784407062584253
mbe_4,nan,MBE-1972-78-part2,validation,"Suppose Peg pays the purchase price and accepts a deed. Subsequently, Sue's title to the one acre pr",B,B,True,1,1420,109,"B  
Reasoning: The gold passage discusses the limitations and powers of a trustee in a deed of trust, emphasizing that actions must be in strict compliance with the terms of the instrument. This implies that the terms of the deed are crucial in determining the rights and liabilities of the parties involved. Since the contract between Sue and Peg did not specify the quality of title, the determination of Sue's liability for the inadequate title would be governed by the terms of the deed. Therefore, answer (B) is the most accurate statement regarding Peg's rights.",,-8.149821281433105,-0.024821624159812927,-6.774821758270264,-3.7748215198516846,0.9756243451515222
mbe_5,nan,MBE-1972-78-part2,validation,"Suppose Sue's contract had called for the conveyance of 'a good and marketable title."" Pursuant to t",C,C,True,1,1710,104,"C  
Reasoning: The gold passage discusses the strict construction of restrictive covenants and emphasizes that the interpretation must adhere to the clear meaning of the terms. In this case, since the contract called for a ""good and marketable title,"" and the deed did not contain covenants of title, it suggests that the terms of the deed control Sue's liability. Therefore, Sue is likely to win because the deed's terms, which do not include any warranties, limit her liability regarding the defective title to the one acre.",,-100.0,-7.514621734619141,-0.014621533453464508,-4.514621734619141,0.9884723577076722
mbe_6,nan,MBE-1972-78-part2,validation,"Suppose that before closing, the house on the property had been totally destroyed by fire. In determ",D,D,True,1,1392,101,"D  
Reasoning: The gold passage defines conversion as the unauthorized and unlawful assumption and exercise of dominion and control over the personal property of another, which is relevant in determining the rights of Sue and Peg after the house was destroyed by fire. Since the house is personal property that was destroyed, the concept of conversion applies here, particularly in the context of ownership and control over the property. Therefore, the court would most likely consider the doctrine of conversion in this situation, making answer (D) correct.",,-13.00002384185791,-100.0,-100.0,-2.3795937522663735e-05,0.9999977396758057
mbe_29,nan,MBE-1972-78-part2,validation,Alex and Sam were arrested for holding up a gas station. They were taken to police headquarters and ,C,C,True,1,1367,106,"C  
Reasoning: The gold passage discusses the general admissibility of evidence, specifically stating that evidence of other crimes or acts is not admissible to prove a person's character to show that they acted in conformity with that character. In this context, Sam's silence after Alex's statement does not create a duty for him to respond, and therefore, it should be ruled inadmissible. This aligns with option (C), which states that there was no duty or responsibility on Sam's part to respond, making it the correct choice.",,-8.28018569946289,-8.78018569946289,-0.03018535114824772,-3.5301854610443115,0.9702924589115375
mbe_66,nan,MBE-1972-78-part3,validation,"Dexter, a physician, and Caroline, his patient, had sexual intercourse in his office. Caroline is a ",D,C,False,1,1212,122,"C  
Reasoning: The gold passage states that a valid legal defense against a charge of adultery may involve the failure or physical incapacity to consummate the sex act. Among the options provided, choice (C) suggests that Dexter induced Caroline to believe that he could abort a pregnancy through sexual intercourse, which implies a misunderstanding of the nature of the act and its consequences. This could be interpreted as a form of incapacity or failure to understand the act's implications, making it the most aligned with the defense mentioned in the passage. The other options do not relate to the legal defenses outlined in the passage.",,-2.634756088256836,-100.0,-0.1347561925649643,-100.0,0.9241418126663687
mbe_68,nan,MBE-1972-78-part3,validation,The committee wants you to draft a statute governing the recording of deeds that fixes priorities of,B,A,False,1,1234,98,"A  
Reasoning: The gold passage discusses the validity of deeds and mentions that a deed to personalty does not require attesting witnesses. This implies that eliminating the requirement of witnesses could simplify the process of recording deeds and potentially clarify priorities of title. However, the passage does not provide support for the other options regarding time of recording, declarations of consideration, or the protection of bona fide purchasers. Therefore, option (A) is the best choice based on the information provided in the passage.",,-0.041113950312137604,-3.29111385345459,-6.41611385345459,-100.0,0.9610968822969715
mbe_81,nan,MBE-1972-78-part3,validation,"Henry hated Wanda, his former wife, for divorcing him and marrying John a short time thereafter. Abo",C,C,True,1,1546,78,"C  
Reasoning: The gold passage establishes that contributory negligence is not a defense to an intentional tort. Since Henry's actions were intentionally aimed at causing emotional distress to Wanda, the fact that John was the one who showed her the microphone does not relieve Henry of liability. In fact, Henry's goal of causing distress was achieved regardless of John's involvement, making answer (C) correct.",,-100.0,-100.0,-3.4121114822482923e-06,-12.750003814697266,0.9999970976891832
mbe_102,nan,MBE-1972-78-part4,validation,"Dock had been the unsuccessful suitor of Mary, who had recently announced her engagement to Paul. An",A,A,True,1,1291,72,"A  
Reasoning: The gold passage states that truth is an absolute defense to a defamation claim, meaning that if Dock can prove that his statement about Paul was true, it will serve as a complete defense against the defamation claim. Therefore, answer (A) is correct as it aligns with the principle that truth alone can negate a defamation claim.",,-1.735893965815194e-05,-100.0,-100.0,-19.250017166137695,0.9999999956365369
mbe_130,nan,MBE-1972-78-part4,validation,"Defendant, an avid fan of his home town football team, shot at the leg ofa star playerfor a rival te",C,C,True,1,1412,94,"C  
Reasoning: The gold passage defines murder as the killing of one human being by another with the requisite malevolent state of mind. The defendant shot at the victim with the intent to injure, which demonstrates an intent to do grievous bodily harm. Since the victim died as a result of the defendant's actions, this satisfies the criteria for murder as outlined in the passage. Therefore, the most serious offense of which the defendant could be properly convicted is murder.",,-100.0,-15.250000953674316,-1.0280383548888494e-06,-100.0,0.9999997617630724
mbe_131,nan,MBE-1972-78-part4,validation,"Defendant, a w orker in a metal working shop, had long been teasing Vincent. a young colleague. by c",D,B,False,1,1391,150,"B  
Reasoning: The gold passage defines involuntary manslaughter as an unintentional killing without malice, while engaged in an unlawful activity or with reckless disregard for safety. It also states that a person can act lawfully in self-defense even if they are unlawfully possessing a weapon. In this scenario, Defendant struck Vincent in response to an attack, which could be interpreted as self-defense. However, the act of striking Vincent, resulting in his death, was intentional, which aligns more closely with voluntary manslaughter, as it involves a killing that occurs in the heat of passion or as a result of provocation. Therefore, the most serious offense of which Defendant could be properly convicted is voluntary manslaughter, making answer (B",,-1.4033610820770264,-0.4033610224723816,-2.7783610820770264,-100.0,0.6845124057315854
mbe_137,nan,MBE-1972-78-part4,validation,Which of the following statements concerning the order of performances is LEAST accurate?,C,C,True,1,1424,112,"C  
Reasoning: The gold passage defines a condition subsequent as something that may occur after a promise is made, which will excuse the obligation of a party. However, it does not support the idea that Beta's tendering of good title to the farm is a condition subsequent to Alpha's duty to convey good title to the apartment house. Instead, the passage implies that conditions are typically related to obligations that must be fulfilled before a duty arises, rather than after. Therefore, statement (C) is the least accurate based on the information provided in the passage.",,-100.0,-6.501512050628662,-0.0015122429467737675,-12.75151252746582,0.9984959238510769
mbe_138,nan,MBE-1972-78-part4,validation,Alpha's removal of the shed from the parking area of the apartment house is,A,C,False,1,1392,107,"C  
Reasoning: The gold passage defines a condition precedent as an event that must occur before a party is obligated to perform. In this case, Alpha's removal of the shed is stated to void Beta's obligation to pay the $1,000 if it does not occur within a specified time frame. This indicates that Beta's duty to pay is contingent upon Alpha's action, making Alpha's removal of the shed a condition subsequent to Beta's duty to pay the $1,000. Therefore, answer (C) is correct.",,-3.7816991806030273,-5.031699180603027,-0.03169908747076988,-6.281699180603027,0.9688175004275695
mbe_156,nan,MBE-1978-83-part1,validation,Bell's refusal to pay anything to Ames when he finished painting was a,C,B,False,1,1384,91,"B  
Reasoning: The gold passage defines a ""total breach"" as one that substantially impairs the value of the contract to the injured party, allowing for recovery of damages based on remaining rights to performance. Bell's refusal to pay anything can be considered a partial breach regardless of whether Ames had properly or substantially painted the porch, as the refusal to pay does not depend on the quality of the work done. Therefore, answer (B) is correct.",,-2.5004496574401855,-0.2504497766494751,-2.0004496574401855,-5.5004496574401855,0.7785610930919374
mbe_157,nan,MBE-1978-83-part1,validation,"After cashing the check, Ames sued Bell for $200. Ames probably will",C,C,True,1,1412,77,"C  
Reasoning: The gold passage states that in a breach of contract action, the non-breaching party may recover damages only upon proof of liability. Since Ames cashed the check without objection, it indicates acceptance of the settlement terms proposed by Bell, which likely precludes him from claiming the additional $200. Therefore, Ames will probably not succeed in his lawsuit against Bell.",,-16.5,-17.75,-1.9361264946837764e-07,-100.0,0.9999999121882758
mbe_158,nan,MBE-1978-83-part1,validation,In an action by Bell against Ames for any provable damages Bell sustained because the porch was not ,A,C,False,1,1408,100,"C  
Reasoning: The gold passage indicates that an implied contract can arise from the acts and conduct of the parties, but it also emphasizes the necessity of a mutual intention to contract, which is evidenced by the parties' conduct. In this case, Bell's letter of June 18 constituted a counter-offer to Ames, which Ames did not accept by replying. Therefore, there was no mutual agreement or meeting of the minds regarding the repainting of the porch, making answer (C) correct.",,-100.0,-14.750001907348633,-1.7432603272027336e-06,-14.500001907348633,0.9999991028669349
mbe_199,nan,MBE-1978-83-part1,validation,Which of the following best describes the constitutionality of the Attorney General's action?,D,D,True,1,2406,86,"D  
Reasoning: The gold passage indicates that the decision to prosecute is an exclusively executive act, as the executive power is vested in the President of the United States. The Attorney General, as part of the executive branch, has discretion in prosecutorial decisions, which means that the refusal to sign the indictment is a legal exercise of that discretion. Therefore, the Attorney General's action is legal, making answer (D) correct.",,-100.0,-100.0,-100.0,-2.339278580620885e-06,1.0
mbe_200,nan,MBE-1978-83-part1,validation,"If the Attorney General signs the indictment, the strongest argument Green could urge as a defense i",A,A,True,1,1761,100,"A  
Reasoning: The gold passage indicates that Congress has broad authority to conduct investigations in aid of its legislative function, but this authority is not unlimited. It specifically states that Congress cannot investigate matters committed to the President’s discretion or purely private affairs of ordinary citizens. Therefore, if Green can demonstrate that the questions posed by Congress are unrelated to matters upon which Congress may legislate, she could argue that she is not required to answer them. This makes answer (A) the strongest defense for Green.",,-0.030316278338432312,-5.655316352844238,-6.030316352844238,-3.7803163528442383,0.9712480856526354
mbe_215,nan,MBE-1978-83-part1,validation,"In a collision case, Plaintiff offers in evidence a photograph showing the scene of the accident whi",C,A,False,1,1200,72,"A  
Reasoning: The gold passage states that before an exhibit can be offered into evidence, it must be proven authentic, which involves laying the foundation. The most direct way to establish authenticity of a photograph is through testimony from the photographer, who can confirm that the photograph accurately represents the scene as it was captured. Therefore, answer (A) is correct.",,-0.008810981176793575,-6.758810997009277,-5.008810997009277,-100.0,0.9921532322301752
mbe_225,nan,MBE-1978-83-part1,validation,Leader is a labor leader in Metropolis. Ten years ago he was divorced. Both he and his first wife ha,D,C,False,1,1419,103,"C  
Reasoning: The gold passage outlines the requirements for a plaintiff to prevail in a defamation action, specifically emphasizing the need to prove fault on the part of the publisher, which includes actual malice or negligence. Since the reporter for News believed the story to be true based on reliable sources, it indicates that News did not act with knowledge of falsity or reckless disregard for the truth. Therefore, Leader's first wife would not prevail in her defamation claim against News, making answer (C) correct.",,-100.0,-10.000045776367188,-4.6087021473795176e-05,-100.0,0.9999546021171952
mbe_231,nan,MBE-1978-83-part1,validation,If HDS denies liability on the ground that CP had orally agreed to coordinate with HDS's methods of ,B,B,True,1,1645,83,"B  
Reasoning: The gold passage explains the distinction between a completely integrated agreement and a partially integrated agreement, indicating that a partially integrated agreement allows for additional consistent oral terms. HDS can argue that the memorandum was not a completely integrated agreement, which would support the introduction of the oral agreement regarding coordination with HDS's methods of accounting. Therefore, answer (B) is the most effective argument for HDS.",,-5.753180980682373,-0.003180921310558915,-12.753180503845215,-100.0,0.9968244334190847
mbe_232,nan,MBE-1978-83-part1,validation,"If CP in fact had half-completed the job on June 6, would it then have been entitled to $10,000 ?",D,C,False,1,1566,150,"C  
Reasoning: The gold passage emphasizes the importance of interpreting a contract as a whole and finding the plain meaning of its provisions. In this case, the agreement specifies that HDS will pay CP $20,000 in two equal installments ""within one month of completion"" if CP is successful in shortening the processing time. The phrase ""within one month of completion"" implies that payment is contingent upon successful completion of the work, which includes a standard of satisfactory completion. Since HDS's computer systems manager refused to certify satisfactory completion, CP would not be entitled to the $10,000, as there is a constructive condition precedent requiring at least substantial completion of the work before HDS has a duty to pay. Therefore, answer (C) is",,-100.0,-11.125079154968262,-7.910643762443215e-05,-9.750079154968262,0.9999269714741533
mbe_233,nan,MBE-1978-83-part1,validation,Was the escrow agreement a valid modification?,A,C,False,1,1652,82,"C  
Reasoning: The gold passage states that a modification of an agreement must be supported by valid consideration and requires a party to do, or promise to do, something further than what they are already bound to do. Since the escrow agreement was an oral modification and did not provide any new consideration beyond what was already required in the original contract, it is invalid. Therefore, answer (C) is correct.",,-11.375930786132812,-12.000930786132812,-0.0009308716980740428,-7.0009307861328125,0.9990713580201779
mbe_234,nan,MBE-1978-83-part1,validation,Assume for this question only that the programs completed on July 5 had cut processing time by one-h,C,C,True,1,1604,110,"C  
Reasoning: The gold passage states that in contracts where time is not of the essence, a failure to complete the work within the specified time will not terminate the contract, but will subject the contractor to damages for the delay. Since the question assumes that the programs completed on July 5 had indeed cut processing time by one-half, and there is no indication that time was of the essence in this contract, HDS is not entitled to renounce the contract due to CP's delay in completion. Therefore, answer (C) is correct.",,-14.500000953674316,-100.0,-5.512236498361744e-07,-100.0,0.9999994956527948
mbe_235,nan,MBE-1978-83-part1,validation,Assume for this question only that CP's delay in completion did not give HDS the right to renounce t,D,C,False,1,1631,88,"C  
Reasoning: The gold passage defines a condition subsequent as a contingency that, if it occurs, will defeat a contract already in effect. In this case, the requirement that CP shorten the processing time by one-half is an express condition of the contract. Since CP did not meet this condition (as the processing time was only reduced by 47%), HDS is not liable for breach of contract, making answer (C) correct.",,-14.000000953674316,-100.0,-1.2664456789934775e-06,-100.0,0.9999991684717122
mbe_236,nan,MBE-1978-83-part1,validation,Assume for this question only that CP was in breach of contract because of its four-day delay in com,B,C,False,1,1588,71,"C  
Reasoning: The gold passage states that failure to satisfy a condition precedent is considered an affirmative defense. This implies that if an express condition precedent to HDS's duty to pay has failed, HDS is excused from any obligation to compensate CP. Therefore, CP cannot recover the reasonable value of its services, making answer (C) correct.",,-100.0,-100.0,-20.625,-100.0,1.0
mbe_278,nan,MBE-1978-83-part1,validation,"The prosecution, in its case in chief, offers evidence that when Miller was arrested one day after t",C,C,True,1,1324,94,"C  
Reasoning: The gold passage outlines the criteria for determining whether the prejudicial effect of evidence outweighs its probative value. It suggests that evidence may unduly arouse the jury's emotions or create distractions from the main issues, which could apply to the evidence of heroin and a hypodermic needle in Miller's possession. This evidence could be seen as prejudicial and not directly relevant to the armed robbery charge, thus making answer (C) correct.",,-16.875001907348633,-100.0,-2.816093228830141e-06,-100.0,0.9999999530883195
mbe_279,nan,MBE-1978-83-part1,validation,"The prosecutor offers the testimony of a bartender that when he saw the money in Miller's wallet, he",D,C,False,1,1355,87,"C  
Reasoning: The gold passage discusses the admissibility of evidence and emphasizes that evidence may be excluded if it creates undue prejudice that threatens an injustice. Miller's silence in response to the bartender's statement could be seen as a violation of his privilege against self-incrimination, which is a significant concern in criminal cases. Therefore, the evidence is inadmissible under the principles outlined in the passage, making answer (C) correct.",,-3.8240580558776855,-4.3240580558776855,-0.07405801117420197,-3.3240580558776855,0.9288878877853346
mbe_280,nan,MBE-1978-83-part1,validation,"At the request of police, the teller who was robbed prepared a sketch bearing a strong likeness to M",C,C,True,1,1365,93,"C  
Reasoning: The gold passage discusses the concept of past recollection recorded, which allows a witness to testify from a record made while the information was fresh in their memory. However, since the teller is deceased and cannot verify the accuracy of the sketch or testify about it, the sketch does not meet the requirements for admissibility under this rule. Therefore, the sketch is inadmissible as hearsay not within any exception, making answer (C) correct.",,-12.523249626159668,-3.773249387741089,-0.023249439895153046,-100.0,0.9770190715694527
mbe_281,nan,MBE-1978-83-part1,validation,Miller testified on direct examination that he had never been in the First Bank of City. His counsel,C,B,False,1,1335,97,"B  
Reasoning: The gold passage states that prior consistent statements are admissible as non-hearsay if the individual who made the statement testifies at trial and is subject to cross-examination, and if the statement is offered to rebut an accusation of improper influence, motive, or recent fabrication. Since Miller is testifying and his statement about never being in the bank can be seen as rebutting an implied accusation of fabrication regarding his testimony, this makes answer (B) correct.",,-6.573040008544922,-0.6980400681495667,-0.6980400681495667,-5.698040008544922,0.4976246529716778
mbe_282,nan,MBE-1978-83-part1,validation,"On cross-examination of Miller, the prosecutor asks Miller whether he was convicted the previous yea",A,C,False,1,1183,114,"C  
Reasoning: The gold passage discusses the discretion of a trial court regarding leading questions on direct examination but does not provide any information about the admissibility of prior convictions for impeachment purposes. Therefore, based on the passage, we cannot conclude that the conviction for tax fraud is sufficiently similar to the crime charged (armed robbery) or that it is proper for any other reason. Thus, the most appropriate answer is (C), as it indicates that the conviction has insufficient similarity to the crime charged, which aligns with the lack of support in the passage for the other options.",,-11.001191139221191,-100.0,-0.0011914180358871818,-7.00119161605835,0.9990722779769261
mbe_284,nan,MBE-1978-83-part1,validation,Tess occupied an apartment in a building owned by Len. She paid rent of $125 in advance each month. ,B,B,True,1,1414,105,"B  
Reasoning: The gold passage discusses the doctrine of ""curative admissibility,"" which relates to the introduction of evidence in legal proceedings. While it does not directly address retaliatory eviction, the mention of leveling the playing field suggests that the law may provide protections against retaliatory actions by landlords. Therefore, if Tess succeeds in contesting Len's termination of her tenancy, it would likely be because the jurisdiction recognizes the doctrine prohibiting retaliatory eviction, making answer (B) the most relevant choice based on the passage.",,-100.0,-0.011160651221871376,-100.0,-100.0,1.0
mbe_313,nan,MBE-1978-83-part1,validation,"Lester, the owner in fee simple of a small farm consisting of thirty acres of land improved with a h",D,B,False,1,1380,99,"B  
Reasoning: The gold passage indicates that a covenant for quiet enjoyment is implied in every lease, which includes the landlord's obligation to provide a good title and an unencumbered lease for the term stipulated. Since the government condemnation has affected Tanner's ability to enjoy the property as intended, it suggests a breach of this implied covenant. Therefore, Lester will lose because he has not provided Tanner with the full possession of the property for the entire term, making answer (B) correct.",,-6.501511573791504,-0.0015115276910364628,-12.376511573791504,-100.0,0.9984946076480554
mbe_377,nan,MBE-1978-83-part5,validation,Pedersen's counsel wants to introduce testimony from Sheriff concerning a discussion between Sheriff,D,C,False,1,1379,113,"C  
Reasoning: The gold passage outlines the requirements for an excited utterance to be admissible, which includes the necessity for the declarant (in this case, Passerby) to be under the stress of excitement caused by the startling event. Since the passage does not indicate that Passerby is unavailable as a witness, the statement made by Passerby cannot be admitted through Sheriff’s testimony. Therefore, the trial judge should rule the testimony inadmissible because Passerby has not been shown to be unavailable, making answer (C) correct.",,-6.20365047454834,-8.70365047454834,-0.2036505490541458,-1.7036505937576294,0.8157855343310715
mbe_378,nan,MBE-1978-83-part5,validation,Pedersen's counsel wants to introduce testimony of Sheriff that at the police station Carr told Sher,B,B,True,1,1346,79,"B  
Reasoning: The gold passage outlines the criteria for an admission by a party-opponent to be admissible. Carr's statement, ""I think this was probably my fault,"" is a conscious acknowledgment of fault relevant to the case and inconsistent with his position as a defendant. Therefore, it meets the requirements for admissibility as an admission of a party, making answer (B) correct.",,-100.0,-19.375,-100.0,-100.0,1.0
mbe_379,nan,MBE-1978-83-part5,validation,"Pedersen's counsel wishes to prove that after the accident Carr went to Pedersen and offered $1,000 ",D,D,True,1,1441,98,"D  
Reasoning: The gold passage explicitly states that evidence of offering a valuable consideration in compromising or attempting to compromise a claim is not admissible to prove or disprove the validity or amount of a disputed claim. Therefore, Carr's offer of $1,000 to settle Pedersen's claim is inadmissible, as it falls under the prohibited uses outlined in the passage. This makes answer (D) correct, as it aligns with the policy of the law to encourage settlement negotiations.",,-100.0,-100.0,-100.0,-19.125,1.0
mbe_380,nan,MBE-1978-83-part5,validation,Pedersen's counsel wants to have Sheriff testify to the following statement made to him by Walter Pa,C,C,True,1,1354,112,"C  
Reasoning: The gold passage defines hearsay as an out-of-court statement made by a declarant and offered for the truth of the matter asserted. Walter Passenger's statement about returning from a party where they had been drinking is an out-of-court statement being offered to prove the truth of the matter asserted (that they had been drinking). Since this statement does not fall within any recognized hearsay exception based on the information provided in the passage, it should be ruled inadmissible as hearsay. Therefore, answer (C) is correct.",,-100.0,-100.0,-21.0,-100.0,1.0
mbe_381,nan,MBE-1978-83-part5,validation,"On the evening of the day of the accident, Walter Passenger wrote a letter to his sister in which he",A,A,True,1,1501,83,"A  
Reasoning: The gold passage explains that under the doctrine of present recollection refreshed, a witness can use a writing to jog their memory and then testify from their refreshed recollection. Since Walter Passenger is attempting to use the letter to assist his memory about the accident while still testifying from his own recollection, this situation aligns with the principles of present recollection refreshed, making answer (A) correct.",,-0.0005997385596856475,-7.7505998611450195,-100.0,-100.0,0.9995694429714327
mbe_385,nan,MBE-1978-83-part5,validation,"Chase, as seller, and Scott, as buyer, enter into a written contract for the sale and purchase of la",B,B,True,1,1289,72,"B  
Reasoning: The gold passage defines marketable title as one that can be freely resold and sold at a fair price to a reasonable purchaser. In the absence of any specific reference to the quality of title in the contract, it is implied that Chase is required to convey a marketable title to Scott. Therefore, answer (B) is correct.",,-100.0,-1.9361264946837764e-07,-19.125,-100.0,0.9999999950555485
mbe_404,nan,MBE-1978-83-part6,validation,In an action brought by Bell to enjoin Akers from interfering with Bell's continued use of the commo,D,C,False,1,1803,100,"C  
Reasoning: The gold passage defines an incorporeal hereditament as an intangible right in land, such as an easement, and indicates that it cannot be terminated without a writing. Since Bell holds an easement granted by Akers, it follows that the easement cannot be terminated simply because the necessity for it has changed. Therefore, Bell should prevail in his action to enjoin Akers from interfering with his continued use of the common driveway, making answer (C) correct.",,-9.163227081298828,-100.0,-0.03822726756334305,-3.2882273197174072,0.9625721950302221
mbe_405,nan,MBE-1978-83-part6,validation,In an action brought by Bell to enjoin Ogden from erecting the apartment building in such a way as t,D,D,True,1,1625,73,"D  
Reasoning: The gold passage states that an easement for light and air will not be implied unless there is an absolute necessity that destroys the use of the plaintiff's building. Since Bell has no established easement for light, air, or view, he cannot successfully enjoin Ogden from erecting the apartment building, making answer (D) correct.",,-100.0,-100.0,-100.0,-20.0,1.0
mbe_406,nan,MBE-1978-83-part6,validation,"Dever was indicted for the murder of Vickers by poison. At trial, the prosecutor calls the county co",C,B,False,1,1337,71,"B  
Reasoning: The gold passage indicates that an expert opinion must be based on facts that are competent and held to a reasonable degree of scientific or medical certainty. Since Dr. Wolfe's opinion is based on microphotographic slides that have not been offered in evidence, her opinion is based on facts not in evidence, making answer (B) correct.",,-11.076436996459961,-0.2014366239309311,-1.7014366388320923,-100.0,0.8175618282776207
mbe_407,nan,MBE-1978-83-part6,validation,"At the trial of Davis for a murder that occurred in Newtown, the prosecution called Waite, who testi",B,C,False,1,1336,111,"C  
Reasoning: The gold passage indicates that a witness's refusal to answer cross-examination questions undermines the ability of the trier of fact to rely on the witness's direct testimony. This suggests that the court has a strong interest in ensuring that the accused can adequately defend themselves, which aligns with choice (C). The public interest in allowing an accused to defend themselves outweighs the interest of a non-party witness in claiming the privilege against self-incrimination, thus supporting the judge's order to strike Waite's testimony if she did not answer.",,-7.562677383422852,-2.8126776218414307,-0.06267757713794708,-100.0,0.9394249908739548
mbe_409,nan,MBE-1978-83-part6,validation,"On January 15, Carpenter agreed to repair Householder's house according to certain specifications an",A,D,False,1,1360,102,"D  
Reasoning: The gold passage indicates that the defense of impossibility of performance applies when changed circumstances render the promise significantly different from what both parties contemplated at the time of the contract. If it was known that the area around Householder's property was frequently flooded during March, this fact would support Carpenter's defense by demonstrating that the flooding was a foreseeable circumstance that could prevent him from performing the repairs as agreed. Thus, answer (D) best serves Carpenter as a basis for a defense in this situation.",,-3.535240411758423,-6.035240650177002,-5.785240650177002,-0.03524050861597061,0.9653824300994971
mbe_414,nan,MBE-1978-83-part6,validation,Pitt sued Dow for damages for injuries that Pitt incurred when a badly rotted limb fell from a curbs,C,B,False,1,1354,81,"B  
Reasoning: The gold passage states that for evidence to be admissible, it must be relevant, material, and competent. The testimony about Dow cutting down the tree a week after the accident does not directly relate to the condition of the tree at the time of the accident, which is the key fact in dispute. Therefore, it is irrelevant to the case, making answer (B) correct.",,-8.000375747680664,-0.0003758575767278671,-10.250375747680664,-12.875375747680664,0.9996267579031216
mbe_430,nan,MBE-1978-83-part6,validation,"A group of children, ranging in age from 8 to 15, regularly played football on the common area of an",A,A,True,1,1626,101,"A  
Reasoning: The gold passage establishes that a landowner has a duty to maintain their property in a reasonably safe condition, which includes considering the likelihood of injury to others. Since the sprinkler head was a hazard that Peter likely would not have discovered, O'Neill may have failed to fulfill his duty to maintain a safe environment for children playing in the common area. Therefore, Peter would prevail if the sprinkler head was indeed a hazard that he probably would not discover, making answer (A) correct.",,-9.014684110297821e-06,-15.875008583068848,-100.0,-100.0,0.999999872480902
mbe_452,nan,MBE-1978-83-part6,validation,Zeller contracted in writing to deliver to Baker 100 bushels of wheat on August 1 at $3.50 a bushel.,C,C,True,1,1464,83,"C  
Reasoning: The gold passage establishes that a breach of contract occurs when a party fails to deliver the goods as promised. Since Zeller only delivered 95 bushels instead of the contracted 100 bushels, he has not fulfilled his contractual obligation to Baker. Therefore, Baker has a cause of action against Zeller for this failure to deliver the full amount, making answer (C) correct.",,-4.758724212646484,-9.258724212646484,-0.008724363520741463,-100.0,0.9913280523594621
mbe_471,nan,MBE-1985-part7,validation,"Pratt sued Danvers for injuries suffered by Pratt when their automobiles collided. At trial, Pratt o",D,D,True,1,1439,118,"D  
Reasoning: The gold passage discusses the admissibility of evidence under the Federal Rules of Evidence, specifically noting that hearsay statements are generally inadmissible, with certain exceptions. The passage does not provide any support for the admissibility of Danvers' letter as an admission by a party-opponent or as a statement against pecuniary interest. Furthermore, it implies that statements made in an effort to settle a claim may not be admissible, which aligns with option (D). Therefore, the letter is inadmissible because it was made in an effort to settle the claim.",,-6.252213954925537,-100.0,-8.252214431762695,-0.0022140119690448046,0.9978130804054615
mbe_472,nan,MBE-1985-part7,validation,"Dobbs, while intoxicated, drove his car through a playground crowded with children just to watch the",D,D,True,1,1533,103,"D  
Reasoning: The gold passage indicates that reckless murder is characterized by a lack of deliberate intent to kill or injure a specific individual, but rather stems from an indifference to or disregard for the risks associated with one's conduct. Dobbs's actions of driving through a playground crowded with children demonstrate a high degree of danger to life and a disregard for the consequences of his actions, aligning with the definition of reckless murder. Therefore, answer (D) is the best theory for finding Dobbs guilty of murder.",,-12.014508247375488,-4.264508247375488,-8.014508247375488,-0.014508172869682312,0.9856044198741112
mbe_475,nan,MBE-1985-part7,validation,"Congress enacts a statute punishing ""each and every conspiracy entered into by any two or more perso",C,C,True,1,1465,94,"C  
Reasoning: The gold passage explains that the Thirteenth Amendment empowers Congress to enforce provisions against slavery and involuntary servitude and has been interpreted broadly to include legislation aimed at erasing ""all badges and incidents of slavery."" The statute punishing conspiracies to deny Black persons housing, employment, or education based on race aligns with this enforcement power, making the Thirteenth Amendment the most justifiable constitutional provision for Congress's authority to pass such a statute.",,-100.0,-100.0,-21.125,-18.625,0.07585818002124356
mbe_483,nan,MBE-1985-part7,validation,If Vintage refuses to distribute the wine through Claret and Claret then sues Vintage for breach of ,D,C,False,1,1472,78,"C  
Reasoning: The gold passage emphasizes the necessity of a definite expression of acceptance and the requirement for mutual assent in contract law. Since the contract between Bouquet and Vintage does not expressly grant enforceable rights to Claret, it indicates that Claret lacks standing to sue for breach of contract. Therefore, Claret is unlikely to prevail in this case, making answer (C) correct.",,-100.0,-100.0,-1.6240566083070007e-06,-15.875001907348633,0.9999998724809931
mbe_484,nan,MBE-1985-part7,validation,"For this question only, assume the following facts. Amicusbank lent Bouquet $200,000 and Bouquet exe",C,A,False,1,1494,81,"A  
Reasoning: The gold passage states that an assignee takes the assigned rights subject to all defenses that the opposing party could assert against the assignor. Therefore, Vintage's strongest argument in defense would be that the Bouquet-Vintage contract did not expressly authorize an assignment of rights, which would prevent Amicusbank from successfully claiming profits under the contract. This makes answer (A) the correct choice.",,-0.4659850001335144,-3.715985059738159,-1.2159850597381592,-2.965985059738159,0.6276574530765706
mbe_485,nan,MBE-1985-part7,validation,"For this question only, assume the following facts. Soon after making its contract with Bouquet, Vin",A,C,False,1,1744,109,"C  
Reasoning: The gold passage indicates that in order for Bouquet to prevail in a breach of contract claim, he must demonstrate with certainty that damages have been caused by the breach and that these damages are not speculative but reasonably certain and directly traceable to the breach. Since Vintage remains in a position to perform under the Bouquet-Vintage contract despite selling its vineyards, it is unlikely that Bouquet can prove that the sale to Agribiz has caused any actual damages that would affect his share of profits. Therefore, answer (C) is correct.",,-3.0504961013793945,-1.5504961013793945,-0.30049610137939453,-100.0,0.7405034186832158
mbe_533,nan,MBE-1989-90-part2,validation,"In 1956, Silo Cement Company constructed a plant for manufacturing ready-mix concrete in Lakeville. ",B,B,True,1,1412,90,"B  
Reasoning: The gold passage defines a private nuisance as a substantial invasion of another's interest in the use and enjoyment of land, which must be substantial, either intentional or negligent, and unreasonable. If the cement dust from Silo's operations interferes unreasonably with Petrone's use and enjoyment of his property, then Petrone would prevail in his claim against Silo. Therefore, answer (B) is supported by the passage.",,-100.0,-18.125,-100.0,-100.0,1.0
mbe_539,nan,MBE-1989-90-part2,validation,A state statute provides that only citizens of the United States may be employed by that state. In a,D,C,False,1,1401,123,"C  
Reasoning: The gold passage indicates that statutes treating similarly situated individuals differently are evaluated under an equal protection analysis, which involves applying different levels of scrutiny based on the classification involved. Since alienage is classified as a suspect classification, the statute in question would be subject to strict scrutiny. Under strict scrutiny, the state bears the burden of demonstrating that the law is necessary to achieve a compelling state interest. Therefore, the correct statement regarding the burden of persuasion in this case is that the state must demonstrate that there is a rational relationship between the citizenship requirement and a legitimate state interest, making answer (C) correct.",,-6.513391494750977,-7.138391494750977,-0.013391263782978058,-4.513391494750977,0.9867604713070919
mbe_557,REAL PROP.,1991-Feb,validation,Anna entered a hospital to undergo surgery and feared that she might not survive. She instructed her,D,A,False,1,1523,150,"A  
Reasoning: The gold passage emphasizes that a deed is not legally effective until it has been delivered, and delivery is determined by the intention of the maker at the time of the transaction. Since Anna executed the deed and it was recorded, the key issue is whether there was a valid delivery of the deed to Bernard. The fact that the gift was made while Anna was alive (inter vivos) rather than in contemplation of death (causa mortis) suggests that the conveyance was intended to be effective immediately, which is consistent with the passage's focus on the intention behind the delivery. Therefore, if Anna loses, it will be because the gift of Blackacre was inter vivos rather than causa mortis, making answer (A) correct.",,-0.019683025777339935,-4.769682884216309,-9.769682884216309,-4.519682884216309,0.9805661696630796
mbe_579,CONST. LAW,1991-Feb,validation,"A federal statute prohibits the sale or resale, in any place in this country, of any product intende",A,A,True,1,1241,92,"A  
Reasoning: The gold passage indicates that Congress has the authority to regulate activities that have a substantial relation to interstate commerce. The federal statute in question, which prohibits the sale or resale of products intended for human consumption that contain designated cancer-causing chemicals, directly relates to commerce and its regulation. Therefore, the constitutionality of the statute can most easily be justified based on Congress's power to regulate commerce among the states, making answer (A) correct.",,-0.004091458860784769,-100.0,-100.0,-100.0,1.0
mbe_584,EVIDENCE,1991-Feb,validation,"Deeb was charged with stealing furs from a van. At trial, Wallace testified she saw Deeb take the fu",B,B,True,1,1519,130,"B  
Reasoning: The gold passage discusses the concept of ""unfair prejudice"" as it relates to admissible evidence under Rule 403. It states that unfair prejudice refers to evidence that may adversely affect a party's position by introducing considerations extraneous to the merits of the case. In this scenario, Wallace's mention of passing a lie detector test, which is not admissible in this jurisdiction, could lead the jury to make a decision based on improper considerations rather than the merits of the case. Therefore, the trial court should grant the motion to strike this unresponsive testimony due to the danger of unfair prejudice, making answer (B) correct.",,-8.750199317932129,-0.00019889144459739327,-10.250199317932129,-100.0,0.9998062188151209
mbe_588,CRIM. LAW,1991-Feb,validation,"After waiting until all the customers had left, Max entered a small grocery store just before closin",C,C,True,1,1268,98,"C  
Reasoning: The gold passage defines the essential elements of attempted robbery as having (1) intent to commit robbery and (2) an overt act towards that commission. In this scenario, Max clearly expressed his intent to commit robbery by threatening the clerk and attempted to carry out that intent by going behind the counter to open the cash register. However, since he did not succeed in opening the register before fleeing, he can be convicted of attempted robbery, making answer (C) correct.",,-100.0,-19.25,-5.512236498361744e-07,-100.0,0.9999999956365353
mbe_621,TORTS,1991-Feb,validation,"If Peterson brings an action, based on negligence, against the grocery store, the store's best defen",D,B,False,1,1569,98,"B  
Reasoning: The gold passage discusses the concept of negligence and the duty of care that a person of ordinary prudence would exercise under the same circumstances. It does not specifically address the duty of a store to control the conduct of its customers. Therefore, the best defense for the grocery store in this case would be that it owes no duty to its customers to control the conduct of other customers, making answer (B) the most appropriate choice based on the information provided in the passage.",,-4.275909900665283,-0.025909841060638428,-4.525909900665283,-7.150909900665283,0.9744898420458724
mbe_622,TORTS,1991-Feb,validation,"If Peterson brings an action, based on negligence, against Dora's mother, will Peterson prevail?",D,D,True,1,1568,150,"D  
Reasoning: The gold passage indicates that parents in Illinois are not liable for the torts of their minor children solely based on the parent-child relationship. However, they may be liable if they failed to adequately control or supervise their children, as outlined in the Restatement. To establish negligent parental supervision, it must be shown that the parents were aware of specific instances of prior conduct that would put them on notice of the likelihood of the act occurring and that they had the opportunity to control the child. Since the passage does not provide evidence that Dora's mother failed to supervise Dora adequately or had prior knowledge of any concerning behavior, Peterson cannot prevail based on the information provided. Therefore, answer (D) is correct, as it aligns with the requirement",,-1.7842645645141602,-2.53426456451416,-8.65926456451416,-0.2842645049095154,0.75258139653282
mbe_623,TORTS,1991-Feb,validation,"If Peterson brings an action, based on negligence, against Dora, Dora's best argument in defense wou",A,A,True,1,1390,74,"A  
Reasoning: The gold passage establishes that the degree of care required of a child must be appropriate to their age, capacity, and experience. Therefore, Dora can argue that she exercised care commensurate with her age, intelligence, and experience, which aligns with the standard set forth in the passage. This makes answer (A) the best defense for Dora.",,-0.0009178895270451903,-7.000917911529541,-100.0,-100.0,0.9990889488256266
mbe_630,CONST. LAW,1991-Feb,validation,The constitution of State X authorizes a fivemember state reapportionment board to redraw state legi,A,A,True,1,1588,104,"A  
Reasoning: The gold passage states that to prove intentional vote dilution under the Fourteenth Amendment, plaintiffs must show both discriminatory purpose and discriminatory effect. Option (A) supports the validity of the reapportionment board's action by indicating that the board complied with state constitutional requirements, which suggests that there was no discriminatory purpose in their actions. This compliance could help demonstrate that the board's intent was not to dilute the voting power of black residents, thus supporting the board's validity in the face of Jones's claims.",,-0.728138267993927,-0.728138267993927,-3.4781382083892822,-5.728138446807861,0.48293645202369406
mbe_632,CRIM. LAW,1991-Feb,validation,Dan entered the police station and announced that he wanted to confess to a murder. The police advis,A,A,True,1,1501,58,"A  
Reasoning: The gold passage establishes that a confession is considered voluntary unless there is coercive police conduct involved in obtaining it. Since the passage does not indicate any coercive police activity in Dan's case, his confession is admissible. Therefore, answer (A) is correct.",,-0.004091935232281685,-100.0,-5.504091739654541,-11.6290922164917,0.9959209944206912
mbe_652,TORTS,1991-Feb,validation,"Desmond fell while attempting to climb a mountain, and lay unconscious and critically injured on a l",C,C,True,1,1296,110,"C  
Reasoning: The gold passage indicates that an actor is liable for injuries sustained by a rescuer only when the rescuer is attempting to help someone placed in danger by the actor's negligent conduct. In this case, Pearson's injuries occurred while trying to rescue Desmond, but the passage does not support the idea that Desmond's peril arose from any negligence on his part. Therefore, Pearson cannot prevail unless it can be shown that Desmond's peril was due to his own failure to exercise reasonable care, making answer (C) correct.",,-3.533233880996704,-6.283234119415283,-0.033233895897865295,-7.158234119415283,0.968117405384652
mbe_653,CRIM. LAW,1991-Feb,validation,"At a party for coworkers at Defendant's home, Victim accused Defendant of making advances toward his",C,C,True,1,1366,88,"C  
Reasoning: The gold passage defines ""malice aforethought"" as a fixed purpose or design to do physical harm to another that exists before the act is committed. This implies that for a murder conviction, the jury must find that the defendant had the intent to kill or to inflict serious bodily harm. Therefore, answer (C) is correct as it aligns with the requirement of malice aforethought necessary for a murder conviction.",,-100.0,-12.514169692993164,-0.014169624075293541,-4.264169692993164,0.985932751356182
mbe_656,TORTS,1991-Feb,validation,"In preparation for a mountain-climbing expedition, Alper purchased the necessary climbing equipment ",D,D,True,1,1409,128,"D  
Reasoning: The gold passage outlines the elements of a products liability claim, emphasizing that a product is considered defective if it is unreasonably dangerous for its intended use and that the defect must have existed at the time the product left the defendant's control. Since Rollins was injured as a result of the malfunctioning safety device, which was intended to protect users like Alper, it is foreseeable that someone in Rollins's position could be injured if the safety device failed. Therefore, Rollins is likely to prevail based on the foreseeability of injury resulting from the defect in the safety device, making answer (D) correct.",,-14.12500286102295,-100.0,-13.50000286102295,-2.816093228830141e-06,0.9999978952239194
mbe_675,CONST. LAW,1991-Feb,validation,In order to provide funds for a system of new major airports near the ten largest cities in the Unit,A,A,True,1,1646,81,"A  
Reasoning: The gold passage indicates that Congress has broad discretion in selecting subjects for taxation and that the courts cannot inquire into the motives behind the tax as long as there is a reasonable relation to the taxing authority conferred by the Constitution. Since the tax on airline tickets is applied uniformly and does not violate the geographical uniformity requirement, it is constitutional. Therefore, answer (A) is correct.",,-0.0019562290981411934,-100.0,-100.0,-100.0,1.0
mbe_709,TORTS,1991-Feb,validation,Deland operates a bank courier service that uses armored trucks to transport money and securities. O,C,C,True,1,1438,94,"C  
Reasoning: The gold passage explains that under a comparative negligence rule, a claimant's damages may be reduced based on their share of responsibility for the damage. It states that damages recoverable are not defeated by the claimant's fault but must be adjusted according to the jury's assessment of the claimant's responsibility. Therefore, Pilcher should recover his entire loss, but it will be reduced by the percentage of negligence attributed to him, making answer (C) correct.",,-100.0,-14.750000953674316,-5.512236498361744e-07,-100.0,0.9999996072139579
mbe_722,EVIDENCE,1991-Feb,validation,"In a prosecution of Dale for murdering Vera, Dale testified that the killing had occurred in self de",A,C,False,1,1453,114,"C  
Reasoning: The gold passage explains that statements reflecting a declarant's then-existing state of mind are admissible under the hearsay exception, but only if they pertain to the declarant themselves. Walter's testimony about Vera's feelings towards Dale does not reflect Vera's own state of mind at the time of the incident but rather is an out-of-court statement about her feelings, which is not admissible under the hearsay exception. Therefore, Walter's testimony is inadmissible as hearsay not within any exception, making answer (C) correct.",,-16.5,-18.75,-3.128163257315464e-07,-100.0,0.9999999245498153
mbe_734,EVIDENCE,1991-Feb,validation,"Denn is on trial for arson. In its case in chief, the prosecution offers evidence that Denn had secr",C,C,True,1,1373,88,"C  
Reasoning: The gold passage states that all relevant evidence is admissible, and evidence is considered relevant if it has any tendency to make a fact of consequence more or less probable. Both Denn's obtaining duplicate insurance and his threatening to kill his ex-wife could be seen as relevant to the arson charge, as they may suggest motive or intent. Therefore, both pieces of evidence should be admitted, making answer (C) correct.",,-11.25002670288086,-14.87502670288086,-2.641841820150148e-05,-100.0,0.9999866462517283
mbe_738,EVIDENCE,1991-Feb,validation,"Roberta Monk, a famous author, had a life insurance policy with Drummond Life Insurance Company. Her",A,A,True,1,2085,119,"A  
Reasoning: The gold passage explains that circumstantial evidence relies on inferences to connect it to a conclusion of fact and can be used to prove facts in issue in a civil case. Peter's testimony about his mother's intention to write under the pen name ""Roberta Rector"" can be considered circumstantial evidence that she was on the plane, as it provides a logical connection to the fact that a passenger named Roberta Rector was on the flight. Therefore, Peter's testimony is admissible as circumstantial evidence that Roberta Monk was on the plane, making answer (A) correct.",,-0.02336835116147995,-100.0,-100.0,-3.7733683586120605,0.9770226302572356
mbe_766,CONTRACTS,1991-July,validation,If County defends by offering proof of the advertisement concerning the possibility of multiple awar,A,C,False,1,1424,105,"C  
Reasoning: The gold passage states that if a contract provision's meaning is uncertain or subject to multiple reasonable interpretations, it is considered ambiguous. However, it does not support the admission of extrinsic evidence if the contract is clear and unambiguous. Since the agreement specifies ""all tires required by this agreement,"" it does not indicate ambiguity that would allow for the introduction of the advertisement as evidence. Therefore, the court should not admit the evidence based on the parol evidence rule, making answer (C) correct.",,-3.048604726791382,-12.298604965209961,-0.04860473424196243,-12.298604965209961,0.9525654425602157
mbe_767,CONTRACTS,1991-July,validation,If the court concludes that the Tyres-County contract is an agreement by County to buy its tire requ,B,C,False,1,1768,104,"C  
Reasoning: The gold passage discusses the nature of contractual obligations and the limitations imposed by state power. It emphasizes that contractual rights are subject to state restrictions and that a contract may carry infirmities related to its subject matter. In this case, the lack of a definite quantity in the Tyres-County agreement suggests an absence of mutuality of obligation, which is necessary for enforceability. Therefore, Tyres is unlikely to recover under the contract due to this indefiniteness, making answer (C) correct.",,-100.0,-11.011072158813477,-0.011072111316025257,-4.511072158813477,0.9889967214404883
mbe_768,TORTS,1991-July,validation,Supermarket is in a section of town where there are sometimes street fights and where pedestrians ar,A,C,False,1,1441,101,"C  
Reasoning: The gold passage establishes that a business generally has no duty to protect customers from crimes unless it knows or has reason to know that such criminal acts are foreseeable. Since Supermarket posted visible warning signs about the presence of pickpockets and muggers, it indicates that they were aware of the potential for criminal activity in the area. Therefore, if the warning signs were plainly visible to Lorner, Supermarket likely fulfilled its duty to warn customers, making answer (C) correct.",,-3.288119077682495,-100.0,-0.038119178265333176,-11.163119316101074,0.9626594498389311
mbe_778,CONTRACTS,1991-July,validation,"Loomis, the owner and operator of a small business, encourages ""wellness"" on the part of his employe",D,A,False,1,1467,102,"A  
Reasoning: The gold passage emphasizes that motive is irrelevant in a breach of contract claim and that the promisee's actions must be evaluated based on the contract terms rather than their motivations. Since Loomis's promise did not induce Graceful to run the specified mile (as she was already capable of doing so), it supports the inference that Loomis's promise was not a motivating factor for her performance. Therefore, Loomis is likely to win the case, making answer (A) the correct choice.",,-0.004122803919017315,-10.629122734069824,-100.0,-5.504122734069824,0.9959057591642626
mbe_782,CONST. LAW,1991-July,validation,The Sports Championship Revenue Enhancement Act is a federal statute that was enacted as part of a c,B,B,True,1,1405,88,"B  
Reasoning: The gold passage establishes that a federal excise tax remains valid even if it discourages the activities taxed and that the revenue generated does not need to be substantial for the tax to be valid. This supports the idea that an act of Congress designed to raise revenue, such as the 50% excise tax on championship sporting events, is constitutional despite any adverse economic consequences. Therefore, answer (B) is correct.",,-16.875045776367188,-4.56102097814437e-05,-100.0,-100.0,0.9999999530883699
mbe_791,TORTS,1991-July,validation,"Dan, an eight-year-old, rode his bicycle down his driveway into a busy highway and Driver had to sto",C,B,False,1,1481,104,"B  
Reasoning: The gold passage discusses the duty of reasonable care and the concept of creating an unreasonable risk of harm. In this case, Peter's injury was a direct result of his mother's knowing violation of a safety statute regarding the use of a baby car seat. Since the passage implies that a violation of safety regulations can contribute to the determination of liability, Peter's injury being attributable to his mother's actions means he is unlikely to prevail in his claim against Dan's parents. Thus, answer (B) is correct.",,-2.584726333618164,-0.08472644537687302,-5.334726333618164,-100.0,0.9196818593833356
mbe_798,CONST. LAW,1991-July,validation,The United States Department of Energy regularly transports nuclear materials through Centerville on,C,C,True,1,1288,102,"C  
Reasoning: The gold passage states that the Supremacy Clause restricts the power of state and local governments to regulate federal offices and officeholders. Since the Department of Energy is a federal agency engaged in a lawful federal function, the local ordinance prohibiting the transportation of nuclear materials through Centerville cannot validly regulate the Department's activities without the consent of Congress. Therefore, the Department of Energy may continue to transport these nuclear materials through the city of Centerville, making answer (C) correct.",,-100.0,-100.0,-20.00000762939453,-100.0,1.0
mbe_799,CRIM. LAW,1991-July,validation,"Dart is charged with the statutory offense of ""knowingly violating a regulation of the State Alcohol",D,B,False,1,1384,94,"B  
Reasoning: The gold passage states that a reasonable mistake of fact can serve as a defense if it negates the mental element required for the crime. If Dart had never been informed that he was required to check the identification of persons over 17 and under 22, this could support a reasonable mistake of fact regarding his obligations under the regulation. Therefore, this finding would be most helpful to Dart in establishing that he lacked the necessary mental state for the offense.",,-7.279699325561523,-0.029699116945266724,-4.529699325561523,-4.029699325561523,0.9707467377803686
mbe_803,CONST. LAW,1991-July,validation,The legislature of the state of Chetopah enacted a statute requiring that all law enforcement office,D,D,True,1,1587,123,"D  
Reasoning: The gold passage indicates that classifications based on alienage are ""inherently suspect and subject to close judicial scrutiny."" This suggests that any law that discriminates against aliens, such as the citizenship requirement for employment, must be carefully examined to determine if it serves a legitimate and substantial governmental interest. Since the citizenship requirement denies Alien the opportunity for employment based solely on his alien status, it raises equal protection concerns under the Fourteenth Amendment. Therefore, the strongest ground for Alien's attack on the citizenship requirement is that it denies him the equal protection of the laws, making answer (D) correct.",,-100.0,-6.752678871154785,-6.502678871154785,-0.0026787486858665943,0.9973328144174618
mbe_811,CONTRACTS,1991-July,validation,"For this question only, assume that soon after the sale, Aberlone won three races and earned $400,00",B,C,False,1,1348,102,"C  
Reasoning: The gold passage states that rescission is appropriate when there is a substantial and fundamental breach that defeats the object of the parties in making the agreement. If Walker establishes that he was inexperienced and did not know how to evaluate young and untested racehorses, it supports the idea that he was fundamentally misled about the value of Aberlone, which could defeat the object of the sale. This makes option (C) the best choice to support Walker's chance of obtaining rescission.",,-4.095038414001465,-1.7200385332107544,-0.22003857791423798,-6.470038414001465,0.8026874194087142
mbe_812,CONTRACTS,1991-July,validation,"Which one of the following scenarios would best support an action by Sherwood, rather than Walker, t",A,C,False,1,1440,100,"C  
Reasoning: The gold passage indicates that an owner can recover for defects that are not readily discoverable by ordinary inspection or for defects that manifest after acceptance. In scenario (C), the clerical error regarding Aberlone's sire is a defect that neither party was aware of at the time of sale and would not have been discoverable through ordinary inspection. This supports Sherwood's action to rescind the sale, as the defect was not apparent and could significantly affect the horse's value.",,-0.8548116087913513,-3.729811668395996,-0.6048116087913513,-5.479811668395996,0.546336787629745
mbe_828,CONST. LAW,1991-July,validation,The National Ecological Balance Act prohibits the destruction or removal of any wild animals located,A,A,True,1,1813,84,"A  
Reasoning: The gold passage indicates that Congress has broad authority under the Property Clause of Article IV, Section 3, to enact rules regarding public lands, which includes the power to impose sanctions for violations. The passage states that the power over public land entrusted to Congress is without limitations, supporting the constitutionality of the National Ecological Balance Act as applied to Hunter. Therefore, answer (A) is correct.",,-0.00022034443099983037,-100.0,-100.0,-100.0,1.0
mbe_831,EVIDENCE,1991-July,validation,Pawn sued Dalton for injuries received when she fell down a stairway in Dalton's apartment building.,D,D,True,1,1269,110,"D  
Reasoning: The gold passage defines hearsay as an assertion made out of court that is offered to prove the truth of the matter asserted. Young's statement, as reported by Witt, is an out-of-court assertion regarding the condition of the carpet and is being offered to prove that the carpet was defective and that Dalton had notice of the defect. Since this statement is hearsay and does not fall within any recognized exception based on the information provided in the passage, it is inadmissible. Therefore, answer (D) is correct.",,-100.0,-100.0,-100.0,-20.25,1.0
mbe_842,CONST. LAW,1991-July,validation,"A statute of the state of Kiowa provided state monetary grants to private dance, theater, and opera ",D,D,True,1,1227,94,"D  
Reasoning: The gold passage states that political activity is protected free speech under the First Amendment. Since the last section of the statute conditions the grant on the recipient's agreement to refrain from political lobbying, this restriction could be challenged as a violation of the First Amendment rights. Therefore, the strongest constitutional basis for an attack upon the validity of the last section of the statute would be based on the First and Fourteenth Amendments, making answer (D) correct.",,-100.0,-100.0,-100.0,-20.375001907348633,1.0
mbe_847,CONTRACTS,1991-July,validation,"Trawf, the manager of a state fair, contracted with Schweinebauch, a renowned hog breeder, to exhibi",C,C,True,1,1501,104,"C  
Reasoning: The gold passage explains that under the contractual defense of impossibility, a party's obligation is discharged if an unforeseen event occurs that makes performance impossible or highly impracticable, without fault of the obligated party. In this case, Megahawg's illness constitutes an unforeseen event that prevents Trawf from fulfilling his contractual obligations. Therefore, Trawf can terminate his own performance and treat Megahawg's illness as discharging all remaining duties under the contract, making answer (C) correct.",,-6.753121852874756,-6.253121852874756,-0.0031218640506267548,-100.0,0.9969082547423638
mbe_850,CRIM. LAW,1991-July,validation,"Sam told Horace, his neighbor, that he was going away for two weeks and asked Horace to keep an eye ",D,D,True,1,1413,120,"D  
Reasoning: The gold passage defines larceny as the wrongful taking and carrying away of another's property with the intent to convert it to the taker's use without the owner's consent. Lewis took Sam's rings without consent, which constitutes larceny. However, the passage does not provide any information that would support Horace being guilty of a crime, as he had permission to be in the house and was not involved in the taking of the rings. Therefore, Lewis is guilty of larceny, and Horace is not guilty of any crime, making answer (D) correct.",,-100.0,-9.000582695007324,-7.750582218170166,-0.0005823421524837613,0.9994461545602333
mbe_885,CRIM. LAW,1991-July,validation,"Despondent over losing his job, Wilmont drank all night at a bar. While driving home, he noticed a c",D,C,False,1,1427,111,"C  
Reasoning: The gold passage establishes that to convict for manslaughter, the conduct must show a ""reckless disregard for human life."" Wilmont's actions of speeding through a stop sign while intoxicated demonstrate a wanton disregard for the rights of others, as he created a situation that was reasonably calculated to produce injury. His belief that he was in danger does not negate the recklessness of his actions, as he was not in actual danger and acted in a manner that was grossly negligent. Therefore, answer (C) is correct.",,-100.0,-100.0,-0.03807833418250084,-3.2880783081054688,0.9626731117188292
mbe_889,CONTRACTS,1991-July,validation,"For this question only, assume that on November 26 Joiner without legal excuse repudiated the contra",B,B,True,1,1485,90,"B  
Reasoning: The gold passage indicates that courts of equity will not enforce specific performance of contracts for personal services that are material or mechanical, and not unique or individual. Since Joiner's contract to remodel Galley's kitchen involves personal services that are likely considered material and mechanical, specific performance would not be available as a remedy. Therefore, this provides Joiner with the best defense against Galley's action for specific performance, making answer (B) correct.",,-17.500001907348633,-1.5048530030981055e-06,-15.000001907348633,-100.0,0.9999996689879308
mbe_891,CRIM. LAW,1991-July,validation,Yancey moves to suppress the use of the jewelry. The court should,D,B,False,1,1838,108,"B  
Reasoning: The gold passage states that warrantless searches are considered unreasonable unless they fall within a recognized exception to the warrant requirement, such as consent or administrative searches. It also mentions that school searches are reasonable if conducted by school personnel on school grounds based on reasonable suspicion. Since the principal conducted the search of Yancey's backpack on school grounds and the context suggests a reasonable suspicion of wrongdoing, the court should deny the motion to suppress the jewelry based on the reasonableness of the school search, making answer (B) correct.",,-8.024606704711914,-0.02460634335875511,-3.774606227874756,-6.899606227874756,0.9757177905826453
mbe_892,CRIM. LAW,1991-July,validation,Assume for this question only that the court denied the motion to suppress the jewelry. Yancey moves,D,D,True,1,1465,105,"D  
Reasoning: The gold passage discusses the voluntariness of a confession, emphasizing that it must be the product of a rational intellect and not the result of coercive tactics. Since the meeting between Yancey and his parents was arranged by the police specifically to elicit an incriminating statement, this suggests that the confession may not have been voluntary, as it could be seen as a tactic that overcomes Yancey's free will. Therefore, option (D) is the best argument for excluding the statement.",,-4.995601177215576,-4.245601177215576,-0.9956011772155762,-0.49560117721557617,0.6093260760462221
mbe_910,REAL PROP.,1991-July,validation,"Oscar, owner of Greenacre, conveyed Greenacre by quitclaim deed as a gift to Ann, who did not then r",B,A,False,1,1414,133,"A  
Reasoning: The gold passage discusses the distinction between donee and creditor beneficiaries in the context of contracts. It defines a donee beneficiary as someone who receives a ""pure donation"" from a contract. In this case, Ann is a donee because she received Greenacre as a gift from Oscar. Since the passage does not provide any information that would support the other options regarding the rights of donees versus subsequent purchasers, the only relevant conclusion we can draw from the passage is that Cal, as a donee, does not have a stronger claim than Ann. Therefore, the court will hold for Cal based on the fact that Ann was a donee.",,-0.20769834518432617,-2.582698345184326,-2.707698345184326,-100.0,0.8509917758902013
mbe_933,CONTRACTS,1991-July,validation,"A burglar stole Collecta's impressionist painting valued at $400,000. Collecta, who had insured the ",D,D,True,1,1452,117,"D  
Reasoning: The gold passage establishes the preexisting duty rule, which states that performing a duty one is already legally bound to do does not constitute valid consideration for a new promise. However, it does not explicitly state that this rule applies when the duty is owed to a third party. Since Snoop's duty to recover the painting was not owed to Collecta but rather to Artistic Insurance Co., the preexisting duty rule does not bar Snoop's claim for the reward. Therefore, Snoop can prevail in his suit against Collecta, making answer (D) correct.",,-1.8138830661773682,-5.313882827758789,-2.313883066177368,-0.31388306617736816,0.7324915876028677
mbe_945,TORTS,1991-July,validation,"Patten suffered from a serious, though not immediately life-threatening, impairment of his circulato",B,C,False,1,1645,127,"C  
Reasoning: The gold passage establishes that a physician has a duty to disclose all material risks involved in a medical procedure, which is essential for the patient to make an informed decision. To succeed on a claim of informed consent, the plaintiff must demonstrate that the existence of a material risk was unknown to them, that the physician failed to disclose it, and that disclosure would have led a reasonable patient to reject the procedure. Since Patten was not informed of the 2% risk of death and could have potentially refused the operation had he known, he would likely prevail on his claim against Cutter, making answer (C) correct.",,-100.0,-16.72408103942871,-0.47408103942871094,-0.9740810394287109,0.6224592972442843
mbe_956,nan,1992,validation,"Purvis purchased a used car from Daley, a used car dealer. Knowing that they were false, Daley made ",C,C,True,1,1384,150,"C  
Reasoning: The gold passage defines deceit as involving the suggestion or assertion of a false fact by someone who does not believe it to be true or has no reasonable ground for believing it to be true. Statement 1 (""This car has never been involved in an accident"") and Statement 2 (""This car gets 25 miles to the gallon on the open highway"") both qualify as assertions of fact that are false and made with the intent to deceive, as they can be objectively verified. Statement 3 (""This is as smooth-riding a car as you can get"") is more subjective and may not meet the standard of a false assertion of fact as defined in the passage. Therefore, Statements 1 and 2 support Purvis' claim",,-7.003459930419922,-6.003459930419922,-0.003459775587543845,-100.0,0.9966208239307381
mbe_959,nan,1992,validation,James and Mary Green were walking to their car one evening after having seen a movie. As they were p,A,A,True,1,1275,115,"A  
Reasoning: The gold passage defines the elements of assault but does not provide a basis for determining the seriousness of the crimes listed. However, based on the scenario, Daves' actions of brandishing a gun and demanding money from James while threatening Mary constitutes robbery, which is a more serious crime than larceny or assault. Robbery involves taking property from a person by force or threat, which aligns with Daves' actions. Therefore, the most serious crime for which Daves may be convicted is robbery from James Green, making answer (A) correct.",,-0.39525046944618225,-100.0,-5.14525032043457,-1.1452504396438599,0.6752111197902474
mbe_962,nan,1992,validation,The President of the United States recognizes the country of Ruritania and undertakes diplomatic rel,C,C,True,1,1622,143,"C  
Reasoning: The gold passage discusses the political question doctrine, which excludes from judicial review controversies that involve policy choices and value determinations that are constitutionally committed to the Executive Branch. Dunn's suit challenges the President's recognition of Ruritania and the undertaking of diplomatic relations, which falls squarely within the realm of political questions. The passage outlines several criteria for determining whether a case presents a political question, including the textually demonstrable constitutional commitment of the issue to a coordinate political department and the impossibility of a court's undertaking independent resolution without disrespecting the Executive Branch. Therefore, the most proper disposition of Dunn's suit is dismissal based on the political question doctrine, making answer (C) correct.",,-15.87501049041748,-100.0,-1.0921942703134846e-05,-100.0,0.999999872480902
mbe_965,nan,1992,validation,"Andres conveyed Applewood Farm ""to Bogatz, her heirs and assigns, so long as the premises are used f",A,A,True,1,1381,109,"A  
Reasoning: The gold passage discusses the Rule Against Perpetuities, stating that an interest must vest within a certain timeframe, specifically not later than twenty-one years after some life in being at the creation of the interest. In this case, Cohen's interest in Applewood Farm is contingent upon the premises being used for residential and farm purposes, which means it does not vest immediately and could potentially vest too remotely. Therefore, Cohen's interest is not valid under the Rule Against Perpetuities, making answer (A) correct.",,-0.017166828736662865,-4.767166614532471,-4.767166614532471,-12.017167091369629,0.9829849837523722
mbe_968,nan,1992,validation,Damson was short of money. He decided to go into Winston's house to take Winston's silverware and th,A,C,False,1,1414,150,"C  
Reasoning: The gold passage defines larceny as the fraudulent taking and carrying away of property with the intention of converting it to a use other than that of the owner without consent. In this case, Damson entered Winston's house with the intent to take the silverware, which constitutes the initial intent for larceny. However, he ultimately did not carry away the silverware, as he returned it before leaving the house. Therefore, while Damson committed burglary by unlawfully entering the dwelling with the intent to commit a crime, he is not guilty of larceny because he did not complete the act of taking the silverware. Thus, the correct answer is (C) guilty of burglary but not guilty of any larc",,-10.280344009399414,-3.530343770980835,-0.0303437989205122,-7.530344009399414,0.9701336347122276
mbe_973,CONST. LAW,1992,validation,"According to a statute of the state of Kiowa, a candidate for state office may have his name placed ",B,B,True,1,1424,114,"B  
Reasoning: The gold passage indicates that when assessing whether a state election law burdens First Amendment rights, it is important to consider the extent to which the law serves the state's interests and whether the burden imposed is severe. If Roderick can establish that the objectives of the statute could be achieved by less burdensome means, this would provide a strong argument against the constitutionality of the petition signature requirement, as it suggests that the law is not narrowly tailored to serve a compelling state interest. Therefore, answer (B) is the strongest argument for Roderick.",,-12.500163078308105,-0.00016325322212651372,-8.750163078308105,-100.0,0.999837838294027
mbe_992,nan,1992,validation,"For this question only, assume that a valid federal administrative rule, adopted under a federal con",D,C,False,1,1725,134,"C  
Reasoning: The gold passage indicates that federal law preempts state law when there is a conflict, but it also notes that preemption applies in various contexts, including when Congress has explicitly allowed for state regulation. In this case, the Midland state statute regulates wild animals, which is a field traditionally reserved for state power. The passage does not suggest that the federal rule regarding the design of snipe traps, aimed at preventing injury to humans, conflicts with the state statute that prohibits possession of snipe traps for conservation purposes. Therefore, the Midland state statute does not appear to be preempted by the federal rule, making answer (C) correct.",,-7.8762006759643555,-8.251200675964355,-0.0012007086770609021,-7.5012006759643555,0.9988069531365895
mbe_993,nan,1992,validation,"After Orris's conveyance to Powell, title to Brownacre was in",A,D,False,1,1400,103,"D  
Reasoning: The gold passage outlines the requirements for a party to claim ownership by adverse possession, which includes continuous, hostile, actual, open, notorious, and exclusive possession for a specified period. In this case, Hull's possession of Brownacre was not sufficient to establish adverse possession because he did not have the title to transfer to Burns, and Burns's lease with Orris does not confer ownership. After Orris conveyed Brownacre to Powell, Powell holds the title, making answer (D) correct.",,-3.869673013687134,-3.369673013687134,-2.869673013687134,-0.11967296153306961,0.8879261336196953
mbe_994,nan,1992,validation,"After Orris's conveyance to Powell, title to the earthen dam was in",A,A,True,1,1558,150,"A  
Reasoning: The gold passage discusses the principles of adverse possession, specifically stating that proof of color of title is not necessary to establish adverse possession. It emphasizes that entry and possession under a claim of right, ownership, or title are sufficient. Since Orris had title to Brownacre in fee simple and Hull's actions did not confer legal title to the dam, the title to the earthen dam would remain with the person who held title to Brownacre in fee simple at the time of the conveyance, which is Orris. After Orris conveyed Brownacre to Powell, title to the earthen dam would thus be in Powell, as he holds the title to the property where the dam is located. Therefore, the correct answer is (",,-0.08485666662454605,-4.3348565101623535,-3.8348567485809326,-3.0848567485809326,0.9194818528430346
mbe_1014,CONTRACTS,1998,validation,"Is Farmer obligated to make the $4,000 payment?",A,A,True,1,1326,85,"A  
Reasoning: The gold passage indicates that a contract is generally not divisible when its parts and consideration are interdependent and common to each other. In this case, the contract for painting the three barns is structured such that Farmer is obligated to pay the total amount only upon completion of all three barns. Therefore, Farmer has no duty to make any payment until the entire contract is fulfilled, making answer (A) correct.",,-0.062032438814640045,-2.812032461166382,-100.0,-100.0,0.9399133510883347
mbe_1015,CONTRACTS,1998,validation,"For this question only, assume that Farmer rightfully refused Painter's demand for payment. If Paint",C,A,False,1,1436,83,"A  
Reasoning: The gold passage discusses consequential damages and does not provide any support for Painter recovering anything other than what is expressly conditioned in the contract. Since the contract explicitly states that payment is conditioned on the completion of all three barns, Painter is not entitled to recover anything for the work done on the first two barns after terminating the contract without completing the third barn. Therefore, answer (A) is correct.",,-0.04009450599551201,-6.915094375610352,-3.2900946140289307,-100.0,0.9617164702486088
mbe_1019,EVIDENCE,1998,validation,"PullCo sued Davidson, its former vice president, for return of $230,000 that had been embezzled duri",A,A,True,1,1296,69,"A  
Reasoning: The gold passage defines circumstantial evidence as proof of collateral facts and circumstances from which the existence of the main fact may be inferred. Witt's testimony about Davidson's bank deposits can be seen as circumstantial evidence suggesting that Davidson may have had the means to embezzle the funds, thus making answer (A) correct.",,-9.014684110297821e-06,-12.750008583068848,-100.0,-12.875008583068848,0.999994536418313
mbe_1039,EVIDENCE,1998,validation,"Plaintiff's estate sued Defendant Stores claiming that Guard, one of Defendant's security personnel,",D,A,False,1,1283,93,"A  
Reasoning: The gold passage defines an ""admission"" as a statement made by a party-opponent or someone in privity with that party. Since Guard was acting as an agent of Defendant Stores when he received instructions from the security director, his statement regarding those instructions qualifies as an admission by a party-opponent. Therefore, the transcript of Guard's testimony is admissible under this exception to the hearsay rule, making answer (A) correct.",,-0.504527747631073,-3.7545278072357178,-1.0045278072357178,-5.129527568817139,0.6041900023697417
mbe_1054,CRIM. LAW,1998,validation,Homer lived on the second floor of a small convenience store/gas station that he owned. One night he,A,C,False,1,1914,101,"C  
Reasoning: The gold passage outlines the criteria for both reckless murder and first-degree arson. Augie's actions of deliberately driving into the gasoline pump demonstrate extreme indifference to human life, fulfilling the criteria for reckless murder as he created a grave risk of death to Homer. Additionally, by intentionally causing an explosion that damaged the building while Homer was present, Augie meets the requirements for first-degree arson. Therefore, Augie should be convicted of both offenses, making answer (C) correct.",,-3.5299973487854004,-8.529997825622559,-0.029997386038303375,-100.0,0.970496091163526
mbe_1057,REAL PROP.,1998,validation,"Abel owned Blackacre in fee simple. Three years ago, Abel and Betty agreed to a month- to-month tena",C,C,True,1,1576,114,"C  
Reasoning: The gold passage explains that under the doctrine of ""part performance,"" an oral agreement can be enforced if it has been partially performed by the party seeking to enforce it and if the agreement is ""clear, certain, and unambiguous"" in its terms. In this case, Betty has fully complied with her obligations under the oral agreement and has made structural modifications to Blackacre, which indicates partial performance. Therefore, the court should rule in favor of Betty, as her actions are clearly referable to the contract, making answer (C) correct.",,-100.0,-100.0,-19.875,-100.0,1.0
mbe_1069,EVIDENCE,1998,validation,"Plaintiff sued Defendant Auto Manufacturing for his wife's death, claiming that a defective steering",A,A,True,1,1374,85,"A  
Reasoning: The gold passage states that evidence is relevant if it logically tends to establish a material fact in the case or supports a reasonable inference regarding a material fact. Testimony concerning the wife's intoxication could provide an alternate explanation for the accident's cause, making it relevant to the case. Therefore, answer (A) is correct as it aligns with the principle of relevance and probative value discussed in the passage.",,-9.949026571121067e-05,-12.875099182128906,-100.0,-9.750099182128906,0.99993914773197
mbe_1071,EVIDENCE,1998,validation,Plaintiff Construction Co. sued Defendant Development Co. for money owed on a cost- plus contract th,B,A,False,1,1319,92,"A  
Reasoning: The gold passage outlines the criteria for admitting a record under the business record exception to the hearsay rule. Since the photocopy of the cost overrun notice was taken from Plaintiff's regular business files and is part of the routine practice of sending such notices, it meets the criteria of being procured in the normal course of business. Therefore, it is admissible, though it is considered hearsay, making answer (A) correct.",,-0.00904988031834364,-4.759049892425537,-7.759049892425537,-100.0,0.990999310566705
mbe_1078,CONST. LAW,1998,validation,A federal statute with inseverable provisions established a new five-member National Prosperity Boar,B,B,True,1,2804,150,"B  
Reasoning: The gold passage emphasizes the importance of the Appointments Clause of Article II, which requires that principal officers of the United States be appointed by the President with the advice and consent of the Senate. The passage indicates that this clause is a significant structural safeguard against congressional encroachment on the Executive Branch. Since the members of the National Prosperity Board, who have broad regulatory powers, are not all appointed in accordance with this clause (specifically, the two members designated by the Senate and House committees), the statute establishing the board is likely unconstitutional. Therefore, answer (B) is correct, as it aligns with the passage's emphasis on the necessity of appointments being made by the President or in a manner consistent with the Appointments Clause",,-100.0,-0.00012916464766021818,-14.250128746032715,-100.0,0.9999993524049308
mbe_1080,TORTS,1998,validation,"In a trial to a jury, Owner proved that Power Company's negligent maintenance of a transformer cause",C,C,True,1,1522,64,"C  
Reasoning: The gold passage clearly states that mental anguish based solely on negligent property damage is not compensable as a matter of law. Since Owner's emotional distress arose from the negligent destruction of his property, the judgment awarding $500,000 for emotional distress should be reversed, making answer (C) correct.",,-100.0,-100.0,-19.875,-100.0,1.0
mbe_1083,CONST. LAW,1998,validation,A federal statute provides that the United States Supreme Court has authority to review any case fil,A,A,True,1,1548,95,"A  
Reasoning: The gold passage indicates that the original jurisdiction of the Supreme Court is limited to cases defined by the Constitution, and that its appellate jurisdiction extends to cases within the judicial power of the United States. Since the case in question has not yet been decided by any lower court, it does not fall within the appellate jurisdiction of the Supreme Court as it has not been adjudicated, making answer (A) the best constitutional argument in support of the EPA's request.",,-0.00047928967978805304,-100.0,-100.0,-11.250479698181152,0.9999869928768469
mbe_1101,CRIM. LAW,1998,validation,"Grace, while baby-sitting one night, noticed that Sam, who lived next door, had left his house but t",D,D,True,1,1336,87,"D  
Reasoning: The gold passage states that under Virginia law, the asportation element of larceny may be imputed to a defendant who acts through an innocent agent. In this case, Grace directed Roy, an innocent agent, to retrieve the television set with the intent to keep it for herself. Therefore, Grace is guilty of larceny by the use of an innocent agent, making answer (D) correct.",,-100.0,-100.0,-16.125,-3.128163257315464e-07,0.9999999006880357
mbe_1114,TORTS,1998,validation,Pat had been under the care of a cardiologist for three years prior to submitting to an elective ope,C,C,True,1,1473,96,"C  
Reasoning: The gold passage outlines the requirements for a negligence claim in a medical malpractice action, which include proving the applicable standard of care, a deviation from that standard, and that the deviation proximately caused the injury. In this case, the plaintiff must show that had a cardiologist examined Pat before the operation, the advice provided would have likely changed the outcome. Without evidence of this, the plaintiff cannot establish the necessary causation, making answer (C) correct.",,-6.25195837020874,-100.0,-0.0019584903493523598,-100.0,0.9980732651056393
mbe_1118,CRIM. LAW,1998,validation,"Scott held up a drugstore at 10:30 at night, and drove away. His car broke down in an isolated area ",D,D,True,1,1553,77,"D  
Reasoning: The gold passage establishes that consensual searches do not violate the Fourth Amendment when the police have been permitted to enter a premises. Since Henry, the homeowner, gave permission for the police to enter his house, the search was valid. Therefore, the police had the authority to enter the house and subsequently find the evidence against Scott, making answer (D) correct.",,-8.500362396240234,-9.000362396240234,-10.250362396240234,-0.0003623985394369811,0.9996378954923901
mbe_1121,TORTS,1998,validation,nan,B,C,False,1,1230,104,"C  
Reasoning: The gold passage outlines the requirements for invoking the doctrine of res ipsa loquitur, which focuses on negligence and control over the instrumentality causing harm. Since the question involves whether Seller can be held liable for Pedestrian's injuries, the key point is that Seller was neither the owner nor the occupier of the house at the time of the incident. Therefore, based on the passage, Seller cannot be held responsible for the event that caused Pedestrian's injury, making answer (C) correct.",,-10.750176429748535,-9.250176429748535,-0.0001761272142175585,-100.0,0.9998824567932169
mbe_1133,TORTS,1998,validation,Passenger departed on an ocean liner knowing that it would be a rough voyage due to predicted storms,C,C,True,1,1326,124,"C  
Reasoning: The gold passage indicates that a violation of a statute constitutes negligence per se only if it protects the class of persons to which the plaintiff belongs and against the type of harm that has occurred. In this case, even though the ocean liner was not equipped with the required lifeboats, the storm was so severe that it would have been impossible to launch any lifeboat, including one that conformed to the statute. Therefore, the harm (drowning due to being swept overboard in a severe storm) was not a result of the violation of the statute, making answer (C) correct.",,-12.750004768371582,-15.500004768371582,-4.961759259458631e-06,-13.250004768371582,0.9999951518167103
mbe_1138,CONTRACTS,1998,validation,Kontractor agreed to build a power plant for a public utility. Subbo agreed with Kontractor to lay t,C,D,False,1,1577,86,"D  
Reasoning: The gold passage establishes that under common law, a breaching party cannot obtain restitution for benefits conferred due to the belief that breach is ""morally unworthy conduct."" Since Subbo committed a material, unexcused breach, he is not entitled to recover anything for the benefits conferred. Therefore, the court's decision should be that neither party recovers anything, making answer (D) correct.",,-6.753842830657959,-6.753842830657959,-6.503842830657959,-0.003842828795313835,0.9961695304879462
mbe_1165,CONTRACTS,1998,validation,"In exchange for a valid and sufficient consideration, Goodbar orally promised Walker, who had no car",B,D,False,1,1693,87,"D  
Reasoning: The gold passage establishes that for a third-party beneficiary to enforce a contract, they must be an intended beneficiary, not an incidental one. In this case, Minivanity Fair was not identified when Goodbar's promise was made, nor were they aware of it at the time of the minivan sale. Therefore, they do not meet the criteria of being an intended beneficiary, making answer (D) correct.",,-100.0,-9.000144004821777,-11.000144004821777,-0.00014442270912695676,0.9998599080650722
mbe_1167,CONST. LAW,1998,validation,A city owns and operates a large public auditorium. It leases the auditorium to any group that wishe,D,D,True,1,1485,98,"D  
Reasoning: The gold passage establishes that the Fourteenth Amendment only applies to actions that can be attributed to the States and does not protect against private conduct, regardless of whether that conduct is discriminatory. Since the organization in question is a private entity and not a state actor, its activities, including the restriction of women from serving in its highest offices, are not subject to the provisions of the Fourteenth Amendment. Therefore, the plaintiff will not prevail, making answer (D) correct.",,-100.0,-100.0,-17.25,0.0,0.9999999677581336
mbe_1180,REAL PROP.,1998,validation,"Six years ago, Oscar, owner of Blackacre in fee simple, executed and delivered to Albert an instrume",B,B,True,1,1463,106,"B  
Reasoning: The gold passage indicates that a life tenant can sell their life estate, which becomes an estate pur autre vie, but does not mention any limitations on the ability of a fee simple owner to convey their property. Since Albert conveyed Blackacre to Bea in fee simple, and the statute states that any deed will be construed to convey the grantor's entire estate unless expressly limited, Bea holds Blackacre in fee simple. Therefore, the correct answer is (B) Bea in fee simple pursuant to Albert's deed.",,-7.251062870025635,-0.0010627019219100475,-8.001062393188477,-100.0,0.998955455213747
mbe_1017,CRIM. LAW,1998,validation,In which of the following situations would Defendant's mistake most likely constitute a defense to t,B,D,False,1,1344,98,"D  
Reasoning: The gold passage states that a mistake of fact can be a defense if it precludes the presence of any mental element required for the crime. In the case of Defendant relying on erroneous advice from his attorney regarding his marital status, if he genuinely believed he was free to remarry, this reasonable mistake could negate the mental element of intent required for the crime of bigamy. Therefore, answer (D) is the most likely situation where Defendant's mistake constitutes a defense.",,-3.5206384658813477,-2.2706384658813477,-2.2706384658813477,-0.27063846588134766,0.7636824550548912
mbe_46,nan,MBE-1972-78-part2,test,"If Ned asserts a claim against Parker, the most likely result is that Ned will",C,C,True,1,1502,100,"C  
Reasoning: The gold passage emphasizes that an injury must be of a character that a reasonably prudent person could foresee as a probable result of an action. In this case, the passage suggests that the injury sustained by Ned was not a foreseeable consequence of Parker's action of parking in front of the fire hydrant. Therefore, it aligns with option (C), indicating that a reasonably prudent person could not foresee injury to Ned as a result of Parker's action, making it the most likely result.",,-13.37591552734375,-13.37591552734375,-0.0009159822366200387,-7.000916004180908,0.9990858474921478
mbe_52,nan,MBE-1972-78-part3,test,"Lee offered to prove by Marks, the restaurant manager, that in the week immediately preceding Paula'",D,D,True,1,1653,111,"D  
Reasoning: The gold passage establishes that for evidence to be admissible, it must be relevant to the issues in the case and have a tendency to establish or disprove a fact that is of consequence to the determination of the action. Marks' testimony about the number of people who used the hallway and the absence of falls does not directly address whether Lee exercised due care on the specific occasion of Paula's fall. Therefore, it does not bear on the issue of Lee's exercise of due care in this instance, making answer (D) correct.",,-13.625019073486328,-11.750019073486328,-11.500019073486328,-1.9385402993066236e-05,0.9999807710781875
mbe_53,nan,MBE-1972-78-part3,test,If Paula offered to prove that the day after she fell Horne had the vinyl tile taken up and replaced,A,A,True,1,1412,98,"A  
Reasoning: The gold passage states that the test of relevancy is whether the evidence renders the claimed inference more probable than it would be without the evidence. In this case, evidence that Horne had the vinyl tile replaced the day after Paula's fall could suggest that he retained control over the hallway and was aware of the unsafe condition, making it relevant to the issue of control. Therefore, the trial judge should rule the evidence admissible for this reason, supporting answer (A).",,-0.09461936354637146,-2.5946192741394043,-5.969619274139404,-4.344619274139404,0.9097872804620307
mbe_69,nan,MBE-1972-78-part3,test,The committee wants you to draft legislation to make all restrictions on land use imposed by deeds (,C,C,True,1,1249,104,"C  
Reasoning: The gold passage discusses sovereign immunity, which pertains to the inability to sue the United States without its consent. This concept is not directly relevant to the considerations in drafting legislation regarding land use restrictions imposed by deeds. The other options (A, B, and D) relate more closely to property rights, contractual obligations, and the state's authority to regulate land use, making them more pertinent to the legislative considerations. Therefore, option C is the least likely to be a consideration in the drafting of such legislation.",,-20.125,-100.0,0.0,-18.375,0.9999999877136366
mbe_70,nan,MBE-1972-78-part3,test,Vetter and Prue each signed a memorandum which stated that Vetter agreed to sell and Prue agreed to ,C,C,True,1,1478,105,"C  
Reasoning: The gold passage emphasizes that a promise or agreement that falls under the statute of frauds must be in writing and signed by the party to be charged. Since the omission of the purchase price is a significant element of the contract, and it must be in writing, Prue cannot rely on oral discussions to enforce the contract. Therefore, Prue should fail in her action for specific performance because the price agreed upon is indeed an essential element that must be documented in writing, making answer (C) correct.",,-100.0,-17.5,-1.9361264946837764e-07,-100.0,0.9999999748900041
mbe_71,nan,MBE-1972-78-part3,test,"Bystander, Price's eyewitness, testified on cross-examination that Derrick was wearing a green sweat",D,D,True,1,1331,77,"D  
Reasoning: The gold passage explains that the collateral evidence doctrine prohibits the introduction of extrinsic evidence to contradict a witness on a collateral matter. Wilson's testimony about the color of Derrick's sweater is not relevant to the important issues in dispute regarding Derrick's negligence in the accident. Therefore, it is considered extrinsic evidence of a collateral matter, making answer (D) correct.",,-14.25013256072998,-11.75013256072998,-9.00013256072998,-0.00013285996101330966,0.9998680706440375
mbe_92,nan,MBE-1972-78-part3,test,"If the claim is asserted against Dave's parents, the most likely result is they will be",B,B,True,1,1429,93,"B  
Reasoning: The gold passage indicates that parents can be held liable for their own negligence in failing to control their child, especially when they should recognize the need for such control to prevent harm to others. Since Dave's parents encouraged his aggressive behavior, they may be found negligent for not taking steps to prevent him from injuring Pete. Therefore, answer (B) is correct as it aligns with the passage's emphasis on parental responsibility in controlling their child's actions.",,-100.0,-18.25,-100.0,-100.0,1.0
mbe_93,nan,MBE-1972-78-part3,test,"If the claim is asserted against Dave, the most likely result is Dave will be",A,C,False,1,1343,68,"C  
Reasoning: The gold passage states that a child under age 7 cannot be negligent. Since Dave is six years old, he falls under this category and is therefore not liable for torts. This makes answer (C) the correct choice, as it aligns with the established rule regarding the liability of minors based on their age.",,-18.75,-19.625,0.0,-100.0,0.9999999898069062
mbe_105,nan,MBE-1972-78-part4,test,Pemberton's counsel proffers evidence showing that shortly after the accident Mammoth put a speed go,C,C,True,1,1362,100,"C  
Reasoning: The gold passage indicates that certain types of evidence may be excluded due to public policy concerns, specifically mentioning ""subsequent remedial measures."" The installation of a speed governor on the truck after the accident can be classified as a subsequent remedial measure, which is typically inadmissible in court to avoid discouraging parties from making improvements or repairs. Therefore, the judge should rule the proffered evidence inadmissible for public policy reasons, making answer (C) correct.",,-100.0,-18.25,-3.128163257315464e-07,-100.0,0.9999999881388763
mbe_106,nan,MBE-1972-78-part4,test,"Pemberton's counsel seeks to introduce Helper's written statement that Edwards, Mammoth's driver, ha",A,C,False,1,1650,103,"C  
Reasoning: The gold passage discusses the admissibility of out-of-court statements made by unavailable witnesses under Rule 804(b)(5). It emphasizes that such statements can be admitted if the witness is unavailable and the statement is more probative than any other evidence that can be reasonably procured. Therefore, Helper's written statement would be admissible only if Helper is shown to be unavailable to testify, making answer (C) correct. The other options do not align with the requirements outlined in the passage.",,-1.7073886394500732,-5.457388401031494,-0.20738857984542847,-100.0,0.8140818801310721
mbe_118,nan,MBE-1972-78-part4,test,In a contract suit between Terrell and Ward. Ward testifies that he recalls having his first convers,D,D,True,1,1324,129,"D  
Reasoning: The gold passage indicates that anything may be used to refresh a witness' recollection, even if it is inadmissible evidence. It also states that the court has discretion to withhold documents if they are seen as a source of direct testimony rather than merely refreshing recollection. Since Ward's reference to the newspaper story is being used to support his recollection of the date of the conversation, it falls within the scope of collateral documents that a witness may refer to without needing to provide the documents themselves. Therefore, the judge should deny the motion to strike the reference to the newspaper story, making answer (D) correct.",,-8.80567455291748,-4.0556745529174805,-3.3056747913360596,-0.05567469075322151,0.9458515976525234
mbe_122,nan,MBE-1972-78-part4,test,Drew is charged with the murder of Pitt. The prosecutor introduced testimony of a police officer tha,B,D,False,1,1258,93,"D  
Reasoning: The gold passage indicates that hearsay statements made to a priest were not considered declarations against penal interest due to the expectation of confidentiality. This suggests that the statements made by Pitt to the priest are not admissible. Since Wall's testimony about Pitt stating he was stabbed by Jack is also hearsay and does not fall under any exception mentioned in the passage, it is irrelevant to any substantive issue in the case, making answer (D) correct.",,-1.6834006309509277,-2.9334006309509277,-2.1834006309509277,-0.43340060114860535,0.6483554982760575
mbe_132,nan,MBE-1972-78-part4,test,"Patty sues Mart Department Store forpersonal injuries, alleging that while shopping she was knocked ",C,C,True,1,1585,82,"C  
Reasoning: The gold passage defines hearsay as an out-of-court statement offered for the truth of its content, which is generally inadmissible unless it fits into a recognized exception. Since Handy is available as a witness, his statement in the report does not fall under the exception for unavailable witnesses. Therefore, the report is inadmissible as hearsay, making answer (C) correct.",,-100.0,-17.875,-3.128163257315464e-07,-100.0,0.999999982742167
mbe_142,nan,MBE-1972-78-part4,test,"If Brenda asserts a claim based on strict liability against Stove Company, she must establish that",D,D,True,1,1472,86,"D  
Reasoning: The gold passage states that a design defect renders a product unreasonably dangerous when considering its utility and the risks involved in its use. For Brenda to establish a claim based on strict liability, she must demonstrate that the stove was defective and unreasonably dangerous to her, which aligns with answer (D). The other options do not directly relate to the requirements for establishing strict liability as outlined in the passage.",,-100.0,-100.0,-100.0,-5.512236498361744e-07,1.0
mbe_143,nan,MBE-1972-78-part4,test,"If Brenda asserts a claim based on strict liability against Local Retailer, she mustestablish that",B,B,True,1,1623,98,"B  
Reasoning: The gold passage outlines that in a product liability lawsuit against a retailer, it must be proven that the product was defective and that the injury was caused by that defect. Since Brenda's claim is based on strict liability, she must establish that the stove was in substantially the same condition at the time it tipped over as when it was purchased from Local Retailer, which aligns with the requirement of proving a defect in the product. Therefore, answer (B) is correct.",,-14.00000286102295,-3.292907877039397e-06,-15.00000286102295,-100.0,0.9999988625697628
mbe_151,nan,MBE-1972-78-part4,test,"Hank owned a secondhand goods store. He often placed merchandise on the sidewalk, sometimes for shor",D,D,True,1,1640,99,"D  
Reasoning: The gold passage discusses the concept of special damages, which are damages that must be specifically stated and are not necessarily a natural consequence of the harmful act. Since the passage emphasizes the requirement for specificity in pleading special damages, it suggests that if Fred had not adequately claimed or specified his special damages in his prior assertion against Hank, then Hank could prevail on the defense that there was no claim for special damage. Therefore, answer (D) is the most supported by the passage.",,-11.500016212463379,-14.125016212463379,-12.250016212463379,-1.6405310816480778e-05,0.9999843512093608
mbe_201,nan,MBE-1978-83-part1,test,Which of the following constitutional provisions may be most easily used to justify federal enactmen,C,C,True,1,1298,75,"C  
Reasoning: The gold passage explains that the Commerce Clause grants Congress the power to regulate commerce among the states and has been used to justify federal legislative power over state activities. Since the UCCC is intended to apply uniformly across the United States and regulate consumer credit, it aligns with the authority provided by the Commerce Clause, making answer (C) the most appropriate choice.",,-100.0,-100.0,-21.25,-100.0,1.0
mbe_202,nan,MBE-1978-83-part1,test,A national religious organization makes loans throughout the country for the construction and furnis,A,B,False,1,1451,77,"B  
Reasoning: The gold passage discusses federal preemption and indicates that for a federal law to apply, there must be a legitimate national interest that justifies its application. Therefore, the federal government must demonstrate that a rational legislature could believe that the UCCC helps achieve a legitimate national interest when applied to both religious and secular lending activities, making answer (B) the correct choice.",,-5.010397434234619,-0.010397392325103283,-6.135397434234619,-100.0,0.9911535209547572
mbe_223,nan,MBE-1978-83-part1,test,"On a foggy night, Vera was clubbed from behind by a man wielding a blackjack. Damon was arrested in ",D,C,False,1,1407,106,"C  
Reasoning: The gold passage states that an out-of-court identification should be suppressed if the police used an unnecessarily suggestive procedure to obtain it, which could lead to a substantial likelihood of irreparable misidentification. Since Damon argues that the photo lineup was unduly suggestive because his picture was the only one common to both lineups, this suggests that the procedure may have been suggestive. Therefore, Damon's objection should be sustained based on the criteria outlined in the passage, making answer (C) correct.",,-8.038389205932617,-10.663389205932617,-0.03838949277997017,-3.2883894443511963,0.96233981923558
mbe_238,nan,MBE-1978-83-part1,test,Dunn was arrested moments after a forcible rape and was prosecuted for it. The victim testified she ,A,A,True,1,1334,105,"A  
Reasoning: The gold passage discusses rebuttal evidence and states that it is admissible when it explains, replies to, or contradicts new matters brought into the case by the accused. The prosecutor's argument that the defense could have introduced the shirt as evidence is a direct response to the inference made by Dunn's counsel regarding the state's failure to present the shirt. Therefore, the prosecutor's argument is proper as rebuttal to the inference that the evidence would be unfavorable to the prosecution, making answer (A) correct.",,-0.00021855637896806002,-12.125218391418457,-8.500218391418457,-100.0,0.9997911529743513
mbe_249,nan,MBE-1978-83-part1,test,"Driving down a dark road, Defendant accidentally ran over a man. Defendant stopped and found that th",C,C,True,1,1368,72,"C  
Reasoning: The gold passage defines robbery as the felonious taking of personal property from another by means of violence or putting in fear. Since Defendant did not use force or instill fear when taking the identification papers, he cannot be guilty of robbery. Therefore, answer (C) is correct as it aligns with the definition provided in the passage.",,-10.000110626220703,-9.750110626220703,-0.00011021859245374799,-12.500110626220703,0.9998925903351978
mbe_287,nan,MBE-1978-83-part1,test,"In a lawsuit by Harriet against Reggie to recover $200, which of the following arguments would plaus",C,C,True,1,1572,150,"C

Reasoning: The gold passage states that parol evidence is only admissible if the terms of a contract are ambiguous and can only be used to interpret, not contradict, the express language of the contract. This means that Harriet cannot use parol evidence to prove consideration for her revocable offer, as the writing clearly states that the offer is revocable at her pleasure. Therefore, argument III is not supported by the passage. However, argument II is valid because it acknowledges that the offer was indeed what Reggie bargained for, which aligns with the express terms of the contract. Argument I is not supported because the passage does not indicate that Harriet's writing could be considered irrevocable despite its wording. Thus, the only plausible argument supporting Harriet",,-2.2724931240081787,-2.0224931240081787,-0.2724930942058563,-6.2724928855896,0.7624345623354628
mbe_288,nan,MBE-1978-83-part1,test,"In a lawsuit by Harriet against Reggie to recover $200, which of the following arguments would plaus",B,B,True,1,1541,137,"B  
Reasoning: The gold passage states that a revocable offer can be revoked at any time prior to acceptance, and that revocation is effective upon receipt. This supports argument I, which claims that any promise implied by Harriet in making her offer was illusory due to the revocability provision. Argument II is not supported by the passage, as it does not address the requirement for revocation of offers in writing involving realty. Argument III is also not supported by the passage, as it does not discuss the implications of the offer being open for only one day. Therefore, the only plausible argument supporting Reggie's position is I, making answer (B) correct.",,-5.01177978515625,-0.011779941618442535,-7.01177978515625,-100.0,0.992408245471224
mbe_289,nan,MBE-1978-83-part1,test,Which of the following would best describe the basis of any duty or duties created by Reggie's oral ,C,C,True,1,1480,108,"C  
Reasoning: The gold passage defines a unilateral contract as one where performance is based on the wish, will, or pleasure of one of the parties. In this case, Reggie's oral promise to pay Harriet $200 for the option to buy her land is contingent upon Harriet's performance of providing a written offer, which aligns with the definition of a unilateral contract. Therefore, the best description of the basis of the duty created by Reggie's promise and Harriet's writing is a unilateral contract, making answer (C) correct.",,-16.5,-100.0,-5.512236498361744e-07,-100.0,0.9999999317439332
mbe_290,nan,MBE-1978-83-part1,test,"In a lawsuit by Norma against Harriet to recover $750 as a brokerage fee, which of the following arg",D,B,False,1,1548,150,"B  
Reasoning: The gold passage outlines the requirements for proving the existence of a contract, which include a meeting of the minds, an offer and acceptance, consideration, and certainty in the terms of the agreement. Argument I supports Harriet's position because it states that she made no promise to pay a fee, which aligns with the requirement of an offer and acceptance. Argument III also supports Harriet's position by asserting that there was no effective offer and acceptance between Norma and Harriet, which is necessary to establish a contract. However, Argument II, which claims there was no bargained-for consideration for the promise, is not supported by the passage since it does not address the specific context of the brokerage fee. Therefore, the correct supporting arguments for Harriet's position",,-3.796880006790161,-0.046880096197128296,-7.04688024520874,-3.796880006790161,0.954246387972194
mbe_301,nan,MBE-1978-83-part1,test,Realco Realtors acquired a large tract of land upon which Realco developed a mobile home subdivision,C,C,True,1,1345,86,"C  
Reasoning: The gold passage discusses the Equal Protection Clause, which mandates that individuals in similar situations must be treated equally. In this case, the issue revolves around whether the restriction on occupancy based on age is a violation of this clause. Therefore, if judgment is for Dawson, it is likely because the enforcement of the age restriction is considered discriminatory under the Equal Protection Clause, making answer (C) the most relevant choice.",,-10.250073432922363,-10.250073432922363,-7.338466093642637e-05,-100.0,0.9999292900019695
mbe_307,nan,MBE-1978-83-part1,test,The best argument that Minicar can make is that,D,D,True,1,1317,87,"D  
Reasoning: The gold passage discusses the constitutional process for appointing federal officers, which includes the President's role in nominating officials with the advice and consent of the Senate. Minicar's best argument is that the Commission lacks authority to enforce its standards because not all of its members were appointed by the President, as this directly relates to the constitutional requirement for appointments. The other options do not find support in the passage provided.",,-6.252029895782471,-100.0,-100.0,-0.0020299924071878195,0.9980732651508609
mbe_308,nan,MBE-1978-83-part1,test,The appropriate decision for the court is to,A,D,False,1,1346,132,"D  
Reasoning: The gold passage outlines the Appointments Clause, which specifies that only the President, a court of law, or a head of department can appoint Officers of the United States, and that the President must do so with the advice and consent of the Senate for principal officers. Since the members of the Automobile Commission are appointed by various officials, including the President pro tempore of the Senate and the Speaker of the House, this method of appointment does not comply with the Appointments Clause. Therefore, the court should order that all members of the Commission be appointed by the President with the advice and consent of the Senate, making answer (D) correct.",,-5.7258734703063965,-3.8508734703063965,-0.8508734107017517,-0.6008734107017517,0.5483895646139344
mbe_326,nan,MBE-1978-83-part1,test,In 1963 Hobson was appointed to a tribunal established pursuant to a congressional act. The tribunal,D,D,True,1,1305,108,"D  
Reasoning: The gold passage specifies that Article III judges hold their office during good behavior and have lifetime appointments, but it does not classify Hobson as a judge under Article III. Since Hobson was appointed to a tribunal and not as an Article III judge, he does not have the protections of life tenure or the inability to have his compensation diminished. Therefore, the court should grant the motion to dismiss based on the fact that Hobson is not entitled to the protections afforded to Article III judges, making answer (D) correct.",,-100.0,-100.0,-12.250015258789062,-1.4974866644479334e-05,0.9999952149068636
mbe_333,nan,MBE-1978-83-part1,test,Which of the following is the strongest argument for the constitutionality of the act?,B,B,True,1,1322,69,"B  
Reasoning: The gold passage indicates that the appellate jurisdiction of the Supreme Court and the jurisdiction of inferior federal courts are subject to ""exceptions and regulations"" prescribed by Congress. This supports the argument that Congress has the authority to restrict the jurisdiction of federal courts, making answer (B) the strongest argument for the constitutionality of the act.",,-100.0,-6.217951886355877e-05,-100.0,-100.0,1.0
mbe_334,nan,MBE-1978-83-part1,test,Which of the following is the strongest argument against the constitutionality of the act?,D,B,False,1,1581,130,"B  
Reasoning: The gold passage discusses the application of the Privileges and Immunities Clause and emphasizes that not all forms of discrimination against out-of-state residents are constitutionally suspect. It does not directly address the authority of Congress to limit federal court jurisdiction. However, the strongest argument against the constitutionality of the act, based on the passage, is that Congress cannot limit the authority of federal courts to hear and decide cases properly presented for decision, which aligns with the broader implications of judicial authority discussed in the context of the Privileges and Immunities Clause. Therefore, answer (B) is the strongest argument against the constitutionality of the act.",,-100.0,-0.008109067566692829,-6.508109092712402,-5.258109092712402,0.9932943123891474
mbe_336,nan,MBE-1978-83-part1,test,Which of the following accurately states the legal effect of the covenant not to assign the contract,C,C,True,1,1592,124,"C  
Reasoning: The gold passage establishes that anti-assignment clauses are routinely enforced unless there is a successful challenge based on applicable statutes, estoppel, waiver, or other aspects of contract law. Since Stretch's assignment to Finance Company was made despite the covenant not to assign, it constitutes a breach of contract. However, the passage implies that the assignment is still effective to transfer Stretch's rights against Sartorial, as the enforcement of the anti-assignment clause does not render the assignment ineffective, only subject to breach. Therefore, answer (C) accurately reflects the legal effect of the covenant not to assign the contract.",,-1.7030516862869263,-6.453051567077637,-0.20305170118808746,-100.0,0.8162861375300388
mbe_337,nan,MBE-1978-83-part1,test,"Assume for this question only that the assignment from Stretch to Finance Company was effective, and",B,D,False,1,1383,114,"D  
Reasoning: The gold passage indicates that a covenant against assignment applies to voluntary assignments and does not include transfers or assignments by operation of law. Since the assignment from Stretch to Finance Company was effective and Sartorial was unaware of it when making the payment, Sartorial is not liable to Finance Company for the $5,000. Additionally, since the assignment was valid, Stretch is also not liable to Finance Company for the amount paid by Sartorial. Therefore, neither Sartorial nor Stretch is liable to Finance Company for any amount, making answer (D) correct.",,-4.08282995223999,-2.8328301906585693,-5.58282995223999,-0.08283018320798874,0.9205303597619499
mbe_338,nan,MBE-1978-83-part1,test,"Assume for this question only that the assignment from Stretch to Finance Company was effective, and",D,D,True,1,1409,114,"D  
Reasoning: The gold passage defines an incidental beneficiary as someone who benefits from a contract but is neither a promisee nor an intended beneficiary. Virginia Wear and Son, Inc. is described as a creditor of Stretch, which suggests they may have a creditor beneficiary status rather than being an incidental beneficiary. However, the passage does not provide any information that supports Virginia Wear and Son, Inc. having enforceable rights to Sartorial's payment or being an intended beneficiary. Therefore, both statements I and II are unsupported by the passage, making answer (D) correct.",,-2.9136366844177246,-2.9136366844177246,-3.1636366844177246,-0.16363680362701416,0.8491539113947446
mbe_339,nan,MBE-1978-83-part1,test,"Assume for this question only that, two weeks after making the $5,000 payment to Stretch, Sartorial ",D,D,True,1,1707,90,"D  
Reasoning: The gold passage indicates that a buyer in a requirements contract must act in good faith when determining their requirements and that a legitimate business reason for eliminating requirements is acceptable. Sartorial's termination of the agreement due to market conditions forcing it out of business can be seen as a legitimate business reason, thus supporting Sartorial's defense against Finance Company's claim of total breach. Therefore, answer (D) is useful in Sartorial's defense.",,-10.875205039978027,-9.000205039978027,-100.0,-0.00020461321400944144,0.9998576850066829
mbe_371,nan,MBE-1978-83-part5,test,"The prosecution, after introducing the robbers' note to the teller, also offers in evidence Dean's w",A,A,True,1,1514,65,"A  
Reasoning: The gold passage establishes that compelling a defendant to provide a handwriting sample does not violate rights against self-incrimination, as a handwriting sample is considered a physical characteristic rather than a form of communication. Therefore, the court should rule that Dean's handwriting sample is admissible, making answer (A) correct.",,-3.833878508885391e-05,-17.000038146972656,-100.0,-100.0,0.9999999586006166
mbe_372,nan,MBE-1978-83-part5,test,"Suppose the jury finds Dean guilty of the murder of Evans. Before passing sentence, the judge hears ",C,C,True,1,1579,88,"C  
Reasoning: The gold passage indicates that appellate courts afford trial courts wide latitude in sentencing and will only reverse a sentencing decision if there is an abuse of discretion. The passage does not suggest that the introduction of Dean's criminal record after the trial constitutes an abuse of discretion or that the sentence was inherently unfair or clearly excessive. Therefore, the appellate court should hold that the sentence was not in error, making answer (C) correct.",,-100.0,-100.0,-20.625,-100.0,1.0
mbe_389,nan,MBE-1978-83-part5,test,The strongest argument for plaintiffs is,C,C,True,1,1859,128,"C  
Reasoning: The gold passage discusses the strict scrutiny standard applied when the government classifies individuals based on race or national origin. It emphasizes that such classifications are ""immediately suspect"" and that the government must prove that any racial classifications are narrowly tailored to serve compelling governmental interests. Since the State Bar Association is an agency of the state and its actions (such as paying dues to a club that discriminates) can be seen as promoting discrimination, this aligns with the argument that the State Bar Association's actions constitute a violation of equal protection principles. Therefore, option (C) is the strongest argument for the plaintiffs based on the passage.",,-8.750212669372559,-10.750212669372559,-0.00021271906734909862,-100.0,0.9998201256182414
mbe_390,nan,MBE-1978-83-part5,test,Which of the following actions should a federal district court take with respect to jurisdiction?,A,C,False,1,1533,78,"C  
Reasoning: The gold passage indicates that federal jurisdiction requires not only a contested federal issue but also a substantial one that reflects a serious federal interest. Given that the case involves state law activities of the Bar Association and the constitutional issue may be better suited for resolution in state court, the federal district court should abstain from jurisdiction. Therefore, option (C) is the correct choice.",,-5.815149784088135,-100.0,-0.06514999270439148,-2.815150022506714,0.9371099507413062
mbe_410,nan,MBE-1978-83-part6,test,"In a telephone call on March 1, Adams, an unemployed, retired person, said to Daws, ""I will sell my ",D,C,False,1,1408,82,"C  
Reasoning: The gold passage emphasizes the necessity of identifying the specific provision of the contract that was allegedly breached. In this case, Dawes did not tender the $3,000 to Adams on or before March 14, which is a critical element of the contract formation and performance. Without this tender, Dawes cannot establish that Adams breached the contract, making answer (C) the correct choice.",,-100.0,-100.0,-1.759734732331708e-05,-13.500017166137695,0.9999986290422019
mbe_417,nan,MBE-1978-83-part6,test,Carver is a chemical engineer. She has no interest in or connection with Chemco. Carver noticed that,C,C,True,1,1561,117,"C  
Reasoning: The gold passage outlines the elements of fraudulent misrepresentation, which include the necessity for a false material representation and the hearer's ignorance of the falsity of that representation. In this case, Carver did not make a false representation about the stock's value; she simply offered to buy it at a price she believed was fair based on her knowledge. Page, having access to Chemco's financial statement, could not claim ignorance of the stock's actual value. Therefore, Page would not prevail in a claim based on misrepresentation, making answer (C) correct.",,-11.203253746032715,-6.078253269195557,-0.5782533288002014,-0.8282533288002014,0.5608802234801057
mbe_467,nan,MBE-1985-part7,test,"If the jury believes Adams, it should find him",D,C,False,1,1463,109,"C  
Reasoning: The gold passage indicates that a person acts ""intentionally"" or ""with intent"" when their conscious objective is to engage in the conduct or cause the result. If the jury believes Adams' testimony that he thought the stock certificates belonged to Curtis and that he was merely trying to help retrieve what he believed was Curtis' property, it suggests that he did not have the intent to steal. Therefore, based on the passage, Adams should be found not guilty because he did not intend to commit the crime of larceny.",,-8.510095596313477,-5.760095596313477,-0.010095441713929176,-5.010095596313477,0.9899772773946626
mbe_468,nan,MBE-1985-part7,test,"If the jury believes Bennett, it should find him",C,C,True,1,1419,93,"C  
Reasoning: The gold passage emphasizes that mens rea, or the intention to commit a crime, is an essential element of a crime. Since Bennett testified that he suspected Adams and Curtis of being thieves and joined them only to catch them, he did not have the intention to steal. Therefore, if the jury believes Bennett, it should find him not guilty because he did not intend to commit the crime of larceny, making answer (C) correct.",,-100.0,-18.375,-1.9361264946837764e-07,-15.75,0.9999998450345675
mbe_469,nan,MBE-1985-part7,test,"If the jury believes both Adams and Bennett, it should find Curtis",D,C,False,1,1440,127,"C  
Reasoning: The gold passage outlines the requirements for a conspiracy conviction, specifically that the defendant must have knowledge of the conspiracy and must have intended to join and effectuate its objects. If the jury believes both Adams and Bennett, it suggests that they did not have the intent to steal, as Adams believed he was retrieving Curtis' property and Bennett was trying to catch Adams and Curtis in the act. Therefore, if Curtis did not testify and the evidence does not establish his intent to join the conspiracy, convicting him would penalize him for exercising his right not to be a witness, making answer (C) the correct choice.",,-6.254636764526367,-8.504636764526367,-0.004636723082512617,-6.004636764526367,0.9954085045830463
mbe_486,nan,MBE-1985-part7,test,Which of the following is most likely to be found to be a strict liability offense?,D,D,True,1,1458,121,"D  
Reasoning: The gold passage explains that strict liability crimes do not require proof of the defendant's mental state, and they are often applied to offenses where lawmakers want to impose criminal liability regardless of intent. The passage provides examples of strict liability crimes, such as selling alcohol to a minor and statutory rape. Among the options provided, the state statute making the sale of adulterated milk a misdemeanor aligns with the concept of strict liability, as it likely aims to protect public health regardless of the seller's intent. Therefore, option (D) is the most likely to be found as a strict liability offense.",,-14.37501049041748,-100.0,-13.37501049041748,-1.0325924449716695e-05,0.9999978750039235
mbe_488,nan,MBE-1985-part7,test,When Mary Weld visited Dugan's Alleys to participate in the weekly bowling league competition held t,C,C,True,1,1634,122,"C  
Reasoning: The gold passage establishes that a duty of care arises when a party accepts custody and control of a minor child, which includes the responsibility to supervise the child to protect them from harm. In this case, Dugan had a duty to ensure Bobby's safety while he was in the nursery. For Bobby to prevail in a claim against Dugan, it must be shown that Dugan or his employees failed to exercise reasonable care in fulfilling that duty. Therefore, answer (C) is correct, as it aligns with the requirement of proving a failure to exercise reasonable care to assure Bobby's safety.",,-13.750001907348633,-100.0,-1.5048530030981055e-06,-100.0,0.9999989322975598
mbe_513,nan,MBE-1989-90-part2,test,"If Prout asserts a claim against Denton for assault, Prout will",C,A,False,1,1444,85,"A  
Reasoning: The gold passage defines assault as conduct that places the plaintiff in reasonable fear of bodily harm. For Prout to recover, it must be shown that Denton intended to place him in such fear. Since Denton threatened Prout with ""accidents"" if he sold to a minority purchaser, this could be interpreted as an intention to instill fear of physical harm, making answer (A) correct.",,-0.04860281944274902,-100.0,-3.048602819442749,-100.0,0.9525741268224334
mbe_514,nan,MBE-1989-90-part2,test,"If Prout asserts a claim against Denton for intentional infliction of emotional distress, Prout will",A,C,False,1,1401,111,"C  
Reasoning: The gold passage outlines the requirements for proving a claim of intentional infliction of emotional distress, specifically that the defendant's conduct must be intentional or reckless, outrageous, and result in serious mental injury to the plaintiff. While Denton's conduct may be considered threatening, the passage does not indicate that a mere threat without immediate physical harm can satisfy the requirement of outrageous conduct. Therefore, Prout is unlikely to recover because Denton made no threat of immediate physical harm to Prout or his family, making answer (C) the correct choice.",,-3.566850185394287,-3.316850185394287,-0.06685016304254532,-100.0,0.9354785567959188
mbe_515,nan,MBE-1989-90-part2,test,"The German-made Doppelpferd, featuring sleek styling and remarkable fuel efficiency, is the most pop",A,C,False,1,1469,98,"C  
Reasoning: The gold passage discusses the concept of nominal damages, which are awarded when there is a legal right that has been invaded but no compensable injury has occurred. In this case, since Hardsell resold the car to Karbuff for the same price and did not suffer a financial loss, it suggests that Hardsell may not have a compensable injury. Therefore, Hardsell would likely only be entitled to nominal damages, making answer (C) correct.",,-100.0,-100.0,-0.0031875784043222666,-5.753187656402588,0.9968273174041935
mbe_517,nan,MBE-1989-90-part2,test,"Otto conveyed Goldacre to ""Andy, his heirs and assigns, but if Andy dies and is not survived by chil",B,C,False,1,1471,138,"C  
Reasoning: The gold passage discusses the nature of defeasible fee simple estates and indicates that such estates can terminate upon the occurrence of a stated event. In this case, Andy's right to take minerals from Goldacre is tied to his right to possession, which is an incident of the fee simple estate he holds. Since Andy has not yet triggered the condition that would transfer the property to Bob (i.e., his death without children), he retains the right to possess and exploit the land, including its minerals. Therefore, if the decision is for Andy, it will be because the right to take minerals is an incident of the right to possession, making answer (C) correct.",,-1.2104891538619995,-1.2104891538619995,-0.9604891538619995,-3.960489273071289,0.38352548946502707
mbe_552,nan,MBE-1989-90-part2,test,"Oaks, the owner of Blackacre, conveyed a right-of-way to United Utility ""for the underground transpo",B,B,True,1,1363,88,"B  
Reasoning: The gold passage states that the scope of express easements is limited to the terms of the easement. Since the right-of-way was conveyed to United Utility for the underground transportation of gas by pipeline, the original installation defined the scope of the easement. Therefore, Oaks can prevail in his action because the installation of an additional pipeline would exceed the defined scope of the easement, making answer (B) correct.",,-100.0,-17.875001907348633,-100.0,-100.0,1.0
mbe_563,CONST. LAW,1991-Feb,test,"Plaintiff challenged the constitutionality of a state tax law, alleging that it violated the equal p",B,C,False,1,1602,110,"C  
Reasoning: The gold passage indicates that the United States Supreme Court will not take jurisdiction of a case if the state court's judgment is based on an independent ground of state law, even if the Supreme Court believes the state court's position is unsound. Since the state supreme court's decision was based on both the federal and state equal protection clauses, and it is unclear whether the judgment was based on the federal question or an independent state ground, the Supreme Court should refuse to review the decision. Therefore, answer (C) is correct.",,-9.250531196594238,-8.000531196594238,-0.000530871853698045,-100.0,0.9995686120360753
mbe_568,TORTS,1991-Feb,test,Able and Baker are students in an advanced high school Russian class. During an argument one day in ,D,C,False,1,1366,83,"C  
Reasoning: The gold passage outlines the requirements for a defamation claim, stating that the plaintiff must prove fault (negligence or greater) on the part of the publisher. This implies that Baker must demonstrate that Able made the accusation with knowledge of its falsity or with reckless disregard for the truth. Therefore, Baker will not prevail unless he can establish this fault, making answer (C) correct.",,-7.836607933044434,-4.586607933044434,-0.5866078734397888,-0.8366078734397888,0.5562271704410048
mbe_598,CONTRACTS,1991-Feb,test,"For this question only, assume the following facts. At Ohner's insistence, the written Ohner-Planner",C,D,False,1,1472,116,"D  
Reasoning: The gold passage defines unjust enrichment as the unjust retention of money or benefits that belong to another, emphasizing that one is not unjustly enriched if the benefits were involuntarily acquired without any obligation to make restitution. In this case, Planner performed work on Ohner's property, and if Ohner refuses to pay after Planner has completed 40% of the work, it could be argued that Ohner is unjustly retaining the benefit of Planner's labor without compensating him. Therefore, the concept of unjust enrichment best supports Planner's claim against Ohner.",,-10.250041961669922,-100.0,-12.500041961669922,-4.1557283111615106e-05,0.9999609173892927
mbe_608,REAL PROP.,1991-Feb,test,"Frank owned two adjacent parcels, Blackacre and Whiteacre. Blackacre fronts on a poor unpaved public",D,D,True,1,1420,90,"D  
Reasoning: The gold passage defines an easement as a limited, nonpossessory interest in the land of another that can be created expressly. Since Frank expressly granted a right-of-way easement to Sam over Whiteacre to Route 20, this easement remains valid and enforceable. Therefore, Joe, as the current owner of Blackacre, holds the easement granted by Frank to Sam, making answer (D) correct.",,-2.464411973953247,-2.714411973953247,-3.214411973953247,-0.21441207826137543,0.8082301648987266
mbe_614,TORTS,1991-Feb,test,Peter and Donald were in the habit of playing practical jokes on each other on their respective birt,A,C,False,1,1496,114,"C  
Reasoning: The gold passage emphasizes the elements of proximate cause, specifically focusing on foreseeability. It states that foreseeability requires that the actor should have anticipated the general dangers created by their actions, not the exact sequence of events. In this case, while Donald knew the cake would harm Peter, the subsequent injury to Peter's leg from the ambulance accident was not a foreseeable consequence of Donald's act of sending the cake. Therefore, Peter cannot prevail because Donald could not reasonably be expected to foresee injury to Peter's leg, making answer (C) correct.",,-4.649146556854248,-4.399146556854248,-0.14914636313915253,-2.149146318435669,0.8615427449985178
mbe_616,REAL PROP.,1991-Feb,test,"Twenty-five years ago, Seller conveyed Blackacre to Buyer by a warranty deed. Seller at that time al",B,D,False,1,1484,119,"D  
Reasoning: The gold passage outlines the five elements required to establish ownership by adverse possession, which must be proven concurrently for a period of 20 years. Buyer has only hunted on Whiteacre occasionally and has not established continuous, open, and notorious possession of it. Additionally, the placement of the trees and fence on Greenacre does not meet the requirements for adverse possession since it is not exclusive possession of the premises and is inconsistent with the true owner's title. Therefore, Buyer cannot claim ownership of either Whiteacre or the ten-foot strip of Greenacre, making answer (D) correct.",,-5.75400972366333,-7.25400972366333,-9.004009246826172,-0.004009541589766741,0.9959997023357845
mbe_618,CONTRACTS,1991-Feb,test,"For this question only, assume that there is a valid contract between Alice and Barry and that Elda ",A,C,False,1,1451,85,"C  
Reasoning: The gold passage indicates that whether a remedy is considered plain, speedy, and adequate is at the discretion of the court. It does not support the idea that specific performance can be granted for a promise to pay money, which is typically not enforceable through specific performance. Therefore, Alice is unlikely to succeed in her action against Barry for specific performance of the payment obligation, making answer (C) correct.",,-100.0,-100.0,-20.375,-100.0,1.0
mbe_629,TORTS,1991-Feb,test,"Palmco owns and operates a beachfront hotel. Under a contract with City to restore a public beach, D",B,B,True,1,1333,98,"B  
Reasoning: The gold passage outlines the requirements for a private nuisance claim, which include interference with the use or enjoyment of property rights, significant harm caused by the invasion, and that the invasion was either intentional and unreasonable or actionable under rules of negligence or ultrahazardous conduct. Given that the operation of the stone-crushing machine creates a continuous and intense noise disturbing hotel guests, Palmco can argue that this constitutes a private nuisance, making answer (B) the best choice.",,-13.750001907348633,-1.7432603272027336e-06,-100.0,-100.0,0.9999989322973051
mbe_631,EVIDENCE,1991-Feb,test,Paulsen Corporation sued Dorr for ten fuel oil deliveries not paid for. Dorr denied that the deliver,C,A,False,1,1511,89,"A  
Reasoning: The gold passage states that a record must be ""kept"" in the course of a regularly conducted business activity to be admissible. Wicks's testimony is based on the examination of business records that were kept in the course of Paulsen Corporation's operations, which supports the admissibility of his testimony regarding the ten deliveries. Therefore, answer (A) is correct as it aligns with the requirements outlined in the passage.",,-0.000712074339389801,-7.250711917877197,-13.250712394714355,-100.0,0.9992885716449299
mbe_640,TORTS,1991-Feb,test,"While driving his car, Plaintiff sustained injuries in a three-car collision. Plaintiff sued the dri",D,A,False,1,1378,150,"A  
Reasoning: The gold passage explains the doctrine of joint and several liability, which allows a plaintiff to recover the full amount of damages from any one of the defendants, regardless of their individual share of fault. However, since Plaintiff is 40% at fault, he can only recover 60% of his damages from the defendants. Therefore, Plaintiff can collect $60,000 from either D-1 or D-2. Since D-1 is 30% at fault, D-1 can seek contribution from D-2 for the amount D-1 is liable for, which is $30,000 (the amount D-1 would have to pay to Plaintiff). However, since D-2 is also 30% at fault",,-0.11036250740289688,-3.1103625297546387,-2.8603625297546387,-100.0,0.8978958400640246
mbe_642,REAL PROP.,1991-Feb,test,"Hal and Wan owned Blackacre as joint tenants, upon which was situated a two-family house. Hal lived ",D,B,False,1,1541,105,"B  
Reasoning: The gold passage establishes that a joint tenancy creates equal rights among the joint tenants and includes a right of survivorship. Since Hal had a judgment filed against him prior to his death, Tent's judgment would create a lien against Hal's undivided one-half interest in Blackacre. Wan's lack of knowledge about the judgment does not affect the lien on Hal's interest, as the lien attaches to the property owned by Hal at the time of the judgment. Therefore, answer (B) is correct.",,-10.275116920471191,-0.025116480886936188,-4.525116443634033,-4.275116443634033,0.9752210102847065
mbe_650,EVIDENCE,1991-Feb,test,"At Darrow's trial for stealing an automobile, Darrow called a character witness, Goode, who testifie",D,C,False,1,1272,89,"C  
Reasoning: The gold passage indicates that a defense witness cannot inadvertently open the door for the prosecution to introduce rebuttal character evidence. Since Darrow's character witness, Goode, did not open the door for the prosecutor's evidence of bad character, the evidence of Darrow cheating on a college examination has no probative value on any issue in the case. Therefore, the evidence should be excluded, making answer (C) correct.",,-5.338689804077148,-5.338689804077148,-0.08869002759456635,-2.5886900424957275,0.9152647554885863
mbe_669,CRIM. LAW,1991-Feb,test,Miller was indicted in a state court in January 1985 for a robbery and murder that occurred in Decem,C,C,True,1,1663,91,"C  
Reasoning: The gold passage emphasizes the fundamental right to a jury trial, stating that this right can only be waived if done voluntarily and knowingly, with the court ensuring that the defendant is advised of this right. Since the judge did not determine whether Miller understood that he had a right to a jury trial, this raises a constitutional issue regarding the validity of his waiver of that right. Therefore, option (C) provides a constitutional basis for relief.",,-100.0,-100.0,-18.75001335144043,-100.0,1.0
mbe_670,CRIM. LAW,1991-Feb,test,Sally told Michael she would like to have sexual intercourse with him and that he should come to her,D,C,False,1,1342,81,"C  
Reasoning: The gold passage states that a defense exists if an actor's mistaken belief negates the required culpability for the offense. In this case, Michael reasonably believed that Sally was of legal age and withdrew after she changed her mind. Therefore, his mistaken belief about her age negates the culpability required for the charge of attempting to violate the statute, making answer (C) correct.",,-6.7513909339904785,-100.0,-0.0013909504050388932,-9.001391410827637,0.9987073836323698
mbe_676,REAL PROP.,1991-Feb,test,"Stoven, who owned Craigmont in fee simple, mortgaged Craigmont to Ulrich to secure a loan of $100,00",D,A,False,1,1589,130,"A  
Reasoning: The gold passage discusses the recording of deeds and how it relates to the passing of title. However, it does not provide any information regarding the priority of mortgages or the concepts of subrogation or countervailing equities. Therefore, we cannot determine the validity of statements I, II, or III based solely on the passage provided. Since the passage does not support any of the determinations necessary to support Zom's mortgage priority over Martin's mortgage, the only option that can be inferred is that I and II are necessary to support the ruling, making answer (A) the most appropriate choice based on the limited information available.",,-0.882629930973053,-100.0,-1.5076298713684082,-2.007629871368408,0.537659283399588
mbe_678,CRIM. LAW,1991-Feb,test,"One evening, Parnell had several drinks and then started to drive home. As he was proceeding down Ma",B,C,False,1,1519,92,"C  
Reasoning: The gold passage indicates that for involuntary manslaughter, the prosecution must prove that the defendant acted with ""gross negligence amounting to wanton and reckless disregard for human life."" If Parnell can argue that his intoxication prevented him from having the necessary mens rea for manslaughter, he may have a chance for acquittal. Therefore, option (C) is the best argument for his defense based on the passage.",,-7.328700542449951,-1.7037006616592407,-0.20370061695575714,-6.453700542449951,0.8157502862589296
mbe_685,EVIDENCE,1991-Feb,test,Dooley and Melville were charged with conspiracy to dispose of a stolen diamond necklace. Melville j,B,C,False,1,1337,115,"C  
Reasoning: The gold passage outlines the requirements for a hearsay statement to be admissible under Rule 804(b)(3), specifically that the statement must be against the declarant's penal interest when made and that corroborating circumstances must suggest the statement is trustworthy. Wixon's testimony about Melville's statement does not meet the requirement of being in furtherance of the conspiracy, as it merely relays a past conversation without indicating that it was made to further the conspiracy. Therefore, Wixon's testimony is inadmissible, making answer (C) correct.",,-12.629082679748535,-5.504082679748535,-0.004082909319549799,-14.379082679748535,0.9959260324663506
mbe_700,CONTRACTS,1991-Feb,test,"On March 1, Hotz Apartments, Inc., received from Koolair, Inc., a letter offering to sell Hotz 1,200",D,D,True,1,1350,84,"D  
Reasoning: The gold passage states that an acceptance must be ""substantially as made"" and that any purported acceptance that includes conditions or differing terms is not valid and constitutes a counteroffer. Since Hotz's acceptance was posted after Koolair's revocation and did not arrive until after the deadline, it is ineffective under the terms of Koolair's offer. Therefore, answer (D) is correct.",,-8.625244140625,-100.0,-10.000244140625,-0.00024429336190223694,0.9997750904261478
mbe_701,TORTS,1991-Feb,test,Dieter parked her car in violation of a city ordinance that prohibits parking within ten feet of a f,D,C,False,1,1346,115,"C  
Reasoning: The gold passage outlines the doctrine of negligence per se, which applies when a statute or ordinance is violated and that violation protects a specific class of persons from a type of harm that occurs as a result of the violation. In this case, while Dieter violated the parking ordinance, the passage does not indicate that her parked car was an active or efficient cause of Plaintiff's injury, which occurred due to Grove's negligent driving. Therefore, Plaintiff is unlikely to prevail against Dieter based on the information provided in the passage, making answer (C) correct.",,-5.75328254699707,-9.87828254699707,-0.0032827635295689106,-10.00328254699707,0.996731094491868
mbe_714,CONTRACTS,1991-Feb,test,Will Green probably succeed in an action against Farmer for specific performance?,B,B,True,1,1465,98,"B  
Reasoning: The gold passage establishes that time is not ordinarily considered to be of the essence in the performance of a contract unless explicitly stated or indicated. Since the contract between Green and Farmer does not indicate that time is of the essence, the delay in tendering the deed and possession due to the tenant's holdover does not constitute a breach that would prevent specific performance. Therefore, Green will probably succeed in an action against Farmer for specific performance, making answer (B) correct.",,-4.018370151519775,-0.018370352685451508,-11.143370628356934,-100.0,0.9819995729317893
mbe_715,CONTRACTS,1991-Feb,test,"For this question only, make the following assumptions. On January 30, Farmer accepted a conveyance ",C,A,False,1,1816,103,"A  
Reasoning: The gold passage discusses the concept of ""reasonable time"" in the context of settlement agreements and emphasizes that the determination of what constitutes a reasonable time is based on the circumstances of the case. Since Farmer accepted the conveyance and paid the purchase price on January 30, it indicates that he did not seek to enforce any claims for damages at that moment, which could imply a waiver of any potential cause of action. Therefore, Farmer is entitled to recover nothing, making answer (A) correct.",,-0.10995376110076904,-3.9849538803100586,-2.6099538803100586,-100.0,0.906750401461035
mbe_723,CONTRACTS,1991-Feb,test,"For an agreed price of $20 million, Bildko, Inc., contracted with Venture to design and build on Ven",C,C,True,1,1461,123,"C  
Reasoning: The gold passage outlines the requirements for proving assumption of risk, which includes the plaintiff having actual or constructive knowledge of the specific risk, appreciating the risk's character, and voluntarily accepting the risk. In this case, Bildko and Venture both did not have knowledge of the subsurface granite when the contract was made, indicating that Bildko did not assume the risk of encountering it. Therefore, Venture's position that Bildko assumed the risk is not supported by the passage, making answer (C) the most likely outcome, as it suggests that Venture prevails based on the assumption of risk criteria.",,-100.0,-7.25579833984375,-0.005798197817057371,-6.25579833984375,0.9973663264026086
mbe_726,CRIM. LAW,1991-Feb,test,"If the statute is interpreted to create strict liability and Crouse is charged with violating it, Cr",B,B,True,1,1383,82,"B  
Reasoning: The gold passage defines a strict liability crime as one where the action alone is sufficient for a conviction, without the need to prove a mental state (mens rea). Since Crouse hired the children, his action constitutes a violation of the statute regardless of his knowledge or belief about the law. Therefore, he is guilty simply for having hired the children, making answer (B) correct.",,-0.8604215979576111,-0.6104215979576111,-4.360421657562256,-3.860421657562256,0.5431556933829258
mbe_727,CRIM. LAW,1991-Feb,test,"If the statute is interpreted to create strict liability and Morten is convicted of violating it, hi",D,D,True,1,1363,106,"D  
Reasoning: The gold passage establishes that principals are strictly liable for their agents' acts if they create an appearance of authorization or if they authorize or ratify those acts. Since Morten, as the general manager and CEO, was in a position to exercise control over the hiring practices at Woolen Company, he can be held liable for Crouse's actions in hiring underage workers. Therefore, Morten's contention that his conviction would violate the federal Constitution is incorrect, making answer (D) the correct choice.",,-3.7766151428222656,-6.526615142822266,-1.5266152620315552,-0.2766152620315552,0.7583613289961778
mbe_736,CONTRACTS,1991-Feb,test,"Which of the following, if proved, would most strengthen Gennybelle's prospect of recovery?",B,B,True,1,1426,124,"B  
Reasoning: The gold passage states that a bid is equivalent to an offer and that no contract is formed until there is final acceptance of the bid. If Gennybelle was required to submit a bid bond and could not withdraw or amend her bid without forfeiting that bond, this indicates that she was bound to her bid and could not have accepted Mural's sub-bid after Mural's revocation. This strengthens her prospect of recovery because it shows that she had no choice but to proceed with another subcontractor after Mural's revocation, thus supporting her claim for the $4,000.",,-4.5291218757629395,-0.029122084379196167,-4.0291218757629395,-10.029122352600098,0.9713735802932485
mbe_737,CONTRACTS,1991-Feb,test,"Which of the following, if proved, would best support Mural's defense?",D,A,False,1,1551,111,"A  
Reasoning: The gold passage discusses the repudiation of a sub-bid and emphasizes that the party (Ahern) did not rely on any alleged infirmity in the bidding process but simply asserted an error in computation. This suggests that a lack of consideration for the sub-bid is a valid defense, as it indicates that the sub-bid was not binding without consideration. Therefore, Mural's defense that Gennybelle gave no consideration for an irrevocable sub-bid is supported by the passage, making answer (A) correct.",,-0.005288661457598209,-5.255288600921631,-11.130289077758789,-100.0,0.9947652884921141
mbe_740,REAL PROP.,1991-Feb,test,"Ozzie owned and occupied Blackacre, which was a tract of land improved with a onefamily house. His f",A,A,True,1,1564,101,"A  
Reasoning: The gold passage indicates that specific performance will not be granted if the vendor is unable to convey a clear and marketable title. Since the agreement between Ozzie and Victor was oral, it raises issues regarding enforceability and the ability to prove the terms of the contract, which could be interpreted as a lack of a clear and marketable title. Therefore, if Ozzie loses, the most likely reason will be that the agreement was oral, making answer (A) correct.",,-0.08063870668411255,-6.830638885498047,-2.5806386470794678,-100.0,0.9231429210401031
mbe_747,TORTS,1991-Feb,test,"Jones, who was driving his car at night, stopped the car and went into a nearby tavern for a drink. ",C,C,True,1,1373,86,"C  
Reasoning: The gold passage states that under Mississippi's comparative negligence doctrine, damages allowed shall be diminished in proportion to the amount of negligence attributable to the person seeking recovery. This means that Peters can recover damages from both Davis and Jones, but the amount he recovers will be reduced by the percentage of negligence attributed to him. Therefore, answer (C) is correct as it aligns with the principles outlined in the passage.",,-100.0,-19.625,-20.625,-100.0,0.2689414213699951
mbe_753,TORTS,1991-July,test,Penstock owned a large tract of land on the shore of a lake. Drury lived on a stream that ran along ,A,B,False,1,1444,99,"B  
Reasoning: The gold passage outlines the elements necessary for a claim of intentional trespass, which includes an invasion affecting an interest in the exclusive possession of property and the intentional doing of the act that results in the invasion. Since Drury believed the channel was a public waterway, if he did not use the channel after learning of Penstock's ownership claim, he would not be intentionally trespassing. Therefore, the judgment would be for Drury, making answer (B) correct.",,-2.728369951248169,-0.22837002575397491,-1.9783700704574585,-7.853370189666748,0.7959584188727512
mbe_765,EVIDENCE,1991-July,test,"In a prosecution of Drew for forgery, the defense objects to the testimony of West, a government exp",B,B,True,1,1399,114,"B  
Reasoning: The gold passage indicates that the trial court has the discretion to evaluate the qualifications of an expert witness, which suggests that the judge can consider evidence regarding the expert's qualifications. Since the letter from the expert's former professor is relevant to establishing West's qualifications, it may be considered by the judge without regard to the hearsay rule. The passage does not support the idea that the jury can consider the letter for its truth, nor does it state that the letter is admissible for any purpose other than evaluating qualifications, making answer (B) correct.",,-6.064457416534424,-0.0644574835896492,-2.814457416534424,-9.314457893371582,0.9376441075933096
mbe_779,REAL PROP.,1991-July,test,"Able was the owner of Blackacre, an undeveloped city lot. Able and Baker executed a written document",B,A,False,1,1468,102,"A  
Reasoning: The gold passage discusses the concept of conversion, which involves the interference with a plaintiff's possessory interest in property. In this case, Baker's use of Blackacre for parking can be interpreted as an exercise of dominion over the property, which may support Able's claim for specific performance. Since Baker's actions demonstrate a form of possession and control over Blackacre, this constitutes part performance, making answer (A) correct. The other options do not find support in the passage provided.",,-0.10509586334228516,-100.0,-3.480095863342285,-3.605095863342285,0.9394827474524293
mbe_788,CRIM. LAW,1991-July,test,Phillips bought a new rifle and wanted to try it out by doing some target shooting. He went out into,A,C,False,1,1595,150,"C  
Reasoning: The gold passage indicates that for a conviction of ""reckless"" or ""universal malice"" murder, the defendant must have determined to follow a course of action that he knows, or should know, will likely lead to harm to another. Phillips fired shots in an area where he was aware of the presence of children, which suggests a level of recklessness. However, the passage does not support the conclusion that Phillips had the requisite intent for murder, as it emphasizes the need for a mental operation indicating a determination to cause harm. Therefore, the evidence is not sufficient for murder but may support a conviction of involuntary manslaughter, which is a lesser charge that aligns with the circumstances described. Thus, answer (C",,-5.504467487335205,-100.0,-0.0044675045646727085,-9.129467964172363,0.9958218499528683
mbe_796,TORTS,1991-July,test,"Defendant left her car parked on the side of a hill. Two minutes later, the car rolled down the hill",C,C,True,1,1496,117,"C  
Reasoning: The gold passage discusses the doctrine of res ipsa loquitur, which allows for an inference of negligence based on the circumstances surrounding an injury. In this case, Defendant provided evidence that she took reasonable precautions by turning the wheels into the curb and using the emergency brakes, and that there had been tampering by juveniles in the area. This evidence suggests that the jury was not required to infer negligence from the mere fact that the car rolled down the hill. Therefore, Plaintiff's motion for judgment notwithstanding the verdict should be denied, making answer (C) correct.",,-100.0,-16.875,-3.128163257315464e-07,-100.0,0.9999999530883474
mbe_826,REAL PROP.,1991-July,test,"Adam owns his home, Blackacre, which was mortgaged to Bank by a duly recorded purchase money mortgag",C,A,False,1,1414,71,"A  
Reasoning: The gold passage discusses the necessity of tenants as parties in a foreclosure action, which implies the importance of recorded interests in property. Since Bank's mortgage was recorded first, it establishes a priority over Vend's security interest in the window inserts. Therefore, the court should rule in favor of Bank based on the priority of the recorded mortgage.",,-0.30067533254623413,-2.925675392150879,-2.175675392150879,-100.0,0.8157972876687812
mbe_829,CRIM. LAW,1991-July,test,"A kidnapping statute in State A makes it a crime for a person, including a parent, to ""take a child ",B,B,True,1,1634,106,"B  
Reasoning: The gold passage establishes that good-faith reliance on the advice of counsel can be relevant to the issue of intent when intent is an element of the charged crime. Since Dave believed he was acting legally based on his attorney's advice, and if the jury believes his testimony, it indicates he lacked the necessary mental element (intent) to commit the crime of kidnapping. Therefore, answer (B) is correct as it aligns with the passage's emphasis on the relevance of intent in relation to the advice of counsel.",,-9.000146865844727,-0.00014692598779220134,-11.375146865844727,-100.0,0.9998651294804207
mbe_832,CONST. LAW,1991-July,test,A law of the state of Wonatol imposed a generally applicable sales tax payable by the vendor. That l,C,C,True,1,1595,114,"C  
Reasoning: The gold passage indicates that a program violates the Establishment Clause when it allows the government to advance or inhibit religion. The new, narrower exemption from the state sales tax law grants preferential treatment to recognized religious faiths for the communication of their sacred writings, which could be seen as the government advancing religion. This aligns with the Establishment Clause's requirement for ""benevolent neutrality,"" suggesting that the exemption likely violates the First and Fourteenth Amendments by favoring certain religious publications over others. Therefore, answer (C) is supported by the passage.",,-19.125,-19.375,-6.704273118884885e-07,-100.0,0.9999999912048018
mbe_838,EVIDENCE,1991-July,test,Defendant was charged with possession of cocaine with intent to distribute. He had been stopped whil,B,B,True,1,1271,87,"B  
Reasoning: The gold passage defines ""relevant evidence"" as evidence that makes the existence of a consequential fact more or less probable. The state motor vehicle registration, which lists Defendant as the owner of the car, is relevant because it establishes a close connection between Defendant and the vehicle, thereby making it more probable that he had knowledge of the contents of the trunk. Therefore, answer (B) is supported by the passage.",,-100.0,-5.676981345459353e-06,-100.0,-100.0,1.0
mbe_845,CONST. LAW,1991-July,test,"Assume that Congress passed and the President signed the following statute: ""The appellate jurisdict",A,A,True,1,1301,106,"A  
Reasoning: The gold passage indicates that Congress has the authority to regulate the appellate jurisdiction of the Supreme Court, but it also implies that such regulation should not seriously interfere with the establishment of a uniform body of federal constitutional law. The statute in question limits the Supreme Court's ability to review cases involving state statutes on abortion, which could undermine the uniformity of federal constitutional law. Therefore, the strongest argument against the constitutionality of the statute is that it interferes with this essential function, making answer (A) correct.",,-0.00021140782337170094,-100.0,-100.0,-100.0,1.0
mbe_873,TORTS,1991-July,test,"If Perkins sues Dumont for damages for emotional distress, will she prevail?",C,C,True,1,1510,70,"C  
Reasoning: The gold passage outlines the elements required for a claim of intentional infliction of emotional distress, which include the necessity of showing ""severe emotional distress."" Since the passage does not indicate that Perkins suffered emotional distress that was severe, she would not prevail in her lawsuit against Dumont. Therefore, answer (C) is correct.",,-9.000123977661133,-15.125123977661133,-0.00012439649435691535,-100.0,0.9998763354810664
mbe_874,TORTS,1991-July,test,"If Perkins asserts a claim based on misrepresentation against Dumont, will she prevail?",D,A,False,1,1422,81,"A  
Reasoning: The gold passage outlines the requirements for establishing a claim for fraudulent misrepresentation, which includes a false statement concerning a material fact and the representer's knowledge that the representation is false. If Dumont knew he had no legal power of condemnation, then he made a false statement with knowledge of its falsity, which would support Perkins's claim. Therefore, answer (A) is correct.",,-5.200166469876422e-06,-13.250004768371582,-100.0,-100.0,0.9999982396560265
mbe_880,EVIDENCE,1991-July,test,"Damson was charged with murder, and Wagner testified for the prosecution. On crossexamination of Wag",A,A,True,1,1272,93,"A  
Reasoning: The gold passage indicates that cross-examination can include questions that reveal a witness's untruthful bent or willingness to prioritize self-interest over principles. Wagner's potential admission regarding the prosecutor's promise to drop charges in exchange for her testimony against Damson demonstrates a self-interest that could affect her credibility. Therefore, the evidence about the prosecutor's promise is admissible for the purpose of impeaching Wagner's testimony, making answer (A) correct.",,-3.8219583075260743e-05,-12.625038146972656,-100.0,-100.0,0.9999967112506957
mbe_887,REAL PROP.,1991-July,test,Homer and Ethel were jointly in possession of Greenacre in fee simple as tenants in common. They joi,B,B,True,1,1465,96,"B  
Reasoning: The gold passage outlines the requirements for a valid boundary-line agreement, which includes the necessity of an agreement between adjoining landowners. Since Ethel, as a tenant in common with Homer, was able to enter into a boundary line agreement with Mitchell, it indicates that one tenant in common cannot unilaterally bind another tenant in common to such an agreement without their consent. Therefore, Homer can repudiate the agreement, making answer (B) correct.",,-8.942230224609375,-0.31723031401634216,-1.3172303438186646,-5.567230224609375,0.7281695624609407
mbe_912,CRIM. LAW,1991-July,test,"In which of the following situations is the defendant most likely to be convicted, even though he di",B,C,False,1,1486,129,"C  
Reasoning: The gold passage discusses the relationship between aggravated assault and malice murder, indicating that actions leading to a more serious crime can result in a conviction for the lesser offense. In choice (C), the defendant's actions of burglarizing the jewelry store and inadvertently causing a fire that destroyed the store demonstrate a connection between his intent to commit burglary and the resulting harm (arson). This aligns with the principle that a defendant can be convicted for unintended consequences of their actions if those actions are inherently dangerous or unlawful, making (C) the most likely situation for conviction despite the lack of intent to cause the specific harm of arson.",,-2.688163995742798,-2.688163995742798,-0.18816392123699188,-100.0,0.8589810877026706
mbe_913,CONTRACTS,1991-July,test,Happy-Time Beverages agreed in writing with Fizzy Cola Company to serve for three years as a distrib,D,D,True,1,1555,133,"D  
Reasoning: The gold passage discusses the concept of usage of trade, which refers to practices that are regularly observed in a particular place or trade that can influence the interpretation of agreements. The statement in option (D) about the uniform practice in the soft-drink industry for distributors to handle only one brand of cola suggests a common expectation that could be relevant to the interpretation of the contract between Happy-Time and Fizzy Cola. This fact would strengthen Fizzy's case by indicating that Happy-Time's actions may have breached an understood norm in the industry, thereby supporting the argument that Happy-Time's distribution of Cool Cola violates the good faith promotion of Fizzy Cola.",,-7.005444526672363,-5.505444526672363,-7.755444526672363,-0.005444704554975033,0.9945999222550348
mbe_921,CONTRACTS,1991-July,test,"Freund, a U.S. west-coast manufacturer, gave Wrench, a hardware retailer who was relocating to the e",D,A,False,1,1497,102,"A  
Reasoning: The gold passage discusses the enforceability of contracts agreed to by competent parties and mentions that a contract will not be enforced if it violates a statute, rule of law, or public policy. However, it does not specifically address the requirement for a signed writing to enforce Freund's promise to Tuff. Therefore, the statement that it was important for Freund's promise to be in a signed writing is not supported by the passage, making answer (A) the correct choice as the inaccurate statement.",,-0.2822384536266327,-2.782238483428955,-2.532238483428955,-2.282238483428955,0.7559610380840789
mbe_930,EVIDENCE,1991-July,test,"Pamela sued Driver for damages for the death of Pamela's husband Ronald, resulting from an automobil",A,A,True,1,1285,116,"A  
Reasoning: The gold passage outlines the requirements for a statement against interest under Rule 804(b)(3), which includes that the declarant must be unavailable to testify, the statement must be against the declarant's penal interest, and there must be corroborating circumstances that suggest the statement is trustworthy. Ronald's statement, ""It was my own fault; there's nobody to blame but me,"" indicates an admission of fault, which aligns with being against his own interest. Therefore, the doctor's testimony should be admitted as a statement against interest, making answer (A) correct.",,-0.023514145985245705,-9.148513793945312,-3.7735140323638916,-100.0,0.9769186771690725
mbe_932,CONTRACTS,1991-July,test,"Slalome, a ski-shop operator, in a telephone conversation with Mitt, a glove manufacturer, ordered 1",B,B,True,1,1352,76,"B  
Reasoning: The gold passage indicates that an unsigned contract may still be enforceable if there is objective evidence that the parties intended to be bound. Mitt's faxed memo serves as that objective evidence, confirming the agreement for the sale of the gloves. Therefore, Mitt has a cause of action against Slalome for breach of contract, making answer (B) correct.",,-6.251951694488525,-0.0019517067121341825,-11.501952171325684,-100.0,0.9980631743246813
mbe_995,nan,1992,test,An issue in Parker's action against Daves for causing Parker's back injury was whether Parker's cond,B,B,True,1,1248,86,"B  
Reasoning: The gold passage states that a declarant’s statement about past or current causes, symptoms, or conditions, when made for the purpose of medical diagnosis or treatment, is not barred by the hearsay rules. Since Watts's testimony regarding Parker's statement about his physical condition before the accident was made in the context of medical treatment, it falls within this exception to hearsay, making answer (B) correct.",,-3.5302717685699463,-0.030271755531430244,-100.0,-100.0,0.9706877696196288
mbe_1010,CRIM. LAW,1998,test,Joe and Marty were coworkers. Joe admired Marty's wristwatch and frequently said how much he wished ,A,D,False,1,1366,100,"D  
Reasoning: According to the gold passage, larceny is defined as the wrongful taking of another's property without permission and with the intent to permanently deprive the owner of that property. In this case, when Marty explicitly told Joe to take the watch, he gave Joe permission to possess it. Therefore, Joe did not commit larceny, as he had permission from the owner (Marty) to take the watch. Thus, the correct answer is (D) no crime.",,-3.0494604110717773,-7.549460411071777,-8.174460411071777,-0.04946046322584152,0.9518042495549828
mbe_1032,CONTRACTS,1998,test,"For this question only, assume that Conglomerate orally approved the contract, but that Shareholder ",A,C,False,1,1714,99,"C  
Reasoning: The gold passage explains that mutuality of obligation requires both parties to be bound by the terms of the contract, which is a key aspect of a bilateral contract. Since Shareholder's promise to sell was conditioned on Conglomerate's approval, and that approval was not in a signed writing, it indicates a lack of mutuality of obligation. Therefore, Buyer is likely to lose because the contract lacks the necessary binding commitment from both parties, making answer (C) correct.",,-13.500022888183594,-16.125022888183594,-2.2961512513575144e-05,-10.750022888183594,0.9999770848440899
mbe_1033,CONTRACTS,1998,test,"For this question only, assume the following facts. Shareholder subsequently refused to consummate t",A,C,False,1,1516,100,"C  
Reasoning: The gold passage outlines the requirements for asserting a claim for detrimental reliance, which includes establishing a representation, justifiable reliance, and a change in position to one's detriment. However, it also emphasizes that detrimental reliance is not favored and that failure to prove each element will bar recovery. In this case, since the express condition of Conglomerate's approval had not occurred prior to the lawsuit, Buyer cannot establish the necessary elements for detrimental reliance, making answer (C) correct.",,-10.502294540405273,-8.002294540405273,-0.0022945404052734375,-6.252294540405273,0.997711794678368
mbe_1038,CONST. LAW,1998,test,City enacted an ordinance banning from its public sidewalks all machines dispensing publications con,D,D,True,1,1405,108,"D  
Reasoning: The gold passage indicates that for a restriction on commercial speech to be constitutional, it must directly advance the state interest and not be excessive. The passage emphasizes that if the governmental interest could be served by a more limited restriction, then the broader restriction cannot survive. In this case, the City ordinance banning only machines dispensing commercial advertisements may not be the least restrictive means to achieve the aesthetic goal, suggesting that there is not a reasonable fit between the City's interest and the means chosen. Therefore, answer (D) is correct.",,-9.8264799118042,-100.0,-1.7014795541763306,-0.20147950947284698,0.8175303312413683
mbe_1041,CONST. LAW,1998,test,The state of Brunswick enacted a statute providing for the closure of the official state records of ,C,C,True,1,1785,112,"C  
Reasoning: The gold passage emphasizes the importance of the right to publish and gather news, indicating that any restrictions on access to information could severely limit the flow of information to the public. Choice (C) states that the statute only prohibits public access to official state records and does not prevent the publication of information held by private persons. This distinction could be helpful to the state in defending the statute's constitutionality, as it suggests that the statute does not completely eliminate the ability to gather and publish information, thereby aligning with the principles outlined in the passage.",,-7.500656604766846,-10.500657081604004,-0.0006567967939190567,-100.0,0.9994197160071625
mbe_1042,CRIM. LAW,1998,test,"Nora, executive director of an equal housing opportunity organization, was the leader of a sit-in at",C,C,True,1,1364,104,"C  
Reasoning: The gold passage establishes that a criminal defendant can object to race-based exclusions of jurors through peremptory challenges, regardless of whether the defendant and the excluded jurors share the same race. This indicates that Nora has standing to challenge the prosecution's exclusion of nonwhite jurors based on race, which violates the Equal Protection Clause. Therefore, if Nora appeals her conviction, the court should reverse it due to the racially discriminatory use of peremptory challenges, making answer (C) correct.",,-100.0,-100.0,-21.375,-100.0,1.0
mbe_1073,CONST. LAW,1998,test,A federal statute provides that the cities in which certain specified airports are located may regul,B,D,False,1,1561,103,"D  
Reasoning: The gold passage discusses the authority of Congress to authorize states to impose regulations that may affect interstate commerce, but it also implies that such regulations must not unduly burden that commerce. Since Airline Limousine Service is engaged in interstate commerce by transporting passengers between Greenville and the airport in Redville, the new rule requiring them to charge higher rates could be seen as an undue burden on that commerce. Therefore, Airline Limousine Service must not comply with the new rule, making answer (D) correct.",,-100.0,-8.250297546386719,-11.500297546386719,-0.00029744720086455345,0.99972868500782
mbe_1091,REAL PROP.,1998,test,"Olive owned Blackacre, a single-family residence. Fifteen years ago, Olive conveyed a life estate in",C,A,False,1,1363,93,"A  
Reasoning: The gold passage indicates that a lease must be for a determinate period that is shorter than the duration of the lessor's estate, which implies that the lessor retains a reversionary interest. Since Lois, who held a life estate, died, her interest in Blackacre has ended, and Olive, as the original owner, holds the reversion. Therefore, Olive retains title in fee simple, making answer (A) correct.",,-0.006673101335763931,-6.756673336029053,-5.756673336029053,-100.0,0.9956652127915315
mbe_1096,EVIDENCE,1998,test,Plaintiff sued Defendant for injuries suffered in a car accident allegedly caused by brakes that had,B,B,True,1,1254,80,"B  
Reasoning: The gold passage states that ""personal knowledge"" is required for lay witness testimony to be admissible, which is defined as a present recollection of an impression derived from the exercise of the witness's own senses. Since Plaintiff had personal knowledge of the shoe's condition based on their own observations, Plaintiff's testimony is admissible under this standard, making answer (B) correct.",,-14.750001907348633,-1.981667537620524e-06,-15.750001907348633,-100.0,0.9999994627158697
mbe_1097,CONTRACTS,1998,test,Which of the following statements is correct?,B,C,False,1,1263,108,"C  
Reasoning: The gold passage discusses the requirements for a valid tender under an executory contract for the sale of chattels, indicating that delivery must occur and that payment is expected within a reasonable time after delivery. This aligns with option (C), which states that Fixtures must deliver the 25 sets on March 1, and Apartments must pay the contract price for the 25 sets within a reasonable time after their delivery. The other options either misstate the obligations regarding delivery and payment or introduce conditions not supported by the passage.",,-3.2608482837677,-1.7608482837677002,-0.26084834337234497,-100.0,0.7855970245498071
mbe_1120,CONST. LAW,1998,test,"Agitator, a baseball fan, has a fierce temper and an extremely loud voice. Attending a baseball game",C,C,True,1,1592,116,"C  
Reasoning: The gold passage states that the United States Supreme Court will not consider a federal law issue if the state-court judgment is based on a state-law ground that is both ""independent"" of the federal claim's merits and an ""adequate"" basis for the court's decision. Since the state supreme court's decision in Agitator's case rests on the interpretation of the state's constitution regarding free speech, which is an independent state law ground, the Supreme Court should dismiss the writ as improvidently granted. Therefore, answer (C) is correct.",,-100.0,-19.75,-3.128163257315464e-07,-100.0,0.9999999973534255
mbe_1126,CRIM. LAW,1998,test,"Sam decided to kill his boss, Anna, after she told him that he would be fired if his work did not im",A,A,True,1,1828,105,"A  
Reasoning: The gold passage explains that murder in the first degree requires intentional killing with premeditation. Sam had premeditated the act of killing Anna by placing a bomb in her car, intending to kill her when she started the engine. The doctrine of transferred intent applies here, meaning that even though Lois was the unintended victim, Sam's intent to kill Anna transfers to the act that resulted in Lois's death. Therefore, Sam is guilty of murder in the first degree, making answer (A) correct.",,-6.869017852295656e-06,-15.750006675720215,-100.0,-100.0,0.9999998555019682
mbe_1128,TORTS,1998,test,"Orderly, a male attendant who worked at Hospital, had sexual relations with Patient, a severely reta",D,D,True,1,1455,104,"D  
Reasoning: The gold passage establishes that an entity (like Hospital) that has custody of another person (like Patient) has a duty to protect that person from unreasonable risks of harm from others. This includes the obligation to exercise reasonable care to control the conduct of third persons (like Orderly) who may harm the person in custody. Therefore, if Hospital failed to use reasonable care to protect Patient from Orderly's conduct, Patient would prevail in her tort action against Hospital, making answer (D) correct.",,-7.002851963043213,-12.002851486206055,-6.252851963043213,-0.0028519481420516968,0.9971596105187899
mbe_1134,CONST. LAW,1998,test,"The King City zoning ordinance contains provisions restricting places of ""adult entertainment"" to tw",A,A,True,1,1523,123,"A  
Reasoning: The gold passage indicates that content-neutral regulations, such as zoning ordinances that restrict adult entertainment, are subject to intermediate scrutiny. This means that the government must demonstrate a significant governmental interest and that the regulation is narrowly tailored to serve that interest while leaving open ample alternatives for communication. Since the King City zoning ordinance does not prohibit adult entertainment everywhere and aims to keep the major part of its commercial center free from uses deemed harmful, it aligns with the requirements of intermediate scrutiny. Therefore, the court would likely hold that the adult entertainment provisions of the ordinance are constitutional, making answer (A) correct.",,-0.014173386618494987,-100.0,-100.0,-100.0,1.0
mbe_1141,CONST. LAW,1998,test,John is a licensed barber in State A. The State A barber licensing statute provides that the Barber ,A,A,True,1,2190,100,"A  
Reasoning: The gold passage emphasizes the requirement of due process, which includes the opportunity to be heard in a meaningful manner before being deprived of a property interest. John's inability to cross-examine his accusers, who provided the only evidence against him, undermines the fairness of the hearing and suggests a risk of erroneous deprivation of his barber license. Therefore, his best constitutional argument is that this lack of opportunity for cross-examination denied him a fair hearing, making answer (A) correct.",,-0.0001314295077463612,-100.0,-100.0,-100.0,1.0
mbe_1149,CONTRACTS,1998,test,"For this question only, assume that Computers tendered the computer to Bank on August 15, and that B",D,D,True,1,1269,91,"D  
Reasoning: The gold passage indicates that a usage in the relevant trade can be considered alongside the express terms of a contract, and if such usage allows for a 30-day leeway in delivery, it would support Computers' position. This means that if the trade usage permits a delay in delivery, then Bank's rejection of the tender due to the delay may not be justified, making option (D) the best support for Computers' recovery.",,-100.0,-100.0,-14.750017166137695,-1.7120533811976202e-05,0.9999996072138178
mbe_1172,EVIDENCE,1998,test,"Defendant is on trial for participating in a drug sale. The prosecution calls Witness, an undercover",D,D,True,1,1285,94,"D  
Reasoning: The gold passage defines an adoptive admission as a statement made in the presence of the defendant that the defendant accepts through their response, which can include gestures or silence. In this case, Defendant shook hands with Witness after Seller introduced him as ""my partner in this,"" which can be interpreted as an acceptance of Seller's statement. Therefore, Witness's testimony is admissible as Defendant's adoption of Seller's statement, making answer (D) correct.",,-100.0,-18.0,-15.875,-1.9361264946837764e-07,0.9999998572509539
mbe_1186,EVIDENCE,1998,test,"At Defendant's trial for sale of drugs, the government called Witness to testify, but Witness refuse",C,A,False,1,1253,62,"A  
Reasoning: The gold passage states that prior inconsistent statements by a witness are generally admissible for impeachment purposes. Since Witness's identification of Defendant as his source can be considered a prior inconsistent statement, it is admissible for the purpose of impeaching Witness's credibility, making answer (A) correct.",,-0.1602935791015625,-100.0,-1.9102935791015625,-100.0,0.8519528019683106
