idx,subject,source,split,question,correct_answer,predicted_answer,is_correct,condition,tokens_input,tokens_output,raw_response_1,raw_response_2,logprob_A,logprob_B,logprob_C,logprob_D,confidence
mbe_0,,MBE-1972-78-part2,train,Paul then called Vic to testify that Dan's car did run the light. The trial judge should rule that V,B,B,True,0,1223,75,"B  
Reasoning: The gold passage states that evidence must be relevant to be admissible. Vic's testimony regarding whether Dan's car ran the red light is directly relevant to the material issues of the case, specifically the determination of liability in the personal injury action. Therefore, Vic's testimony should be considered admissible based on its relevance, making answer (B) correct.",,-6.580501556396484,-0.0805017799139022,-2.5805017948150635,-100.0,0.9228596078723404
mbe_1,,MBE-1972-78-part2,train,"On cross-examination of Vic, Dan's attorney asked if Vic was drunk at the time he witnessed the acci",D,C,False,0,1404,91,"C  
Reasoning: The gold passage establishes that a witness cannot be impeached by proof of specific acts of misconduct if those acts are not relevant to the case at hand. In this scenario, Yank's testimony about Vic being drunk two years prior is not relevant to the current litigation regarding the accident and does not establish a fact of consequence. Therefore, the trial judge should rule that Yank's testimony is inadmissible, making answer (C) correct.",,-100.0,-100.0,-0.003216688055545,-5.753216743469238,0.996827317332767
mbe_2,,MBE-1972-78-part2,train,Dan called Zemo as a witness and asked him if he knew Vic's reputation for veracity in the community,C,C,True,0,1389,76,"C  
Reasoning: The gold passage discusses foundational requirements for evidence but does not directly address character evidence or impeachment. However, in the context of the question, asking Zemo about Vic's reputation for veracity is relevant to impeaching Vic's credibility. Therefore, the question is unobjectionable as it seeks to establish a foundation for impeachment, making answer (C) correct.",,-1.0185377597808838,-3.768537759780884,-0.5185378193855286,-4.018537998199463,0.5968359515420495
mbe_3,,MBE-1972-78-part2,train,"Jim watched a liquor store furtively for some time, planning to hold it up. He bought a realistic-lo",B,C,False,0,1358,79,"C  
Reasoning: The gold passage indicates that generic burglary requires unlawful entry, which is not present if the premises are open to the public, regardless of the individual's intent. Since Jim was in the process of withdrawing before committing any crime inside the store, he can argue that he had a change of heart and did not complete the act of burglary, making answer (C) the best defense.",,-0.9775817394256592,-5.727581977844238,-0.4775817692279815,-9.227581977844238,0.6203717720785217
mbe_7,,MBE-1972-78-part2,train,"If Dotty asserts a claim against Canco based on negligence, the doctrine of res ipsa loquitur is",C,C,True,0,1598,107,"C  
Reasoning: The doctrine of res ipsa loquitur requires that the event must be caused by an agency or instrumentality within the exclusive control of the defendant and must not have been due to any voluntary action or contribution on the part of the plaintiff. In this case, the tuna was knocked over by the workmen, which indicates that the event was not solely within Canco's control, as the damage was caused by external actions. Therefore, res ipsa loquitur is not applicable, making answer (C) correct.",,-7.2507643699646,-12.00076389312744,-0.0007643607095815,-10.00076389312744,0.999238861225036
mbe_8,,MBE-1972-78-part2,train,"If Guest asserts a claim against Dotty, Dotty most likely will",B,B,True,0,1482,110,"B  
Reasoning: The gold passage establishes that in Indiana, a host owes a duty of care to social guests that requires them to refrain from willfully, wantonly, or intentionally injuring their guests. This implies that liability for a host, such as Dotty, would arise only if she were negligent in her actions. Since the passage does not indicate that Dotty acted with willful or intentional disregard for Guest's safety, the most appropriate answer is (B), which states that Dotty will be held liable only if she were negligent.",,-4.271353244781494,-0.0213533490896224,-5.021353244781494,-7.771353244781494,0.9790168055627048
mbe_9,,MBE-1972-78-part2,train,"If Guest asserts a claim against Supermart, the most likely result is that Guest will",B,B,True,0,1433,129,"B  
Reasoning: The gold passage outlines the requirements for establishing strict liability, which include showing that the product was in a defective condition that was unreasonably dangerous, that the defect existed when the product left the defendant's control, and that the defect was the proximate cause of the injury. In this case, the tuna was unfit for consumption and caused illness, indicating it was defective and unreasonably dangerous. Since the tuna came from Supermart's stock, which was under their control when the defect existed, Guest can assert a claim against Supermart under strict liability. Therefore, answer (B) is the most likely result.",,-100.0,-6.392202976712724e-06,-100.0,-100.0,1.0
mbe_10,,MBE-1972-78-part2,train,"If Addle assigns the contract to Coot, who has comparable experience and reputation, which of the fo",C,B,False,0,1208,77,"B  
Reasoning: The gold passage indicates that contracts are freely assignable unless there is an express provision against assignment or if the performance involves personal skill or credit. In this case, painting a barn may involve an element of personal skill or credit, especially given Addle's fine reputation. Therefore, Boone may refuse to accept performance by Coot, making answer (B) correct.",,-11.750018119812012,-1.8312570318812504e-05,-13.625018119812012,-100.0,0.999990900889066
mbe_11,,MBE-1972-78-part2,train,If Addle assigns the contract to Coot and thereafter Coot does not meet the contract specifications ,A,B,False,0,1246,82,"B  
Reasoning: The gold passage indicates that claims for breach of contract are generally assignable under Massachusetts law. Since Addle assigned the contract to Coot, Boone's cause of action for damages due to Coot's failure to meet the contract specifications lies solely against Coot, making answer (B) correct. Boone does not have a direct cause of action against Addle for damages in this scenario.",,-2.140449523925781,-0.1404494047164917,-4.390449523925781,-100.0,0.8698681589531861
mbe_12,,MBE-1972-78-part2,train,"On the evidence stated, Crowley should be found",C,B,False,0,1383,103,"B  
Reasoning: The gold passage outlines the requirements for a conspiracy conviction, which include the existence of an agreement to commit a crime, the defendant's knowing and voluntary participation in that conspiracy, and an overt act in furtherance of the agreement. In this case, Crowley knowingly agreed to buy stolen food stamps, which indicates his participation in the conspiracy. By purchasing the stolen stamps, he aided and abetted the conspiracy, making him chargeable as a principal. Therefore, answer (B) is correct.",,-5.006847858428955,-0.0068479808978736,-9.256848335266112,-100.0,0.9932123279122452
mbe_13,,MBE-1972-78-part2,train,"If Jackson and Brannick are charged with conspiracy to steal the stamps in the state court, they sho",D,D,True,0,1459,103,"D  
Reasoning: The gold passage discusses the Pinkerton principle of vicarious liability in conspiracy law, which holds that a conspirator can be held liable for crimes committed by a coconspirator if those crimes are within the scope of the conspiracy and are a natural consequence of it. Since Jackson and Brannick planned and executed the theft of the food stamps together, they conspired to commit the crime, making them guilty of conspiracy to steal the stamps. Therefore, answer (D) is correct.",,-100.0,-100.0,-100.0,-1.5048530030981055e-06,1.0
mbe_14,,MBE-1972-78-part2,train,"Owens contracted to sell a tract of land, Overlea, to Painter by general warranty deed. However, at ",C,C,True,0,1308,100,"C  
Reasoning: The gold passage indicates that rescission is a proper remedy when there is a substantial breach of contract that defeats the purpose of the agreement. However, since Painter accepted a quitclaim deed without covenants of title, his cause of action must be based on the deed itself rather than the original contract with Owens. This makes answer (C) the most likely successful argument in Owens' defense, as it emphasizes that Painter's claims are limited to the terms of the deed he accepted.",,-100.0,-12.875018119812012,-1.819336648622993e-05,-100.0,0.9999974387176008
mbe_15,,MBE-1972-78-part2,train,"Rider's counsel seeks to introduce an affidavit he obtained in preparation for trial from Dr. Bond, ",D,D,True,0,2906,94,"D  
Reasoning: The gold passage outlines various exceptions to the hearsay rule, but the affidavit from Dr. Bond does not fall under any of these exceptions. Since Dr. Bond is deceased, his statement cannot be considered a present sense impression or a statement made for medical diagnosis or treatment, as it is being introduced after his death and is not a contemporaneous statement. Therefore, the affidavit is hearsay and inadmissible, making answer (D) correct.",,-8.7501859664917,-12.3751859664917,-100.0,-0.000186375065823,0.9998373422189964
mbe_16,,MBE-1972-78-part2,train,"Transit Company calls Observer to testify that right after the accident, Rider told hin that he had ",A,A,True,0,1193,74,"A  
Reasoning: The gold passage states that admissions by party-opponents are admissible, even if they are not based on personal knowledge. Since Observer's testimony reflects Rider's statement about his back injury, it qualifies as an admission against interest, making it admissible under the rule regarding admissions by a party-opponent. Therefore, answer (A) is correct.",,-9.09076043171808e-05,-100.0,-100.0,-100.0,1.0
mbe_17,,MBE-1972-78-part2,train,Which of the following statements regarding the contract provision for preinspection payment is corr,C,C,True,0,1460,82,"C  
Reasoning: The gold passage establishes that a buyer has the right to inspect goods before payment or acceptance unless otherwise agreed. The provision for pre-inspection payment does not impair the buyer's right to inspect the goods or his remedies if the goods are nonconforming. Therefore, Johnston's right to inspect the wool and seek remedies for nonconformity remains intact, making answer (C) correct.",,-100.0,-100.0,-19.625,-100.0,1.0
mbe_18,,MBE-1972-78-part2,train,What is Johnston's remedy because the wool was nonconforming?,C,B,False,0,1352,99,"B  
Reasoning: The gold passage outlines that in contracts for the sale of goods, damages are measured by the difference between the contract price and the market price when the buyer learns of the breach. Since Johnston discovered that the wool was of No. 2 quality instead of No. 1 quality, he is entitled to damages that reflect the difference in value between the nonconforming goods delivered and the value of the conforming goods he expected. Therefore, answer (B) is correct.",,-100.0,-0.0233802292495965,-3.773380279541016,-100.0,0.977022631218987
mbe_19,,MBE-1972-78-part2,train,Can Johnston resell the wool?,B,D,False,0,1220,92,"D  
Reasoning: The gold passage states that the seller may resell the goods after any breach by the buyer. In this case, Johnston has discovered that the wool does not meet the quality specified in the contract and has tendered it back to McHugh, which constitutes a breach. Since Johnston is not the seller in this scenario, he does not have the right to resell the wool. Therefore, the correct answer is (D) No.",,-6.50202751159668,-7.75202751159668,-9.62702751159668,-0.0020277311559766,0.9980037542871382
mbe_20,,MBE-1972-78-part2,train,Lord leased a warehouse building and the lot on which it stood to Taylor for a term of ten years. Th,A,B,False,0,1241,84,"B  
Reasoning: The gold passage indicates that restraints on alienation of land are void as they go against public policy, which supports the idea that landowners should be able to freely dispose of their property. Since the lease contains a clause prohibiting subletting, it can be interpreted that such a restraint is invalid, allowing Taylor to assign his interest under the lease. Therefore, answer (B) is correct.",,-2.8485541343688965,-0.0985540151596069,-3.3485541343688965,-100.0,0.9068632762925496
mbe_21,,MBE-1972-78-part2,train,"Diner, a drive-in hamburger and ice cream stand, recently opened for business in the suburban town o",D,B,False,0,1593,123,"B  
Reasoning: The gold passage explains the concept of ""coming to the nuisance,"" which indicates that if the harmful activity (in this case, Diner) was operating before the plaintiffs (Householders) acquired their property, it can serve as a defense for the defendant. Since the Householders were already living in the area before Diner opened, this fact is relevant but does not negate the zoning ordinance that allows for small retail businesses, including Diner. Therefore, the fact that the Householders were in the area before Diner is irrelevant because of the zoning ordinance, making answer (B) correct.",,-100.0,-0.3903601169586181,-5.890359878540039,-1.1403601169586182,0.6772987557163743
mbe_22,,MBE-1972-78-part2,train,Paul's best defense to a charge of robbery would be that,D,B,False,0,1345,98,"B  
Reasoning: The gold passage defines robbery as the felonious taking of property from another's possession by means of force or fear. Since Paul withdrew from the scene before the crime was successfully completed (the teller was not placed in fear and did not comply with Jack's demands), he can argue that he did not participate in the commission of the robbery. Therefore, answer (B) is the best defense for Paul, as he can claim he withdrew before the crime was accomplished.",,-15.750000953674316,-6.704273118884885e-07,-100.0,-100.0,0.9999998555020372
mbe_23,,MBE-1972-78-part2,train,The prosecution's best argument to sustain the validity of the search of Jack's car would be that,C,C,True,0,1502,123,"C  
Reasoning: The gold passage establishes that a warrantless search is generally considered unreasonable unless it falls within established exceptions, one of which is valid consent to the search. For consent to be valid, it must be ""knowing and voluntary"" and given by someone with authority to consent. In this case, Paul, as the driver of the car, had the authority to consent to the search of the vehicle. Therefore, the prosecution's best argument to sustain the validity of the search of Jack's car is that Paul had sufficient standing and authority to consent to the search, making answer (C) correct.",,-100.0,-100.0,-19.625,-100.0,1.0
mbe_24,,MBE-1972-78-part2,train,Pace sues Def Company for injuries suffered when Pace's car collided with Def Company's truck. Def's,B,B,True,0,1291,83,"B  
Reasoning: The gold passage establishes that the attorney-client privilege protects communications made in confidence by a client and the client's employees to an attorney for the purpose of obtaining legal advice. Since the report was prepared at the request of the company's attorney in preparation for trial, it falls under the protection of the attorney-client privilege. Therefore, production of the report will not be required, making answer (B) correct.",,-12.500015258789062,-1.5094070477061903e-05,-11.750015258789062,-100.0,0.9999883841588434
mbe_25,,MBE-1972-78-part2,train,The following facts concern a tract of land in a state which follows general United States law. Each,A,B,False,0,1585,144,"B  
Reasoning: The gold passage discusses the necessity of consent and joinder in conveyances, particularly in the context of marital property. In this case, Paul, who received his interest through a quitclaim deed from Frank, must ensure that all parties with a potential interest in the property are included in the conveyance to Patrick. Since Bob's interest was devised to Charles for life, and then to Sam for life, both Charles and Sam (and potentially Sam's children) have interests that could affect the marketability of the title. Therefore, Paul can only convey marketable record title if Charles, Sam, and Sam's only child (Gene) join in the conveyance, making answer (B) correct.",,-3.2646234035491943,-0.5146233439445496,-1.0146234035491943,-100.0,0.5986380454228131
mbe_26,,MBE-1972-78-part2,train,A necessary element in determining if Peter is liable for a trespass is whether,D,B,False,0,1483,105,"B  
Reasoning: The gold passage outlines the necessary elements for establishing a claim of trespass, which includes the requirement that the defendant's actions were executed without the plaintiff's consent. In this case, determining whether Peter is liable for trespass hinges on whether he knew the property belonged to a private person (Owner). If Peter was aware that he was on private property, it would support a claim of trespass. Therefore, answer (B) is correct as it directly relates to Peter's knowledge of the property ownership.",,-7.015605926513672,-0.390606164932251,-1.140606164932251,-5.890605926513672,0.6766906632500431
mbe_27,,MBE-1972-78-part2,train,"If Peter asserts a claim against Owner for loss of the boat, the most likely result is that Owner wi",A,B,False,0,1409,100,"B  
Reasoning: The gold passage indicates that a party can be considered a trespasser ab initio if they refuse to comply with a demand regarding property. In this case, Peter refused Owner's request to remove the boat from the dock, which could classify him as a trespasser from the outset. Therefore, Owner may prevail in a claim for loss of the boat based on Peter's status as a trespasser ab initio, making answer (B) the most likely result.",,-3.170957088470459,-0.1709571629762649,-2.420957088470459,-3.670957088470459,0.8436087051792261
mbe_28,,MBE-1972-78-part2,train,"Park brought an action against Dan for injuries received in an automobile accident, alleging neglige",D,B,False,0,1240,78,"B  
Reasoning: The gold passage explains that reputation can be independently relevant and may be admissible under certain circumstances. In this case, White's testimony about Dan's reputation as a reckless driver is relevant to proving Dan's negligence at the time of the collision. Therefore, answer (B) is correct as it supports the admissibility of White's testimony to establish Dan's negligent behavior.",,-8.512899398803711,-0.0128992516547441,-5.512899398803711,-4.762899398803711,0.9872234205306156
mbe_30,,MBE-1972-78-part2,train,"In Duffer's letter of October 8, what was the legal effect of the language: ""This offer is not subje",D,D,True,0,1579,134,"D  
The passage indicates that the offeror can reserve a power of revocation and that the limitations must be communicated to the offeree before acceptance. Duffer's statement ""This offer is not subject to countermand"" does not create an irrevocable offer under the Uniform Commercial Code; rather, it simply indicates that Duffer intended to keep the offer open until the specified time. However, it does not prevent Duffer from revoking the offer before Slicker accepted it, as Duffer had the power to revoke the offer until acceptance was communicated. Therefore, answer (D) is correct, as the language did not affect Duffer's ability to revoke the offer.",,-5.504531383514404,-100.0,-7.754531383514404,-0.004531588871032,0.995502801255625
mbe_31,,MBE-1972-78-part2,train,"In a lawsuit by Slicker against Duffer for breach of contract, what would the court probably decide ",B,B,True,0,1588,89,"B  
Reasoning: The gold passage indicates that any act or communication that would lead a reasonable person to believe that an offer has been revoked is sufficient to constitute a withdrawal of the offer. Since Duffer had already purchased another bike from Koolcat before receiving Slicker's acceptance, this act effectively revoked his original offer. Therefore, the mailing of Slicker's acceptance did not prevent Duffer from revoking his offer, making answer (B) correct.",,-9.451059341430664,-0.5760589241981506,-0.8260589241981506,-10.576059341430664,0.5621179628162414
mbe_32,,MBE-1972-78-part2,train,What is the probable legal effect of Koolcat's conversation with Slicker and report that he (Koolcat,B,B,True,0,1586,128,"B  
Reasoning: The gold passage outlines the causes that can terminate an offeree's power of acceptance, including a counteroffer by the offeree. In this case, Koolcat's report to Slicker about selling the Sujocki to Duffer indicates that Duffer had already purchased a bike, which effectively serves as a counteroffer or a change in circumstances that would terminate Slicker's power to accept Duffer's original offer. Therefore, unless a contract had already been formed between Slicker and Duffer, Koolcat's report operated to terminate Slicker's ability to accept the offer. Thus, answer (B) is correct.",,-8.250364303588867,-0.0003640673821792,-10.250364303588867,-100.0,0.9997034719668664
mbe_33,,MBE-1972-78-part2,train,"In a suit attacking the validity of a deed executed fifteen years ago, Plaintiff alleges mental inco",B,B,True,0,1492,103,"B  
Reasoning: The gold passage defines hearsay as an out-of-court statement offered for the truth of its content, which is generally inadmissible unless it fits into a recognized exception. Harry's affidavit is a statement made outside of court and is being offered to prove Joe's mental incompetency, which constitutes hearsay. Since there is no indication in the passage that the affidavit fits into any hearsay exception, it should be ruled inadmissible as hearsay, making answer (B) correct.",,-8.750179290771484,-0.0001794649142539,-11.625179290771484,-100.0,0.999832626887957
mbe_34,,MBE-1972-78-part2,train,"""A person is not responsible for criminal conduct if at the time of such conduct as a result of ment",D,D,True,0,1173,72,"D  
Reasoning: The gold passage explicitly states that under the Model Penal Code, an individual is not liable for criminal offenses if they lack substantial capacity to appreciate the wrongfulness of their actions or to conform their actions to the law due to a mental disease or defect. This aligns directly with the definition provided in the question, making answer (D) correct.",,-100.0,-100.0,-100.0,-20.375001907348636,1.0
mbe_35,,MBE-1972-78-part2,train,Payne had purchased one of the 140 lots and brought suit against Oscar to establish that the remaini,B,B,True,0,2752,115,"B  
Reasoning: The gold passage discusses the concept of a scheme of development, which requires that restrictions on land use be imposed uniformly across all lots in a defined area, with the intention that all purchasers benefit from these restrictions. Since Payne is seeking to enforce the residential use restriction on both the lots he purchased and the remaining lots, the outcome of his suit will depend on whether a common development scheme was established for the entire subdivision. This makes answer (B) the most appropriate comment, as it directly addresses the necessity of a common scheme for the enforcement of such restrictions.",,-100.0,-4.127333340875339e-06,-100.0,-100.0,1.0
mbe_36,,MBE-1972-78-part2,train,Suppose that Oscar sold 50 lots during 1971 without inserting in the deeds any provisions relating t,D,A,False,0,1862,111,"A  
Reasoning: The gold passage outlines the common scheme of development doctrine, which requires a general scheme of development for the property as a whole, with the majority of subdivided lots containing restrictive covenants. Since Oscar sold 140 lots with restrictions and later sold 50 lots without any restrictions, this change in circumstances could be argued to render the original restrictions unenforceable. Therefore, Doyle can assert that Oscar's difficulty in selling the remaining lots with restrictions establishes a change in circumstances that supports his defense, making answer (A) the best choice.",,-0.3087314367294311,-2.0587315559387207,-2.8087315559387207,-2.5587315559387207,0.7346145324567678
mbe_37,,MBE-1972-78-part2,train,"Adam and Bailey. brothers, operated an illicit still. They customarily sold to anyone unless they su",B,B,True,0,1391,131,"B  
Reasoning: The gold passage defines battery as intentional, unconsented-to, injurious or otherwise offensive physical contact with the victim. Adam intentionally shot Mitchell, which constitutes battery as it involved offensive physical contact resulting in injury. Therefore, Adam is guilty of battery. Bailey, on the other hand, did not engage in any act of battery since he refused to sell liquor and was arrested without any physical contact. However, since Adam's act of battery was committed during the course of their conspiracy, both Adam and Bailey can be held liable for the actions taken in furtherance of the conspiracy. Thus, the correct answer is that both are guilty.",,-9.514137268066406,-0.3891371488571167,-1.1391371488571167,-6.139137268066406,0.6776636836333377
mbe_38,,MBE-1972-78-part2,train,The bus in which Pat was riding was struck from the rear by a taxi. He sued Cab Company for a claime,B,B,True,0,1479,116,"B  
Reasoning: The gold passage explains that expert witnesses can base their opinions on facts or data that may not be admissible, as long as those facts or data are the type that experts in the field would reasonably rely on. In this case, the doctor's testimony about the other passengers' neck pain could be admissible if there is other testimony establishing a causal connection between their pain and the accident. Therefore, answer (B) is correct, as it aligns with the principles outlined in the passage regarding the admissibility of expert testimony and the need for establishing a causal link.",,-11.00007438659668,-7.398067828034982e-05,-11.50007438659668,-100.0,0.999973168936428
mbe_39,,MBE-1972-78-part2,train,"Odum owned Brightacre (a tract of land) in fee simple. He conveyed it ""to Pike, his heirs and assign",B,B,True,0,1173,101,"B  
Reasoning: The gold passage discusses the Rule Against Perpetuities, which states that an interest must vest within a life in being plus 21 years. In this case, Farley's interest will vest if he is alive 30 years from the date of the deed, which is a definite time frame that does not exceed the perpetuity period. Therefore, Farley's interest is valid as it will vest, if at all, within a life in being, making answer (B) correct.",,-100.0,-0.0015054593095555,-6.501505374908447,-100.0,0.998498817616752
mbe_40,,MBE-1972-78-part2,train,Assume that the contractor had made no error and that Neff had paid only for labor and materials for,A,B,False,0,1544,91,"B  
Reasoning: The gold passage defines an aleatory contract as one where the performance of obligations depends on an uncertain event. In this case, Owens' promise to hire a caretaker was contingent upon Neff's agreement not to sue, which indicates that Owens did not believe Neff had a valid claim. Since Owens did not believe in the validity of Neff's claim, there was no consideration for his promise, making answer (B) correct.",,-5.555534839630127,-0.0555346459150314,-3.055534601211548,-5.805534839630127,0.9460231171499504
mbe_41,,MBE-1972-78-part2,train,"Assuming there is an enforceable contract between Owens and Morse, does Neff have an action against ",A,C,False,0,1804,123,"C  
Reasoning: The gold passage establishes that a third party can only recover on a contract if the contracting parties intended to benefit that third party directly. Neff does not have a direct legal duty owed to him by Owens or Morse, nor is he a donee or creditor beneficiary of the contract between Owens and Morse. Instead, Neff is merely an incidental beneficiary, as he may benefit from the performance of the contract (the snow and ice removal) but was not intended to be a beneficiary of the agreement. Therefore, Neff does not have an action against Morse, making answer (C) correct.",,-9.130375862121582,-10.505375862121582,-0.0053759296424686,-5.255375862121582,0.994644867856662
mbe_42,,MBE-1972-78-part2,train,Defendant was driving his automobile at a legal speed in a residential zone. A child darted out in f,C,C,True,0,1243,124,"C  
Reasoning: The gold passage emphasizes that for a defendant to be found guilty of involuntary manslaughter, the act must be the proximate cause of the death. In this case, Defendant was driving at a legal speed and could not have prevented the accident when the child darted out in front of him. The expired driver's license, while a misdemeanor, does not establish a direct causal link to the child's death, as the accident occurred due to the child's sudden action. Therefore, the offense of driving without a valid license was not the proximate cause of the death, making answer (C) correct.",,-100.0,-14.25000286102295,-2.45848218582978e-06,-100.0,0.9999993524054624
mbe_43,,MBE-1972-78-part2,train,"Pauline, an unmarried female, was prominent in the women's liberation movement. She recently gave bi",B,A,False,0,1572,117,"A  
Reasoning: The gold passage indicates that truth is not a defense to a claim for public disclosure of private facts. Therefore, even if the statements made by the Journal about Pauline's birth are true, this does not prevent her from prevailing in her invasion of privacy claim. However, since the question asks for the most likely result based on the established truth of the statements, the correct answer is (A) because truth is a complete defense in the context of defamation, but not in public disclosure claims. Thus, Pauline will not prevail based on the truth of the statements.",,-1.6047699318733066e-05,-100.0,-100.0,-100.0,1.0
mbe_44,,MBE-1972-78-part2,train,"Homer conveyed his home to his wife, Wanda, for life, remainder to his daughter, Dixie. There was a ",C,C,True,0,1380,89,"C  
Reasoning: The gold passage discusses the nature of remainder interests and does not directly address the obligations related to mortgage payments. However, in the context of life estates and remainders, it is generally understood that the life tenant (Wanda) is responsible for the property’s expenses, including mortgage interest, during her lifetime. Therefore, Wanda must pay the portion of the monthly payment that represents interest, making answer (C) correct.",,-12.00003147125244,-12.00003147125244,-3.190178904333152e-05,-100.0,0.9999877117210064
mbe_45,,MBE-1972-78-part2,train,"The police, answering a complaint about noise, arrived at Sam's apartment and found Sam's wife dead ",B,B,True,0,1383,65,"B  
Reasoning: The gold passage defines custodial interrogation and emphasizes that statements made during such interrogation require Miranda warnings to be admissible. Since Sam's statement was made at the scene, was volunteered, and not a product of a custodial interrogation, it is admissible. Therefore, answer (B) is correct.",,-100.0,-1.6240566083070007e-06,-16.125001907348633,-100.0,0.999999900688095
mbe_49,,MBE-1972-78-part2,train,John Smith has denied his purported signature on a letter which has become critical in a breach of c,D,D,True,0,1470,125,"D  
Reasoning: The gold passage indicates that a lay witness may identify handwriting if they have seen the person write and have an opinion concerning the writing in question. Alice, as a teacher who taught John Smith mathematics, likely had the opportunity to observe his handwriting during that time. Therefore, her testimony could be admissible under Rule 901(b)(2) as long as she meets the requirements of familiarity not acquired for the purposes of litigation. Since the objection does not provide sufficient grounds to disqualify her testimony based on the rules outlined, the trial judge should overrule the objection, making answer (D) correct.",,-100.0,-14.000080108642578,-12.375080108642578,-8.0536883615423e-05,0.999994945643386
mbe_50,,MBE-1972-78-part3,train,"If Susie's claim against Roger's Market is based on a negligence theory, Susie will",C,C,True,0,2081,115,"C  
Reasoning: The gold passage emphasizes that the question of negligence is typically for the jury to determine based on the facts presented. In this case, Roger's Market proved that it had no way of knowing the content of the can was likely to cause harm and had a history of selling West Beef Company's products without issue. Therefore, there was no evidence that Roger's Market failed to exercise due care in selling the corned beef to Susie. As such, Susie's claim against Roger's Market based on negligence is unlikely to succeed, making answer (C) correct.",,-100.0,-100.0,-20.625,-100.0,1.0
mbe_51,,MBE-1972-78-part3,train,"If Susie's claim against West Beef Company is based on the theory of strict liability in tort, Susie",A,C,False,0,1725,122,"C  
Reasoning: The gold passage outlines the requirements for proving a product-liability claim, specifically that the defect must exist when the product leaves the defendant's control. In this case, West Beef Company did not process or pack the corned beef and had no control over it when the defect (the sliver of bone) occurred. Therefore, since there is no privity of contract between Susie and West Beef Company, and the defect was due to the actions of Meat Packers, Inc., Susie will not recover against West Beef Company under strict liability. Thus, answer (C) is correct.",,-3.5586705207824707,-11.058670043945312,-0.0586704388260841,-3.5586705207824707,0.9430301673681796
mbe_54,,MBE-1972-78-part3,train,"A newly-enacted state criminal statute provides, in its entirety, ""No person shall utter to another ",C,B,False,0,1246,96,"B  
Reasoning: The gold passage establishes the principle of freedom of speech as protected by the First Amendment, which is applicable to the states through the Fourteenth Amendment. The statute in question criminalizes speech that is deemed ""annoying, disturbing or unwelcome,"" which is likely to be considered overly broad and unconstitutional as it infringes on the right to free speech. Therefore, Smith cannot be convicted under this statute because the speech he used is protected by the First Amendment.",,-100.0,-3.655072941910476e-05,-13.375036239624023,-100.0,0.9999984465017622
mbe_55,,MBE-1972-78-part3,train,In which of the following situations is Defendant's claim of intoxication most likely to result in h,B,B,True,0,1268,111,"B  
Reasoning: The gold passage outlines the requirements for proving assault with intent to kill (AWIKWA), which includes the necessity of demonstrating that the defendant acted with specific intent to kill. In option B, Defendant claims he was so drunk that he did not realize anyone else was around when he fired the gun. This suggests a lack of specific intent to kill, as he was unaware of his surroundings. Therefore, his claim of intoxication is most likely to result in a finding of not guilty in this scenario, making answer (B) correct.",,-11.504112243652344,-0.0041118809022009,-5.7541117668151855,-100.0,0.9968172509855848
mbe_56,,MBE-1972-78-part3,train,"Asserting that his title was held free of any claim by Barrett, Allred instituted suit against Barre",A,B,False,0,1543,111,"B  
Reasoning: The gold passage emphasizes the importance of the chain of title and the role of recorded deeds in establishing ownership. Since Niece recorded her deed before Allred recorded his, Barrett's title is derived from Niece, who had a properly recorded deed. This means that Barrett's ownership is valid and takes precedence over Allred's claim, as Allred's deed is not part of Barrett's chain of title. Therefore, if Barrett prevails, it will be because Niece recorded before Allred, making answer (B) correct.",,-8.812790870666504,-0.0627912133932113,-7.312791347503662,-2.812791109085083,0.939146584974664
mbe_57,,MBE-1972-78-part3,train,"Asserting that his title was held free of any claim by Leon, Allred instituted suit against Leon to ",D,C,False,0,1461,106,"C  
Reasoning: The gold passage discusses the rights of subsequent purchasers and indicates that an owner has no right to recover from a third party for damages inflicted before their purchase, which implies that the timing of the recording and the lack of notice are crucial. In this case, Leon recorded his mortgage before Allred recorded his deed, and since Leon had no notice of Allred's prior conveyance, he is protected under the statute as a subsequent purchaser. Therefore, judgment should be for Leon, making answer (C) correct.",,-6.910109519958496,-3.785109281539917,-0.0351093038916587,-4.535109519958496,0.9655678150852314
mbe_58,,MBE-1972-78-part3,train,Assume for this question only that Niece had not conveyed to Barrett. After Allred recorded his deed,C,B,False,0,1518,87,"B  
Reasoning: The gold passage defines a bona fide purchaser for value as one who has no notice of another's claim prior to acquiring title and has paid valuable consideration. Since Niece had no notice of Allred's rights when she accepted the deed from Owen and recorded her deed before Allred recorded his, she qualifies as a bona fide purchaser. Therefore, judgment should be for Niece, making answer (B) correct.",,-3.2915523052215576,-0.041552260518074,-5.7915520668029785,-100.0,0.9597325148597062
mbe_59,,MBE-1972-78-part3,train,"For this question only, assume that Ohner and Byer were bound by a contract for the sale of lot 101 ",B,B,True,0,1546,134,"B  
Reasoning: The gold passage discusses the common scheme doctrine related to the development of land and does not directly address the pricing of lots in a contractual context. However, the facts indicate that Byer initially accepted the offer for lot 101 at $5,000, which forms a binding contract. When Ohner later communicated a new price of $6,000 for all lots, Byer agreed to this new price for the remaining lots. Therefore, Byer is required to pay $5,000 for lot 101, which was already contracted at that price, and $6,000 for the remaining forty-nine lots, making answer (B) correct.",,-2.9542346000671387,-0.2042345255613327,-2.4542346000671387,-3.2042346000671387,0.8202677411283532
mbe_60,,MBE-1972-78-part3,train,"For this question only, assume that on May 5 Ohner telephoned Byer that he had sold lots 102 through",D,C,False,0,1489,116,"C  
Reasoning: The gold passage explains that an offer can be terminated by revocation, and it states that an offeror may revoke the offer at any time before acceptance. In this case, Ohner sold lots 102 through 150 to another party before Byer accepted the offer for lot 101. This sale effectively revoked Byer's power of acceptance regarding the remaining lots, as the specific lots that Byer was interested in were no longer available. Therefore, Byer cannot succeed in his action against Ohner for breach of contract, making answer (C) correct.",,-100.0,-100.0,-2.2200749754119897e-06,-14.375001907348633,0.9999994284993744
mbe_61,,MBE-1972-78-part3,train,"For this question only, assume that on May 6 Byer telegraphed Ohner. ""Will take the rest of the lots",C,D,False,0,1332,111,"D  
Reasoning: The gold passage discusses the concept of an implied covenant of good faith and fair dealing, which suggests that a party's obligations may be excused if a condition precedent is not met. In this case, Ohner's inability to provide good title to the remaining lots constitutes a failure of an implied condition precedent to the contract for those lots. Therefore, Ohner can argue that he is not liable for breach of contract regarding the remaining forty-nine lots due to this failure, making answer (D) the best legal support for his contention.",,-7.262417793273926,-100.0,-4.512417793273926,-0.0124177020043134,0.988318891161031
mbe_62,,MBE-1972-78-part3,train,Philip was a 10-year-old boy. Macco was a company that sold new and used machinery. Macco stored dis,D,D,True,0,1531,104,"D  
Reasoning: The gold passage discusses the concept of private nuisance and emphasizes the need to balance the gravity of harm against the utility of the defendant's conduct. In this case, determining whether Macco could have eliminated the risk of harm without unduly interfering with its normal operations is crucial. If Macco could have taken reasonable steps to prevent children from accessing the dangerous machinery, it would indicate a breach of duty. Therefore, answer (D) is the most significant factor in assessing Macco's liability to Philip.",,-7.506609916687012,-100.0,-5.256609916687012,-0.0066098603419959,0.9942328504989876
mbe_63,,MBE-1972-78-part3,train,"If Rescuer asserts a claim against Si for personal injuries, Rescuer will",B,B,True,0,1272,96,"B  
Reasoning: The gold passage establishes that a person who creates a dangerous situation through negligence has a duty to both the imperiled victim and the rescuer. Since Si was negligent in siphoning gasoline without consent, which led to the fire, he is liable for the injuries sustained by Rescuer while attempting to save him. Therefore, Rescuer will prevail in his claim against Si because Si was at fault in causing the fire, making answer (B) correct.",,-13.751174926757812,-0.0011746286181733,-6.751174449920654,-100.0,0.9988294243195656
mbe_64,,MBE-1972-78-part3,train,"If Rescuer asserts a claim against Neighbor personal injuries, Rescuer will",C,C,True,0,1199,68,"C  
Reasoning: The gold passage indicates that an injury during a rescue effort is attributed to the party that created the danger. In this case, Neighbor was not at fault for Si's actions of siphoning gasoline, which led to the explosion. Therefore, Rescuer cannot recover damages from Neighbor, making answer (C) correct.",,-15.250005722045898,-12.250005722045898,-5.796184723294573e-06,-14.875005722045898,0.9999946300413384
mbe_65,,MBE-1972-78-part3,train,Defendant was tried for robbery. Victim Worth were the only witnesses called to.t tify. Victim testi,C,C,True,0,1213,132,"C  
Reasoning: The gold passage defines robbery as the felonious taking of property from another's possession by means of force or fear. Victim's testimony indicates that Defendant threatened her with a knife, which supports a robbery charge. However, Worth's testimony does not confirm the presence of a knife or threats, suggesting that the act could also be interpreted as larceny, which is the unlawful taking of someone else's property without the use of force or fear. Therefore, the jury could properly return a verdict of either robbery (based on Victim's testimony) or larceny (based on Worth's testimony), making answer (C) correct.",,-3.532417297363281,-6.032417297363281,-0.0324172750115394,-100.0,0.968357809612039
mbe_67,,MBE-1972-78-part3,train,Congressional legislation authorizing marriages and divorces as a matter of federal law on prescribe,D,A,False,0,1263,117,"A  
Reasoning: The gold passage discusses the authority of the President to settle claims through executive agreements and the potential for legislation to abrogate such agreements. While the passage does not directly address marriage and divorce legislation, it implies that federal authority is more easily justified in specific contexts. Option (A) suggests that the legislation applies only to marriages and divorces involving members of the armed forces, which aligns with the federal government's established authority over military matters. This makes it the most plausible option for upholding such legislation, as it ties the federal law to a specific and recognized federal interest.",,-0.0593246929347515,-4.059324741363525,-5.809324741363525,-3.3093247413635254,0.9431536538813436
mbe_73,,MBE-1972-78-part3,train,"If Driver asserts a claim against Trucker and establishes that Trucker was negligent, the likely res",C,C,True,0,1581,118,"C  
Reasoning: The gold passage explains that legal cause is established if the injury was foreseeable as a likely result of the conduct in question. In this case, Trucker's negligence in parking his trailer in a way that obstructed the traffic light on Pine Street created a situation where a collision was foreseeable, as it directly contributed to the circumstances leading to Driver's accident. Therefore, Trucker's negligence is both an actual cause (it directly contributed to the accident) and a legal cause (the resulting injury was a foreseeable consequence of his negligent act), making answer (C) correct.",,-10.001975059509276,-6.251975536346436,-0.0019755032844841,-100.0,0.9980280422782832
mbe_74,,MBE-1972-78-part3,train,"If Driver asserts a claim against City, the theory on which he has the best chance of prevailing is ",B,B,True,0,1683,112,"B  
Reasoning: The gold passage discusses ""Failure to Repair"" lawsuits, emphasizing the duty to repair dangerous conditions that can lead to injuries. In this case, the City had a duty to maintain the traffic signal and the pole that was knocked down. The fact that the pole was not replaced within seventy-two hours created a dangerous condition that contributed to the accident. Therefore, Driver's best chance of prevailing against the City is based on the claim that the City was negligent in not replacing the broken pole promptly, making answer (B) the most appropriate choice.",,-100.0,-1.4498052223643754e-05,-11.500014305114746,-14.625014305114746,0.9999894249309444
mbe_75,,MBE-1972-78-part3,train,Which of the following potential plaintiffs is most likely to be able to obtain a judicial determina,B,B,True,0,1396,128,"B  
Reasoning: The gold passage outlines the requirements for invoking the Uniform Declaratory Judgments Act, emphasizing the need for an actual, present, and existing dispute between parties with genuine and opposing interests. Contractors who have been awarded contracts by the state of Atlantic have a direct and substantial interest in the federal highway construction funds, as their contracts are contingent on the receipt of these funds. This creates a concrete dispute regarding the validity of the federal statute, making option (B) the most likely plaintiff to obtain a judicial determination. The other options either lack a direct and substantial interest or do not present an actual dispute as required by the passage.",,-4.763136386871338,-0.0131362248212099,-5.763136386871338,-100.0,0.9883039426062342
mbe_76,,MBE-1972-78-part3,train,The strongest argument that can be made in support of the constitutionality of this federal statute ,C,C,True,0,1405,96,"C  
Reasoning: The gold passage indicates that Congress has broad discretion under the Spending Clause to impose conditions on federal funding to ensure that the funds are used in a manner consistent with Congress's intentions. Therefore, the strongest argument in support of the constitutionality of the federal statute is that Congress could reasonably believe that the 55 mile-an-hour speed limit will assure that the federal money spent on highways results in greater benefit than harm to the public, making answer (C) correct.",,-100.0,-100.0,-5.872261317563243e-05,-100.0,1.0
mbe_77,,MBE-1972-78-part3,train,The federal statute relating to disbursement of highway funds conditioned on the 55 mile-an-hour spe,D,B,False,0,1300,113,"B  
Reasoning: The gold passage indicates that Congress has the constitutional authority to attach conditions to the receipt of federal funds in order to promote broad policy objectives. This aligns with the spending power of Congress, which allows it to condition federal funding on compliance with certain requirements. Since the federal statute in question conditions highway construction funding on the enactment of a speed limit, it is likely constitutional based on the spending power. The passage does not provide support for the commerce power being the basis for the statute's constitutionality, making answer (B) the most appropriate choice.",,-100.0,-5.676981345459353e-06,-100.0,-15.500005722045898,0.9999998144609066
mbe_78,,MBE-1972-78-part3,train,"Detective received informal from Informant, who had given reliable information many times in the pas",B,D,False,0,1395,109,"D  
Reasoning: The gold passage emphasizes that probable cause must be established through objective circumstances, and it indicates that a judge ultimately decides whether probable cause exists. In this case, Detective secured a search warrant based on Informant's reliable past information and specific details about Harry's alleged drug dealing. Since Informant had proven reliable in the past and the information provided was corroborated by a specific incident, the search warrant was likely valid. Therefore, Harry's motion to suppress the evidence will most probably be denied, making answer (D) correct.",,-15.125059127807615,-9.750059127807615,-100.0,-5.908022285439074e-05,0.9999414388108192
mbe_79,,MBE-1972-78-part3,train,Defendant sold heroin to Morgan. Morgan was later stopped by police for speeding. The police searche,C,C,True,0,1163,84,"C  
Reasoning: The gold passage establishes that only individuals whose privacy or property interests are violated can object to a search on Fourth Amendment grounds. Since Defendant sold the heroin to Morgan and does not have a privacy interest in Morgan's vehicle, he lacks standing to object to the search. Therefore, Defendant's motion to prevent the introduction of the heroin into evidence will most probably be denied, making answer (C) correct.",,-100.0,-100.0,-21.0,-100.0,1.0
mbe_80,,MBE-1972-78-part3,train,"Defendant visited a fellow college student, James, in James's dormitory room. They drank some beer. ",B,C,False,0,1441,137,"C  
Reasoning: The gold passage defines larceny as the fraudulent and wrongful taking and carrying away of the property of another with the intent to convert it to the taker's use without the owner's consent. In this case, Defendant took the marijuana cigarettes from James's room without his consent and intended to dispose of them, satisfying the elements of larceny. Additionally, Defendant's act of going back into James's room constitutes a breaking and entering with the intent to commit theft (theft of the marijuana), which satisfies the elements of burglary as defined in the jurisdiction. Therefore, Defendant should be found guilty of both burglary and larceny, making answer (C) correct.",,-2.6485745906829834,-1.2735745906829834,-0.5235745906829834,-2.8985745906829834,0.5935373245563009
mbe_82,,MBE-1972-78-part3,train,Courts hold such a devise valid under the common-law Rule Against Perpetuities. What is the best exp,A,B,False,0,1228,105,"B  
Reasoning: The gold passage explains the rule of convenience, which states that a class gift closes when a class member is entitled to receive their share. In this case, Trease's devise to his grandchildren will be valid under the Rule Against Perpetuities because the class of beneficiaries (the grandchildren) will close when any grandchild reaches the age of 21, thus ensuring that the interests are vested within the permissible time frame. Therefore, answer (B) is the best explanation for the determination of validity.",,-100.0,-1.2664456789934777e-06,-100.0,-100.0,1.0
mbe_83,,MBE-1972-78-part3,train,Which of the following additions to or changes in the facts of the preceding question would produce ,C,C,True,0,1203,117,"C  
Reasoning: The gold passage explains the difference between inter vivos transfers and testamentary transfers. The Rule Against Perpetuities applies to interests that may not vest within a certain time frame, typically measured by the lives of individuals in being at the time of the transfer. If Trease's will were an inter vivos conveyance rather than a will, it could potentially create interests that violate the Rule Against Perpetuities, as the interests could vest beyond the permissible time frame. Therefore, option (C) would produce a violation of the Rule Against Perpetuities.",,-3.4081215858459477,-2.4081215858459477,-0.1581216901540756,-3.7831215858459473,0.8541003947132302
mbe_84,,MBE-1972-78-part3,train,"In an action by Doctor against Victim to recover $1,000, Doctor's best theory ofrecovery is that Doc",D,A,False,0,1510,107,"A  
Reasoning: The gold passage distinguishes between donee beneficiaries and creditor beneficiaries. A creditor beneficiary is defined as someone whose performance will satisfy an actual or supposed duty of the promisee to the beneficiary. In this case, Doctor provided medical services to Victim, and First's promise to pay Doctor from any settlement with Driver was intended to satisfy Victim's obligation to pay for those services. Therefore, Doctor is a creditor beneficiary of the employment contract between Victim and First, making answer (A) the best theory of recovery.",,-6.694766489090398e-05,-100.0,-100.0,-100.0,1.0
mbe_85,,MBE-1972-78-part3,train,"In an action by Doctor against First upon First's employment contract with Victim, First is likely t",D,C,False,0,1488,98,"C  
Reasoning: The gold passage outlines the requirements for asserting a claim based on detrimental reliance, which includes a representation, justifiable reliance, and a change in position to one's detriment. In this case, Doctor is a third party who is not a party to the attorney-client contract between First and Victim. Therefore, First is likely to argue that third parties, like Doctor, cannot acquire valid claims under an attorney-client contract, making answer (C) the most appropriate defense.",,-100.0,-100.0,-3.4121114822482923e-06,-12.750003814697266,0.9999970976891832
mbe_86,,MBE-1972-78-part3,train,"In an action by Doctor against First upon First's employment contract with Victim, if First attempte",A,C,False,0,1490,99,"C  
Reasoning: The gold passage discusses the nature of consent, emphasizing that consent can be withdrawn and must be valid. In this case, Victim's release of First could be challenged by Doctor on the grounds that there was no consideration for Victim's release of First. Since Victim's release does not provide any benefit or detriment to First, it lacks the necessary consideration to be enforceable, making answer (C) the most likely argument Doctor would use against First's defense.",,-2.584317922592163,-1.5843178033828735,-0.3343178331851959,-5.709317684173584,0.7160579885155741
mbe_87,,MBE-1972-78-part3,train,"In an action by Doctor against Second, Second is most likely to argue on these facts that",C,C,True,0,1625,108,"C  
Reasoning: The gold passage explains that a donee beneficiary receives benefits from a contract as a gift and is not a party to the contract. In this case, Doctor is not a party to the contract between First and Victim, and there is no indication that Doctor was made aware of First's promise to pay for his services. Therefore, Second can argue that there is insufficient evidence to support a finding that Doctor was either a creditor or donee beneficiary of First's promise, making answer (C) the most appropriate choice.",,-9.255352973937988,-5.255352973937988,-0.005352824460715,-100.0,0.994684773348129
mbe_88,,MBE-1972-78-part3,train,"Davis calls Bystander to testify that Passenger, who was riding in Peters' automobile and who also w",C,C,True,0,1242,118,"C  
Reasoning: The gold passage discusses statements against penal interest, which are statements made by a declarant that are so contrary to their own interest that they would not have made them unless they believed them to be true. However, Bystander's testimony about Passenger's statement is considered hearsay because it is an out-of-court statement offered to prove the truth of the matter asserted (that they should have had their lights on). Since it does not fall within any recognized exception to the hearsay rule, it is inadmissible. Therefore, answer (C) is correct.",,-15.875000953674316,-15.500000953674316,-7.896309739408025e-07,-100.0,0.999999686941954
mbe_89,,MBE-1972-78-part3,train,Davis offers to have Bystander testify that he was talking to Witness when he heard the crash and he,A,C,False,0,1205,101,"C  
Reasoning: The gold passage defines a present sense impression as a statement that describes an event while it is occurring or immediately thereafter. In this case, Witness's statement, ""That car doesn't have any lights on,"" was made after the event (the crash) had occurred, not while it was happening or immediately thereafter. Therefore, Bystander's testimony about Witness's statement does not qualify as a present sense impression and is inadmissible as hearsay, making answer (C) correct.",,-7.500583648681641,-10.50058364868164,-0.0005837726057507,-100.0,0.9994197160335434
mbe_90,,MBE-1972-78-part3,train,Litigant calls Driver to testify in Litigant's case in chief to admissions made by Owner in the conf,C,C,True,0,1359,113,"C  
Reasoning: The gold passage establishes that communications made for the purpose of facilitating professional legal services are protected by attorney-client privilege, provided they are confidential and not intended for disclosure to third parties. In this case, the conference included Attorney, Owner, Driver, and Investigator, but the presence of the Investigator does not negate the confidentiality of the communication between Owner and Attorney. Since Driver was present during the discussion and is now being called to testify about those communications, the testimony is inadmissible due to the attorney-client privilege, making answer (C) correct.",,-100.0,-100.0,-19.125,-100.0,1.0
mbe_91,,MBE-1972-78-part3,train,Driver calls Irving in his defense against the cross-claim. He seeks to have Irving testify to admis,A,D,False,0,1341,81,"D  
Reasoning: The gold passage outlines the requirements for the attorney-client privilege, emphasizing that communications made in confidence by the client are protected from disclosure unless the protection is waived. In this case, Owner has not waived the attorney-client privilege regarding the admissions made during the conference with Attorney and Irving. Therefore, Irving's testimony about those admissions would be inadmissible, making answer (D) correct.",,-5.263281345367432,-5.013281345367432,-6.763281345367432,-0.0132811665534973,0.9870144990338862
mbe_94,,MBE-1972-78-part3,train,"Policeman undertook to arrest Fan for throwing a pop bottle, and hitting a baseball umpire. Fan was ",D,C,False,0,1620,108,"C  
Reasoning: The gold passage discusses the concept of ""heat of passion"" and the emotional state required for a defendant to be entitled to a reduced charge. In case C, the defendant's actions were driven by intense emotional excitement (impatience and anger over the debt) when he threatened Smythe with a revolver, leading to an unintended death. This aligns with the principles outlined in the passage regarding provocation and emotional state at the time of the act. Therefore, case C is the most applicable precedent in this context.",,-2.6553990840911865,-2.4053990840911865,-0.6553991436958313,-1.1553990840911863,0.5220187669977618
mbe_95,,MBE-1972-78-part3,train,"Policeman, having a warrant for Defendant's arrest for a felonious assault, went to his home to arre",A,B,False,0,1672,133,"B  
Reasoning: The gold passage defines second-degree murder and emphasizes that a defendant is entitled to a lesser-included offense instruction only when there is evidence to support that lesser offense. In case (B), the defendant was involved in a bank robbery that led to a police officer's death during a chase, which indicates a situation where the defendant's actions could be seen as having malice, fitting the definition of second-degree murder. The conviction was affirmed, suggesting that the evidence was sufficient to support a murder conviction without the need for a lesser-included offense. This aligns with the principles outlined in the gold passage regarding the sufficiency of evidence for murder charges.",,-1.385841727256775,-0.3858416974544525,-3.1358416080474854,-100.0,0.6984180077894563
mbe_96,,MBE-1972-78-part3,train,The strongest argument for Zane is that,B,B,True,0,1208,98,"B  
Reasoning: The gold passage indicates that state laws that discriminate against aliens conflict with national policies, suggesting that such discrimination may violate constitutional protections. The strongest argument for Zane, therefore, is that the state statute violates the equal protection clause of the Fourteenth Amendment, as it unfairly restricts the rights of aliens based on their status. This aligns with the principle that laws discriminating against a class of individuals, such as aliens, can be challenged under the equal protection clause.",,-7.500629425048828,-0.0006295174825936,-10.500629425048828,-100.0,0.999419716051806
mbe_97,,MBE-1972-78-part3,train,The federal court should,D,D,True,0,1296,72,"D  
Reasoning: The gold passage establishes that federal courts have subject matter jurisdiction when there is a federal question involved. Zane's action to enjoin the enforcement of a state law that discriminates against aliens likely raises a federal question regarding the constitutionality of the law. Therefore, the federal court should hear the action, making answer (D) correct.",,-100.0,-100.0,-100.0,-1.5048530030981055e-06,1.0
mbe_98,,MBE-1972-78-part3,train,"Assume that Green tendered the $2,500 on March 15, and that Brown refused to accept it or to perform",D,D,True,0,1504,81,"D  
Reasoning: The gold passage establishes that contracts do not need to be in writing to be enforceable unless required by law. Since both the Green-Brown agreement and the Clark-Green agreement were oral and there is no indication that a writing is required by law for these types of agreements, Brown cannot successfully use either defense. Therefore, the correct answer is (D) Neither I nor II.",,-7.257993221282959,-5.507993221282959,-5.757993221282959,-0.0079932976514101,0.992083444718557
mbe_99,,MBE-1972-78-part3,train,"Assume that Green paid the $2,500 on March 15 and that Brown completed the boathouse according to sp",B,A,False,0,1344,126,"A  
Reasoning: According to the gold passage, when one party repudiates a contract, the innocent party (in this case, Brown) has the option to treat the repudiation as a breach and seek damages. Since Green has already paid $2,500 and then repudiated the contract, Brown can claim damages for the unpaid second installment of $2,500, making statement I correct. However, Brown cannot refuse to dig the channel without being liable for breach of contract, as he has already agreed to perform that work. Therefore, statement II is incorrect. Thus, the correct answer is (A) I only.",,-0.2037403881549835,-7.45374059677124,-1.7037403583526611,-100.0,0.8171000468501489
mbe_100,,MBE-1972-78-part3,train,"Assume that Green paid the $2,500 on March 15, that Brown completed the boathouse, that Green paid t",A,A,True,0,1711,145,"A  
Reasoning: According to the gold passage, a breach of contract occurs when one party unconditionally refuses to perform its obligations. In this case, Brown did not complete the digging of the channel by the agreed-upon date of June 1, which constitutes a breach of contract. Therefore, Green has a cause of action against Brown for breach of contract (I is correct). However, since Green has already paid the second installment of $2,500 and there is no indication that he is excused from paying the final $5,000 due to Brown's delay, Green is not excused from paying the $5,000 (II is incorrect). Thus, the correct answer is (A) I only.",,-0.7011086940765381,-5.451108932495117,-0.7011086940765381,-5.826108932495117,0.4963769670827634
mbe_101,,MBE-1972-78-part4,train,"Customer. aged twenty, went into Store at approximately 6:45 p.m. to look at some suits that were on",B,B,True,0,1929,97,"B  
Reasoning: The gold passage establishes that for a claim of battery, it is sufficient for the actor to have caused an offensive contact, regardless of whether it resulted directly from the actor's conduct. In this case, the chemical spray constitutes an offensive contact that Customer experienced. Therefore, to prevail on a claim against Store based on battery from the use of the chemical spray, Customer must establish that the spray mist was an offensive or harmful contact, making answer (B) correct.",,-100.0,-9.13388703338569e-06,-100.0,-100.0,1.0
mbe_103,,MBE-1972-78-part4,train,"If Victim starts an action against Insurer forty days after the insurance settlement agreement, can ",D,D,True,0,1809,106,"D  
Reasoning: The gold passage explains that an assignment transfers rights from the assignor to the assignee and that the assignment must occur in the present to be effective. Victim's assignment of the settlement memorandum to Hospital was effective, and since Hospital assigned it to Holder, Insurer is now aware of this assignment. Therefore, Victim cannot recover from Insurer because he has made at least one effective assignment of his claim against Insurer, and Insurer has notice of that assignment, making answer (D) correct.",,-4.5152435302734375,-1.5152432918548584,-6.2652435302734375,-0.2652432918548584,0.7673137956947812
mbe_104,,MBE-1972-78-part4,train,"In view of Tortfeasor's age and irresponsibility when Insurer issued his liability policy, can Holde",D,D,True,0,1759,118,"D  
Reasoning: The gold passage establishes that an individual who is an assignee of contractual rights may enforce the contract, and that a prior assignment takes precedence over a later one. In this case, both Holder and ABC Furniture are assignees of Victim's claim arising from the Insurer's settlement agreement. The passage does not indicate that Tortfeasor's minority and irresponsibility vitiate the enforceability of the settlement agreement itself. Therefore, either Holder or ABC Furniture can recover based on their assignments, depending on who has priority, making answer (D) correct.",,-11.750131607055664,-100.0,-9.250131607055664,-0.0001319063303526,0.9998960098070714
mbe_108,,MBE-1972-78-part4,train,The city of Newtown adopted an ordinance providing that street demonstrations involving more than 15,B,B,True,0,1399,104,"B  
Reasoning: The gold passage discusses the void-for-vagueness doctrine, which states that a statute is unconstitutionally vague if it does not provide clear standards for what is prohibited, leading to arbitrary enforcement. This principle directly supports the argument that the ordinance may be unconstitutional due to its potential overbreadth and vagueness, particularly in how it regulates speech and public gatherings. Therefore, answer (B) is the strongest argument for the unconstitutionality of both parts of the ordinance on their face.",,-100.0,-1.723973582556937e-05,-14.375017166137695,-100.0,0.9999994284995108
mbe_109,,MBE-1972-78-part4,train,The landlord's consent to the police officer's search of Defendant's apartment is,D,C,False,0,1450,90,"C  
Reasoning: The gold passage establishes that a valid waiver of Fourth Amendment rights requires an intelligent relinquishment of a known right or privilege. The landlord's consent to the police officer's entry does not constitute a waiver of Defendant's Fourth Amendment rights because the landlord lacked probable cause to believe a crime was in progress. Therefore, the consent given by the landlord does not meet the necessary criteria for a valid waiver, making answer (C) correct.",,-8.930167198181152,-2.5551674365997314,-0.5551674962043762,-1.0551674365997314,0.5740209988144718
mbe_110,,MBE-1972-78-part4,train,"If Defendant undertakes to challenge the search of his apartment, he has",B,C,False,0,1460,90,"C  
Reasoning: The gold passage outlines the requirements for standing, which include suffering a concrete injury that is traceable to the defendant's actions. In this case, Defendant's landlord authorized the police to enter the apartment, which negates Defendant's claim to standing since he did not have a reasonable expectation of privacy at the time of the search. Therefore, Defendant has no standing to challenge the search because the entry was legally permitted by the landlord.",,-100.0,-0.974084734916687,-0.4740847051143646,-12.099084854125977,0.6224558744586932
mbe_111,,MBE-1972-78-part4,train,Assume for this question only that Seller dies before closing and his will leaves his personal prope,C,C,True,0,1345,150,"C  
Reasoning: The gold passage discusses the treatment of proceeds from the sale of real property and the application of the doctrine of equitable conversion. In this case, since Seller's death occurred before closing and there was no breach of the agreement, the proceeds from the sale will be treated as personal property. However, because the agreement was executed and the doctrine of equitable conversion applies, the proceeds will go to Rose, who is the beneficiary of the real property. Therefore, Perry, who is entitled to Seller's personal property, would not be entitled to the proceeds of the sale. Thus, the correct answer is (C) because it aligns with the principle that the proceeds from the sale of real property, in this case, will go to the rightful",,-4.066608428955078,-3.066608428955078,-0.0666083917021751,-100.0,0.9362395541003198
mbe_112,,MBE-1972-78-part4,train,"Assume for this question only that Buyer dies before closing, there being no breach of the agreement",A,A,True,0,1260,99,"A  
Reasoning: The gold passage discusses the elements required to establish a claim for conversion, which is not directly relevant to the question about the effects of Buyer's death on the real estate agreement. However, in most jurisdictions that recognize equitable conversion, the death of the buyer does not terminate the agreement; instead, the buyer's interest in the property typically passes to the buyer's heirs. Therefore, Buyer's heir may specifically enforce the agreement, making answer (A) the most appropriate choice.",,-0.470281183719635,-2.7202811241149902,-1.2202811241149902,-100.0,0.6338076237670017
mbe_113,,MBE-1972-78-part4,train,"Assuming that Sawtooth committed a total breach on March 1. 1972, what would be the probable measure",B,B,True,0,1748,88,"B  
Reasoning: The gold passage establishes that the proper measure of damages for breach of contract is to place the non-breaching party in the position they would have been in had the contract been fully performed. In this case, Farquart would need to cover the cost to complete the house by hiring another contractor, minus any installments not yet paid to Sawtooth. This aligns with answer (B), making it the correct choice.",,-100.0,-0.0150890899822115,-4.51508903503418,-100.0,0.9890130567723288
mbe_114,,MBE-1972-78-part4,train,"Assuming that Sawtooth committed a total breach on March 1, 1972, and assuming further that he was a",C,C,True,0,1709,98,"C  
Reasoning: The gold passage states that consequential damages may be awarded when the loss flows naturally from the breach and was contemplated by the parties when the contract was made. In this case, Farquart's claim for consequential damages would be best supported by the fact that he incurred additional expenses for temporary housing for Junior and his bride due to the delay in completing the house. This situation is a foreseeable economic loss directly related to the breach, making answer (C) the most appropriate choice.",,-9.500171661376951,-100.0,-0.0001714782702038,-100.0,0.9999251537861932
mbe_115,,MBE-1972-78-part4,train,What was the probable legal effect of the following? I. Sawtooth's failure to object to Farquart's m,B,B,True,0,1748,150,"B  
Reasoning: The gold passage explains that a waiver is a voluntary relinquishment of a known right, and it can arise from a party's actions that demonstrate an intention to waive a right. In this case, Sawtooth's failure to object to Farquart's non-payments from November to February indicates a waiver of the right to demand those payments, as he did not assert his claim during that time. Therefore, this constitutes a waiver of delay in payment as to I. Regarding II, Farquart's payments made without requiring a certificate from Builders suggest a revocable waiver of that requirement, as he acted in a way inconsistent with the original terms of the contract. Thus, answer (B) correctly identifies the legal effects of both I",,-3.296592950820923,-0.0465929582715034,-5.546593189239502,-5.546593189239502,0.9551575050907396
mbe_116,,MBE-1972-78-part4,train,Construction Company contracted to build a laundry for Wash Company on the latter's vacant lot in a ,A,A,True,0,1368,98,"A  
Reasoning: The gold passage defines an inherently dangerous activity as one where the danger is inherent in the performance of the work, and injury is likely to occur if proper precautions are not taken. In this case, Construction Company left the trench unprotected, which created a dangerous condition that led to Tommy's injury and subsequent death. Therefore, the plaintiff is likely to recover because the defendant's failure to take proper precautions directly contributed to the dangerous situation, making answer (A) correct.",,-0.0635561197996139,-100.0,-2.81355619430542,-6.81355619430542,0.9388800927291172
mbe_117,,MBE-1972-78-part4,train,"Doctor, a licensed physician, resided in her own home. The street in front of the home had a gradual",C,C,True,0,1571,121,"C  
Reasoning: The gold passage discusses contributory negligence and assumption of risk, indicating that a plaintiff's own conduct can be a legally contributing cause to their harm. In this case, Parker was intoxicated and in a drunken stupor, which likely contributed to his injuries. Since he was operating a vehicle with defective brakes and was intoxicated, he assumed the risk of injury by being in that situation. Therefore, Parker will probably not recover against Doctor because his own negligence (being intoxicated and unable to control the vehicle) is a significant factor in the accident, making answer (C) correct.",,-4.041682720184326,-1.0416829586029053,-0.5416828989982605,-3.0416829586029053,0.5817968542493963
mbe_119,,MBE-1972-78-part4,train,"On a charge of murdering Vic, Sam is",C,C,True,0,1258,83,"C  
Reasoning: The gold passage defines ""encouragement"" in the context of accomplice liability as conduct that supports or approves the criminal actions of others. Sam's act of shouting encouragement to Bill to ""kill him"" demonstrates his intent to have Vic killed and constitutes encouragement of the criminal act. Therefore, Sam is guilty as an accomplice to the murder of Vic, making answer (C) correct.",,-100.0,-12.750003814697266,-4.246537173457909e-06,-15.375003814697266,0.9999968874445502
mbe_120,,MBE-1972-78-part4,train,"On a charge of murdering Vic, Tom is",A,A,True,0,1380,87,"A  
Reasoning: The gold passage establishes that mere presence at a crime scene, along with a refusal to interfere, is insufficient to support a conviction for aiding and abetting. Tom's silent approval and intent do not constitute active encouragement or assistance in the crime. Therefore, Tom is not guilty because he did not engage in any conduct that would amount to aiding or abetting the murder of Vic, making answer (A) correct.",,-0.0015340241370722,-100.0,-100.0,-6.50153398513794,0.998498817684806
mbe_121,,MBE-1972-78-part4,train,Leonard A as the high priest of a small cult of Satan worshippers living in NewArcadia. Asa part of ,B,B,True,0,1262,80,"B  
Reasoning: The gold passage establishes that sincere religious beliefs do not typically serve as a valid defense against criminal charges when those beliefs conflict with the law. Since Leonard's actions, which involved animal cruelty, are illegal regardless of his religious motivations, his conviction is likely to be sustained on the grounds that sincere religious belief is not an adequate defense in this case, making answer (B) correct.",,-13.750049591064451,-4.91863174829632e-05,-100.0,-100.0,0.999998932297562
mbe_123,,MBE-1972-78-part4,train,An appropriations act passed by Congress over the President's veto directs that one billion dollars ,B,B,True,0,1561,68,"B  
Reasoning: The gold passage establishes that Congress has the power to appropriate funds and can impose conditions on how those funds are to be spent. This supports the argument that Congress' power to appropriate funds includes the authority to require that the funds be spent as directed, making answer (B) the strongest constitutional argument for the Arms Corporation.",,-100.0,-2.3676733690081164e-05,-100.0,-100.0,1.0
mbe_124,,MBE-1972-78-part4,train,"In the context of all aspects of the scheme, which of the following will offer the best chance of im",A,A,True,0,1760,124,"A  
Reasoning: The gold passage explains that covenants are written agreements that can attach to the land and are applicable to all subsequent owners of the property, which is essential for ensuring that each lot owner is obligated to pay annual dues. This characteristic makes covenants particularly suitable for the scheme Ohner is implementing, as they can enforce the obligation to pay dues across all lot owners, similar to how homeowners associations operate. In contrast, easements, mortgages, and personal contractual obligations do not provide the same level of enforceability or attachment to the land for future owners, making covenants the best choice for this requirement.",,-0.0026374878361821,-100.0,-100.0,-100.0,1.0
mbe_125,,MBE-1972-78-part4,train,"Of the following, the greatest difficulty that will be encountered in establishing the scheme is tha",D,C,False,0,1847,126,"C  
Reasoning: The gold passage discusses the factors that determine the reasonableness of a restraint on alienation. It indicates that a restraint can be deemed unreasonable if it is unlimited in duration or if it imposes significant restrictions on a large number of people. Ohner's scheme, which requires lot owners to pay annual dues regardless of their use of the club and course facilities, could be seen as a restraint on alienation because it imposes a financial obligation on future owners that may deter them from transferring their property. This aligns with the concerns outlined in option (C), making it the greatest difficulty in establishing the scheme.",,-100.0,-19.375,-4.320199877838604e-07,-100.0,0.9999999961492564
mbe_126,,MBE-1972-78-part4,train,"Rogers gave Mitchell a power of attorney containing the following provision: ""My attorney. Mitchell,",D,D,True,0,1241,129,"D  
Reasoning: The gold passage discusses the enforcement of covenants running with the land, indicating that such covenants can only be enforced by the covenanting parties and those in privity. However, the question focuses on whether Mitchell, as Rogers' attorney, had the authority to execute the usual form of deed used to convey realty. The power to ""sell and convey"" is typically interpreted to include the authority to execute customary deeds, which would encompass the covenants of title. Therefore, the outcome of Stone's suit will depend on whether the power granted to Mitchell is construed to include this authority, making answer (D) correct.",,-100.0,-7.500575542449951,-11.25057601928711,-0.0005756704485975,0.999434228544486
mbe_127,,MBE-1972-78-part4,train,"Auto Company. a corporation, was a small dealer in big new cars and operated a service department. P",B,C,False,0,1643,106,"C  
Reasoning: The gold passage establishes that a property owner owes a more limited duty to a licensee, which includes avoiding injuries through affirmative negligence or willful conduct. Since Peter entered Auto Company's premises for his own benefit (to inquire about his car), he is considered a licensee. The passage indicates that the duty owed to a licensee is limited, and since there is no evidence of affirmative negligence or willful conduct by Auto Company, Peter is unlikely to recover damages. Therefore, answer (C) is correct.",,-100.0,-10.75022792816162,-0.0002278542669955,-8.500227928161621,0.9997751368141174
mbe_128,,MBE-1972-78-part4,train,Jones offered to testify that he looked up Smith's telephone number in the directory called that num,A,A,True,0,1491,98,"A  
Reasoning: The gold passage states that an item can be authenticated by evidence sufficient to support a finding that it is what its proponent claims. Jones's testimony that he called the number listed in the directory and that the voice identified itself as Smith provides sufficient evidence to support the claim that the speaker was indeed Smith. The usual accuracy of telephone directories and the transmission system further bolster this authentication. Therefore, the judge should rule the testimony admissible, making answer (A) correct.",,-0.3871446847915649,-100.0,-1.137144684791565,-100.0,0.679178699175393
mbe_129,,MBE-1972-78-part4,train,Jones seeks to introduce in evidence a photograph of his cornfield in order to depict the nature and,A,A,True,0,1307,84,"A  
Reasoning: The gold passage states that photographs are generally admissible if they illustrate any fact or are relevant to describe the person, thing, or place depicted, provided their probative value outweighs any prejudicial effect. Since Jones can testify that the photograph fairly and accurately portrays the condition of the cornfield after the damage was done, this satisfies the requirement for admissibility, making answer (A) correct.",,-0.0005054924986325,-100.0,-100.0,-100.0,1.0
mbe_133,,MBE-1972-78-part4,train,"Householder hired Contractor to remodel her. Householders, kitchen. She had learned of him through a",A,D,False,0,1495,82,"D  
Reasoning: The gold passage establishes that strict liability applies to a seller of a product only if the product is in a defective condition that is unreasonably dangerous to the user or consumer. However, Accountant was not the purchaser of the dishwasher; Householder purchased it. Therefore, Accountant does not have standing to assert a claim against Elex Company for strict liability, making answer (D) correct.",,-9.687137603759766,-100.0,-2.8121371269226074,-0.0621371939778327,0.9398549929161092
mbe_134,,MBE-1972-78-part4,train,Which of the following is the strongest reason for finding unconstitutional a requirement in the Mis,D,D,True,0,1469,88,"D  
Reasoning: The gold passage emphasizes the purpose of the Equal Protection Clause, which is to eliminate government-imposed discrimination. A literacy requirement in English could disproportionately affect individuals who are non-native English speakers or those who have not had the opportunity to learn English, thereby creating a classification that could be seen as discriminatory. This aligns with the principles outlined in the passage, making answer (D) the strongest reason for finding the requirement unconstitutional.",,-100.0,-100.0,-100.0,-1.981667537620524e-06,1.0
mbe_135,,MBE-1972-78-part4,train,The Missoula election code provides that in a special-purpose election for directors ofa state water,C,C,True,0,1475,135,"C  
Reasoning: The gold passage establishes that the ""one-person, one-vote"" requirement applies to all elections once the franchise is granted, emphasizing that local governments cannot deny equal protection under the law. However, the passage does not explicitly address exceptions based on property rights or the specific interests of landowners. The best argument against the application of the ""one man, one vote"" principle in this case is that the actions of the watershed improvement district principally affect landowners, which aligns with answer (C). This suggests that the unique context of the election, where only those directly impacted by the decisions are allowed to vote, may justify a deviation from the standard principle.",,-7.536971569061279,-1.9119718074798584,-0.1619717478752136,-100.0,0.8514981591396601
mbe_136,,MBE-1972-78-part4,train,"Testator devised his farm ""to my son, Selden, for life, then to Selden's children and their heirs an",C,A,False,0,1330,120,"A  
Reasoning: The gold passage indicates that a remainder is considered vested if there is a person who would take the property if the life estate ended at that moment. In this case, Selden's children are identifiable and will inherit the property after Selden's life estate ends. Therefore, the remainder to Selden's children is indefeasibly vested, as there are no conditions that would prevent them from taking the property upon Selden's death. This aligns with the principle that the law favors the vesting of remainders in cases of doubt, making answer (A) correct.",,-0.0004438971809577,-9.500443458557127,-8.000443458557129,-100.0,0.9995898536512864
mbe_139,,MBE-1972-78-part4,train,It is most likely that Defendant has committed which of the following crimes?.,B,B,True,0,1329,102,"B  
Reasoning: The gold passage defines embezzlement as the fraudulent appropriation of property by a person to whom the property has been entrusted. In this case, Johnson entrusted the diamond ring to the pawnshop owner (Defendant) as collateral for the loan. By selling the ring without Johnson's consent and then falsely claiming it was stolen, Defendant has appropriated Johnson's property for his own benefit, which constitutes embezzlement. Therefore, answer (B) is the most appropriate choice.",,-6.75043535232544,-0.1254355758428573,-2.6254355907440186,-3.1254355907440186,0.8824576584653693
mbe_140,,MBE-1972-78-part4,train,"Suppose in the case above. instead of denying liability, Defendant told Johnson the truththat he sol",B,B,True,0,1365,97,"B  
Reasoning: The gold passage defines larceny as the wrongful taking of property without the owner's consent, while embezzlement involves the lawful acquisition of property followed by its wrongful conversion. In this case, Defendant initially lawfully possessed Johnson's ring as a pawn, but then sold it with the intent to keep the proceeds, which constitutes embezzlement. Therefore, Defendant could most appropriately be found guilty of embezzlement, making answer (B) correct.",,-6.44743013381958,-0.6974303126335144,-0.6974303126335144,-6.07243013381958,0.4980541768084278
mbe_141,,MBE-1972-78-part4,train,"Brown contended that Green owed him S6,0)00. Green denied that he owed Brown anything. Tired of the ",B,C,False,0,1512,105,"C  
Reasoning: The gold passage emphasizes the necessity of mutual intent to be bound for a contract to exist. If the original claim was based on an oral agreement that the Statute of Frauds required to be in writing, then the original claim would be unenforceable. This would provide Green with a strong defense against Brown's action on the promissory note, as it indicates that there was no valid contract to settle the dispute in the first place. Therefore, answer (C) affords Green the best defense.",,-4.774134159088135,-4.774134159088135,-0.0241342335939407,-5.024134159088135,0.9765230774614934
mbe_144,,MBE-1972-78-part4,train,"In evaluating the constitutionality of this state statute under the supremacy clause, which of the f",B,B,True,0,1345,97,"B  
Reasoning: The gold passage explains that the Supremacy Clause invalidates state laws that conflict with federal law. To evaluate the constitutionality of the state statute under the Supremacy Clause, it is crucial to consider the treaties and immigration laws of the United States, as these are federal laws that could potentially conflict with the state statute requiring employment of only citizens. Therefore, option (B) is most directly relevant to determining if the state law interferes with federal law.",,-100.0,-3.054500666621607e-06,-15.75000286102295,-100.0,0.9999998555019682
mbe_145,,MBE-1972-78-part4,train,"If the Yuma statute is attacked as violating the commerce clause, which of the following defenses is",A,D,False,0,1329,120,"D  
Reasoning: The gold passage discusses the dormant Commerce Clause and emphasizes that discrimination against interstate commerce occurs when a law treats in-state and out-of-state economic interests differently. While options (A), (B), and (C) provide justifications that relate to protecting local workers or ensuring job stability, option (D) suggests that the statute assures only the most qualified individuals work on public contracts. This defense is the weakest because it does not directly address the potential discriminatory impact of the statute on interstate commerce, as it focuses on qualifications rather than the economic implications of restricting employment to in-state citizens.",,-4.272329807281494,-100.0,-5.522329807281494,-0.0223297122865915,0.9819796872205532
mbe_146,,MBE-1972-78-part4,train,Suppose the state supreme court declares the statute to be unconstitutional on the grounds that it v,D,D,True,0,1357,129,"D  
Reasoning: The gold passage discusses the Full Faith and Credit Clause, which pertains to the recognition of judgments from one state in another state. However, it does not provide any information regarding the review process of state court decisions by the United States Supreme Court. The question specifically asks about the Supreme Court's ability to review a state supreme court's decision declaring a statute unconstitutional. Generally, the Supreme Court can review such decisions through certiorari, but the passage does not support any of the options provided. Therefore, the most accurate statement is that the United States Supreme Court may not properly review that decision, making answer (D) correct.",,-6.282036781311035,-100.0,-3.532036542892456,-0.0320365913212299,0.9688722293392515
mbe_147,,MBE-1972-78-part4,train,Allen and Barker are equal tenants in common of a strip of land 10feet wide and 100feet deep which l,C,B,False,0,1236,120,"B  
Reasoning: The gold passage indicates that tenants in common have the right to seek partition, which could lead to a forced sale that would not be beneficial for either Allen or Barker, as they both need the full use of the 10-foot strip. Therefore, the best solution to prevent partition and ensure both parties can use the driveway is to create an indenture granting cross easements in the undivided half interest of each. This would allow both tenants to use the entire strip without the risk of being left with an unusable portion, making answer (B) the most appropriate choice.",,-7.752753734588623,-0.0027537608984857,-6.252753734588623,-100.0,0.9976443653778616
mbe_148,,MBE-1972-78-part4,train,"Mrs. Dennis' 12-year-old daughter, Gala, had some difficulty getting along with other children in th",D,D,True,0,1646,139,"D  
Reasoning: The gold passage indicates that parental liability for a child's torts requires the parent to have knowledge or should have known about the child's specific harmful conduct. In this case, Mrs. Dennis did not inform Mr. Parrent about Gala's difficulties or lack of experience, which suggests she may not have been aware of any specific harmful tendencies that would lead to liability. However, Gala's failure to act when Robby was in distress could be seen as negligent behavior, as she did not take appropriate steps to ensure his safety after the incident. Therefore, Mrs. Dennis will probably be liable for Gala's negligence in failing to supervise Robby properly, making answer (D) correct.",,-100.0,-1.702914476394653,-6.952914237976074,-0.2029144167900085,0.8167925846738613
mbe_149,,MBE-1972-78-part4,train,"Professor James said to Mary Digit, president of the X-L Secretarial Service, ""Since you folks have ",A,B,False,0,1319,101,"B  
Reasoning: The gold passage explains that an implied-in-fact contract is formed when one party's conduct leads the other to reasonably interpret it as an agreement. In this case, James's reliance on Mary Digit's statement by bringing the manuscript to X-L demonstrates that he interpreted her conduct as a promise to accept the work. This reliance is crucial in establishing that an implied-in-fact contract may exist, making answer (B) the most helpful fact in an action by James against X-L.",,-12.500271797180176,-0.0002714681322686,-12.250271797180176,-100.0,0.999991488304686
mbe_150,,MBE-1972-78-part4,train,"In 1%7 Owen held Blackacre, a tract of land. in fee simple absolute. In that year he executed and de",B,B,True,0,1449,97,"B  
Reasoning: The gold passage indicates that the receipt of a quitclaim deed does not necessarily prevent the grantee from being considered a bona fide purchaser if they hold a deed of bargain and sale. In this case, the outcome of the conflicting claims between Price and Crider will depend on whether Crider paid value for the warranty deed, as the jurisdiction's recording statute requires good faith and value for priority. Therefore, answer (B) is the best comment regarding the situation.",,-8.75117015838623,-0.0011699870228767,-7.001170158386231,-100.0,0.9989308013022036
mbe_152,,MBE-1978-83-part1,train,"Davis decided to kill Adams. He set out for Adams' house. Before he got there he saw Brooks, who res",B,A,False,0,1158,77,"A  
Reasoning: The gold passage discusses the doctrine of transferred intent, which applies when a defendant intends to kill one person but accidentally harms another. In this case, Davis intended to kill Adams but mistakenly shot at Brooks, resulting in injury to Case. The intended victim of the murder attempt is Adams, as Davis's intent was directed towards him, making answer (A) correct.",,-0.4743255078792572,-9.724325180053713,-100.0,-0.9743255376815796,0.6224221014205361
mbe_153,,MBE-1978-83-part1,train,A state statute requires any person licensed to sell prescription drugs to file with the State Board,D,B,False,0,1274,95,"B  
Reasoning: The gold passage indicates that in general intent crimes, a defendant can use a mistake of fact defense if the mistake is both honest and reasonable. However, Nelson's failure to keep proper records and his lack of awareness regarding his sales do not constitute a reasonable excuse for failing to file the required report. Therefore, even if the jury believes his testimony, he cannot be excused for his own negligence in record-keeping, making answer (B) correct.",,-2.7256312370300293,-0.4756312966346741,-3.975631237030029,-1.2256312370300293,0.6219047810851374
mbe_154,,MBE-1978-83-part1,train,"Lender met Borrower on the street, demanded that Borrower pay a debt owed to Lender, and threatened ",C,D,False,0,1453,94,"D  
Reasoning: The gold passage establishes that a person is justified in using force to protect a third person if they reasonably believe that the third person is facing unlawful force and that their intervention is immediately necessary. In this scenario, Lender was the original aggressor by threatening Borrower, which means he cannot claim assault against Mann for intervening. Since Lender initiated the conflict, he does not have a valid claim against Mann, making answer (D) correct.",,-100.0,-100.0,-17.500001907348633,-1.2664456789934777e-06,0.9999999748900252
mbe_155,,MBE-1978-83-part1,train,Peter sued Don for breach of contract. The court admitted testimony by Peter that Don and his wife q,B,B,True,0,1192,97,"B  
Reasoning: The gold passage states that a witness may testify to a matter if there is sufficient evidence to support a finding of personal knowledge. Since Don can testify about his own experiences regarding his relationship with his wife, he has personal knowledge of the matter. The passage does not indicate that an objection is necessary for him to testify, so the court may permit Don to answer regardless of whether he had objected to Peter's testimony. Therefore, answer (B) is correct.",,-2.358027458190918,-0.1080274209380149,-5.108027458190918,-6.733027458190918,0.8980982294102525
mbe_159,,MBE-1978-83-part1,train,The requirement that candidates for licenses must be graduates of barber schools in Aurora is probab,A,A,True,0,1559,96,"A  
Reasoning: The gold passage discusses the dormant Commerce Clause, which prohibits states from discriminating against out-of-state economic interests in favor of in-state interests. The requirement that candidates for barber licenses must be graduates of barber schools located in Aurora likely discriminates against out-of-state barber schools, creating an undue burden on interstate commerce. Therefore, answer (A) is correct as it aligns with the principle that states cannot impose regulations that favor local businesses over those from other states.",,-0.0017810913268476,-9.501781463623049,-100.0,-100.0,0.9999251538003524
mbe_160,,MBE-1978-83-part1,train,The requirement that candidates for licenses must be citizens is,D,D,True,0,1276,94,"D  
Reasoning: The Gold Passage establishes that the Equal Protection Clause requires that all persons similarly situated must be treated alike under the law. The requirement that candidates for barber licenses must be citizens of the United States creates a distinction that may not treat all individuals equally, particularly non-citizens who may also be qualified to engage in barbering. This suggests that the citizenship requirement could be unconstitutional as a denial of equal protection, making answer (D) the correct choice.",,-100.0,-100.0,-100.0,-3.8889261304575484e-06,1.0
mbe_161,,MBE-1978-83-part1,train,Assume that a resident of the state of Aurora was denied a license because she had been graduated fr,D,A,False,0,1217,99,"A  
Reasoning: The gold passage indicates that federal jurisdiction requires a substantial federal issue to be present. In this case, the denial of a barbering license based on state residency and education does not present a substantial federal question; rather, it is a matter of state law regarding licensing requirements. Additionally, there is no diversity of citizenship since the plaintiff and the state are both from Aurora. Therefore, the suit would likely be dismissed for lack of federal jurisdiction, making answer (A) correct.",,-0.8717837333679199,-0.8717837333679199,-5.12178373336792,-1.87178373336792,0.4197899608075619
mbe_162,,MBE-1978-83-part1,train,Which of the following is the strongest ground on which to challenge the requirement that candidates,C,A,False,0,1257,95,"A  
Reasoning: The Gold Passage explains that the Equal Protection Clause prohibits laws that treat individuals differently when they are similarly situated. The requirement that candidates for barber licenses must have been residents of the state for at least two years could be challenged under the Equal Protection Clause because it creates a distinction between residents and non-residents that may not be justified, especially if non-residents are otherwise qualified. Therefore, answer (A) is the strongest ground for challenging the residency requirement.",,-0.1231902837753295,-100.0,-2.373190402984619,-100.0,0.9046505453836384
mbe_163,,MBE-1978-83-part1,train,"John was fired from his job. Too proud to apply for unemployment benefits, he used his savings to fe",B,D,False,0,1144,100,"D  
Reasoning: The gold passage defines voluntary manslaughter as an unlawful killing done without malice, in the heat of passion, or in unreasonable belief in the necessity of self-defense. In this case, John's actions do not fit the criteria for any form of homicide, as he did not intentionally kill his child nor act with malice. His failure to seek medical attention, while tragic, does not constitute murder or manslaughter under the definitions provided, making answer (D) correct.",,-13.000025749206545,-11.000025749206545,-12.000025749206545,-2.59416046901606e-05,0.9999748943829267
mbe_164,,MBE-1978-83-part1,train,"If Carr asserts a claim against the students who washed his car, his best theory is",A,A,True,0,1320,120,"A  
Reasoning: The gold passage outlines the elements required to establish assault, which include the defendant's intent to make contact or to put the plaintiff in apprehension of such contact, the plaintiff's apprehension of imminent contact, and that the contact was harmful or offensive. In this case, Carr experienced shock and apprehension when he saw the students washing his car, initially thinking they might attack him. This reaction indicates that he was placed in apprehension of imminent contact, satisfying the elements of assault. Therefore, Carr's best theory against the students is assault, making answer (A) correct.",,-0.0004315036640036,-17.375431060791016,-100.0,-100.0,0.99999997154664
mbe_165,,MBE-1978-83-part1,train,"If Carr has a valid claim against the students, will he also prevail against the university?",D,C,False,0,1394,80,"C  
Reasoning: The gold passage explains that vicarious liability applies to employers for the acts of their employees within the course and scope of employment. In this case, the students were not acting as employees of the university when they undertook the experiment without Merrill's authorization. Therefore, the university cannot be held vicariously liable for the students' actions, making answer (C) correct.",,-10.632447242736816,-7.257447719573975,-0.0074476096779108,-5.007447719573975,0.9925830015285876
mbe_166,,MBE-1978-83-part1,train,"Oxnard owned Goldacre, a tract of land, in fee simple. At a time when Goldacre was in the adverse po",C,C,True,0,1328,116,"C  
Reasoning: The gold passage outlines the requirements for adverse possession, emphasizing that possession must be hostile, which means it is without permission. Eric initially had permission from Oxnard to use the road, which means his use was not hostile. Even though Amos quit possession, Eric's use of the road remained permissive unless he took steps to establish it as adverse after permission was granted. Since there is no evidence that Eric's use became adverse after Amos quit possession, he cannot claim an easement by prescription. Therefore, Eric should lose, making answer (C) correct.",,-4.034349918365479,-4.284349918365479,-0.2843500077724457,-1.534350037574768,0.7528203415820213
mbe_167,,MBE-1978-83-part1,train,"In an appropriate action to determine the respective interests of Sharon and Stanley in Greenacre, i",B,B,True,0,1377,110,"B  
Reasoning: The gold passage defines estoppel as a principle that prevents a person from asserting a right that contradicts their previous conduct. In this case, Sharon's oral agreement allowing Bruce to develop the northerly half of Greenacre and her actions during Bruce's lifetime could be seen as an acceptance of Bruce's rights to that portion of the property. Therefore, her conduct may estop her from later claiming title to the northerly ten acres, making answer (B) the most likely reason for the judgment in favor of Stanley.",,-14.375000953674316,-1.2664456789934777e-06,-15.500000953674316,-100.0,0.9999992429604264
mbe_168,,MBE-1978-83-part1,train,"In an appropriate action to determine the respective interests of Sharon and Stanley in Greenacre, i",A,B,False,0,1382,145,"B  
Reasoning: The gold passage discusses the Statute of Frauds and its implications regarding oral modifications to contracts that must be in writing. In this case, Bruce and Sharon's joint tenancy in Greenacre is a form of property ownership that cannot be unilaterally severed by one party without the consent of the other. Since Bruce's oral agreement with Sharon to allow him to develop the northerly half of Greenacre does not legally sever the joint tenancy, Sharon retains her interest in the entire property. Therefore, if Sharon is adjudged to be the owner of all of Greenacre, it is most likely because Bruce could not unilaterally sever the joint tenancy, making answer (B) correct.",,-9.750065803527832,-6.587483221665025e-05,-12.500065803527832,-100.0,0.9999379825250804
mbe_169,,MBE-1978-83-part1,train,"Mary Webb, a physician, called as a witness by the defendant in the case of Parr v. Doan, was asked ",D,A,False,0,1222,79,"A  
Reasoning: The gold passage establishes that the doctor-patient privilege applies to any situation where a physician is called to testify about information obtained from a patient. Therefore, Dr. Webb, as the physician, can assert her privilege against disclosing confidential communications made by her patient, Michael Zadok. This makes answer (A) the best basis for excluding evidence of Zadok's statements.",,-0.0235569886863231,-3.77355694770813,-9.27355670928955,-100.0,0.9769308921498252
mbe_170,,MBE-1978-83-part1,train,A leading question is LEAST likely to be permitted over objection when,C,C,True,0,1122,70,"C  
Reasoning: The gold passage indicates that leading questions are generally permitted on direct examination only in specific circumstances, such as when dealing with hostile witnesses or adverse parties. A disinterested eyewitness does not fall into these categories, making it least likely that leading questions would be permitted during their direct examination. Therefore, answer (C) is correct.",,-100.0,-3.2880547046661377,-0.0380547977983951,-12.03805446624756,0.9626674152567068
mbe_171,,MBE-1978-83-part1,train,"If Tom asserts a claim against Passer for damages for his injuries, will Tom prevail?",C,A,False,0,1473,94,"A  
Reasoning: The gold passage indicates that while there is generally no duty to rescue, once a person (like Passer) voluntarily undertakes to assist another (like Tom), they may assume a duty to act carefully. Since Passer stopped and examined Tom, he assumed a duty to aid him. Therefore, if he failed to act carefully after assuming that duty, Tom could prevail in his claim against Passer. Thus, answer (A) is correct.",,-0.2014739513397216,-100.0,-1.7014739513397217,-100.0,0.8175744761936437
mbe_172,,MBE-1978-83-part1,train,"If Tom asserts a claim against Traveler, will Tom prevail?",A,C,False,0,1435,93,"C  
Reasoning: The gold passage outlines the requirements for establishing a negligence claim, specifically emphasizing the need for a legal duty owed by the defendant to the plaintiff. In this case, Traveler did not see Tom before hitting him, which suggests that Traveler did not have a legal duty to protect Tom from harm at that moment. Since there was no awareness of Tom's presence, Traveler's actions do not constitute a breach of duty, making answer (C) correct.",,-14.500001907348633,-14.750001907348633,-2.2200749754119897e-06,-100.0,0.9999991028665072
mbe_173,,MBE-1978-83-part1,train,"Roofer entered into a written contract with Orissa to repair the roof of Orissa's home, the repairs ",B,B,True,0,1379,102,"B  
Reasoning: The gold passage explains that proximate cause involves a natural and continuous sequence that leads to an injury, and individuals are responsible for consequences that are probable according to ordinary experience. By leaving the ladder against the house, Roofer created a risk that a thief could use it to unlawfully enter the home, which is a foreseeable consequence of his actions. Therefore, Orissa can prevail in her claim against Roofer for damages for the loss of the jewels, making answer (B) correct.",,-100.0,-0.1602552980184555,-1.9102553129196167,-100.0,0.8519528038477825
mbe_174,,MBE-1978-83-part1,train,"Homer and Purcell entered into a valid, enforceable written contract by which Homer agreed to sell a",B,C,False,0,1433,130,"C  
Reasoning: The gold passage defines a licensee as someone who enters the premises of another by permission for their own benefit, but it does not apply to Homer’s situation since he had a contractual right to remain in possession for 30 days. After that period, since Homer refused to vacate and did not have a lease or agreement allowing him to stay longer, he became a tenant at sufferance. This means he is occupying the property without the landlord's consent after the expiration of his right to do so. Therefore, Purcell's best legal argument is that Homer is a tenant at sufferance, making answer (C) correct.",,-9.50009059906006,-12.00009059906006,-9.05499910004437e-05,-100.0,0.9999190105215604
mbe_175,,MBE-1978-83-part1,train,Which of the following is Bertha's best legal theory?,D,D,True,0,1341,99,"D  
Reasoning: The gold passage defines a material breach of contract as a non-performance that is significant enough to justify the injured party in considering the entire contract void. In this case, Bertha's failure to perform for one week due to hospitalization does not constitute a material breach, as it does not justify Albert in terminating the entire contract. Therefore, Bertha's best legal theory is that her failure to perform for one week was not a material failure, making answer (D) correct.",,-100.0,-100.0,-12.750129699707031,-0.0001295222609769,0.9999970976885296
mbe_176,,MBE-1978-83-part1,train,"Which of the following, if true, would adversely affect Bertha's rights in her action against Albert",A,C,False,0,1483,91,"C  
Reasoning: The gold passage discusses ratification as an affirmative defense, which implies that if Bertha had the opportunity to accept a different role (as an understudy) and chose not to, it could be interpreted as her ratifying Albert's decision to hire someone else. By declining the understudy position, Bertha may be seen as affirming her acceptance of the breach of contract, which adversely affects her rights in the action against Albert.",,-6.2032647132873535,-0.8282648921012878,-0.5782648921012878,-8.328265190124512,0.5609034303347918
mbe_177,,MBE-1978-83-part1,train,Park sued Dent for breach of an oral contract which Dent denied making. Weston testified that he hea,D,A,False,0,1446,130,"A  
Reasoning: The gold passage discusses the admissibility of extrinsic evidence in contract disputes, particularly focusing on the circumstances surrounding the parties at the time the contract was made. In this context, if Dent discredited Weston by suggesting he had been promoting highly speculative stocks (A), it raises questions about Weston's credibility and reliability as a witness, which is relevant to the contract's validity. This type of discrediting evidence can be rehabilitated by showing Weston's good reputation for truthfulness, making (A) the most likely to be permitted. The other options do not directly relate to Weston's credibility in a way that would warrant rehabilitation.",,-1.153114914894104,-1.653114914894104,-1.403114914894104,-1.403114914894104,0.3160424181481998
mbe_178,,MBE-1978-83-part1,train,"In order to establish a breach of the standard of care owed to her by Abel and Baker, Client",C,C,True,0,1485,123,"C  
Reasoning: The gold passage indicates that the standard of care in a medical malpractice case must be established by expert testimony because it is not within the common knowledge and experience of ordinary people. However, the case at hand involves legal malpractice, not medical malpractice. In legal malpractice cases, jurors may rely on their common knowledge to determine whether there was a breach of the standard of care, as the conduct of lawyers may be within the understanding of ordinary people. Therefore, Client can rely on the application of the jurors' common knowledge as to whether there was a breach, making answer (C) correct.",,-1.1974745988845823,-1.1974745988845823,-0.9474745988845824,-100.0,0.3909913151594318
mbe_179,,MBE-1978-83-part1,train,"In addition to proving that Abel and Baker were negligent, Client must establish, as a minimum, that",A,A,True,0,1447,110,"A  
Reasoning: The gold passage indicates that an attorney's negligence is imputed to the client, meaning that the client is bound by the actions (or inactions) of their attorney. In order for Client to prevail in her negligence claim against Abel and Baker, she must establish that, but for their negligence in failing to file the complaint, she would have been able to recover damages from Motorist. This aligns with answer (A), which requires proof of causation linking the lawyers' negligence to the loss of the claim against Motorist.",,-0.1020883247256279,-2.352088212966919,-9.22708797454834,-100.0,0.904561404081826
mbe_180,,MBE-1978-83-part1,train,A state statute divides murder into degrees. First degree murder is defined as murder with premedita,B,C,False,0,1356,107,"C  
Reasoning: The gold passage outlines the requirements for a first-degree murder conviction, which include causing the death of the victim with malice aforethought and with premeditation. In option (C), Defendant lies in wait for Fred and strikes him with a broom handle, indicating a deliberate plan to cause harm. This scenario demonstrates both premeditation (the act of lying in wait) and malice (the intent to injure), making it the most likely situation for a first-degree murder conviction compared to the other options.",,-100.0,-1.313734531402588,-0.3137344717979431,-100.0,0.7310585903489892
mbe_181,,MBE-1978-83-part1,train,"On a camping trip in a state park, Rose discovered metal signs near a rubbish heap stating, ""Natural",C,C,True,0,1426,73,"C  
Reasoning: The gold passage establishes that a mistake of fact can serve as a defense in general intent crimes if the defendant proves that the mistake was both honest and reasonable. Since Rose believed the signs had been abandoned, if the jury finds that her belief was honest and reasonable, she should be found not guilty. Therefore, answer (C) is correct.",,-100.0,-100.0,-19.500003814697266,-100.0,1.0
mbe_182,,MBE-1978-83-part1,train,"Ted frequently visited Janet, his next-door neighbor. Janet was separated from her husband, Howard. ",B,B,True,0,1315,90,"B  
Reasoning: The gold passage establishes that the amount of force used in self-defense must be proportionate to the urgency of the situation. In this case, Howard attacked Ted with a deadly weapon (a knife), which justifies Ted's use of force in self-defense. Since Ted's response was to protect himself from an imminent threat, he should be found not guilty based on the principle of self-defense, making answer (B) correct.",,-100.0,-1.2664456789934777e-06,-100.0,-100.0,1.0
mbe_183,,MBE-1978-83-part1,train,Assume for this question only that Pete has announced his intention of erecting a fast food restaura,A,A,True,0,1635,136,"A  
Reasoning: The gold passage discusses the establishment of an equitable servitude, which can be created when an owner or occupier of land makes a representation that leads another party to reasonably rely on that representation, resulting in a substantial change in position. In this case, Sarah, as an original purchaser, can argue that the representation made by Oscar regarding the use of the ten-acre tract (designated for a public school) created an expectation that the land would not be used for purposes like a fast food restaurant. Since Sarah relied on this representation when purchasing her lot, she may have an equitable servitude concerning the use of the tract, making answer (A) correct.",,-1.4736459888808897e-05,-100.0,-100.0,-100.0,1.0
mbe_184,,MBE-1978-83-part1,train,"Assume for this question only that Joe, who purchased his lot from Max, has placed a mobile home on ",A,A,True,0,1491,119,"A  
Reasoning: The gold passage outlines the requirements for a covenant to run with the land, which includes that it must touch and concern the land, relate to a thing in existence, be intended by the original parties to run with the land, and that the successor to the burden has notice. Sarah's deed contains the restrictive covenant regarding mobile homes, which runs with the land and is enforceable against subsequent purchasers like Joe, who is bound by the original restrictions even though his deed did not explicitly reference them. Therefore, Sarah will prevail in her action against Joe to remove the mobile home.",,-0.0001100993904401,-100.0,-9.250109672546388,-100.0,0.999903897543484
mbe_185,,MBE-1978-83-part1,train,Assume for this question only that in 1977 the school board of the district in which Happy Acres is ,D,D,True,0,1696,128,"D  
Reasoning: The gold passage explains that dedication involves the intention of the property owner to give land for public use, which can be established through actions such as recording a subdivision plan and conveying lots in accordance with that plan. In this case, Oscar's recorded subdivision plan for Happy Acres, which designated the ten-acre tract as ""Future Public School,"" indicates an intention to dedicate that land for public use. Since the school board has voted to erect a school on the tract, this constitutes acceptance of the dedication. Therefore, the school board is likely to prevail in determining title to the ten-acre tract, making answer (D) correct.",,-100.0,-100.0,-14.375000953674316,-9.088346359931164e-07,0.9999994284995786
mbe_186,,MBE-1978-83-part1,train,"In an action by Quincy against Byer for $25,000, which of the following is (are) correct? I. Byer co",D,B,False,0,1337,134,"B  
Reasoning: The gold passage establishes that a sale of land falls within the Statute of Frauds and requires written evidence to be enforceable. Therefore, Byer could not successfully raise the Statute of Frauds as a defense regarding the agreement with Zeller for the sale of land, as it is not enforceable without a written agreement. However, the first statement (I) regarding the agreement to answer for the debt of another is also subject to the Statute of Frauds, but it is not applicable here since the primary agreement is for the sale of land. Thus, only statement II is correct, making answer (B) the right choice.",,-1.4502437114715576,-0.9502436518669128,-1.9502437114715576,-1.4502437114715576,0.3874556331464547
mbe_187,,MBE-1978-83-part1,train,"Which of the following would be most important deciding an action by Quincy against Byer for $25,000",A,A,True,0,1570,102,"A  
Reasoning: The gold passage discusses the concept of a fully integrated agreement, which is crucial in determining whether prior agreements (such as the payment to Quincy) can be enforced. If the Byer-Zeller agreement is found to be fully integrated, it would discharge any prior agreements regarding the payment to Quincy, making it impossible for Quincy to claim the $25,000 from Byer. Therefore, whether the agreement was completely integrated is the most important factor in deciding Quincy's action against Byer.",,-6.504040356958285e-05,-100.0,-100.0,-11.500064849853516,0.9999898700070888
mbe_188,,MBE-1978-83-part1,train,"In an action by Quincy against Byer for $25,000, which of the following, if proved, would best serve",B,A,False,0,1363,112,"A  
Reasoning: The gold passage indicates that the statute of frauds prohibits a party from asserting an oral agreement related to an interest in land to defeat a judgment based on a written contract. In this case, if Quincy argues that Byer is obligated to pay him the $25,000 based on an oral agreement, Byer can defend himself by asserting that there was no consideration to support Zeller's promise to pay Quincy, as the written contract does not reflect that obligation. Therefore, answer (A) would best serve Byer as a defense.",,-0.5483558773994446,-1.0483558177947998,-2.7983558177948,-5.048356056213379,0.5803699426988977
mbe_189,,MBE-1978-83-part1,train,"If Byer refused to pay more than $45,000 for Homestead, in an action by Zeller against Byer for an a",C,C,True,0,1480,97,"C  
Reasoning: The gold passage explains that a mistake in integration occurs when the parties have reached an agreement but fail to accurately express it in writing. In this case, Zeller and Byer agreed on a purchase price of $46,000, but the written agreement mistakenly states $45,000. To prove that the writing does not reflect the true agreement, Zeller would benefit from demonstrating that there was a mistake in integration, making answer (C) the correct choice.",,-100.0,-10.250036239624023,-3.619311974034645e-05,-100.0,0.9999646437509024
mbe_190,,MBE-1978-83-part1,train,The theory on which Driver is most likely to prevail against House is that House is,B,B,True,0,1583,124,"B  
Reasoning: The passage discusses the concept of ultra-hazardous activities and the factors that determine whether an activity is subject to strict liability. However, it does not establish that House is strictly liable simply because the tree was on his property. Instead, it suggests that liability may arise if House had knowledge of Contractor's engagement in a hazardous activity. Since cutting the roots of the tree led to its fall, which caused damage, House could be liable for Contractor's negligence if he was aware that the activity was hazardous. Therefore, answer (B) is the most likely theory on which Driver can prevail against House.",,-2.170520782470703,-0.1705208122730255,-3.170520782470703,-100.0,0.843794730553239
mbe_191,,MBE-1978-83-part1,train,"In the claim of Driver against Contractor, the best defense of Contractor is that",C,C,True,0,1309,83,"C  
Reasoning: The gold passage establishes that foreseeability is a key factor in determining liability in tort negligence cases. Contractor's best defense would be that he could not reasonably foresee that cutting the roots would cause the tree to fall, as this aligns with the principle that if the resulting harm was not foreseeable, the defendant might not be liable. Therefore, answer (C) is the most appropriate defense for Contractor.",,-100.0,-100.0,-19.375,-100.0,1.0
mbe_192,,MBE-1978-83-part1,train,"If Driver recovers a judgment against House, does House have any recourse against Contractor?",C,C,True,0,1320,89,"C  
Reasoning: The gold passage explains that vicarious liability allows for the act or omission of one person to be imputed to another without regard to fault. In this case, if Driver recovers a judgment against House based on vicarious liability for Contractor's actions (cutting the roots that caused the tree to fall), House may have recourse against Contractor for the damages incurred. Therefore, answer (C) is correct.",,-9.507697105407717,-5.007696628570557,-0.0076966565102338,-7.007696628570557,0.9923345323177064
mbe_193,,MBE-1978-83-part1,train,"The State of Rio Grande entered into a contract with Roads, Inc., for construction of a four-lane tu",D,D,True,0,1250,106,"D  
Reasoning: The gold passage states that the U.S. Constitution prohibits any state from enacting laws that impair the obligations of contracts. Since the state of Rio Grande repealed the statute authorizing the turnpike and cancelled the agreement with Roads, Inc., this action would retroactively impair the contract rights that Roads, Inc. had under the original agreement. Therefore, the court should hold that the state statute cancelling the agreement is invalid due to the constitutional prohibition against impairment of contracts, making answer (D) correct.",,-100.0,-100.0,-100.0,-1.3856492842023729e-06,1.0
mbe_194,,MBE-1978-83-part1,train,The strongest constitutional basis for the enactment of a federal statute requiring colleges and uni,C,C,True,0,1226,119,"C  
Reasoning: The passage discusses Congress's power to tax and its implications for regulation, indicating that while the taxing power is broad, it does not grant the same level of control over individual behavior as the Commerce Clause does. The enactment of a federal statute requiring colleges and universities to offer student aid based on need aligns with the power to tax and spend for the general welfare, as it involves the allocation of federal funds to support educational institutions. Therefore, the strongest constitutional basis for such a statute is the power to tax and spend for the general welfare, making answer (C) correct.",,-100.0,-100.0,-18.87501335144043,-100.0,1.0
mbe_195,,MBE-1978-83-part1,train,Peterson asked his attorney to secure an injunction against the Water District and its proposed entr,C,C,True,0,1544,95,"C  
Reasoning: The gold passage establishes that a recorded deed raises a presumption of validity and effectiveness. The Water District's easement was properly recorded, which means it is presumed valid despite Peterson's deed not mentioning it. Therefore, the Water District's plan to enter Barrenacres for the purposes stated in the easement is within its rights, making Peterson's attempt to secure injunctive relief likely to fail. Thus, answer (C) is correct.",,-100.0,-100.0,-20.5,-100.0,1.0
mbe_196,,MBE-1978-83-part1,train,Assume that Peterson reserved his rights and after the Water District completed its work sued for th,D,D,True,0,1533,95,"D  
Reasoning: The gold passage indicates that property rights must be balanced against the rights of those who hold easements. In this case, the Water District has a recorded easement that allows it to enter Barrenacres for specific purposes, which includes the right to inspect, repair, and replace the water main. Since the Water District acted within its rights under the easement, Peterson's attempt to secure damages will likely fail, making answer (D) correct.",,-14.250000953674316,-15.500000953674316,-16.000001907348633,-1.0280383548888494e-06,0.9999990543314028
mbe_197,,MBE-1978-83-part1,train,"In 1960 Omar, the owner in fee simple absolute, conveyed Stoneacre, a five-acre tract of land. The r",B,B,True,0,1726,150,"B  
Reasoning: The gold passage discusses the nature of future interests and emphasizes that beneficiaries have rights that are postponed until a certain condition is met. In this case, the grandchildren of Omar hold future interests in the property, which means they do not have the right to immediate enjoyment of the property or its resources until the life estate of Carl ends. Since Church's use of the property for church purposes is consistent with the terms of the conveyance, the removal of sand and gravel by Darin could be seen as infringing on the future interests of the grandchildren. Therefore, the grandchildren should be able to seek an injunction against further removal of resources and recover damages for the past removals, which should be impounded for future distribution among the grandchildren.",,-1.943755388259888,-0.1937553882598877,-3.443755388259888,-7.943755149841309,0.8244166530909718
mbe_198,,MBE-1978-83-part1,train,In which of the following cases is a conviction of the named defendant for robbery LEAST likely to b,D,D,True,0,1256,115,"D  
Reasoning: The gold passage defines robbery as the felonious taking of an article of value from another's person or immediate presence, against their will, using force or fear. In option D, Hayes removed the wallet from a man who was too drunk to notice, which suggests that there was no force or fear involved in the taking, as the victim was unaware of the theft at the time. This lack of force or fear makes a conviction for robbery least likely to be upheld in this case compared to the other options, where force or fear was clearly present.",,-6.126134872436523,-2.6261346340179443,-3.1261346340179443,-0.1261346340179443,0.8815614919325103
mbe_203,,MBE-1978-83-part1,train,"If Harry were charged with burglary, his best argument for acquittal would be that",D,C,False,0,1369,85,"C  
Reasoning: The gold passage defines burglary as the breaking and entering of a dwelling house of another with the intent to commit a felony. In this case, Harry did not actually commit any overt act of breaking and entering himself; he merely planned the crime and provided instructions to Bill. Therefore, his best argument for acquittal would be that he did not commit an overt act, making answer (C) correct.",,-6.567338466644287,-3.067338466644287,-0.0673384144902229,-4.067338466644287,0.9349235760409338
mbe_204,,MBE-1978-83-part1,train,"If Harry and Bill are charged with a conspiracy to commit burglary, their best argument for acquitta",B,C,False,0,1412,96,"C  
Reasoning: The gold passage discusses the requirements for holding a conspirator liable for crimes committed in furtherance of a conspiracy. It emphasizes the necessity of an overt act in furtherance of the conspiracy. In this case, if Harry and Bill can argue that there was no overt act taken towards the commission of the burglary (since Bill went to the wrong house), they may have a strong argument for acquittal. Therefore, answer (C) is the best choice.",,-100.0,-5.663712501525879,-0.1637123078107834,-1.9137122631073,0.8489968138305536
mbe_205,,MBE-1978-83-part1,train,"Wood, a patron of Duke's Bar, testified that on the night of the accident Chase was drunk. Wood then",C,C,True,0,1249,77,"C  
Reasoning: The gold passage discusses the criteria for an excited utterance, which must be made under circumstances indicating trustworthiness and while the speaker is under the immediate influence of the event. Wood's remark about Chase being drunk was made while he was observing Chase's condition, which qualifies it as a statement regarding a condition he observed. Therefore, answer (C) is correct.",,-10.75002384185791,-15.00002384185791,-2.3438327843905427e-05,-100.0,0.999978249171249
mbe_206,,MBE-1978-83-part1,train,Duke's Bar called Chase to testify and expected him to say that he was sober when he left Duke's Bar,B,C,False,0,1271,70,"C  
Reasoning: The gold passage indicates that impeachment evidence is used to alter the jury's assessment of a witness's credibility. However, it is a general rule that a party cannot impeach its own witness. Since Duke's Bar called Chase to testify, they cannot use his prior statement to impeach him, making answer (C) correct.",,-8.751873016357422,-6.501873016357422,-0.0018728324212133,-100.0,0.9983408571174992
mbe_207,,MBE-1978-83-part1,train,"Penn offers evidence that, after the accident, the manager of Duke's Bar established house rules lim",D,B,False,0,1288,85,"B  
Reasoning: The gold passage establishes that evidence of subsequent remedial measures is generally inadmissible to prove negligence but can be admissible for other purposes, such as proving knowledge or awareness of the need for precautionary measures. In this case, the house rules limiting drinks at Duke's Bar demonstrate that the bar was aware of the need to take precautionary measures regarding alcohol service, making answer (B) correct.",,-13.375007629394531,-7.345832273131236e-06,-12.500007629394531,-13.250007629394531,0.9999929595519124
mbe_208,,MBE-1978-83-part1,train,"Penn offers evidence that, after the accident, the owner of Duke's Bar visited him at the hospital a",A,A,True,0,1329,120,"A  
Reasoning: The gold passage outlines that a statement by a party-opponent can be considered an admission if it acknowledges certain facts relevant to the case and is unfavorable to the party-opponent's position. In this scenario, the owner's statement that ""letting Chase leave the bar so drunk last night"" acknowledges the fact that Chase was drunk when he left the bar, which is relevant to Penn's claim against Duke's Bar. This statement is unfavorable to Duke's Bar's position, making it admissible as an admission under the hearsay rule. Therefore, answer (A) is correct.",,-8.2994620242971e-06,-18.50000762939453,-100.0,-100.0,0.9999999907625442
mbe_209,,MBE-1978-83-part1,train,"In a narcotics conspiracy prosecution against Daly, the prosecutor offers in evidence a tape recordi",A,C,False,0,1317,124,"C  
Reasoning: The gold passage outlines foundational requirements for admitting evidence, specifically in the context of breath tests. While it does not directly address the admissibility of voice recordings, it implies that proper foundational evidence is necessary for any type of evidence to be admitted. In this case, option (C) provides the strongest basis for establishing the identity of the voice on the recording, as the witness specifically prepared for her testimony by talking with Daly over the phone after the recording was made. This direct interaction would likely provide her with a sufficient basis to identify the voice as Daly's, making (C) the correct answer.",,-3.2053942680358887,-1.205394268035889,-0.4553942382335663,-4.205394268035889,0.6411028433204401
mbe_210,,MBE-1978-83-part1,train,"Immediately upon learning what Parnell had done, Devlin brought an appropriate action against Parnel",C,C,True,0,1387,129,"C  
Reasoning: The gold passage indicates that when parties have a written agreement regarding the effect of a deed, that written agreement supersedes any oral understanding. In this case, Devlin allowed Parnell to fill in the lot number, which implies an agency to complete the deed. Parnell's action of filling in Lot 25 and recording the deed is supported by this agency, and thus Devlin's attempt to rescind the transaction is likely to fail because the agency implied to complete the deed cannot be restricted by the oral understanding. Therefore, answer (C) is the most likely basis for the judgment if Devlin loses.",,-2.9839587211608887,-2.9839587211608887,-0.2339587211608886,-2.2339587211608887,0.79164591540565
mbe_211,,MBE-1978-83-part1,train,Assume the following facts for this question only. Before Devlin had time to Learn of Parnell's acti,C,C,True,0,1608,138,"C  
Reasoning: The clean hands doctrine requires that a party seeking equitable relief must have acted fairly and justly in the matter at hand. In this case, Devlin's actions in allowing Parnell to fill in the lot number and subsequently selling Lot 25 to Caruso, despite knowing that Parnell had not selected that lot, may be viewed as inequitable. Therefore, if Devlin loses, it is likely because he is estopped from claiming title against a bona fide purchaser like Caruso, who acted in good faith and without knowledge of any defect in title. This aligns with the principle that a party must come to court with clean hands to seek equitable relief.",,-100.0,-7.377591609954834,-0.002591589000076,-6.502591609954834,0.9978743621144376
mbe_212,,MBE-1978-83-part1,train,"Ohner owns the Acme Hotel. When the International Order of Badgers came to town for its convention, ",D,C,False,0,1310,83,"C  
Reasoning: The gold passage establishes that a hotel owes a duty of reasonable care to its guests and must implement reasonable inspection procedures. In this case, Ohner was out of town and had no personal knowledge of the conduct of the hotel guests, which suggests he did not breach his duty of care. Therefore, Smith is unlikely to prevail in his claim against Ohner, making answer (C) correct.",,-100.0,-15.002477645874023,-0.002477558562532,-6.002477645874023,0.9975270726674108
mbe_213,,MBE-1978-83-part1,train,The probable result of Walker's claim against Householder is that she will,B,C,False,0,1362,107,"C  
Reasoning: The gold passage outlines the requirements for a claim of strict liability regarding injuries caused by dangerous domesticated animals. In this case, Walker was on Householder's property without permission, making her a trespasser. The passage does not provide any exceptions for trespassers in the context of strict liability claims. Therefore, Walker is unlikely to recover damages because her status as a trespasser negates her ability to claim against Householder for the skunk's actions. Thus, answer (C) is correct.",,-6.628509998321533,-6.503509998321533,-0.0035097955260425,-7.503509998321533,0.9966281048360288
mbe_214,,MBE-1978-83-part1,train,"If Walker asserts a claim against Dr. Vet, she will",A,A,True,0,1395,120,"A  
Reasoning: The gold passage outlines the elements required to establish a claim for negligence, which include a legal duty, a breach of that duty, an injury, and a causal connection between the breach and the injury. In this case, Dr. Vet had a duty to perform the surgery properly, and by failing to remove the skunk's scent gland, he breached that duty. Walker suffered an injury when she was sprayed by the skunk and subsequently fainted, hitting her head. Therefore, Walker can assert a claim against Dr. Vet for negligence, making answer (A) correct.",,-7.171581091824919e-05,-100.0,-10.87507152557373,-100.0,0.9999810748481536
mbe_216,,MBE-1978-83-part1,train,In an action by Betty against Charles for wages lost while she was incapacitated as a result of the ,A,A,True,0,1385,95,"A  
Reasoning: The gold passage outlines that consideration is a necessary element for a valid contract, which includes a benefit conferred upon the promisor or a prejudice suffered by the promisor. In this case, Charles's promise to reimburse Betty lacks consideration because there is no mutual exchange or benefit to Charles in return for his promise. Therefore, the best defense for Charles against Betty's claim for lost wages would be the lack of consideration, making answer (A) correct.",,-3.023293538717553e-05,-14.625030517578123,-100.0,-100.0,0.9999995549150746
mbe_217,,MBE-1978-83-part1,train,"Which of the following, if true, would be significant in determining whether or not there was bargai",C,A,False,0,1449,144,"A  
Reasoning: The gold passage defines consideration as something that is sought by the promisor in exchange for their promise and given by the promisee in return. In this context, whether Physician had begun treating Betty before Charles called him (I) is significant because if he had not started treatment, then there would be no performance or benefit conferred to Charles at the time of the promise, which is essential for establishing consideration. On the other hand, whether Charles had a contract with Betty (II) is not directly relevant to the consideration for Charles's promise to Physician, as it does not affect the exchange between Charles and Physician. Therefore, only statement I is significant in determining the presence of bargained-for consideration.",,-0.0319036990404129,-4.7819037437438965,-3.781903743743897,-100.0,0.9688331795283006
mbe_218,,MBE-1978-83-part1,train,If Physician discontinued treating Betty before she had fully recovered and Betty brought an action ,D,C,False,0,1427,150,"C  
Reasoning: The gold passage outlines the elements required to establish a novation, which includes a previous valid obligation, a subsequent agreement of all parties to the new contract, the extinguishment of the old contract, and the validity of the new contract. Physician can argue that his contract was with Charles, not Betty (argument II), and that any obligation to Betty was extinguished by the agreement with Charles, which could be seen as a new contract (argument III). However, argument I, which states that Betty furnished no consideration, is not a strong defense because consideration is not necessarily required in all contracts, especially in the context of medical treatment. Therefore, the most effective arguments for Physician's defense would be II and III, making answer (",,-3.3380143642425537,-1.5880143642425537,-0.5880143642425537,-1.5880143642425537,0.55565225647418
mbe_219,,MBE-1978-83-part1,train,"If Dodge did not file an action against Arthur's estate, would Dodge succeed in an action against Ch",B,C,False,0,1560,109,"C  
Reasoning: The gold passage establishes that a valid contract requires consideration, which involves a bargained-for exchange. In this case, Charles's promise to pay Dodge was not supported by any legal consideration or mutuality of obligation, as Dodge did not provide anything in exchange for Charles's promise. Additionally, since Arthur's estate is likely worthless due to his death and lack of assets, Dodge's claim against it would not hold value. Therefore, Dodge cannot succeed in an action against Charles for $200, making answer (C) correct.",,-11.200963020324709,-100.0,-0.5759626030921936,-0.8259626030921936,0.5621688209004472
mbe_220,,MBE-1978-83-part1,train,"Assume that Charles, honestly believing that he owed Dodge nothing, refused to pay anything to Dodge",C,C,True,0,1461,118,"C  
Reasoning: The gold passage indicates that a creditor who receives payment from an estate under the honest belief that the estate is solvent may have to return that payment if the estate is actually insolvent. In this case, Charles believed he owed nothing to Dodge, and thus he was not contractually obligated to pay the full $200. Since Charles was not legally required to pay Dodge anything, and he acted under the honest belief that he owed nothing, Dodge cannot succeed in an action against Charles for the remaining $50 after accepting $150. Therefore, answer (C) is correct.",,-8.28101921081543,-6.906019687652588,-0.0310196727514266,-3.531019687652588,0.9694695246035976
mbe_221,,MBE-1978-83-part1,train,Which of the following is the strongest argument against the constitutionality of free distribution ,D,D,True,0,1310,98,"D  
Reasoning: The gold passage emphasizes the principle of equal protection under the law, which prohibits laws that treat individuals differently when they are similarly situated. The strongest argument against the constitutionality of free distribution of textbooks to the students at the Little White School House is that such distribution would further segregation, thereby treating non-Caucasian students differently from their Caucasian counterparts in a manner that violates the Equal Protection Clause. Therefore, answer (D) is the most compelling argument in this context.",,-100.0,-15.375045776367188,-100.0,-4.6087021473795176e-05,0.9999997897565936
mbe_222,,MBE-1978-83-part1,train,Which of the following is the strongest argument in favor of the constitutionality of free distribut,C,C,True,0,1386,131,"C  
Reasoning: The gold passage outlines the criteria established in Lemon v. Kurtzman for determining whether government action violates the Establishment Clause. Specifically, it states that government action must have a secular legislative purpose, its primary effect must neither advance nor inhibit religion, and it must not foster excessive government entanglement with religion. Answer (C) asserts that the purpose and effect of the free distribution of textbooks is secular and does not entangle church and state, which aligns directly with the requirements set forth in the passage. Therefore, it is the strongest argument in favor of the constitutionality of the free distribution of textbooks to students at Stone School.",,-100.0,-100.0,-1.366362630506046e-05,-100.0,1.0
mbe_224,,MBE-1978-83-part1,train,Defendant is charged with assault and battery. The state's evidence shows that Victim was struck in ,B,B,True,0,1449,88,"B  
Reasoning: The gold passage establishes that battery requires intent to bring about harmful or offensive contact. In the case of Defendant suffering from an epileptic seizure, he would lack the intent necessary for battery because he had no control over his motions. This situation aligns with the principle that accidental or inadvertent contact does not constitute battery, making answer (B) the most likely scenario in which Defendant would be not guilty of assault and battery.",,-100.0,-0.0002726601669564,-8.750272750854492,-100.0,0.9998415637952636
mbe_226,,MBE-1978-83-part1,train,"If Farmer asserts a claim based on nuisance against Utility for damages for personal injuries, will ",C,C,True,0,1534,112,"C  
Reasoning: The gold passage outlines the requirements for a claim of private nuisance, which include interference with property rights, significant harm caused by the invasion, and that the invasion was intentional and unreasonable or actionable under certain liability rules. In this case, Farmer can demonstrate that Utility's emissions interfered with his use and enjoyment of his property, caused significant harm (reduced crop yield and health issues), and the emissions can be considered unreasonable. Therefore, Farmer's personal injuries fall within the scope of liability imposed on Utility, making answer (C) correct.",,-5.5045270919799805,-7.7545270919799805,-0.0045273154973983,-100.0,0.9955028011743196
mbe_227,,MBE-1978-83-part1,train,"If Farmer asserts a claim based on negligence against Utility for crop damage, will Farmer prevail?",A,A,True,0,1497,88,"A  
Reasoning: The gold passage discusses the relevance of industry customs and compliance with regulations in determining negligence, but it does not provide a basis for establishing negligence in this case. Utility constructed the plant using the best practicable technology available at the time, and no other plants using lignite employed scrubbing equipment due to its high cost and limited effectiveness. Therefore, Utility's actions do not constitute negligence, making answer (A) correct.",,-0.0002664615749381,-9.250266075134276,-10.125266075134276,-9.000266075134277,0.9997404805139908
mbe_228,,MBE-1978-83-part1,train,"Dr. Jones, a physician, having listened to Phillips' testimony, is called by Phillips and asked whet",A,A,True,0,1279,92,"A  
Reasoning: The gold passage indicates that expert opinion can provide specialized context to help the jury understand how to connect lay knowledge to medical expertise. Since Dr. Jones is being asked to provide an opinion based on a hypothetical question that assumes the truth of Phillips' testimony, his response is admissible as it falls within the scope of expert testimony that can help clarify the connection between the burns and the heart attack. Therefore, answer (A) is correct.",,-0.0001335751730948,-17.000133514404297,-100.0,-100.0,0.999999958600622
mbe_229,,MBE-1978-83-part1,train,"Dr. Black, a physician, is called by Phillips to testify that, on the basis of her examination of Ph",B,B,True,0,1382,75,"B  
Reasoning: The gold passage indicates that expert testimony must comply with requirements for reliability and relevance. Dr. Black's testimony is based on her examination of Phillips and the laboratory reports, which are typically relied upon in medical practice. Therefore, if the reports are reasonably relied upon in the medical field, her testimony would be admissible, making answer (B) correct.",,-8.257993698120117,-0.0079938909038901,-6.007993698120117,-5.257993698120117,0.9920757644018846
mbe_230,,MBE-1978-83-part1,train,"Phillips testified that his purchase of the underwear occurred on April 17th, a fact of minor import",D,D,True,0,1292,90,"D  
Reasoning: The gold passage defines a collateral matter as evidence that only affects the credibility of a witness. Phillips' testimony regarding the date of his purchase, while it may not be central to the case, does not solely affect his credibility but rather provides context for his claims. Therefore, the motion to strike should be overruled, as the date is relevant to the case, albeit tangentially, making answer (D) correct.",,-7.750874996185303,-7.750874996185303,-11.375874519348145,-0.0008748973486945,0.9991277975010604
mbe_237,,MBE-1978-83-part1,train,"Police Officer stopped Dexter for speeding late one night. Noting that Dexter was nervous, he ordere",A,A,True,0,1550,91,"A  
Reasoning: The gold passage establishes that warrantless searches incident to arrest are justified based on officer safety and evidence preservation. Since Dexter was placed under a valid custodial arrest for speeding, the search of his person, which led to the discovery of heroin, is permissible under the exception for searches incident to arrest. Therefore, Dexter's motion to prevent the introduction of the heroin into evidence will most probably be denied, making answer (A) correct.",,-5.88418151892256e-05,-100.0,-100.0,-100.0,1.0
mbe_239,,MBE-1978-83-part1,train,"Donna was arrested and taken to police headquarters, where she was given her Miranda warnings. Donna",C,C,True,0,1464,86,"C  
Reasoning: The gold passage indicates that for a waiver of Miranda rights to be considered voluntary, it must be the result of a free choice and not the product of coercion. Donna's statement was made spontaneously while being fingerprinted, which suggests it was volunteered and not the result of interrogation. Since the statement was not elicited through questioning, it is likely to be admissible, making answer (C) correct.",,-100.0,-100.0,-4.842555426876061e-06,-14.125004768371582,0.999999266178965
mbe_240,,MBE-1978-83-part1,train,"Which of the following, if established, sets forth the strongest constitutional argument Barnes coul",B,C,False,0,1402,130,"C  
Reasoning: The gold passage establishes that a property right in continued employment exists when there are laws or policies that stipulate an employee can only be dismissed for cause. Since Barnes was not provided with a statement of reasons or a hearing, he would need to demonstrate a property interest in his employment to compel the college to furnish these. Option (C) suggests that he was the only teacher whose contract was not renewed, which could imply a discriminatory or arbitrary action against him, potentially indicating a violation of due process. This situation could strengthen his argument for a property right and the need for a hearing, making (C) the strongest constitutional argument.",,-100.0,-9.750167846679688,-0.0001680213608779,-9.750167846679688,0.9998834242436636
mbe_241,,MBE-1978-83-part1,train,"Which of the following, if established, most strongly supports the college in refusing to give Barne",C,C,True,0,1213,113,"C  
Reasoning: The gold passage discusses rebuttal evidence, which is not directly applicable to the question about supporting the college's decision. However, option (C) states that Barnes worked at the college for less than five years, which aligns with the state law that requires five consecutive annual contracts for tenure. Since Barnes has not met this requirement, it supports the college's position that they are not obligated to provide a statement of reasons or a hearing, as he is not entitled to tenure protections. Therefore, (C) most strongly supports the college's refusal.",,-7.511631488800049,-4.511631488800049,-0.011631267145276,-10.76163101196289,0.9884514045518268
mbe_242,,MBE-1978-83-part1,train,National regulation of predatory wild animals on federal lands is most likely,B,B,True,0,1831,88,"B  
Reasoning: The gold passage establishes that Congress has authority over federal property, including the power to regulate and protect wildlife on public lands. This aligns with answer (B), which states that national regulation of predatory wild animals on federal lands is constitutional because Congress has the authority to make regulations respecting federal property. The passage supports this by indicating that Congress exercises both proprietary and legislative powers over public lands, which includes the regulation of wildlife.",,-100.0,-9.25309086596826e-06,-100.0,-100.0,1.0
mbe_243,,MBE-1978-83-part1,train,"By her validly executed will, Sallie devised a certain tract of land to her son, Ben, for his life w",D,C,False,0,1389,88,"C  
Reasoning: The gold passage states that a remainder interest is valid if it is in an ascertainable person and there are no conditions precedent other than the termination of prior estates. In this case, the grandchildren of Ben are ascertainable persons, and the only condition is the termination of Ben's life estate. Therefore, the provisions concerning the grandchildren are valid and will be upheld according to their terms, making answer (C) correct.",,-3.242530345916748,-4.742530345916748,-0.7425302863121033,-0.7425302863121033,0.4760996473669798
mbe_244,,MBE-1978-83-part1,train,"Seth was an elderly widower who lived alone on a small farm which he owned. Except for the farm, inc",A,B,False,0,1548,128,"B  
Reasoning: The gold passage discusses the part-performance exception to the Statute of Frauds, indicating that if a party can show that a contract meets the criteria for this exception, the burden shifts to the opposing party to prove otherwise. In this case, Jim's actions of moving in with Seth and providing care can be seen as part performance that is unequivocally referable to the oral contract. Therefore, if the court decides in favor of Jim, it will likely be because the land is located in a state where the Statute of Frauds does not apply due to such part performance, making answer (B) correct.",,-7.500589370727539,-0.0005892522749491,-100.0,-100.0,0.9994472214285184
mbe_245,,MBE-1978-83-part1,train,The following events took place in a state that does not recognize the common-law marriage. The stat,D,A,False,0,1440,95,"A  
Reasoning: The gold passage establishes that a tenancy by the entirety is only available to legally married couples, as it is based on the common law theory that a husband and wife are considered one person. Since Wade and Mary were never formally married, the estate created by the deed cannot be classified as a tenancy by the entirety. Therefore, Mary's prayer for partition should be denied because a tenant by the entirety has no right to partition, making answer (A) correct.",,-9.849109119386412e-06,-100.0,-13.375009536743164,-100.0,0.9999984465017602
mbe_246,,MBE-1978-83-part1,train,"On Ladd's claim against Sand, will Ladd prevail?",A,A,True,0,1464,124,"A  
Reasoning: The gold passage discusses the last clear chance doctrine, which applies when both parties are negligent, but one party is in a position to avoid the danger. In this case, Sand's knowledge of the children's activities and the potential danger posed by the chute indicates that they had a duty to secure it. If Sand could have effectively secured the chute at a moderate cost, they may be found liable for Ladd's injuries. Therefore, Ladd will prevail against Sand if it can be shown that Sand failed to take reasonable precautions to prevent the children from accessing the chute, making answer (A) correct.",,-0.0008489366737194,-7.250848770141602,-9.250848770141602,-100.0,0.9991943633984774
mbe_247,,MBE-1978-83-part1,train,"On Ladd's claim against Commuter, Commuter's best defense is that",B,B,True,0,1402,86,"B  
Reasoning: The gold passage defines the standard of ""ordinary care"" as the actions that an ordinarily prudent person would take under similar circumstances. Commuter's best defense would be that she used reasonable care in the maintenance of her brakes, as she had them inspected and was told they were in perfect working order. This aligns with the standard of care expected of a driver, making answer (B) the most appropriate defense.",,-8.501238822937012,-0.0012390372576192,-7.001238822937012,-100.0,0.998885892047336
mbe_248,,MBE-1978-83-part1,train,"On Ladd's claim against Garage, will Ladd prevail?",B,B,True,0,1420,99,"B  
Reasoning: The gold passage outlines that the essential elements of negligent inspection include the existence of a legal duty, breach of that duty, damages, and a causal connection between the defendant's conduct and the plaintiff's injury. If Garage was negligent in inspecting Commuter's brakes, it could be held liable for Ladd's injuries, as there would be a direct causal connection between Garage's breach of duty and the damages suffered by Ladd. Therefore, answer (B) is correct.",,-100.0,-19.25,-100.0,-100.0,1.0
mbe_250,,MBE-1978-83-part1,train,"Al and Bill are identical twins. Al, angry at David, said, ""You'd better stay out of my way. The nex",D,D,True,0,1327,109,"D  
Reasoning: The gold passage establishes that the evaluation of a defendant's belief in the necessity of self-defense is based on an objective standard, specifically whether a reasonable person would have believed and acted in the same way under the circumstances. Since David struck Bill believing he was Al and fearing an attack, the key question is whether a reasonable person in David's position would have perceived Bill's gesture as a threat. Therefore, David will prevail only if a reasonable person would have believed that Bill would attack him, making answer (D) correct.",,-100.0,-100.0,-13.250005722045898,-5.319370302458992e-06,0.9999982396574956
mbe_251,,MBE-1978-83-part1,train,"If Ped asserts a claim against Driver, Ped's failure to be in the crosswalk will have which of the f",B,B,True,0,1270,100,"B  
Reasoning: The gold passage defines ""contributory negligence"" as the plaintiff's conduct that falls below the standard of care for their own protection and contributes to their harm. In this case, Ped's failure to use the designated crosswalk may be seen as conduct that falls below the standard of care, which could be relevant in determining Driver's liability. Therefore, the trier of fact may consider Ped's actions when assessing the circumstances of the accident, making answer (B) correct.",,-13.75001049041748,-1.0921942703134846e-05,-11.75001049041748,-100.0,0.9999910430475252
mbe_252,,MBE-1978-83-part1,train,"If Ped asserts a claim against Trucker, the most likely result is that Ped will",B,B,True,0,1293,117,"B  
Reasoning: The gold passage outlines the conditions under which a statute's violation constitutes negligence per se. In this case, Trucker's violation of Section 2 of the Vehicle Code, which prohibits parking in a way that blocks a crosswalk, directly relates to Ped's injury as it prevented him from safely using the crosswalk. The purpose of the statute is to protect pedestrians, and since Ped is a member of the class intended to be protected, he is likely to prevail against Trucker based on the violation of the statute. Thus, answer (B) is correct.",,-12.750004768371582,-4.36574100604048e-06,-16.750003814697266,-100.0,0.9999970445316128
mbe_253,,MBE-1978-83-part1,train,"Suspecting that students in a dormitory were using narcotics, the president of a private college arr",C,C,True,0,1336,102,"C  
Reasoning: The gold passage outlines the types of invasion of privacy, specifically mentioning ""intrusion upon the plaintiff's seclusion or solitude or into his private affairs."" In this case, the college president's arrangement for concealed microphones in the dormitory constitutes an invasion of Green's privacy by intruding into his private affairs without consent. Therefore, Green's motion to prevent the introduction of the marijuana into evidence will most probably be granted due to this unreasonable invasion of privacy, making answer (C) correct.",,-100.0,-3.773550271987915,-0.0235503613948822,-9.398550033569336,0.976941669549704
mbe_254,,MBE-1978-83-part1,train,Tom had a heart ailment so serious that his doctors had concluded that only a heart transplant could,A,A,True,0,1218,88,"A  
Reasoning: The gold passage defines murder as the killing of one human being by another with the requisite malevolent state of mind. In this case, Dan intentionally poisoned Tom, which demonstrates the requisite malevolent intent. Although Tom had a pre-existing heart condition, Dan's actions directly led to the chain of events that resulted in Tom's death. Therefore, Dan should be found guilty of homicide, making answer (A) correct.",,-0.0152454860508441,-4.51524543762207,-5.51524543762207,-100.0,0.9850316863200792
mbe_255,,MBE-1978-83-part1,train,In which of the following situations is Defendant most likely to be not guilty of the charge made?,C,C,True,0,1389,112,"C  
Reasoning: The gold passage indicates that the crime of attempt is complete when there is intent to commit the underlying crime and sufficient acts demonstrating that the individual would not voluntarily abandon the attempt. In situation (C), Defendant believed he was committing a crime by purchasing codeine without a prescription, but he was unaware that the law had changed and it was no longer illegal to do so. Since there was no intent to commit a crime due to the lack of knowledge about the law's repeal, Defendant is most likely not guilty of the charge made against him.",,-8.000879287719727,-8.500879287719727,-0.0008791850414127,-8.250879287719727,0.9992004503191844
mbe_256,,MBE-1978-83-part1,train,"Potts sued Dobbs on a product liability claim. Louis testified for Potts. On cross-examination, whic",B,B,True,0,1308,116,"B  
Reasoning: The gold passage emphasizes that cross-examination should not go beyond the subject matter of the direct examination and should avoid causing undue embarrassment to witnesses. Question (B), which refers to Louis being known as ""Louie the Lush"" due to an alcohol addiction, is likely to be ruled improper as it could cause undue embarrassment and does not pertain to the credibility of Louis in relation to the product liability claim. The other questions, while potentially damaging, relate more directly to credibility and the witness's character in a way that is more relevant to the case.",,-8.503046035766602,-0.0030455698724836,-6.003045558929443,-8.503046035766602,0.9971226144867876
mbe_257,,MBE-1978-83-part1,train,"In an action to recover for personal injuries arising out of an automobile accident, Plaintiff calls",D,D,True,0,1451,81,"D  
Reasoning: The gold passage establishes that a witness must face a ""real danger"" of conviction to invoke the privilege against self-incrimination, and that the fear of conviction must be reasonable, real, and appreciable. This indicates that the judge should allow Bystander to remain silent if there is some reasonable possibility that she will incriminate herself, making answer (D) the correct choice.",,-5.754977703094482,-7.504977703094482,-6.754977703094482,-0.0049776937812566,0.9951172138435472
mbe_258,,MBE-1978-83-part1,train,"Venner, the owner of Greenacre, a tract of land, entered into an enforceable written agreement with ",A,C,False,0,1462,112,"C  
Reasoning: The gold passage discusses the concept of escrow and how title vests in the grantee upon delivery in escrow, indicating that the title is not derived from the contract but from the deed itself. Venner's argument that under the doctrine of equitable conversion, title has already passed to Brier, aligns with the principle that once the deed is delivered, the buyer (Brier) holds equitable title. Therefore, Venner's best legal argument for specific performance is that title has already passed to Brier, making answer (C) correct.",,-6.262994289398193,-4.512994289398193,-0.0129942130297422,-100.0,0.987128389044668
mbe_259,,MBE-1978-83-part1,train,"Blackacre is a three-acre tract of land with a small residence. Olga, the owner of Blackacre, rented",B,A,False,0,1454,146,"A  
Reasoning: The gold passage discusses the concept of an unconscionable contract, which is not directly relevant to the Statute of Frauds defense that Olga is raising. However, the key point is that the Statute of Frauds requires certain contracts, including those for the sale of real estate, to be in writing to be enforceable. Since there was no written agreement for the sale of Blackacre, nothing Terrence could have done, including making improvements or tendering a note, would overcome the original absence of a written agreement. Therefore, if Olga wins, it will be because the lack of a written contract under the Statute of Frauds is a complete defense, making answer (A) correct.",,-0.0495381653308868,-3.0495381355285645,-7.674538135528564,-100.0,0.952131434904059
mbe_260,,MBE-1978-83-part1,train,In which of the following ways could the city's reward offer be effectively accepted?,C,C,True,0,1634,96,"C  
Reasoning: The gold passage indicates that acceptance of an offer can be demonstrated by performing according to the terms of the offer. In the context of the city's reward offer, the offer is for a reward for the arrest and conviction of an arsonist. Therefore, an offeree could effectively accept the offer by supplying information that leads to the arrest and conviction of an arsonist, which aligns with the terms of the offer. This makes answer (C) correct.",,-100.0,-2.1269304752349854,-0.1269305199384689,-100.0,0.8807970732843035
mbe_261,,MBE-1978-83-part1,train,"With respect to duration, the city's reward offer was terminable",D,D,True,0,1498,97,"D  
Reasoning: The gold passage indicates that an offer lapses if not accepted within a ""reasonable time."" This implies that the city's reward offer could be terminated by the passage of a reasonable amount of time. Additionally, the passage does not preclude the possibility of the offer being revoked before the expiration of that reasonable time. Therefore, the correct answer is (D), as the city's reward offer was terminable either by lapse of a reasonable time or earlier by effective revocation.",,-6.976081371307373,-0.976081371307373,-7.351081371307373,-0.476081371307373,0.6214780077874098
mbe_262,,MBE-1978-83-part1,train,"If the city's reward offer was revocable, revocation could be effectively accomplished only",C,C,True,0,1524,104,"C  
Reasoning: The gold passage indicates that any act or communication that would lead a reasonable person to believe that an offer has been revoked is sufficient for revocation. Since the city's reward offer was made public through a telecast, revocation should be accomplished in a similar manner to ensure that potential offerees are adequately informed. Therefore, revocation could be effectively accomplished either in the same manner as made (local telecast) or by a comparable medium and frequency of publicity, making answer (C) correct.",,-100.0,-5.753180503845215,-0.0031805636826902,-100.0,0.9968273169682716
mbe_263,,MBE-1978-83-part1,train,Which of the following best characterizes the relationship between Humongous and Gimlet?,D,D,True,0,1502,95,"D  
Reasoning: The gold passage defines a unilateral contract as one where one party makes an offer that becomes binding when the other party performs the specified actions. In this case, Humongous made a unilateral offer to pay Gimlet a daily rate for his investigation work. Each day Gimlet performed his investigation constituted acceptance of the offer, creating a series of daily unilateral contracts. Therefore, answer (D) correctly characterizes the relationship between Humongous and Gimlet.",,-13.750025749206545,-100.0,-10.750025749206545,-2.618001053633634e-05,0.999977487384804
mbe_264,,MBE-1978-83-part1,train,"In a suit by Gimlet against the city to recover the $10,000 reward, which of the following, in light",B,B,True,0,1536,126,"B  
Reasoning: The gold passage outlines the four elements necessary to establish a contract, which include identifiable parties, consent, a lawful object, and sufficient cause or consideration. Gimlet's claim for the city's reward does not meet these elements, as there was no mutual consent or consideration between Gimlet and the city. However, option (B) states that the city's offer was in the nature of a bounty, suggesting that the typical contract elements may not apply, which supports Gimlet's claim for the reward despite the lack of a formal contract. Therefore, (B) is the most useful support for Gimlet's claim.",,-9.001486778259277,-0.0014865353005006,-6.751486301422119,-100.0,0.9987073833516358
mbe_265,,MBE-1978-83-part1,train,"If Wife asserts a claim based on battery against Grower, will Wife prevail?",A,D,False,0,1341,80,"D  
Reasoning: The gold passage defines battery as requiring the intent to bring about harmful or offensive contact. In this case, Grower did not intend to cause any harmful contact with Wife; his intention was only to frighten her. Therefore, since there was no intent to inflict injury, Wife will not prevail in her claim for battery against Grower, making answer (D) correct.",,-100.0,-100.0,-5.006716251373291,-0.0067163170315325,0.9933071486392154
mbe_266,,MBE-1978-83-part1,train,"If Husband asserts a claim based on assault against Grower, will Husband prevail?",B,C,False,0,1308,106,"C  
Reasoning: The gold passage outlines the elements required to establish assault, which include the defendant's intent to make contact or to put the plaintiff in apprehension of such contact, the plaintiff's apprehension of imminent contact, and that the contact was harmful or offensive. In this case, Husband did not come into contact with the dog, nor was there any indication that he was placed in apprehension of imminent contact with the dog. Therefore, Husband cannot establish the necessary elements for assault, making answer (C) correct.",,-16.750003814697266,-12.500003814697266,-4.008129963040119e-06,-100.0,0.9999962202025312
mbe_267,,MBE-1978-83-part1,train,"If Grower asserts a claim against Wife and Husband for damage to his plants, will Grower prevail?",A,C,False,0,1287,90,"C  
Reasoning: The gold passage outlines the requirements for a trespass claim, which include an interference with a possessory interest in property executed without consent. However, in this case, Husband and Wife entered Grower's property due to an emergency situation (the bull), which may provide a defense against the trespass claim. Therefore, Grower is unlikely to prevail because the circumstances justify their entry onto the property, making answer (C) correct.",,-12.000008583068848,-13.750008583068848,-8.537868779967539e-06,-14.625008583068848,0.9999923430573616
mbe_268,,MBE-1978-83-part1,train,"In challenging the validity of the state statute, Ben's strongest argument would be that",A,A,True,0,1349,89,"A  
Reasoning: The Gold Passage emphasizes the principle of the Equal Protection Clause, which mandates that all persons similarly situated should be treated alike. Ben's strongest argument against the state statute would be that it lacks a rational basis for preferring collateral relatives and the state over unacknowledged children like himself, thereby violating the equal protection clause. This aligns with option (A), making it the most compelling argument in his challenge to the statute.",,-0.0015155769651755,-100.0,-100.0,-100.0,1.0
mbe_269,,MBE-1978-83-part1,train,The state's strongest defense of the statute would be that,D,D,True,0,1411,91,"D  
Reasoning: The gold passage outlines the rational basis test, which requires that legislation must have a rational relationship to a legitimate government purpose. The state's defense that its interest in promoting family life and encouraging formal acknowledgment of paternity provides a rational basis for the statute aligns with this test. This suggests that the classification of unacknowledged illegitimate children as ineligible heirs is justified by the state's interest, making answer (D) the strongest defense.",,-100.0,-100.0,-14.250003814697266,-3.650518920039758e-06,0.999999352405308
mbe_270,,MBE-1978-83-part1,train,"Alice conveyed Twinoaks Farm ""to Barbara, her heirs and assigns, so long as the premises are used fo",B,B,True,0,1184,91,"B  
Reasoning: The gold passage defines a possibility of reverter as a future interest retained by a grantor after conveying a fee simple determinable. In this case, Alice conveyed Twinoaks Farm to Barbara with the condition that it must be used for residential and farm purposes. If that condition is not met, the property will automatically revert to Alice, indicating that she retains a possibility of reverter. Therefore, answer (B) is correct.",,-14.375003814697266,-4.246537173457909e-06,-13.625003814697266,-100.0,0.9999982186344828
mbe_271,,MBE-1978-83-part1,train,"Lawnacre was conveyed to Celeste and Donald by a deed which, in the jurisdiction in which Lawn. acre",B,A,False,0,1338,122,"A  
Reasoning: The gold passage explains the nature of joint tenancies and tenancies by the entirety, emphasizing that a joint tenancy is held by two or more people who are not married, and that the survivor of a tenancy by the entirety takes full ownership upon the death of the other. Since Celeste and Donald created a cotenancy with the right of survivorship, upon Celeste's death, Donald becomes the sole owner of Lawnacre, as the right of survivorship means he automatically inherits her share. Therefore, Donald will prevail in the action against Paul, making answer (A) correct.",,-0.3299336433410644,-5.0799336433410645,-4.5799336433410645,-1.3299336433410645,0.7190130348191446
mbe_272,,MBE-1978-83-part1,train,If Employee was injured while cutting plywood when the shaft holding the saw blade came loose when a,D,D,True,0,1622,78,"D  
Reasoning: The gold passage establishes that for strict liability to apply, the product must reach the user without substantial change in the condition in which it was sold. Since the saw was rebuilt by Storekeeper after it left Power Saw Company's control, this alteration likely constitutes a substantial change, which would bar Employee from recovering against Power Saw Company. Therefore, answer (D) is correct.",,-5.338932037353516,-4.838932037353516,-0.8389318585395813,-0.5889318585395813,0.5550262122297851
mbe_273,,MBE-1978-83-part1,train,If Employee was injured while cutting plywood when the shaft holding the saw blade came loose when a,A,A,True,0,1596,87,"A  
Reasoning: The gold passage establishes that the economic loss doctrine limits recovery for economic losses in tort actions unless there is tangible physical harm to persons or tangible things. Since Purchaser's claim for loss of business is based solely on the injury to Employee and does not involve any tangible physical harm to Purchaser's property or himself, Purchaser will not recover under strict liability in tort. Therefore, answer (A) is correct.",,-0.0003454753023106,-8.250345230102539,-100.0,-100.0,0.9997388096168772
mbe_274,,MBE-1978-83-part1,train,If Employee was injured while cutting plywood when the shaft holding the saw blade came loose when a,C,C,True,0,1400,127,"C  
Reasoning: The gold passage indicates that contributory negligence is a defense to a negligence claim in a product liability action. However, in a strict liability claim, the focus is on whether the product was defective and unreasonably dangerous, rather than on the conduct of the user. Since Employee's injury resulted from a defect in the reconditioned saw (the shaft coming loose), Employee will likely recover unless he had prior knowledge of the defect. Therefore, answer (C) is correct, as it aligns with the principles of strict liability where the seller can be held liable regardless of the care taken in reconditioning the product.",,-2.411639451980591,-1.4116395711898804,-0.411639541387558,-5.53663969039917,0.6626198519721835
mbe_275,,MBE-1978-83-part1,train,"If Employee was cutting a sheet of plywood, and while he was doing so, the saw blade flew to pieces ",A,A,True,0,1474,121,"A  
Reasoning: The gold passage outlines the requirements for a strict liability products liability claim, which includes establishing the manufacturer's relationship to the product, the unreasonably dangerous condition of the product, and a proximate causal connection between that condition and the plaintiff's injury. In this case, the saw blade that flew to pieces can be considered unreasonably dangerous, and if it can be shown that Storekeeper, as the seller of the reconditioned saw, is liable under strict liability principles, Employee is likely to prevail on this theory. Therefore, answer (A) is the most appropriate choice.",,-0.0004890497075393,-100.0,-100.0,-100.0,1.0
mbe_276,,MBE-1978-83-part1,train,"If Employee was cutting a sheet of hard plastic, and while he was doing so, the saw blade flew to pi",B,B,True,0,1477,104,"B  
Reasoning: The gold passage establishes that a seller can assume their product will be used for its intended purpose and that using a product in an unusual or unforeseeable way can serve as a defense in a strict liability claim. In this case, Employee was using the saw blade to cut hard plastic, which is not its intended use for cutting plywood. Therefore, Saw-Blade Company can successfully argue that the injury resulted from improper use of the blade, making answer (B) the most likely defense to prevail.",,-100.0,-2.403434518782888e-05,-100.0,-100.0,1.0
mbe_277,,MBE-1978-83-part1,train,In which of the following situations is Defendant most likely to be guilty of common-law murder?,A,B,False,0,1256,148,"B  
Reasoning: The gold passage discusses the elements required to prove voluntary manslaughter, specifically focusing on the heat of passion and adequate provocation. In option (B), Defendant shoots and kills Harry after being slapped during an argument, which indicates a response to provocation in a heated moment. This scenario aligns with the elements of voluntary manslaughter rather than common-law murder, as it suggests a lack of premeditation and a reaction to provocation. However, it is the most likely situation where Defendant's actions could be interpreted as a crime of passion, making it the most relevant to the question of guilt in the context of common-law murder. The other options do not present the same level of provocation or emotional response.",,-9.250521659851074,-0.0005213391850702,-9.625521659851074,-100.0,0.9998378581861428
mbe_283,,MBE-1978-83-part1,train,"In an effort to relieve serious and persistent unemployment in the industrialized state of Onondaga,",C,C,True,0,1519,113,"C  
Reasoning: The gold passage discusses the dormant Commerce Clause and highlights that a state law that discriminates against out-of-state goods or economic actors can only be justified if it serves a legitimate local purpose and is narrowly tailored. The statute in question requires businesses to purchase goods and services in Onondaga, which could be seen as favoring in-state businesses over out-of-state ones, thus potentially violating the Commerce Clause. Therefore, the strongest basis to attack this statute is the commerce clause (C), as it directly addresses the issue of discrimination against interstate commerce.",,-100.0,-100.0,-19.50001716613769,-100.0,1.0
mbe_285,,MBE-1978-83-part1,train,The best argument for Black in this action is that,A,A,True,0,1703,120,"A  
Reasoning: The gold passage outlines the requirements for an easement by implication, emphasizing that such an easement arises only when it is reasonably necessary for the enjoyment of the property and was in use at the time of severance. Since College Avenue has not been opened as a public street and no private easements arose by implication, Breyer's right to use College Avenue must await the action of public authorities. Therefore, Black's best argument is that Breyer's right must await the action of appropriate public authorities to open College Avenue as a public street, making answer (A) correct.",,-0.1004876643419265,-100.0,-2.35048770904541,-100.0,0.904650538956921
mbe_286,,MBE-1978-83-part1,train,The best argument for Breyer in this action is that,D,B,False,0,1559,111,"B  
Reasoning: The gold passage outlines the requirements for creating a public road through statutory dedication, which includes a recorded plat that designates areas for public use and evidences the intent to dedicate those areas. In this case, Breyer's deed refers to the recorded plan of Meadowview, which indicates an intention to use College Avenue as a means of access. This reference to the recorded plan suggests that Breyer has a right to use the streets delineated on the plan, making answer (B) the best argument for Breyer in this action.",,-100.0,-0.0024909991770982,-6.002490997314453,-12.377490997314451,0.9975231748624084
mbe_291,,MBE-1978-83-part1,train,"If Doe is prosecuted under the ""Capitol steps"" statute and defends on constitutional grounds, which ",D,B,False,0,1489,93,"B  
Reasoning: The gold passage indicates that when evaluating the constitutionality of a statute that restricts speech, the state must demonstrate that it has a compelling interest and that it has used the least restrictive means to achieve that interest. Therefore, in Doe's defense, he would need to prove that the state did not have a compelling need for the statute or that there were less restrictive means available to satisfy that need, making answer (B) the correct choice.",,-100.0,-0.220631331205368,-3.9706313610076895,-1.7206313610076904,0.8021511134618596
mbe_292,,MBE-1978-83-part1,train,Which of the following possible plaintiffs other than Doe would be most likely to obtain an adjudica,B,B,True,0,1411,115,"B  
Reasoning: The gold passage states that a party has standing to challenge the constitutionality of a statute only if it adversely impacts their own rights. Among the options, a politician intending to make a campaign speech on the Capitol steps during a prohibited time would be directly affected by the statute, as it restricts their ability to speak publicly at a time they wish to do so. This direct adverse impact on the politician's rights to free speech gives them standing to challenge the statute in federal court, making answer (B) the most likely plaintiff to obtain an adjudication.",,-100.0,-4.715985778602772e-05,-10.000046730041504,-100.0,0.9999546021117856
mbe_293,,MBE-1978-83-part1,train,"The ""Capitol steps"" statute is probably",A,B,False,0,1624,150,"B  
Reasoning: The gold passage indicates that a ""designated public forum"" is entitled to the same constitutional protection as a traditional public forum, while a ""limited public forum"" allows the government to impose reasonable, viewpoint-neutral rules. The Capitol steps, being a location for public assembly, likely qualify as a designated public forum. The statute's time restrictions may be seen as reasonable regulations, but applying it to Doe's speech, which was animated and critical of the law, could be viewed as unconstitutional as applied, since it restricts his right to express dissenting views during a time when the forum is open for public discourse. Thus, the statute is constitutional on its face but unconstitutional as applied to Doe, making answer (B) correct.",,-2.3684773445129395,-0.1184774562716484,-4.11847734451294,-100.0,0.8899054557534909
mbe_294,,MBE-1978-83-part1,train,"A second state statute punishes ""any person who shall intentionally threaten the life or safety of a",B,B,True,0,1565,100,"B  
Reasoning: The gold passage discusses the First Amendment's prohibition on government interference with speech, emphasizing that content-based regulations are presumptively unconstitutional unless they serve compelling state interests. Doe's speech, while animated and aggressive, is a form of political expression regarding the milk packaging law and does not constitute an actual threat to the legislators' safety. Therefore, while the statute itself may be constitutional, Doe could not be constitutionally punished under it for his speech, making answer (B) correct.",,-100.0,-2.339278580620885e-06,-13.250001907348633,-100.0,0.9999982396560264
mbe_295,,MBE-1978-83-part1,train,"A third state statute, enacted in 1880, makes criminal ""the utterance in any public place of any bla",C,B,False,0,1762,150,"B  
Reasoning: The gold passage discusses equal protection of the laws and emphasizes that a successful equal protection claim requires a showing of unequal treatment among similarly situated groups. However, the question does not provide a basis for Doe to claim that the blasphemy statute treats him differently than others in similar circumstances, making option (C) less likely to succeed. On the other hand, the other options (A, D) directly relate to constitutional protections regarding vague laws and freedom of speech, which are more likely to be relevant defenses against the blasphemy statute. Therefore, option (B), which claims the statute is an establishment of religion, is the least likely to succeed as it does not directly relate to Doe's speech or the context of",,-6.06453275680542,-0.0645329281687736,-2.814532995223999,-100.0,0.9377286215890536
mbe_296,,MBE-1978-83-part1,train,"Peri's attorney asks Investigator to testify that, a week before receiving the libelous letter, he h",B,B,True,0,1228,93,"B  
Reasoning: The gold passage discusses the admissibility of records created by a third party under the business record exception to the hearsay rule. It states that such records can be admitted without the need for production of the original document or showing its unavailability, provided they meet the criteria outlined. Since Investigator's testimony about the inquiry to Denucci does not require the actual inquiry letter to be produced or shown as unavailable, answer (B) is correct.",,-3.773860692977905,-0.023860614746809,-8.773860931396484,-100.0,0.9768713923711884
mbe_297,,MBE-1978-83-part1,train,"Investigator, if permitted, will testify that, ""I received a letter that I cannot now find, which re",D,B,False,0,1211,84,"B  
Reasoning: The gold passage states that if the original document is unavailable, the party must provide a valid reason for its unavailability. It also indicates that secondary evidence can be used to prove the contents of the document if the court finds the reason acceptable. Therefore, Investigator's testimony about the letter should be admitted only if the jury is satisfied that the original letter is unavailable, making answer (B) correct.",,-100.0,-5.061676347395405e-05,-100.0,-15.37505054473877,0.9999997897566436
mbe_298,,MBE-1978-83-part1,train,"If Player asserts a claim based on defamation against Shoe Store, will Player prevail?",A,A,True,0,1305,105,"A  
Reasoning: The gold passage establishes that a defendant can be liable for defamation if they knowingly or recklessly publish a false statement about a person to a third party. In this case, Shoe Store accepted Photo's statement without verifying it, which could be considered reckless behavior. Since Player did not consent to the use of his image and the implication of endorsement led to the cancellation of his scholarship, Player has a strong basis for asserting a defamation claim against Shoe Store. Therefore, answer (A) is correct.",,-0.0001027087637339,-10.625102996826172,-10.500102996826172,-100.0,0.9999481654212864
mbe_299,,MBE-1978-83-part1,train,"If Player asserts a claim based on invasion of privacy against Shoe Store, will Player prevail?",B,B,True,0,1330,78,"B  
Reasoning: The gold passage establishes that individuals, particularly public figures like Player, have the right to control the commercial use of their name and likeness. Since Shoe Store used Player's picture for profit without his permission, this constitutes an unfair appropriation of Player's publicity rights. Therefore, Player is likely to prevail in his claim against Shoe Store, making answer (B) correct.",,-100.0,-18.375,-100.0,-100.0,1.0
mbe_300,,MBE-1978-83-part1,train,"Landover, the owner in fee simple of Highacre, an apartment house property, entered into an enforcea",D,D,True,0,1346,150,"D  
Reasoning: The gold passage discusses the elements required to establish a claim for conversion, which is not directly relevant to the specific performance issue at hand. However, the principle of equitable conversion applies in real estate transactions, meaning that once a contract for the sale of land is executed, the buyer is considered the equitable owner of the property, and the seller holds legal title as a trustee for the buyer. In this case, since the agreement was enforceable and VanMeer was to receive a good and marketable title, the destruction of the property does not negate Landover's right to seek specific performance. Therefore, the most likely reason Landover would prevail is due to the doctrine of equitable conversion, making answer (D) correct.",,-8.126355171203613,-8.251355171203613,-100.0,-0.0013551177689805,0.999443007156347
mbe_302,,MBE-1978-83-part1,train,"If the question is raised in an action against the insurance company, how is the court likely to con",B,A,False,0,1538,113,"A  
Reasoning: The gold passage defines a condition precedent as an act or event that must occur before a duty to perform arises, and it emphasizes that an express condition must be reflected in clear, express language. Since the application and policy explicitly state that the applicant warrants the truthfulness of the statements made in the application as conditions to the contract, the court is likely to construe this clause as a strict condition. Therefore, because Mary’s statement about her heart disease was not true, the insurance company will not be liable, making answer (A) correct.",,-0.0087566208094358,-4.758756637573242,-10.133756637573242,-100.0,0.991383135367588
mbe_303,,MBE-1978-83-part1,train,"If no objection is made concerning Mary's misstatement in the application, how is the court most lik",C,C,True,0,1326,105,"C  
Reasoning: The gold passage indicates that the legal significance of a beneficiary's status is tied to the specific provisions of the policy. In this case, since Joan is the primary beneficiary and there is no contingent beneficiary named, her reaching the age of 21 is relevant only to the timing of the payment of the proceeds. Therefore, answer (C) is correct, as it aligns with the idea that the age condition pertains to when the proceeds are to be paid, rather than affecting the validity of the claim itself.",,-8.761336326599121,-4.511336803436279,-0.0113367540761828,-100.0,0.9888580836844916
mbe_304,,MBE-1978-83-part1,train,"At Defendant's trial for the murder of the watchman, the court should in substance charge the jury o",A,B,False,0,1503,93,"B  
Reasoning: The gold passage indicates that intoxication does not create a presumption that a person is incapable of premeditation. This aligns with the legal principle that voluntary intoxication is generally not a defense to murder, as it does not negate the intent required for the crime. Therefore, the correct charge to the jury regarding the defense of intoxication is that voluntary intoxication is no defense to the crime of murder, making answer (B) correct.",,-100.0,-6.2729995988775045e-06,-17.0000057220459,-100.0,0.9999999586006018
mbe_305,,MBE-1978-83-part1,train,"At Defendant's trial on the charge of manslaughter in the death of the pedestrian, his best argument",A,A,True,0,1451,96,"A  
Reasoning: The gold passage states that DUI manslaughter is a general intent crime, meaning that voluntary intoxication does not serve as a defense. Therefore, Defendant's best argument at his trial for manslaughter would be that he was too intoxicated to realize he was creating a substantial and unjustifiable risk while operating his car, as this aligns with the definition of criminal recklessness. Answer (A) is the most relevant argument he can make in this context.",,-0.0003812217037193,-9.000381469726562,-100.0,-100.0,0.9998766054546148
mbe_306,,MBE-1978-83-part1,train,The state's best argument to counter Defendant's argument in Question 157 on the intoxication issue ,C,D,False,0,1623,106,"D  
Reasoning: The gold passage emphasizes that the crucial issue in determining criminal recklessness is the defendant's conscious disregard of the risk to human life created by their conduct, particularly in the context of prior convictions for driving under the influence. This suggests that whether Defendant was intoxicated is not the primary concern; rather, the focus should be on whether his actions while operating the car constituted criminally reckless behavior. Therefore, answer (D) is the best argument to counter Defendant's intoxication defense in the manslaughter charge.",,-4.095780372619629,-6.595780372619629,-0.8457801342010498,-0.5957801342010498,0.5520357416613845
mbe_309,,MBE-1978-83-part1,train,"If Johnson's claim is based on negligence, is the defense of assumption of the risk applicable?",C,C,True,0,1383,104,"C  
Reasoning: The gold passage outlines the requirements for proving assumption of risk, which include the plaintiff's actual or constructive knowledge of the risk, appreciation of its character, and voluntary acceptance of the risk. In this case, if Johnson had no other practicable way of getting out of the lot before Monday, it suggests that he did not voluntarily accept the risk of climbing the fence, as he was effectively trapped. Therefore, the defense of assumption of risk would not be applicable, making answer (C) correct.",,-10.750064849853516,-100.0,-6.44443862256594e-05,-10.250064849853516,0.9999432003402492
mbe_310,,MBE-1978-83-part1,train,"If Johnson's claim is based on false imprisonment, will Johnson prevail?",D,D,True,0,1509,106,"D  
Reasoning: The gold passage outlines the elements of false imprisonment, which include an act intended to confine another, resulting in such confinement, and the confined person being conscious of their confinement. Additionally, it states that the imprisonment must occur without right or authority. In this case, Johnson's claim for false imprisonment would likely fail unless the security guard knew that someone was in the lot when he locked the gate, as this would indicate a lack of authority to confine Johnson. Therefore, answer (D) is correct.",,-0.979070007801056,-5.60407018661499,-1.9790699481964111,-0.7290700078010559,0.4824064696546963
mbe_311,,MBE-1978-83-part1,train,"If the court refuses the injunction, it will be because",B,C,False,0,1790,128,"C  
Reasoning: The gold passage establishes that a tenant is entitled to remove trade fixtures, which are items attached to the realty for the purpose of carrying on the tenant's business, as long as their removal does not damage the realty. Since Barnes installed the equipment in the garage for his hobby, which can be considered a business activity, he is likely entitled to remove it before the lease ends. Therefore, if the court refuses the injunction, it will be because, in the absence of a contrary agreement, a residential tenant is entitled to remove any personal property he voluntarily brings upon the premises, making answer (C) correct.",,-100.0,-7.750434875488281,-0.0004348413785919,-100.0,0.9995694429333551
mbe_312,,MBE-1978-83-part1,train,"If the equipment concerned had been installed by Albert, but the facts were otherwise unchanged, the",A,A,True,0,1551,127,"A  
Reasoning: The gold passage establishes that trade fixtures, which are typically installed by a tenant, are removable as long as the tenant remains in possession of the leasehold and the removal does not cause material injury to the realty. If the equipment had been installed by Albert, the owner, rather than Barnes, it would not be classified as a trade fixture. This change would likely improve Good Bank's chances of succeeding in its injunction because the equipment would be considered part of the real property, and thus not removable by Barnes. Therefore, the likelihood of Good Bank's succeeding would be improved, making answer (A) correct.",,-0.9093936681747437,-1.7843936681747437,-1.2843936681747437,-1.909393668174744,0.4045257140067991
mbe_314,,MBE-1978-83-part1,train,"If charged with criminal assault, Edward should be found",C,A,False,0,1418,101,"A  
Reasoning: The gold passage outlines that to establish an assault claim, it must be shown that the defendant intentionally or knowingly caused the victim to apprehend imminent bodily injury. In this case, Edward's action of reaching out to grab his hat caused Margaret to fear being struck, which satisfies the requirement of causing apprehension of an offensive touching. Therefore, Edward should be found guilty of criminal assault as he caused Margaret to be in apprehension of an offensive touching, making answer (A) correct.",,-0.5791297554969788,-6.079129695892334,-0.8291297554969788,-100.0,0.5608878682976064
mbe_315,,MBE-1978-83-part1,train,"If charged with criminal battery, Margaret should be found",D,D,True,0,1242,79,"D  
Reasoning: The gold passage indicates that a person is guilty of battery if they purposely, knowingly, or recklessly cause bodily injury to another. In this case, Margaret pushed Edward out of fear of being struck, which suggests her action was a defensive response rather than an intentional act to cause harm. Therefore, she was justified in her actions, making her not guilty of criminal battery.",,-100.0,-100.0,-16.25,-3.128163257315464e-07,0.999999912357498
mbe_316,,MBE-1978-83-part1,train,"Police were concerned about an increase in marijuana traffic in Defendant's neighborhood. One night,",C,C,True,0,1485,97,"C  
Reasoning: The gold passage discusses the concept of a ""reasonable expectation of privacy"" and emphasizes that it is determined by factors outside of the Fourth Amendment, including property law and societal understandings. In this case, the police entered Defendant's backyard and porch without a warrant, which likely violated Defendant's reasonable expectation of privacy in those areas. Therefore, Defendant's motion to prevent the introduction of the marijuana into evidence will most probably be granted, making answer (C) correct.",,-5.60395097732544,-2.3539512157440186,-0.1039511263370513,-100.0,0.9013182785087872
mbe_317,,MBE-1978-83-part1,train,"In his case in chief, Drew called as his first witness Wilma to testify to Drew's reputation in his ",B,C,False,0,1270,67,"C  
Reasoning: The gold passage indicates that a reputation witness must be qualified to speak about a person's character based on their acquaintance with the individual and the community. Since Drew has not testified, he has not opened the door to character evidence, making Wilma's testimony inadmissible. Therefore, answer (C) is correct.",,-8.001936912536621,-6.501936912536621,-0.0019369621295481,-100.0,0.998164473441222
mbe_318,,MBE-1978-83-part1,train,Drew called William to testify that on July 20 Drew said that he was about to leave that day to visi,A,D,False,0,1355,111,"D  
The passage indicates that a statement of a declarant's then existing state of mind is an exception to the Hearsay Rule. However, Drew's statement about leaving to visit relatives is not a declaration of his present mental state but rather a statement about a future intention. Since it does not relate to his current state of mind, emotion, sensation, or physical condition, it does not qualify for the hearsay exception. Therefore, the testimony is inadmissible as it constitutes hearsay not within any exception, making answer (D) correct.",,-10.2500581741333,-11.0000581741333,-12.1250581741333,-5.824579784530215e-05,0.9999425218497968
mbe_319,,MBE-1978-83-part1,train,"Drew called Wilson to testify to alibi. On cross-examination of Wilson, the prosecutor asked, ""Isn't",A,A,True,0,1268,84,"A  
Reasoning: The gold passage indicates that leading questions are generally permitted on cross-examination, especially when the witness is identified with an adverse party. In this case, the prosecutor's question about Wilson being Drew's first cousin is relevant to potential bias, as it suggests a familial relationship that could influence Wilson's testimony. Therefore, the question is proper because it goes to bias, making answer (A) correct.",,-0.0001238004770129,-100.0,-100.0,-100.0,1.0
mbe_320,,MBE-1978-83-part1,train,"Drew called Warren to testify to alibi. On cross-examination of Warren, the prosecutor asked, ""Weren",B,B,True,0,1273,108,"B  
Reasoning: The gold passage explains that evidence must have probative value, meaning it should help establish or disestablish a material proposition in the case. The prosecutor's question about Warren's prior jury service could mislead the jury into thinking that Warren's previous acquittal of Drew is relevant to the current murder charge, which it is not. Therefore, the probative value of the answer would be outweighed by its tendency to mislead, making answer (B) the best reason for sustaining an objection to the question.",,-10.25034236907959,-0.0003423760063014,-10.25034236907959,-100.0,0.9999292899980672
mbe_321,,MBE-1978-83-part1,train,Re-direct examination of a witness must be permitted in which of the following circumstances?,B,B,True,0,1261,90,"B  
Reasoning: The gold passage establishes that redirect examination is limited to matters that were first raised during cross-examination. It specifically states that the reply on redirect may involve explanation, avoidance, or qualification of new substantive facts or impeachment matters brought up by the cross-examiner. Therefore, the correct answer is (B), as it aligns with the requirement that redirect examination is permitted only to reply to significant new matters raised in cross-examination.",,-5.754447937011719,-0.0044480394572019,-100.0,-100.0,0.9968273168335188
mbe_322,,MBE-1978-83-part1,train,"On March 1, Mechanic agreed to repair Ohner's machine for $5,000, to be paid on completion of the wo",B,B,True,0,1319,98,"B  
Reasoning: The gold passage establishes that a general contractor, such as Mechanic, impliedly warrants that the work will be done in a workmanlike manner, meaning it must be completed skillfully and without defects. If Mechanic did not perform the work in a workmanlike manner, Ohner would have a valid defense against Jones's claim for payment, as the contract was not fulfilled as required. Therefore, answer (B) is the best defense for Ohner.",,-100.0,-0.0007289938512258,-7.250729084014893,-100.0,0.9992903296648404
mbe_323,,MBE-1978-83-part1,train,"Assume for this question only that BCD's termination of John's employment was not wrongful. If John,",D,D,True,0,1671,102,"D  
Reasoning: The gold passage discusses vicarious liability and the necessity of an individual being engaged in corporate business at the time of an offense to establish liability. In this case, John was not employed by BCD when the billing for the computer occurred, as he was terminated before the billing date. Therefore, BCD is not liable to pay John the commission since he did not meet the requirement of being employed at the time the bill was sent to the customer, making answer (D) correct.",,-100.0,-100.0,-100.0,-4.320199877838604e-07,1.0
mbe_324,,MBE-1978-83-part1,train,Assume for this question only that BCD's termination of John's employment was not wrongful. If John ,C,C,True,0,1514,115,"C  
Reasoning: The gold passage discusses the requirements for a claim of wrongful termination under New Hampshire law, focusing on bad faith, malice, or retaliation. However, in this scenario, it is stated that John's termination was not wrongful. Since there is an express contractual provision that requires the salesperson to be employed at the time the bill is sent to receive a commission, John cannot claim compensation for his services after being terminated. Therefore, answer (C) is correct, as it indicates that John's claim is pre-empted by the express terms of his employment agreement.",,-100.0,-13.500011444091797,-1.1637164789135568e-05,-12.250011444091797,0.9999938439602298
mbe_325,,MBE-1978-83-part1,train,"Which of the following additional facts, if shown by the evidence, would support a claim by John aga",C,C,True,0,1533,118,"C  
Reasoning: To support a claim for wrongful discharge, John must demonstrate that his termination violated public policy. Fact I suggests that John's termination was motivated by nepotism, which could be seen as contrary to fair employment practices, potentially implicating public policy. Fact II indicates that John may not have actually failed to meet his quotas, which could further support a claim that his termination was unjustified. Fact III, while showing John's long tenure, does not directly relate to public policy violations. Therefore, both I and II support a claim against BCD, making answer (C) correct.",,-4.188735961914063,-3.3137359619140625,-0.0637359917163848,-5.063735961914063,0.9419072565297836
mbe_327,,MBE-1978-83-part1,train,"If plaintiffs assert a claim based on public nuisance, plaintiffs will",A,A,True,0,1527,101,"A  
Reasoning: The gold passage defines a public nuisance as an action that injuriously affects the safety, health, or morals of the public, or causes substantial annoyance or inconvenience to the public. For the plaintiffs to prevail in a public nuisance claim, they must demonstrate that they sustained harm that is different from that suffered by the public at large. Since the plaintiffs are experiencing specific issues with flies and odors that are more severe than those experienced by the general public, answer (A) is correct.",,-7.958325295476243e-05,-14.250079154968262,-100.0,-100.0,0.9999993524049244
mbe_328,,MBE-1978-83-part1,train,"If plaintiffs assert a claim based on private nuisance, plaintiffs will",A,A,True,0,1667,111,"A  
Reasoning: The gold passage establishes that to prevail in a private nuisance claim, plaintiffs must demonstrate that the defendant's conduct caused an unreasonable interference with their use and enjoyment of their property. In this case, the Cattle Company's feed lot operations have resulted in a significant increase in flies and obnoxious odors, which are substantial health hazards for the nearby homeowners. Given that the interference is both intentional and substantial, and considering the nature and extent of the interference, the plaintiffs are likely to prevail under the circumstances described, making answer (A) correct.",,-4.572941179503687e-05,-100.0,-100.0,-100.0,1.0
mbe_329,,MBE-1978-83-part1,train,"Alan, who was already married, went through a marriage ceremony with Betty and committed bigamy. Car",B,B,True,0,1219,74,"B  
Reasoning: The gold passage establishes that aiding and abetting requires the defendant to have knowingly involved himself in a criminal act. Since Carl did not know about Alan's previous marriage, he lacked the necessary mental state to be considered as having knowingly furthered the crime of bigamy. Therefore, he should be found not guilty, making answer (B) correct.",,-2.3509671688079834,-0.1009671911597251,-7.600967407226562,-100.0,0.9041981194863332
mbe_330,,MBE-1978-83-part1,train,Defendant was charged with murder. His principal defense was that he had killed in hot blood and sho,C,C,True,0,1539,115,"C  
Reasoning: The gold passage indicates that jury instructions are reviewed for abuse of discretion and that reversal is appropriate when the charge leaves the court with substantial doubt about whether the jury was properly guided. In this case, the judge's instruction placed a burden on Defendant to show that the killing was in the heat of passion, which could be seen as denying him due process. This is because it shifts the burden of proof in a way that may not align with the standard of proving guilt beyond a reasonable doubt, thus making answer (C) the most likely outcome on appeal.",,-11.002540588378906,-6.002540588378906,-0.0025408244691789,-100.0,0.9975107573251424
mbe_331,,MBE-1978-83-part1,train,Darlene was arrested on a murder charge. She was given Miranda warnings and refused to talk further ,C,C,True,0,1276,98,"C  
Reasoning: The gold passage indicates that a waiver of Miranda rights may be implied through a defendant's silence, but it does not support the use of that silence against the defendant in a way that violates due process. Since Darlene's silence after being given Miranda warnings was an exercise of her rights, using that silence to suggest her testimony was false constitutes a violation of her due process rights. Therefore, her conviction will most probably be reversed, making answer (C) correct.",,-100.0,-18.375001907348636,-2.339278580620885e-06,-100.0,0.9999999895325938
mbe_332,,MBE-1978-83-part1,train,"Alice was held up at the point of a gun, an unusual revolver with a red-painted barrel, while she wa",A,C,False,0,1486,109,"C  
Reasoning: The gold passage discusses the admissibility of identification procedures and emphasizes that identification evidence must not be unduly suggestive and must be reliable. Winthrop's testimony about being robbed by Dennis with a similar weapon does not directly relate to the identification of Dennis as the robber of Alice, and it could be seen as improper character evidence, which is generally inadmissible. Therefore, answer (C) is correct as it aligns with the principle that such testimony may not be used to establish character or propensity to commit the crime.",,-4.275171279907227,-4.775171279907227,-0.0251712426543235,-6.025171279907227,0.9752342382600698
mbe_335,,MBE-1978-83-part1,train,"Maria is the owner and possessor of Goodacre, on which there is a lumber yard. Maria conveyed to Rel",A,A,True,0,1482,84,"A  
Reasoning: The gold passage indicates that the owner of an easement has a duty to maintain the easement to avoid unreasonable interference with the use of the servient tenement. Since Reliable Electric Company, as the easement holder, did not maintain the electric line, which ultimately caused damage to Maria's lumber yard, Maria can prevail in her suit against Reliable. Therefore, answer (A) is correct.",,-0.0716220289468765,-5.071621894836426,-2.821622133255005,-100.0,0.9339982632488104
mbe_340,,MBE-1978-83-part1,train,Seth owned a vacant lot known as Richacre. Seth entered into a written contract with Bob to build a ,C,C,True,0,1411,111,"C  
Reasoning: The gold passage establishes that for a contract to be considered ""of the essence,"" it must either expressly state that time is of the essence or there must be a clear indication of the parties' intent for it to be so. In this case, the contract includes specific ""inside"" and ""outside"" dates for completion, which may imply that timely performance is important. Therefore, the decision in the case will likely hinge on whether these terms are construed to make time of the essence, making answer (C) the most relevant choice.",,-100.0,-100.0,-19.875,-100.0,1.0
mbe_341,,MBE-1978-83-part1,train,"Metterly, the owner in fee simple of Brownacre by quitclaim deed conveyed Brownacre to her daughter,",D,B,False,0,1293,82,"B  
Reasoning: The gold passage states that the destruction of a deed of conveyance by or at the instance of the grantee does not reinvest the grantor with the legal title. Since Doris voluntarily destroyed the deed, this act does not revert title back to Metterly. Therefore, the correct outcome is that Metterly remains the owner of Brownacre, making answer (B) correct.",,-100.0,-2.3438327843905427e-05,-14.50002384185791,-10.75002384185791,0.999978050734659
mbe_342,,MBE-1978-83-part1,train,"If Motorist asserts a claim against Cross, Motorist will",A,A,True,0,1422,109,"A  
Reasoning: The gold passage indicates that to prove negligence, the plaintiff must show that the defendant knew or should have known about the defect in the car. In this case, Motorist was not at fault for the collision because he was driving within the speed limit and the brakes failed due to Owner's negligence in not informing him about the defect. Since Motorist was not negligent, he can recover the full amount of his damages from Cross, who violated the traffic signal and caused the accident. Therefore, answer (A) is correct.",,-0.3414578139781952,-2.3414578437805176,-2.3414578437805176,-2.3414578437805176,0.711234600348393
mbe_343,,MBE-1978-83-part1,train,"If the jurisdiction has adopted ""pure"" comparative negligence and Spouse asserts a claim against Cro",B,B,True,0,1359,119,"B  
Reasoning: The gold passage defines ""comparative negligence"" as a failure to act reasonably to protect oneself from injury. In this case, Spouse can assert a claim against Cross, and under a ""pure"" comparative negligence system, her recovery will be reduced by her own degree of fault, if any. Since the passage does not indicate that Spouse was negligent in any way, and Motorist was not at fault for the brake failure, Spouse will recover a proportion of her damages based on the respective degrees of negligence between her and Cross, making answer (B) correct.",,-17.000003814697266,-4.127333340875339e-06,-100.0,-100.0,0.9999999586006116
mbe_344,,MBE-1978-83-part1,train,"If Motorist asserts a claim against Owner, will Motorist prevail?",A,A,True,0,1412,92,"A  
Reasoning: The gold passage outlines that a duty of care can arise from the general facts of the case. In this scenario, Owner had knowledge of the faulty brakes and failed to inform Motorist directly, which establishes a breach of duty. Since Owner's negligence in failing to disclose the known defect in the car directly contributed to the accident, Motorist is likely to prevail in a negligence claim against Owner. Therefore, answer (A) is correct.",,-7.707997428951785e-05,-100.0,-14.000077247619627,-100.0,0.9999991684721116
mbe_345,,MBE-1978-83-part1,train,In which of the following situations is Defendant most likely to be guilty of larceny?,C,B,False,0,1271,120,"B  
Reasoning: The gold passage indicates that larceny can be established by evidence that would warrant a conviction under any of the three common-law crimes of stealing. In option (B), Defendant took $100 from Tom's house believing that Tom had damaged his car to that amount. This demonstrates an intent to permanently deprive Tom of his property, which aligns with the definition of larceny. The belief that Tom had wronged him does not negate the act of taking someone else's property without permission, making option (B) the most likely situation where Defendant is guilty of larceny.",,-2.085519790649414,-0.8355198502540588,-0.8355198502540588,-100.0,0.4373487402714308
mbe_346,,MBE-1978-83-part1,train,"Acting on an anonymous telephone call, police went to Desmond's apartment, knocked on the door, and ",D,D,True,0,1454,116,"D  
Reasoning: The gold passage outlines the factors to consider when determining if the taint of an unlawful arrest has been sufficiently attenuated. Desmond's best argument is that his statements were fruits of an unlawful arrest, and while Miranda warnings were given, they may not have been enough to purge the taint of the illegal arrest. This aligns with the principle that even if Miranda warnings are provided, they do not automatically render statements admissible if they are closely connected to an unlawful arrest. Therefore, answer (D) is the most compelling argument for suppressing his statements.",,-100.0,-100.0,-100.0,-4.723352049040841e-06,1.0
mbe_347,,MBE-1978-83-part1,train,Which of the following is the strongest constitutional argument supporting Kane?,A,B,False,0,1489,81,"B  
Reasoning: The gold passage discusses the principles of federalism and the Supreme Court's reservations about federal prosecutors becoming excessively involved in the regulation of state and local political behavior. This context supports the argument that state legislators enjoy protection under the speech and debate clause of the United States Constitution, which provides immunity for legislative acts. Therefore, option (B) is the strongest constitutional argument supporting Kane's defense.",,-11.250021934509276,-2.2007883671903983e-05,-14.625021934509276,-100.0,0.9999865477970732
mbe_348,,MBE-1978-83-part1,train,Which of the following is the strongest argument against Kane's constitutional defense?,C,B,False,0,1629,118,"B  
Reasoning: The gold passage discusses the limitations imposed by federalism on Congress's powers, emphasizing that while Congress has enumerated powers, it can also impose certain regulations on state legislators to ensure a republican form of government. This aligns with option (B), which argues that Congress may impose liability on state legislators as a means of guaranteeing a republican form of government. This is a strong argument against Kane's defense because it highlights Congress's authority to regulate state officials in order to uphold constitutional principles, thereby undermining Kane's claim of immunity for actions taken in the course of legislative business.",,-100.0,-0.576004147529602,-0.826004147529602,-10.826004028320312,0.5621653266365099
mbe_349,,MBE-1978-83-part5,train,The description of 44 Main Street was,A,A,True,0,1476,98,"A  
Reasoning: The gold passage indicates that discrepancies in acreage can be covered by language such as ""more or less,"" but only for slight discrepancies, not substantial ones. In this case, the description of 44 Main Street states it is ""one acre,"" while the actual property is 7/8 of an acre. This discrepancy is not substantial enough to invalidate the deed, as it is a minor difference. Therefore, the description is sufficient, making answer (A) correct.",,-0.0025585419498384,-100.0,-6.002558708190918,-100.0,0.9975273772534003
mbe_350,,MBE-1978-83-part5,train,The description of part of Pat's farm,D,D,True,0,1340,79,"D  
Reasoning: The gold passage indicates that a deed must have a clear description of the property being conveyed, including fixed boundaries or a beginning point. Since the description of part of Pat's farm does not provide a clear starting point or boundaries, it is deemed too vague to be enforceable. Therefore, answer (D) is correct as the description is insufficient due to vagueness.",,-100.0,-100.0,-16.500001907348633,-2.339278580620885e-06,0.9999999317439414
mbe_351,,MBE-1978-83-part5,train,"Defendant, driving along at a reasonable rate of speed, was distracted by a child carrying a silver ",C,A,False,0,1528,112,"A  
Reasoning: The gold passage defines criminal negligence as a gross deviation from the standard of care expected of a reasonably careful person, emphasizing a disregard for the interests of others without requiring intent to cause harm. Definition (A) aligns with this by stating that criminal negligence is more than slight negligence and involves a disregard for consequences and indifference to the rights of others. This definition is most favorable to the defendant as it does not impose a requirement of intentionality or a conscious disregard of known dangers, which could be more easily applied to the defendant's situation.",,-0.8917096853256226,-2.391709804534912,-1.3917096853256226,-1.3917096853256226,0.4104767705259915
mbe_352,,MBE-1978-83-part5,train,In a particular jurisdiction there are no statutory standards for the amount of alcohol required to ,C,C,True,0,1757,104,"C  
Reasoning: The gold passage discusses the operation of a motor vehicle and does not provide any specific statutory standards regarding blood alcohol content or its interpretation. Therefore, the jury is likely to consider the blood test results as one piece of evidence among others, such as the police officers' observations of the defendant's sobriety. This supports answer (C) as the most appropriate argument for the defendant, emphasizing that the blood test should be weighed alongside other evidence in determining the defendant's state at the time of the incident.",,-4.763573169708252,-6.013573169708252,-0.0135729843750596,-100.0,0.988992077759604
mbe_353,,MBE-1978-83-part5,train,"Dann offered testimony of Employer, that he had known and employed Dann for twelve years and knew Da",A,A,True,0,1299,102,"A  
Reasoning: The gold passage states that evidence is logically relevant if it tends to make the existence of any consequential fact more or less probable. In this case, Employer's testimony about Dann's reputation as a peaceful, law-abiding, nonviolent person is relevant to show the improbability of Dann having committed an unprovoked assault on Smith. This testimony supports Dann's claim of self-defense by suggesting that he is not the type of person who would initiate violence, making answer (A) correct.",,-4.751746746478602e-05,-100.0,-18.25004768371582,-100.0,0.999999988138882
mbe_354,,MBE-1978-83-part5,train,"On cross-examination of Employer (Dann's), the state's attorney asked Employer if he had heard that ",B,C,False,0,1210,84,"C  
Reasoning: The gold passage indicates that questions on cross-examination that are objectionable and designed to prejudice the witness in the minds of the jury can be interrupted by the judge. The question about Dann's previous fights and brawls seeks to introduce evidence of separate, unrelated offenses, which is generally not permissible. Therefore, the trial judge should rule the question objectionable, making answer (C) correct.",,-100.0,-15.375000953674316,-1.3856492842023729e-06,-15.875000953674316,0.999999662237524
mbe_355,,MBE-1978-83-part5,train,Dann's friend Frank was called to testify that Smith had a reputation among the people with whom he ,A,A,True,0,1453,104,"A  
Reasoning: The gold passage discusses the admissibility of reputation evidence and the need for a proper foundation to establish the reliability of such evidence. In this case, Frank's testimony about Smith's reputation for lawbreaking and engaging in brawls is relevant to Dann's claim of self-defense, as it touches on the issue of who was the aggressor in the altercation. Therefore, the trial judge should rule the testimony admissible to support Dann's theory of self-defense, making answer (A) correct.",,-0.0124616222456097,-4.7624616622924805,-5.7624616622924805,-100.0,0.988303941195967
mbe_356,,MBE-1978-83-part5,train,"If there is a guest law in the state where the accident happened, then in any action by Price agains",D,C,False,0,1418,120,"C  
Reasoning: The gold passage discusses the concept of ordinary negligence and indicates that there is no issue of gross negligence without substantial evidence of serious negligence. In the context of a guest statute, which often requires a higher standard of proof for recovery against a driver (in this case, Dunn), it is likely that the statute would also impose a similar requirement on Price to prove that Motorco was guilty of more than ordinary negligence to recover for his injuries. Therefore, answer (C) is correct as it aligns with the implications of the guest statute in relation to the standard of negligence required for recovery.",,-2.7675485610961914,-1.7675485610961914,-0.2675485908985138,-100.0,0.7661572012169479
mbe_357,,MBE-1978-83-part5,train,"In a negligence action by Price against Motorco, the proof needed to establish a prima facie case is",D,D,True,0,1405,96,"D  
Reasoning: The gold passage indicates that a manufacturer (or dealer) must show that they made reasonable efforts to discover defects and that the defect could not be discovered despite those efforts to avoid liability. In Price's negligence action against Motorco, to establish a prima facie case, it must be shown that the bolt was defective and that the defect would have been discovered had Motorco exercised reasonable care in inspecting the component parts. Therefore, answer (D) is correct.",,-7.257848262786865,-100.0,-5.007848262786865,-0.0078482944518327,0.9926069427656802
mbe_358,,MBE-1978-83-part5,train,"In a negligence action by Price against Motorco, the negligence of Dunn will be considered to be",A,D,False,0,1749,132,"D  
Reasoning: The gold passage discusses the concept of foreseeable risk and how courts may define it broadly. It indicates that while the risk created by a defendant's negligence must be foreseeable, the specific manner in which an injury occurs does not need to be. In this case, Dunn's negligence, which led to the collision and subsequent events, can be seen as an independent, intervening cause of Price's injuries. This is because Dunn's actions were not a direct result of Motorco's conduct, and the accident's outcome was not a foreseeable consequence of Motorco's alleged negligence regarding the seat belt assembly. Therefore, answer (D) is correct.",,-5.524071216583252,-1.524071216583252,-4.024071216583252,-0.2740711569786072,0.7603001420401839
mbe_359,,MBE-1978-83-part5,train,"In a negligence action by Price against Motorco, a defense that is likely to prevail is that",A,A,True,0,1450,95,"A  
Reasoning: The gold passage defines ""due care"" as the degree of care that a person of ordinary prudence would exercise under similar circumstances. Since Motorco tested samples from each shipment of bolts and found no defects, it can be argued that Motorco exercised due care in ensuring the safety of its vehicles. This defense is likely to prevail because it demonstrates that Motorco took reasonable steps to prevent harm, which aligns with the standard of care expected in negligence cases.",,-5.741137283621356e-05,-14.625057220458984,-100.0,-100.0,0.999999554914863
mbe_360,,MBE-1978-83-part5,train,"In an action based on strict liability in tort by Price against Boltco, Price will rely principally ",D,D,True,0,1416,90,"D  
Reasoning: The gold passage discusses strict products liability and emphasizes that the focus is on whether the product was not reasonably safe, rather than the manufacturer's conduct. In this case, Price's claim against Boltco will rely on the fact that one of the bolts anchoring his seat was defective, which directly relates to the safety of the product. Therefore, answer (D) is correct as it aligns with the principle of strict liability in tort.",,-12.000006675720217,-100.0,-100.0,-6.392202976712724e-06,0.9999938558271396
mbe_361,,MBE-1978-83-part5,train,Federal taxpayer Allen challenges the provision that allows the distribution of free textbooks to st,B,B,True,0,1553,94,"B  
Reasoning: The gold passage indicates that the exercise of congressional spending power is subject to constitutional limitations, particularly regarding the pursuit of ""the general welfare."" Allen's challenge to the provision allowing the distribution of free textbooks in private schools with religious instruction is based on a claimed violation of these constitutional limitations. This gives him a sufficient basis to assert standing, as it directly relates to the legality of the congressional action in question. Therefore, answer (B) is correct.",,-100.0,-0.0068181469105184,-5.0068182945251465,-100.0,0.9933071500570654
mbe_362,,MBE-1978-83-part5,train,Federal taxpayer Bates also challenges the salary supplements for teachers in private schools where ,D,A,False,0,2108,113,"A  
Reasoning: The gold passage discusses the concept of entanglement under the Establishment Clause, emphasizing that substantive entanglement occurs when the government interferes with a church's core rights, such as choosing its ministers. In this case, the statute explicitly states that salary supplements will not be provided to teachers engaged in religious instruction, which helps to avoid entanglement by clearly delineating the boundaries of government support. Therefore, the salary supplements can be sustained as they do not violate the Establishment Clause, making answer (A) the most likely result.",,-0.0007609111489728,-100.0,-100.0,-8.000761032104492,0.9996646499100824
mbe_363,,MBE-1978-83-part5,train,Federal taxpayer Bates also challenges the construction grants to church-operated private colleges a,A,A,True,0,1633,114,"A  
Reasoning: The gold passage indicates that aid to institutions that are not ""pervasively sectarian"" does not automatically lead to unconstitutional use of funds for religious purposes. The passage emphasizes that the courts have not invalidated aid programs based solely on the potential for religious indoctrination unless the institutions are shown to be pervasively sectarian. Therefore, the construction grants to church-operated private colleges and universities will likely be sustained, as they do not necessarily imply that the funds will be used for religious purposes, making answer (A) the most appropriate choice.",,-0.1721134930849075,-1.9221135377883911,-4.672113418579102,-100.0,0.8439652324365358
mbe_364,,MBE-1978-83-part5,train,Assuming that the faculty's notice of November 1 was posted on a bulletin board or other conspicuous,B,B,True,0,1538,114,"B  
Reasoning: The gold passage defines an offer as a manifestation of willingness to enter into a bargain that justifies another person in understanding that their assent is invited and will conclude the bargain. The faculty's notice of November 1 clearly indicates a willingness to enter into a bargain by offering a prize for winning the competition, thus creating a power of acceptance for the students. Student's signed note, although not received by the Dean, was an attempt to accept the offer, further supporting that the notice constituted a contractual offer. Therefore, answer (B) is correct.",,-16.25,-7.896309739408025e-07,-17.875,-100.0,0.999999895099618
mbe_365,,MBE-1978-83-part5,train,"As to Student, was the offer effectively revoked?",C,C,True,0,2306,108,"C  
Reasoning: The gold passage indicates that reasonable reliance on an offer can serve as a basis for making a promise binding, even in the absence of consideration. Student intensified his efforts to win the competition after reading the faculty's offer, demonstrating reliance on that offer. Since the faculty's revocation occurred after Student had already acted in reliance on the offer, it would be unjust to allow the offer to be revoked without honoring it. Therefore, the offer was not effectively revoked due to Student's reliance, making answer (C) correct.",,-100.0,-11.25002384185791,-2.4272752852994017e-05,-11.75002384185791,0.9999791038051744
mbe_366,,MBE-1978-83-part5,train,The offer proposed a,A,A,True,0,1536,115,"A  
Reasoning: The gold passage defines a unilateral contract as one where performance is based solely on the will of one party, and acceptance occurs when the requested performance is rendered. In this case, the law faculty's offer of $500 for winning the competition constitutes a unilateral contract, as the faculty's promise is contingent upon Student's performance (winning the competition). Student's note expressing acceptance did not reach the faculty, and thus, there was no mutual promise exchanged, which is characteristic of a unilateral contract. Therefore, the correct answer is (A) unilateral contract only.",,-0.0008926403825171,-100.0,-100.0,-7.250892639160156,0.9992903296000324
mbe_367,,MBE-1978-83-part5,train,The promise of the faculty on November 1 was,B,C,False,0,1509,117,"C  
Reasoning: The gold passage discusses the standing and capacity of personal representatives in probate proceedings, which is not directly relevant to the enforceability of the faculty's promise. However, the question revolves around the nature of the agreement between the faculty and the student. Option (C) suggests that the promise is not enforceable on policy grounds because it resembles informal agreements, which aligns with the idea that the faculty's offer may not create a binding contract due to its noncommercial nature and the context of a student-teacher relationship. Therefore, (C) is the most appropriate answer.",,-9.375734329223633,-9.500734329223633,-0.0007345817284658,-7.500734806060791,0.999287753305406
mbe_368,,MBE-1978-83-part5,train,"In an appropriate attack upon the limitation to residential user by single families, if the evidence",C,C,True,0,1688,103,"C  
Reasoning: The gold passage establishes that the enforcement of deed restrictions serves a public purpose of maintaining property values and is akin to the enforcement of zoning ordinances, which is recognized as a governmental function. Since the deeds for the Royal Oaks subdivision explicitly state that the lots are to be used only for single-family residential purposes and that these provisions are enforceable by any lot owner, the most probable judicial resolution would be to enforce the restriction as stated in the deeds. Therefore, answer (C) is correct.",,-100.0,-100.0,-19.2500057220459,-100.0,1.0
mbe_369,,MBE-1978-83-part5,train,"For this question only, assume that Owner now desires to open his remaining 100 acres as a residenti",D,D,True,0,1751,118,"D  
Reasoning: The gold passage discusses the ""common scheme of development"" doctrine, which indicates that for Owner to impose enforceable restrictions on the new 100 acres, it must be established that there is a common scheme of development that includes both the new subdivision and the existing Royal Oaks subdivision. If the courts recognize the 100 acres as part of this common scheme, then Owner would have a chance of success in enforcing the desired restrictions. Therefore, answer (D) is correct as it directly relates to the necessity of establishing a common development scheme for the enforceability of the restrictions.",,-100.0,-100.0,-100.0,-1.2664456789934777e-06,1.0
mbe_370,,MBE-1978-83-part5,train,"A state accredits both public and private schools, licenses their teachers, and supplies textbooks o",B,B,True,0,1294,98,"B  
Reasoning: The gold passage emphasizes that the Equal Protection Clause prohibits the use of race in governmental contexts, indicating that any state involvement in education, such as accreditation and licensing, brings the school under the purview of the Equal Protection Clause. Therefore, the strongest argument against the Country Schoolhouse's racially exclusionary admissions policy is that the state's significant involvement in school regulation and support makes the equal protection clause applicable to the school, making answer (B) the most compelling choice.",,-100.0,-0.0013024994404986,-100.0,-100.0,1.0
mbe_373,,MBE-1978-83-part5,train,"Linda was fifteen years old, but she appeared and acted older. When asked, she always said she was t",C,B,False,0,1399,102,"B  
Reasoning: The gold passage defines attempted rape as purposely engaging in conduct that constitutes a substantial step toward accomplishing the act of rape. For the attempted rape charge to be sustained, it is crucial to establish Duke's intent regarding Linda's age. Since the age of consent is sixteen, if Duke believed Linda was over the age of consent, it would support the charge of attempted rape. Therefore, answer (B) is correct as it aligns with the requirement to prove Duke's belief about Linda's age.",,-9.518353462219238,-0.0183531530201435,-4.01835298538208,-100.0,0.9819416089619312
mbe_374,,MBE-1978-83-part5,train,"In an action by Paul against Daniel, which of the following would be Daniel's best defense?",B,C,False,0,1403,95,"C  
Reasoning: The gold passage indicates that if no time is fixed for the return of goods sold subject to the buyer's satisfaction, the buyer must return the goods within a reasonable time. In this case, Daniel's refusal to accept the cards because they were not delivered on time is a valid defense, as timely delivery was a condition of the contract. Therefore, Daniel's best defense is that the cards were not delivered on time, making answer (C) correct.",,-13.000038146972656,-10.250038146972656,-3.821958307526074e-05,-100.0,0.9999623835820592
mbe_375,,MBE-1978-83-part5,train,Which of the following statements is most accurate?,D,D,True,0,1584,86,"D  
Reasoning: The gold passage defines a condition precedent as an event that must occur before a duty to perform arises. In this case, Paul's performance of delivering the Christmas cards (which includes taking the photograph) is a condition precedent to Daniel's duty to pay the $100. Since Daniel's obligation to pay arises only after Paul has fulfilled his duty of delivering the cards, answer (D) is the most accurate statement.",,-100.0,-9.500080108642578,-13.375080108642578,-8.0536883615423e-05,0.999923600474558
mbe_376,,MBE-1978-83-part5,train,Which of the following statements regarding the legal effect of Daniel's illness is LEAST accurate?,C,C,True,0,1520,122,"C  
Reasoning: The gold passage indicates that a party's obligation to perform under a contract is only excused when the other party's breach is substantial enough to defeat the contract's purpose. In this case, while Daniel's illness delayed the performance, it does not excuse Paul from his obligation to deliver the cards by the agreed date of December 15, as the illness did not constitute a substantial breach by Daniel that would defeat the contract's purpose. Therefore, statement (C) is the least accurate, as it incorrectly asserts that Paul was under a duty of immediate performance despite the illness and related developments.",,-10.500123977661133,-9.500123977661133,-0.0001236812822753,-10.875123977661133,0.999878700965544
mbe_382,,MBE-1978-83-part5,train,The most generally accepted basis on which a court will hold that X has a legal duty to aid another ,D,A,False,0,1322,150,"A  
Reasoning: The gold passage indicates that while there is generally no legal duty to aid another in peril, there are specific situations where a failure to act may constitute a breach of legal duty. Among these situations, the passage does not explicitly mention familial relationships (as in options B and C) or nonnegligent conduct by the individual (as in option D). However, it does imply that a duty may arise when there is a relationship to another, which can encompass the broader category of ""another human being."" Therefore, option A, which refers to the immediate danger of serious harm to ""another human being from a stranger's wrongful conduct,"" aligns with the recognized situations where a legal duty to aid may exist, making it the most appropriate",,-0.7207158207893372,-2.2207157611846924,-3.720715761184693,-0.9707158207893372,0.4873964094596109
mbe_383,,MBE-1978-83-part5,train,"Jones, angry at a neighbor with whom he had quar. reled, for revenge surreptitiously removed a piece",B,A,False,0,1480,124,"A  
Reasoning: The gold passage defines larceny as the fraudulent and wrongful taking of another's property with the intent to convert it to the taker's use without the owner's consent. In Commonwealth v. Mason, the sisters took a dog with the intent to conceal it until a reward was offered, which aligns with the definition of larceny as they wrongfully took the property (the dog) without the owner's consent. Similarly, Jones took the neighbor's statue with the intent to return it later, but this act of taking without consent constitutes larceny, making case (A) the most applicable precedent.",,-0.0003413031517993,-100.0,-100.0,-8.250341415405273,0.9997388097102162
mbe_384,,MBE-1978-83-part5,train,"Harris, a heroin addict, broke into a home and took several cameras and watches, which he promptly p",A,D,False,0,1663,133,"D  
Reasoning: The gold passage outlines the definition of larceny, emphasizing the intent to deprive another of their personal property. In the case of Harris, he broke into a home and took cameras and watches with the intent to sell them for cash to buy drugs, which aligns with the definition of larceny. Case D, King v. Pear, involves a defendant who hired a horse and sold it, which also demonstrates the intent to deprive the owner of their property. This case is most applicable as a precedent for Harris's situation, as both involve the unlawful taking of personal property with the intent to permanently deprive the owner of it.",,-1.9114229679107664,-100.0,-100.0,-0.161422923207283,0.8519528076067262
mbe_386,,MBE-1978-83-part5,train,"Baker, the seller, authorized Ruiz in writing to sign a contract for the sale and purchase of land f",D,C,False,0,1426,114,"C  
Reasoning: The gold passage establishes that a contract for the sale of land must be in writing to be enforceable. Although Baker authorized Ruiz in writing, the contract itself was not signed by Baker personally; it was signed by her agent, Ruiz. The Statute of Frauds requires that the party to be charged (in this case, Arthur) must have signed the contract, and since Arthur's agency contract was oral and not in writing, Baker cannot enforce the contract against him. Therefore, Baker will lose the case, making answer (C) correct.",,-9.514304161071776,-10.139304161071776,-0.0143042989075183,-4.264304161071777,0.9858246761327296
mbe_387,,MBE-1978-83-part5,train,A state statute requires that all buses which operate as common carriers on the highways of the stat,C,C,True,0,1185,94,"C  
Reasoning: The gold passage indicates that a state law that burdens interstate commerce must be evaluated under the dormant Commerce Clause. Specifically, it states that such a law will violate the dormant Commerce Clause if the burden on interstate commerce is clearly excessive in relation to the local benefits. Therefore, Transport Lines' best basis for a constitutional challenge to the state statute requiring seat belts would be that it imposes an unreasonable burden on interstate commerce, making answer (C) correct.",,-100.0,-100.0,-19.37500762939453,-100.0,1.0
mbe_388,,MBE-1978-83-part5,train,"Amy Docent, a state college instructor, was discharged because of her refusal to comply with a state",B,C,False,0,1286,105,"C  
Reasoning: The gold passage indicates that the First Amendment protects a public employee's right to speak as a citizen on matters of public concern, but it also allows for restrictions on speech when the employee is not speaking in that capacity. This implies that the state has the authority to set conditions for state employment, which includes requiring oaths that align with the state's interests. Therefore, answer (C) is the strongest argument for sustaining the validity of the statute, as it aligns with the state's right to establish employment conditions.",,-9.513391494750977,-100.0,-0.3883918523788452,-1.1383918523788452,0.6791284650322621
mbe_391,,MBE-1978-83-part5,train,In 1955 Alpha and Della entered into a contract with John whereby Alpha and Della contracted to sell,C,C,True,0,1499,106,"C  
Reasoning: The gold passage discusses the conditions under which specific performance may be granted, emphasizing that it is typically ordered when the legal remedy is inadequate. However, in this case, Alpha and Della cannot provide good title to Blackacre because Bill, as Owen's brother and the devisee under Owen's will, has a valid interest in the property. Since Alpha and Della do not have the ability to convey clear title due to Bill's interest, specific performance will be denied, making answer (C) correct.",,-11.326473236083984,-10.201473236083984,-0.2014731764793396,-1.7014732360839844,0.8175342883822316
mbe_392,,MBE-1978-83-part5,train,In 1946 the interest of the American Red Cross in Blackacre could be best described as a,B,C,False,0,1791,113,"C  
Reasoning: The passage defines an executory interest as a future interest held by a third person that begins after the natural termination of a preceding estate. In the case of Blackacre, the American Red Cross has an interest that will take effect if the property is used for purposes other than residential, which is contingent upon a future event. This makes the American Red Cross's interest a valid executory interest, as it does not vest at the execution of the deed but rather upon the occurrence of a specified condition. Therefore, answer (C) is correct.",,-6.300530910491943,-3.050530910491944,-0.050530806183815,-100.0,0.9508256577757964
mbe_393,,MBE-1978-83-part5,train,"In most states, would Brill's saving of Mary's life be regarded as sufficient consideration for Ace'",C,B,False,0,1432,111,"B  
Reasoning: The gold passage defines consideration as a benefit or detriment that is exchanged between the promisor and promisee. In this case, Ace's promise to pay Brill $1,000 was made in recognition of the benefit he received from Brill saving his wife's life. This act materially benefited Ace, as it preserved the life of his spouse, which can be seen as a significant interest. Therefore, Brill's act of saving Mary's life would be regarded as sufficient consideration for Ace's promise, making answer (B) correct.",,-100.0,-6.869017852295656e-06,-15.750006675720217,-100.0,0.9999998555019682
mbe_394,,MBE-1978-83-part5,train,"With respect to the recital that Brill had agreed not to file a claim against Ace's estate, what add",B,B,True,0,1503,113,"B  
Reasoning: The gold passage indicates that recitals in contracts are not binding and do not create enforceable promises. Therefore, the recital regarding Brill's agreement not to file a claim against Ace's estate does not provide sufficient consideration on its own. However, if Brill reasonably believed he had a valid claim when the instrument was signed, this belief could strengthen his position by demonstrating that he had a legitimate expectation of receiving the $1,000, which could be interpreted as consideration. Thus, answer (B) most effectively supports Brill's claim.",,-8.00070571899414,-0.0007054025190882,-8.00070571899414,-100.0,0.9993295247951322
mbe_395,,MBE-1978-83-part5,train,On which of the following theories would it be most likely that Brill could recover?,A,B,False,0,1616,150,"B  
Reasoning: The gold passage discusses the validity of compromises and emphasizes that compromises are favored in the law, with the burden of proving invalidity resting on the party contesting it. In this case, Ace's promise to pay Brill $1,000 can be viewed as a form of compromise for the benefit Brill conferred by saving Mary's life. Since Ace's promise was made in consideration of Brill's agreement not to pursue claims against the estate, it suggests that Ace would be unjustly enriched if he retained the benefit of Brill's actions without compensating him. Therefore, Brill could recover on the theory of restitution for benefits that it would be unjust for Ace to retain, making answer (B) the most likely theory",,-4.025852680206299,-0.0258524566888809,-6.025852680206299,-5.275852680206299,0.974619064239696
mbe_396,,MBE-1978-83-part5,train,Brown suffered from the delusion that he was a special agent of God. He frequently experienced hallu,B,B,True,0,1448,102,"B  
Reasoning: The gold passage outlines the requirements for a finding of insanity under the M'Naghten test, which focuses on whether the accused knew the nature of the act or whether they knew it was morally wrong. Given that Brown suffered from a delusion that he was acting on divine commands, the strongest argument for his insanity defense would be that he did not know that his act of shooting the bishop was morally wrong, making answer (B) the most applicable under the M'Naghten standard.",,-5.75408935546875,-0.0040893242694437,-7.00408935546875,-100.0,0.9959220352555496
mbe_397,,MBE-1978-83-part5,train,The violation of the crosswalk statute by Walker should not defeat her cause of action against Drive,D,B,False,0,1553,122,"B  
Reasoning: The gold passage indicates that a statute's violation is considered negligence per se only if the injury was caused by the violation, was of the type intended to be prevented by the statute, and the injured party was part of the protected class. In this case, Walker's violation of the crosswalk statute does not defeat her claim because pedestrians are entitled to assume that drivers will obey traffic laws, including the traffic light statute. Therefore, even though Walker may have violated the crosswalk statute, she had a reasonable expectation that Driver would stop for the red light, making answer (B) correct.",,-100.0,-3.607391408877447e-05,-10.250036239624023,-100.0,0.9999646437551168
mbe_398,,MBE-1978-83-part5,train,The failure of Driver to have a valid driver's license has which of the following effects?,B,B,True,0,1568,94,"B  
Reasoning: The gold passage discusses contributory negligence, which refers to the plaintiff's conduct falling below the standard of care and contributing to their own harm. However, it does not establish that the lack of a valid driver's license automatically creates liability for Driver. The failure to have a valid license may be relevant to assessing Driver's negligence, but it does not, by itself, furnish a basis for liability against Driver. Therefore, answer (B) is correct.",,-100.0,-18.75,-100.0,-100.0,1.0
mbe_399,,MBE-1978-83-part5,train,"If Walker establishes liability on the part of Driver for her physical injuries, should Walker's rec",D,D,True,0,1532,89,"D  
Reasoning: The ""eggshell plaintiff"" rule establishes that a tortfeasor is liable for the full extent of a plaintiff's injuries, regardless of the plaintiff's pre-existing conditions or susceptibility to injury. In this case, even though Walker had brittle bones, Driver is still responsible for the injuries she sustained from the impact. Therefore, Walker's recovery should include damages for her broken leg, making answer (D) correct.",,-100.0,-11.000021934509276,-13.375021934509276,-2.15310683415737e-05,0.9999817451396528
mbe_400,,MBE-1978-83-part5,train,Walker's violation of the crosswalk statute should not be considered by the jury because,D,D,True,0,1580,104,"D  
Reasoning: The gold passage establishes that for a violation of a statute to constitute negligence per se, it must protect the class of persons to which the plaintiff belongs and guard against the type of harm that occurred due to the violation. In this case, Walker's violation of the crosswalk statute should not be considered by the jury because the injury she suffered (a broken leg and damage to her painting) was not the type of harm that the statute was designed to protect against, making answer (D) correct.",,-100.0,-100.0,-12.375054359436035,-5.44312788406387e-05,0.999995777166252
mbe_401,,MBE-1978-83-part6,train,Paulsen was eating in a restaurant when he began to choke on a piece of food that had lodged in his ,C,C,True,0,1216,71,"C  
Reasoning: The gold passage establishes that a bystander, including a physician, generally has no duty to provide affirmative aid to an injured person, even if they have the ability to help. Since Dow did not have a legal obligation to assist Paulsen, he cannot be held liable for Paulsen's injuries, making answer (C) correct.",,-100.0,-100.0,-1.2664456789934777e-06,-15.375000953674316,0.9999997897565932
mbe_402,,MBE-1978-83-part6,train,"Pine, aged 25, contemplates marrying Ross, aged 25. Both are residents of the state of Champlain. Pi",D,D,True,0,1650,92,"D  
Reasoning: The gold passage defines ""ripeness"" as a requirement that there be an actual injury to the individual invoking judicial power, rather than a hypothetical one. Since Pine has not yet proposed to Ross and is merely contemplating marriage, he has not experienced any actual injury from the counseling requirement. Therefore, the court would likely dismiss the action on the grounds that it is unripe, making answer (D) the clearest ground for dismissal.",,-100.0,-15.750000953674316,-100.0,-5.512236498361744e-07,0.9999998555020544
mbe_403,,MBE-1978-83-part6,train,"In a case in which the constitutionality of the Young Adult Marriage Counseling Act is in issue, the",C,C,True,0,1459,88,"C  
Reasoning: The gold passage indicates that heightened scrutiny applies when a law imposes a substantial burden on a fundamental right, such as the right to marry. Since the Young Adult Marriage Counseling Act imposes conditions on the issuance of marriage licenses, it significantly impacts the right to marry, which is recognized as fundamental. Therefore, the burden of persuasion will likely be on the state to justify the law, making answer (C) correct.",,-100.0,-100.0,-19.125009536743164,-100.0,1.0
mbe_411,,MBE-1978-83-part6,train,"If Child's claim against Seller is based on negligence, the minimum proof necessary to establish Sel",D,D,True,0,1435,96,"D  
Reasoning: The gold passage indicates that a manufacturer can be held liable for placing a defective product on the market if the injury results from a reasonably foreseeable use of the product. In the context of negligence, for Seller to be liable, it must be shown that the ventilating system was defective and that the defect would have been discovered if Seller had exercised reasonable care in inspecting the system. This aligns with answer (D), which establishes the necessary proof for negligence against Seller.",,-4.035486698150635,-5.785486698150635,-4.285486698150635,-0.0354865305125713,0.9654721593967877
mbe_412,,MBE-1978-83-part6,train,"If Child's claims against Mobilco, Heatco, and Coolco are based on strict liability in tort, Child w",A,D,False,0,1380,129,"D  
Reasoning: The gold passage establishes that a manufacturer can be held strictly liable if its product is defectively designed or manufactured. In this case, Mobilco's design of the ventilating system is likely defectively designed, leading to the dangerous situation. Additionally, Heatco's furnace contributed to the excessive heat that caused Child's injuries, and Coolco's air conditioning unit was part of the overall system that malfunctioned. Therefore, all three manufacturers (Mobilco, Heatco, and Coolco) can be held liable for the injuries caused to Child due to the combination of their products' defects, making answer (D) correct.",,-6.6615376472473145,-11.161537170410156,-1.9115376472473145,-0.1615376323461532,0.8508508768455989
mbe_413,,MBE-1978-83-part6,train,"Cars driven by Pugh and Davidson collided, and Davidson was charged with driving while intoxicated i",B,B,True,0,1421,85,"B  
Reasoning: The gold passage clarifies that a ""record of conviction"" is a written account evidencing the fact of conviction, and it does not limit the admissibility of such records to only final orders signed by a judge. Since Pugh is offering a properly authenticated record of Davidson's conviction for driving while intoxicated, this record serves as proof of Davidson's intoxication, making answer (B) correct.",,-100.0,-7.896309739408025e-07,-16.5,-100.0,0.999999931743917
mbe_415,,MBE-1978-83-part6,train,A state statute makes it a felony for any teacher at a state institution of higher education to acce,C,C,True,0,1293,89,"C  
Reasoning: The gold passage emphasizes the importance of ascertaining the intent of the Legislature as expressed through the language of the statute. Since the statute specifically targets teachers accepting something of value from students, Monroe can argue that the legislature did not intend to punish the student who offers the bribe, as the focus is on the teacher's misconduct. Therefore, answer (C) is the best argument for dismissing the charge against him.",,-100.0,-10.75003147125244,-3.1186566047836095e-05,-12.62503147125244,0.9999752664506072
mbe_416,,MBE-1978-83-part6,train,In which of the following situations is Defendant most likely to be guilty of the crime charged?,B,D,False,0,1341,92,"D  
Reasoning: The gold passage outlines the elements necessary for theft by trick, which includes taking property with the intent to deprive the owner of it wholly and permanently. In option D, Defendant borrows Owner's car with permission but later decides to keep it beyond the agreed time, demonstrating an intent to deprive Owner of the car permanently. This situation aligns with the definition of embezzlement, making Defendant most likely guilty of the crime charged.",,-100.0,-10.250224113464355,-11.125224113464355,-0.0002240397443529,0.9999499058131808
mbe_418,,MBE-1978-83-part6,train,"Dean, charged with murder, was present with her attorney at a preliminary examination when White, wh",A,A,True,0,1422,92,"A  
Reasoning: The gold passage explains that former testimony is admissible under Evidence Code section 1291 if the party against whom it is offered had a similar motive and opportunity for cross-examination at the first proceeding. Since Dean was present with her attorney at the preliminary examination where White testified, and had the opportunity to cross-examine White, the testimony from the preliminary examination is admissible as former testimony. Therefore, answer (A) is correct.",,-0.00067311670864,-100.0,-8.000673294067383,-9.250673294067385,0.999568611972524
mbe_419,,MBE-1978-83-part6,train,"Potts, a building contractor, sued Dennis for failure to pay on a small cost-plus construction contr",B,B,True,0,1195,75,"B  
Reasoning: The gold passage establishes that witnesses must have first-hand knowledge of the subject on which they are testifying for that testimony to be admissible. Potts personally supervised the work and is testifying based on his own recollections of the project, which qualifies as first-hand knowledge. Therefore, his testimony is admissible, making answer (B) correct.",,-100.0,-1.676292231422849e-05,-17.250017166137695,-100.0,0.9999999677581468
mbe_420,,MBE-1978-83-part6,train,"While testifying as a witness in a civil trial, Walters was asked on cross-examination if he had bee",D,C,False,0,1396,104,"C  
Reasoning: The gold passage discusses the importance of the mental state, or ""mens rea,"" in determining guilt for many crimes. Since Walters relied on incorrect legal advice from his attorney regarding his conviction status, if the jury finds that his reliance on that advice was reasonable, it could lead to a conclusion that he lacked the necessary mental state to commit perjury. Therefore, answer (C) is correct, as it allows for the possibility of a not guilty verdict based on reasonable reliance on the attorney's advice.",,-9.377188682556152,-100.0,-0.2521885931491852,-1.5021885633468628,0.7772340594502342
mbe_421,,MBE-1978-83-part6,train,A grand jury was investigating a bank robbery. The only information known to the prosecutor was a ru,B,B,True,0,1273,90,"B  
Reasoning: The gold passage indicates that grand jury testimony can be admissible as substantive evidence at trial under certain circumstances. Since Simmons' testimony was derived from Taylor's grand jury testimony, Taylor's objection should be sustained because it raises concerns about the admissibility of evidence obtained in this manner. Therefore, answer (B) is correct, as it highlights the issue of Simmons' testimony being acquired as a result of Taylor's grand jury testimony.",,-8.757805824279785,-0.0078063001856207,-7.007806301116943,-5.007806301116943,0.9922522066619738
mbe_422,,MBE-1978-83-part6,train,Doe is prosecuted for giving his 14-year-old daughter a glass of wine in violation of a state statut,B,B,True,0,1338,100,"B  
Reasoning: The gold passage outlines the requirements for establishing a free exercise claim, which include that the plaintiff must espouse a bona fide religion and sincerely hold these beliefs. However, it does not permit the court to determine the reasonableness of Doe's religious beliefs, as the Free Exercise Clause protects against regulations that discriminate against any religious beliefs without assessing their reasonableness. Therefore, answer (B) is the correct choice, as it represents an action the court may NOT properly take.",,-7.752376556396484,-0.0023767231032252,-6.252376556396484,-100.0,0.9976443650479172
mbe_423,,MBE-1978-83-part6,train,"A federal statute requires United States civil service employees to retire at age 75. However, that ",D,D,True,0,1215,89,"D  
Reasoning: The gold passage discusses the Equal Protection Clause, which restricts invidious discrimination based on characteristics such as age. Prentis can argue that the requirement for him to retire at age 65, while other civil service employees must retire at age 75, constitutes invidious discrimination based on age, thus violating his rights under the Fifth Amendment. Therefore, answer (D) is the strongest argument he can make.",,-13.37507438659668,-100.0,-100.0,-7.40998875699006e-05,0.9999984465026908
mbe_424,,MBE-1978-83-part6,train,Light Company is the sole distributor of electrical power in City. The Company owns and maintains al,A,C,False,0,1613,115,"C  
Reasoning: The gold passage emphasizes the duty of property owners to maintain their property and make reasonable repairs to avoid injuries. It also highlights that liability arises when a property owner fails to inspect and address dangerous conditions. In this case, Light Company may not be liable unless it failed to exercise reasonable care in maintaining the insulators and preventing the power lines from falling. Since the destruction of the insulators was caused by unknown persons shooting at them, Light Company’s liability would depend on whether it could have reasonably prevented the situation, making answer (C) the correct choice.",,-8.750452041625977,-100.0,-0.0004520030342973,-100.0,0.9998415637870108
mbe_425,,MBE-1978-83-part6,train,"The city of Metropolis has an ordinance that makes it an offense, punishable by fine, for the owner ",C,B,False,0,1523,108,"B  
Reasoning: The gold passage outlines the necessary elements to establish a claim for intentional infliction of emotional distress (IIED). Specifically, it requires that the defendant's conduct be extreme and outrageous, and that it caused severe emotional distress to the plaintiff. In this case, if it is found that Smythe's behavior towards Nelson was extreme and outrageous, Joplin could prevail in his claim for IIED, as he witnessed the incident and could have experienced emotional distress as a result. Therefore, answer (B) is correct.",,-100.0,-4.723352049040841e-06,-100.0,-100.0,1.0
mbe_426,,MBE-1978-83-part6,train,Davison was driving through an apartment building area plagued with an unusually high incidence of b,A,D,False,0,1328,85,"D  
Reasoning: The gold passage indicates that while evidence obtained from an unlawfully prolonged stop may typically be suppressed, there are exceptions to the exclusionary rule. In this case, the officer's observation of the shotgun barrel in plain view created reasonable suspicion, which justifies the search and subsequent discovery of the marijuana. Therefore, Davison's motion to suppress the evidence should be denied, making answer (D) correct.",,-100.0,-11.64828109741211,-3.7732808589935294,-0.0232807714492082,0.9770140984616024
mbe_427,,MBE-1978-83-part6,train,In which of the following situations is Defendant most likely to be guilty of common-law murder?,B,B,True,0,1214,105,"B  
Reasoning: The gold passage discusses the felony-murder rule, which applies when a murder occurs during the commission of a felony, regardless of the strict causal relationship between the two. In option (B), Defendant is committing a robbery when the gun accidentally discharges and kills Johnson. This situation fits the criteria for common-law murder under the felony-murder rule, as the murder occurred during the commission of a felony (the robbery). Therefore, Defendant is most likely to be guilty of common-law murder in this scenario.",,-7.501824855804443,-0.0018247656989842,-8.001824378967285,-100.0,0.999112241737062
mbe_428,,MBE-1978-83-part6,train,"Morgan conveyed Greenacre, her one-family residence, to ""Perez for life, remainder to Rowan, her hei",A,C,False,0,3014,123,"C  
Reasoning: The gold passage establishes that a life tenant has the obligation to pay the interest on a mortgage encumbrance but is not required to pay any part of the principal unless otherwise stipulated in the instrument creating the life estate. Since there is no special provision in the conveyance that requires Perez (the life tenant) to pay the principal, he is only responsible for the interest payments. Therefore, Rowan (the remainderman) is not obligated to pay the principal either, making answer (C) correct, as it aligns with the principle that the life tenant is responsible for interest payments only.",,-1.304766058921814,-1.304766058921814,-0.804766058921814,-100.0,0.451862761877606
mbe_429,,MBE-1978-83-part6,train,"Anders conveyed her only parcel of land to Burton by a duly executed and delivered warranty deed, wh",C,A,False,0,1461,137,"A  
Reasoning: The passage does not directly address the nature of the property interest created by the deed, but it does imply that there are distinctions between different types of interests in property. In this case, the language of the deed indicates that the grant was made with a specific condition regarding the use of the property (a public health center). Since Burton's change of use to a senior citizens' recreational facility does not comply with the condition, it suggests that the deed created a determinable fee, which would allow Anders to reclaim the property upon the breach of that condition. Therefore, Anders should win based on the creation of a determinable fee, making answer (A) correct.",,-0.0059748962521553,-5.505974769592285,-100.0,-100.0,0.995929861770679
mbe_431,,MBE-1978-83-part6,train,"Congress passes a law regulating the wholesale and retail prices of ""every purchase or sale of oil, ",D,D,True,0,1626,102,"D  
Reasoning: The gold passage outlines that Congress has the authority to regulate activities that have a substantial relation to interstate commerce, which includes those that affect interstate or foreign commerce. The argument in support of the constitutionality of the statute regulating prices of oil, natural gas, and electric power is strongest when it asserts that these domestic purchases or sales, in aggregate, impact interstate commerce. Therefore, answer (D) is correct as it aligns with the principle that Congress can regulate activities that substantially affect interstate commerce.",,-100.0,-2.8134236335754395,-6.81342363357544,-0.0634235441684722,0.9388800935842094
mbe_432,,MBE-1978-83-part6,train,"In an action by Wheeler against Byer, Wheeler probably will recover",A,D,False,0,1287,98,"D  
Reasoning: The gold passage indicates that a seller may have certain rights when a buyer wrongfully refuses to accept property, but it does not address the situation where an assignment is made without consent. Since the contract explicitly states that neither party can assign the contract without the written consent of the other, and Singer did not obtain Byer's consent before assigning his rights to Wheeler, the assignment is invalid. Therefore, Wheeler cannot recover anything from Byer, making answer (D) correct.",,-13.250916481018066,-13.125916481018066,-7.000916481018066,-0.0009163398644886,0.9990852007076814
mbe_433,,MBE-1978-83-part6,train,"In an action by Byer against Singer for breach of contract, Byer probably will",D,B,False,0,1358,93,"B  
Reasoning: The gold passage indicates that when goods are shipped by a carrier, the risk of loss passes to the buyer once the goods are duly delivered to the carrier. In this case, Singer placed the chairs on board the carrier on January 30, which means the risk of loss transferred to Byer at that point. Since the chairs were destroyed in transit, Byer cannot hold Singer liable for breach of contract, making answer (B) correct.",,-9.750633239746094,-0.0006330899195745,-11.250633239746094,-7.500633239746094,0.9993760033769208
mbe_434,,MBE-1978-83-part6,train,"Dutton, disappointed by his 8-year-old son's failure to do well in school, began systematically depr",B,C,False,0,1461,124,"C  
Reasoning: The gold passage discusses but-for causation, which is relevant in determining whether Dutton's actions were a necessary factor in the result of his son's death. Dutton's systematic deprivation of food and failure to seek medical treatment demonstrate a reckless indifference to the child's life, as he had a duty to care for his son. Even though the child had an untreatable form of cancer, the malnutrition caused by Dutton's actions was a necessary factor in the suffering and eventual death of the child. Therefore, Dutton should be convicted for his actions, making answer (C) correct.",,-100.0,-100.0,-6.869017852295656e-06,-100.0,1.0
mbe_435,,MBE-1978-83-part6,train,"Vance had cheated Dodd in a card game. Angered, Dodd set out for Vance's house with the intention of",C,C,True,0,1241,95,"C  
Reasoning: The gold passage outlines the requirements for an attempt, which include having the intent to engage in criminal conduct and taking a substantial step toward committing the offense. Dodd had the intent to commit a crime of violence (shooting Vance) and was on the verge of entering Vance's property, which constitutes a substantial step toward the commission of that crime. Therefore, Dodd should be found guilty under the statute, making answer (C) correct.",,-100.0,-16.500003814697266,-3.054500666621607e-06,-100.0,0.9999999317440228
mbe_436,,MBE-1978-83-part6,train,Congress enacted a statute providing that persons may challenge a state energy law on the ground tha,B,B,True,0,1338,79,"B  
Reasoning: The gold passage indicates that Congress has the authority to determine the manner in which the appellate jurisdiction of the United States Supreme Court is exercised. This supports the constitutionality of the provisions in the statute that allow for direct Supreme Court review of specified decisions from lower state courts, as it falls within Congress's power to regulate federal jurisdiction. Therefore, answer (B) is correct.",,-100.0,-3.583550642360933e-05,-100.0,-100.0,1.0
mbe_437,,MBE-1978-83-part6,train,"After several days of negotiations, Ohner wrote to Plummer: ""Will pay you $3,000 if you will install",D,C,False,0,1374,113,"C  
Reasoning: According to the gold passage, a contract is formed when an offer is made and accepted. Plummer's letter on March 20 indicated a willingness to accept Ohner's original offer of $3,000, but this acceptance was contingent upon Ohner's silence, which is a form of acceptance under the Restatement (Second) of Contracts § 69. Since Plummer began work on April 5 without receiving any objection from Ohner, this conduct indicates that a contract was formed at that time, making answer (C) correct.",,-8.799016952514648,-8.299016952514648,-0.0490165129303932,-3.0490164756774902,0.9521934247594296
mbe_438,,MBE-1978-83-part6,train,"For this question only, assume that Ohner was unable to obtain the loan, and, on January 31, phoned ",A,A,True,0,1325,116,"A  
Reasoning: The gold passage defines a ""condition precedent"" as an act or event that must occur before a contract becomes effective or before one party is obligated to perform. In this case, the agreement that Ohner must obtain a $5,000 loan from the First National Bank before January 31 is clearly a condition precedent to the enforceability of the contract. Since Ohner was unable to obtain the loan, the contract was never effective, and he can successfully assert this as a defense against a breach of contract claim. Therefore, answer (A) is correct.",,-0.0011709370883181,-100.0,-100.0,-100.0,1.0
mbe_439,,MBE-1978-83-part6,train,"For this question only, assume that Ohner obtained the loan, that Artisan completed the remodeling o",D,D,True,0,1882,125,"D  
Reasoning: The gold passage establishes that a contract can be modified through the parties' mutual intent and their course of dealing. In this case, Artisan and Ohner effectively modified their written contract when Ohner paid Artisan the $5,000 on May 3, which indicates a change in their agreement. This modification deprives Neese of any rights she may have had under the original contract, as the payment was made directly to Artisan, and Neese was not involved in this modification. Therefore, Neese cannot succeed in an action against Ohner for $5,000, making answer (D) correct.",,-16.500003814697266,-100.0,-12.750003814697266,-3.769722525248653e-06,0.9999970294325156
mbe_440,,MBE-1978-83-part6,train,Dryden is tried on a charge of driving while intoxicated. When Dryden was booked at the police stati,B,B,True,0,1280,104,"B  
Reasoning: The gold passage discusses the concept of probative value, indicating that evidence must have a tendency to establish or disestablish a legally necessary proposition. The videotape showing Dryden's unsteady behavior and slurred speech is relevant to the charge of driving while intoxicated, as it can help establish the likelihood of his intoxication at the time of the incident. Additionally, the passage does not suggest that the potential for unfair prejudice outweighs its probative value, making answer (B) correct.",,-14.500001907348633,-1.7432603272027336e-06,-100.0,-100.0,0.9999994956526748
mbe_441,,MBE-1978-83-part6,train,"Talbot and Rogers, as lessees, signed a valid lease for a house. Lane, the landlord, duly executed t",C,B,False,0,1435,91,"B  
Reasoning: The gold passage establishes that contracts, including leases, are freely assignable unless there is clear language expressly prohibiting assignment. In this case, the lease contains a provision that explicitly prohibits any assignment, subletting, or transfer of rights without the landlord's express written consent. Since Talbot is relying on this clear prohibition in the lease, he will prevail in his action against Rogers and Andrews, making answer (B) correct.",,-10.251559257507324,-0.001559616299346,-6.501559734344482,-100.0,0.9984635677276076
mbe_442,,MBE-1978-83-part6,train,"If Jones sues Abstract Company for damages caused to Jones by the presence of the right-of-way, the ",A,C,False,0,1445,117,"C  
Reasoning: The gold passage indicates that a third-party beneficiary can only assert claims that arise from their status as a beneficiary of the underlying contract. In this case, Jones is not a direct party to the contract between Sloan and Abstract Company; he is a third-party beneficiary. However, since neither Sloan, Jones, Abstract Company, nor Jones's attorney had actual knowledge of the right-of-way, Abstract Company cannot be held liable for damages caused by the right-of-way. Therefore, the most likely result will be a decision for Abstract Company, making answer (C) correct.",,-8.752670288085938,-10.252670288085938,-0.0026703074108809,-6.0026702880859375,0.9973345525434392
mbe_443,,MBE-1978-83-part6,train,"If Jones sues Sloan because of the presence of the right-of-way, the most likely result will be a de",B,B,True,0,1545,134,"B  
Reasoning: The gold passage outlines the elements of negligent misrepresentation, which do not apply here since Sloan was not the one making a false statement about the title; rather, it was Abstract Company that provided the abstract which omitted the right-of-way. Sloan had no knowledge of the right-of-way and provided a deed with covenants of general warranty and against encumbrances. Since the right-of-way constitutes an encumbrance, and Sloan's deed included a covenant against encumbrances, this indicates a breach of that covenant. Therefore, Jones is likely to prevail against Sloan for breach of the covenants in the deed, making answer (B) correct.",,-9.76850128173828,-0.0185010768473148,-4.018501281738281,-8.268501281738281,0.9817057288951122
mbe_444,,MBE-1978-83-part6,train,"Congress enacts a criminal statute prohibiting ""any person from interfering in any way with any righ",A,D,False,0,1239,119,"D  
Reasoning: The gold passage indicates that the equal protection clause of the Fourteenth Amendment protects fundamental rights, which include rights of a uniquely private nature and rights guaranteed by the First Amendment. In this context, the application of the criminal statute to Jones would be most clearly constitutional if he coerces a federal official to deny federal benefits to Black pupils, as this directly involves the enforcement of rights conferred by the government and implicates the equal protection clause. This scenario (D) involves a direct interference with rights that are protected under the equal protection clause, making it the most appropriate choice.",,-5.415930271148682,-6.915930271148682,-1.915930151939392,-0.1659301668405532,0.8473195116037455
mbe_445,,MBE-1978-83-part6,train,"If Innes asserts a claim against Paint Company, the most likely result is that she will",A,B,False,0,1419,110,"B  
Reasoning: The gold passage defines an invitee as someone who enters the premises of another with the express or implied invitation of the owner or occupier for mutual benefit. Innes, as a secretary in the building, would be considered an invitee of her employer, and since the remodeling work was being conducted by Glass, she would also be an invitee of Glass while in the common areas. Therefore, Innes has a valid claim against Paint Company as she was on the premises for mutual benefit, making answer (B) correct.",,-6.327781677246094,-0.5777814388275146,-0.8277814388275146,-100.0,0.5611724040008931
mbe_446,,MBE-1978-83-part6,train,"If Innes asserts a claim against Glass, the most likely result is that she will",D,B,False,0,1668,103,"B  
Reasoning: The gold passage discusses the doctrine of respondeat superior, which holds an employer liable for the negligence of an employee acting within the scope of their employment. In this case, the employees of Glass were performing work related to the remodeling of their store when the fumes from the glue entered Innes' office. Since the employees' actions directly caused the harmful fumes to affect Innes, she is likely to recover damages from Glass for the injuries sustained, making answer (B) the most appropriate choice.",,-14.375014305114746,-1.4498052223643754e-05,-11.500014305114746,-100.0,0.999989298518086
mbe_447,,MBE-1978-83-part6,train,In an action by Esther against Miller on account of the executor's repudiation of Gray's promise to ,C,B,False,0,1289,88,"B  
Reasoning: The gold passage indicates that gratuitous promises are not enforceable as contracts due to the lack of consideration. Since Gray's promise to pay for Esther's tuition, room, and board was contingent upon her attending law school and was not supported by consideration from Esther, his death would terminate any such agreement. Therefore, Miller's strongest defense would be that Gray's death terminated the agreement, making answer (B) correct.",,-1.013291835784912,-0.5132918357849121,-3.263291835784912,-100.0,0.598638031101573
mbe_448,,MBE-1978-83-part6,train,"In an action against Gray's estate for $2,000 on account of the two ""A's,"" if the only defense raise",B,B,True,0,1659,86,"B  
Reasoning: The gold passage explains that a bargained-for exchange exists when one party's promise induces the other party's performance. In this case, Esther's decision to attend law school and her efforts to achieve ""A's"" were induced by Gray's promise to pay her tuition and provide bonuses for her grades. Therefore, there is a valid argument for a bargained-for exchange, making answer (B) correct.",,-10.500029563903809,-2.975612187583465e-05,-13.500029563903809,-100.0,0.999971093421622
mbe_449,,MBE-1978-83-part6,train,"In Polk's negligence action against Dell arising out of a multiple-car collision, Witt testified for",C,C,True,0,1363,121,"C  
Reasoning: The gold passage explains that evidence can serve dual purposes: it can be used for impeachment, which aims to discredit a witness, and it can also be substantive evidence, which is offered to persuade the trier of fact regarding the truth of a proposition. In this case, Witt's prior statement about the light being yellow can be used to impeach her credibility while also serving as substantive evidence regarding the traffic light's color at the time of the accident. Therefore, the court should rule the inquiry admissible for both impeachment and as substantive evidence, making answer (C) correct.",,-3.773336887359619,-9.773337364196776,-0.0233369059860706,-100.0,0.9769669863416932
mbe_450,,MBE-1978-83-part6,train,"In 1965 Hubert Green executed his will which in pertinent part provided, ""I hereby give, devise, and",D,B,False,0,1514,135,"B  
Reasoning: The gold passage explains that the rule against perpetuities voids any contingent remainder that may vest beyond a life or lives in being at the time the will was executed, plus 21 years and 10 months. In this case, the remainder to Allan and Beth is valid because they were alive at the time of the will's execution. However, the substitutionary gift to the grandchildren (which includes Carter, who was born after the will was executed) is void because it could potentially vest beyond the allowed time frame, as Green could have married someone who was unborn at the time he executed his will. Therefore, answer (B) is correct.",,-4.176031589508057,-0.1760313808917999,-1.926031351089477,-100.0,0.8388631304860775
mbe_451,,MBE-1978-83-part6,train,Siddon worked as a private duty nurse and on occasion worked in Doctors' Hospital. The hospital call,D,C,False,0,1306,96,"C  
Reasoning: The gold passage indicates that a conditional privilege to make a defamatory statement may be lost if the speaker does not have reasonable grounds to believe the statement is true. In this case, if Doctors' Hospital had reasonable grounds to believe that narcotics disappeared during Siddon's shifts, then the hospital's statement would likely be protected by this privilege. Therefore, Siddon would not recover for defamation if the hospital's belief was reasonable, making answer (C) correct.",,-8.714353561401367,-4.339353084564209,-0.5893532633781433,-0.8393532633781433,0.5547497575630235
mbe_453,,MBE-1985-part7,train,"Cycle Company manufactured a bicycle that it sold to Bike Shop, a retail bicycle dealer, which in tu",B,A,False,0,1342,119,"A  
Reasoning: The gold passage outlines the elements for a strict-liability manufacturing defect claim, which include that the product is defective and unreasonably dangerous, the defect existed at the time it left the defendant's control, and the defect is the proximate cause of the plaintiff's injuries. Since it is established that the brake failure resulted from a manufacturing defect in the bicycle, Cycle Company placed a defective bicycle into the stream of commerce, making answer (A) correct. P��rez can prevail based on this strict liability principle, regardless of whether he was the purchaser of the bicycle.",,-0.0001120066517614,-100.0,-12.00011157989502,-100.0,0.9999938558227756
mbe_454,,MBE-1985-part7,train,A federal statute sets up a program of dental education. The statute provides that the Secretary of ,D,D,True,0,1456,101,"D  
Reasoning: The gold passage indicates that there is no express constitutional authority for the President to unilaterally suspend the effect of a valid federal statute that imposes a duty to spend appropriated funds. Since the statute mandates that the Secretary of Health and Human Services ""shall"" spend all appropriated money for the dental education program, the Secretary is required to distribute the full $100 million, regardless of the President's executive order to cut expenditures. Therefore, answer (D) is correct.",,-100.0,-100.0,-100.0,-5.915388555877144e-06,1.0
mbe_455,,MBE-1985-part7,train,"Powers sued Debbs for battery. At trial, Powers' witness Wilson testified that Debbs had made an unp",A,C,False,0,1265,90,"C  
Reasoning: The gold passage discusses the discretion of a trial court in permitting leading questions, but it does not address the specific issue of impeachment through prior misconduct. In general, specific instances of misconduct are not admissible for the purpose of impeachment unless they resulted in a conviction. Therefore, Debbs' question about Wilson's false claim is improper because it involves a specific instance of misconduct rather than a conviction, making answer (C) correct.",,-6.25323486328125,-7.50323486328125,-0.0032347519882023,-100.0,0.9975226144517444
mbe_456,,MBE-1985-part7,train,Which of the following correctly states Byco's rights and obligations immediately after receipt of S,C,C,True,0,1654,109,"C  
Reasoning: The gold passage indicates that a party's uncured material breach can suspend the other party's obligation to perform. Since Selco's notice on May 10 raised doubts about its ability to perform, Byco can suspend its performance and demand assurances from Selco regarding its ability to fulfill the contract. However, Byco does not have a cause of action for breach of contract at that moment, as Selco had not yet failed to perform by the May 31 delivery date. Therefore, answer (C) is correct.",,-9.000182151794434,-10.250182151794434,-0.0001820874022087,-100.0,0.9998412579083388
mbe_457,,MBE-1985-part7,train,Which of the following is NOT a correct statement of the parties' legal status immediately after Sel,D,B,False,0,1653,114,"B  
Reasoning: The gold passage indicates that a material breach does not discharge the non-breaching party's obligations that arose before the breach. Byco has the option to await Selco's performance for a commercially reasonable time, but it does not have the right to rescind the contract while doing so. Therefore, statement (B) is incorrect because Byco cannot bring suit to rescind the contract if it chooses to wait for performance, making it the statement that does not accurately reflect the parties' legal status after Selco's notice on June 10.",,-4.8720703125,-0.122070275247097,-3.3720703125,-2.6220703125,0.885338957599177
mbe_458,,MBE-1985-part7,train,A state statute provides that persons moving into a community to attend a college on a full-time bas,B,B,True,0,1455,91,"B  
Reasoning: The gold passage establishes that strict scrutiny requires the government to demonstrate that a regulation is narrowly tailored to serve a compelling government interest, and that there are no less restrictive alternatives available. Answer (B) argues that there are less restrictive means by which the state could ensure that only actual residents vote, which directly challenges the statute's constitutionality under the strict scrutiny standard. This makes (B) the strongest argument against the statute's validity.",,-1.1475179195404053,-0.3975179493427276,-100.0,-100.0,0.6791786926816161
mbe_459,,MBE-1985-part7,train,"At a time when Ogawa held Lot 1 in the Fairoaks subdivision in fee simple, Vine executed a warranty ",D,B,False,0,2386,97,"B  
Reasoning: The gold passage discusses the importance of the chain of title and indicates that a buyer who pays fair market value and has no knowledge of any prior claims is generally protected. In this case, Rand paid fair market value for Lot 1 and had no knowledge of Purvis' claim, which supports Rand's position as a bona fide purchaser. Therefore, Rand should prevail over Purvis in the contest for title to Lot 1, making answer (B) correct.",,-10.25015926361084,-0.0001594386994838,-10.00015926361084,-100.0,0.9999192490764856
mbe_460,,MBE-1985-part7,train,Dillon held up a gasoline station. During the robbery he shot and killed a customer who attempted to,C,C,True,0,1216,89,"C  
Reasoning: The gold passage discusses double jeopardy in the context of retrials after a conviction is reversed, but it does not establish a constitutional requirement that all charges stemming from the same transaction must be prosecuted together. Therefore, Dillon's motion to dismiss the indictment for armed robbery should be denied, as there is no constitutional prohibition against prosecuting him for both the murder and the robbery charges separately. This makes answer (C) correct.",,-100.0,-100.0,-20.125,-100.0,1.0
mbe_461,,MBE-1985-part7,train,"Ellis, an electrical engineer, designed an electronic game known as Zappo. Ellis entered into a lice",A,C,False,0,1401,90,"C  
Reasoning: The gold passage establishes that a manufacturer can be held strictly liable for defects in a product, regardless of the care exercised in its preparation and marketing. Since Toyco was found liable to Carla based on the defective design of Zappo, it is strictly liable to her. Therefore, Toyco cannot seek indemnity from Ellis, as the liability arises from Toyco's role as the manufacturer, making answer (C) correct.",,-10.00418472290039,-10.25418472290039,-0.0041851289570331,-5.504185199737549,0.995849767599672
mbe_462,,MBE-1985-part7,train,The Prindles have lived in their residential neighborhood for many years. Delbrook moved into the ho,D,D,True,0,1371,95,"D  
Reasoning: The gold passage outlines the elements required to prove a nuisance claim, including that the condition must create a continuing danger and that the use of land must be unreasonable. In this case, the Prindles cannot make normal use of their garden due to the presence of Delbrook's bees, which creates a continuing danger of being stung. Therefore, the Prindles would likely prevail in their claim against Delbrook, making answer (D) correct.",,-3.0513405799865723,-7.051340579986572,-1.5513405799865725,-0.3013405501842499,0.7398619342647694
mbe_463,,MBE-1985-part7,train,"While crossing Spruce Street, Pesko was hit by a car that she did not see. Pesko sued Dorry for her ",C,C,True,0,1296,105,"C  
Reasoning: The gold passage explains that for a statement to qualify as a present sense impression under Rule 803(1), it must describe or explain an event while the viewer is perceiving it or immediately thereafter. In this case, the driver's statement about the hit-and-run accident was made ten minutes after the event, which does not meet the criteria for a present sense impression. Therefore, Williams' testimony about the driver's statement is hearsay and does not fall within any exception, making answer (C) correct.",,-16.125001907348633,-13.00000286102295,-2.5776860184123507e-06,-100.0,0.9999976403647916
mbe_464,,MBE-1985-part7,train,Post sued Dean for personal injury alleged to have been caused by Dean's negligence. A major issue a,B,C,False,0,1355,113,"C  
Reasoning: The gold passage discusses the concept of substantial evidence but does not address the admissibility of hearsay or expert testimony. In this case, the textbook passages are being offered as evidence to support Dean's argument, but they are considered hearsay because they are statements made outside of the court and are being used to prove the truth of the matter asserted (the content of the textbook). Since they do not fall within any recognized exception to the hearsay rule, the judge should rule the textbook passages inadmissible, making answer (C) correct.",,-5.230781555175781,-0.9807817935943604,-0.4807817935943603,-7.105781555175781,0.6186169794294123
mbe_465,,MBE-1985-part7,train,"At the trial, can Vault prove Kernel's oral commitment to repay the loan on or before July 1?",D,D,True,0,1477,111,"D  
Reasoning: The gold passage establishes that the parol evidence rule prohibits the introduction of extrinsic evidence that adds to, varies, or explains the terms of a written instrument if those terms are clear and unambiguous. In this case, the written memorandum signed by Gritz for Kernel clearly states the repayment date as September 1, which contradicts the alleged oral commitment to repay by July 1. Therefore, Vault cannot prove Kernel's oral commitment because such evidence is barred by the parol evidence rule, making answer (D) correct.",,-100.0,-100.0,-100.0,0.0,1.0
mbe_466,,MBE-1985-part7,train,"At the trial, can Vault prove Gritz's oral promise to guarantee the loan?",D,D,True,0,1415,82,"D  
Reasoning: The gold passage indicates that an oral promise may be unenforceable due to the statute of frauds, which typically requires certain contracts, including guarantees, to be in writing to be enforceable. Since Gritz's oral promise to guarantee the loan was not documented in a separate writing, Vault cannot prove Gritz's oral promise to guarantee the loan, making answer (D) correct.",,-100.0,-100.0,-16.25,-3.128163257315464e-07,0.999999912357498
mbe_470,,MBE-1985-part7,train,O'Neal entered into a written contract to sell her house and six acres known as Meadowacre to Perez ,C,C,True,0,1415,125,"C  
Reasoning: The gold passage discusses the concept of a property conveyance being ""subject to"" existing encumbrances, such as a deed of trust. In this case, the contract specified that Meadowacre was to be conveyed ""subject to easements, covenants, and restrictions of record."" Since the easement granted to Electric Company was recorded and thus part of the existing encumbrances, Perez did not contract to take the property subject to this new easement. Therefore, O'Neal should lose her action for specific performance because Perez is not obligated to accept the property with the newly imposed easement.",,-8.500580787658691,-8.000580787658691,-0.0005803157109767,-100.0,0.9994613595473332
mbe_473,,MBE-1985-part7,train,"Darden was prosecuted for armed robbery. At trial, Darden testified in his own behalf, denying that ",A,C,False,0,1390,119,"C  
Reasoning: The gold passage discusses the relevance of evidence in relation to material propositions of fact under the Federal Rules of Evidence. It implies that evidence must be relevant to the case at hand and must pertain to material facts. Burglary, while a crime, does not necessarily involve dishonesty or false statements in the same way that crimes like fraud do. Therefore, the prosecutor's inquiry about Darden's prior burglary conviction is improper because it does not meet the standard of being relevant to impeach Darden's credibility regarding the armed robbery charge, making answer (C) correct.",,-1.5052483081817627,-6.005248069763184,-0.2552482783794403,-100.0,0.7753815911933618
mbe_474,,MBE-1985-part7,train,"Osif owned Broadacres in fee simple. For a consideration of $5,000, Osif gave Bard a written option ",B,B,True,0,1497,79,"B  
Reasoning: The gold passage establishes that specific performance is an appropriate remedy for contracts involving the sale of land due to the uniqueness of each parcel. Since Bard exercised his option and paid the agreed price, he has a valid claim for specific performance against Cutter, who refused to consummate the purchase. The court is likely to grant specific performance to Bard, making answer (B) correct.",,-15.250001907348633,-1.8624639324116288e-06,-100.0,-100.0,0.9999997617631006
mbe_476,,MBE-1985-part7,train,"In Peel's personal injury action, Wilson, a physician who had no previous knowledge of the matter, s",B,B,True,0,1275,95,"B  
Reasoning: The gold passage indicates that an expert may base her opinion on facts and data made known to her at the trial, even if that information is otherwise inadmissible hearsay, as long as it is of a type reasonably relied upon by experts in the field. Since Wilson heard all the evidence about Peel's symptoms and conditions during the trial, she can testify about the permanence of Peel's injuries based on that information, making answer (B) correct.",,-13.500006675720217,-6.749814019713085e-06,-100.0,-100.0,0.9999986290426915
mbe_477,,MBE-1985-part7,train,A federal criminal law makes it a crime for any citizen of the United States not specifically author,A,A,True,0,1885,92,"A  
Reasoning: The passage discusses the constitutional ambiguities regarding the roles of Congress and the President in foreign policy, highlighting that Congress has several enumerated powers that allow it to legislate in order to preserve the national government's monopoly over foreign affairs. This supports the idea that Congress can enact laws, such as the one in question, to regulate citizens' interactions with foreign governments, making answer (A) the strongest constitutional ground for the validity of the law.",,-0.0036444955039769,-100.0,-100.0,-100.0,1.0
mbe_478,,MBE-1985-part7,train,"Arthur and Celia, brother and sister, both of legal age, inherited Goodacre, their childhood home, f",C,D,False,0,1654,124,"D  
Reasoning: The gold passage establishes that one cotenant cannot acquire title by adverse possession against another unless there is clear evidence of ouster. Ouster requires actual turning out or keeping excluded a party entitled to possession, which must be unequivocal and distinctly hostile to the rights of the other cotenants. In this case, Arthur's actions of living on Goodacre and paying expenses do not constitute an ouster of Celia, as there is no evidence that he has denied her rights or claimed exclusive possession in a manner that would satisfy the requirements for adverse possession. Therefore, Celia should prevail in this situation.",,-8.701606750488281,-100.0,-1.7016066312789917,-0.2016066014766693,0.8174384993180357
mbe_479,,MBE-1985-part7,train,If Farber asserts a claim against Gasco for the los of his lettuce crop and-is unable to show any ne,A,A,True,0,1430,101,"A  
Reasoning: The gold passage indicates that the law of abnormally dangerous activities applies to hazardous activities that cause harm to others in geographic proximity. The operation of Gasco's storage facility, which involves flammable gases stored under high pressure, qualifies as an abnormally dangerous activity. Therefore, even if Farber cannot show negligence on Gasco's part, he can still prevail in his claim for the loss of his lettuce crop due to the explosion and resulting smoke, making answer (A) correct.",,-1.688212614681106e-05,-100.0,-100.0,-100.0,1.0
mbe_480,,MBE-1985-part7,train,If Farber asserts a claim against Acme Company for the loss of his lettuce crop will Farber prevail?,D,C,False,0,1371,99,"C  
Reasoning: The gold passage indicates that the circumstances surrounding an accident can lead to a reasonable inference of negligence if the thing causing the injury was under the management of the defendant and the accident would not ordinarily occur with proper care. In this case, the operation of the storage facility, which involves flammable gases, is considered an abnormally dangerous activity. Therefore, Farber can assert a claim against Acme Company for the loss of his lettuce crop, making answer (C) correct.",,-100.0,-8.2503080368042,-0.0003082910843659,-100.0,0.999738809614506
mbe_481,,MBE-1985-part7,train,Johnson and Tenfliel owned Brownacre as joint tenants with the right of survivorship. Johnson execut,C,A,False,0,1239,123,"A  
Reasoning: The gold passage explains that under the title theory of mortgages, legal title is vested in the mortgagee (Lowden) but is defeasible, meaning that the mortgagor (Johnson) retains the right to redeem the property by paying off the debt. Since Johnson died before the debt was paid, the title to Brownacre will pass to Tenniel, the surviving joint tenant, but it will be subject to the mortgage because the debt remains unpaid. Therefore, the correct answer is (A), which states that title is in Tenniel, with the entire interest subject to the mortgage.",,-0.3210195302963257,-1.3210195302963257,-5.071019649505615,-100.0,0.7264637713775194
mbe_482,,MBE-1985-part7,train,"Pursuant to a state statute, Clovis applied for tuition assistance to attend the Institute of Libera",C,C,True,0,1334,84,"C  
Reasoning: The gold passage establishes that laws creating classifications based on alienage are presumptively invalid, and the state must demonstrate that such a classification serves a compelling state interest and is the least restrictive means to achieve that interest. Since the state has not shown that the restriction on tuition assistance for resident aliens not seeking citizenship meets this stringent standard, the restriction is likely invalid, making answer (C) correct.",,-100.0,-7.750454425811768,-0.0004542678652796,-100.0,0.9995694429866512
mbe_487,,MBE-1985-part7,train,Simmons and Boyd entered into a written contract for the sale and purchase of Wideacre. The contract,C,C,True,0,1379,84,"C  
Reasoning: The gold passage indicates that specific performance is not guaranteed and that the party seeking it must come into court with clean hands. In this case, Simmons cannot transfer a marketable title because Boyd has discovered that the record title is held by Olson, despite Simmons' adverse possession. Boyd is not obligated to purchase a lawsuit or take possession of the property under these circumstances, making answer (C) correct.",,-10.250041961669922,-12.500041961669922,-4.227250610711053e-05,-100.0,0.9999609173613412
mbe_489,,MBE-1985-part7,train,Congress passes an act requiring that all owners of bicycles in the United States register them with,B,B,True,0,1318,99,"B  
Reasoning: The gold passage indicates that Congress has the authority to regulate commerce, but this power must have a substantial relation to interstate commerce. The act requiring bicycle registration can be justified under the premise that bicycle thefts, even if they primarily occur within a state, can have implications for interstate commerce when stolen bicycles are transported across state lines for resale. Therefore, Congress could reasonably determine that addressing bicycle theft through registration has a rational relation to interstate commerce, making answer (B) correct.",,-9.250197410583496,-0.000196984183276,-9.750197410583496,-100.0,0.999845617587656
mbe_490,,MBE-1985-part7,train,Donaldson broke into Professor Ruiz' office in order to look at examination questions. The questions,B,B,True,0,1238,87,"B  
Reasoning: The gold passage defines burglary as the breaking and entering of a dwelling with the intent to commit a felony. Since Donaldson believed that looking at examination questions was a crime, but was mistaken, he did not have the requisite intent to commit a felony at the time of the break-in. Therefore, he should be acquitted because what he intended to do was not a crime, making answer (B) correct.",,-100.0,-0.0002174835390178,-10.00021743774414,-100.0,0.9999546021292188
mbe_491,,MBE-1985-part7,train,A statute of the state of Lanape flatly bans the sale or distribution of contraceptive devices to mi,B,B,True,0,1235,75,"B  
Reasoning: The gold passage discusses substantive due process, which protects individuals from being arbitrarily deprived of their rights, including fundamental rights. The statute banning the sale or distribution of contraceptive devices to minors could be argued to deny minors a fundamental right without due process, making answer (B) the strongest constitutional argument for Drugs, Inc. against prosecution under the statute.",,-10.875931739807127,-0.0009318253723904,-100.0,-100.0,0.9999810748501348
mbe_492,,MBE-1985-part7,train,"In a tort action, Fisher testified against Dawes. Dawes then called Jones, who testified that Fisher",D,D,True,0,1222,89,"D  
Reasoning: The gold passage states that extrinsic evidence is not admissible to prove specific instances of a witness's conduct to attack or support their character for truthfulness, except for criminal convictions. Weld's testimony about Fisher's hoax is considered extrinsic evidence of a specific instance of misconduct and does not fall under the exceptions provided in the passage. Therefore, Weld's testimony is inadmissible, making answer (D) correct.",,-14.375126838684082,-100.0,-9.000126838684082,-0.0001266613689949,0.9998760340865764
mbe_493,,MBE-1985-part7,train,"Astin left her car at Garrison's Garage to have repair work done. After completing the repairs, Garr",D,C,False,0,1425,125,"C  
Reasoning: The gold passage explains the doctrine of joint and several liability, which allows a plaintiff to recover the full amount of damages from any one of the defendants who contributed to the injury. In this case, both Astin and Garrison are jointly and severally liable for the $100,000 damages to Placek. Therefore, Placek can recover the full amount from either Astin or Garrison. Additionally, since Garrison was solely negligent, Astin can cross-claim against Garrison for 50 percent of any amount collected from her by Placek, making answer (C) the correct choice.",,-100.0,-12.000168800354004,-0.0001690942008281,-8.750168800354004,0.9998354215047016
mbe_494,,MBE-1985-part7,train,"Martinez, a widower, owns in fee simple a ranch, Ranchacre. Martinez has one child, Enrique, who is ",A,A,True,0,1290,95,"A  
Reasoning: The gold passage defines a contingent remainder as one that is subject to a condition precedent or given to an uncertain person. In this case, Ana Maria's children are unborn at the time of the conveyance, making them uncertain persons. Therefore, the interest created in favor of Ana Maria's unborn children is a contingent remainder, as they do not have a present fixed right of future enjoyment until they are born. Thus, answer (A) is correct.",,-0.0001193972784676,-10.50011920928955,-100.0,-100.0,0.9999724643037092
mbe_495,,MBE-1985-part7,train,Did Clothier properly reject the ties delivered on June 3?,A,A,True,0,1497,95,"A  
Reasoning: The gold passage establishes that if the seller delivers nonconforming goods, a warranty is breached at that time, regardless of the buyer's awareness of the nonconformity. In this case, Kravat delivered three-inch ties instead of the ordered two-inch ties, which constitutes a breach of warranty due to the nonconforming goods. Therefore, Clothier properly rejected the shipment of ties delivered on June 3, making answer (A) correct.",,-9.849109119386412e-06,-100.0,-12.750009536743164,-100.0,0.9999970976871082
mbe_496,,MBE-1985-part7,train,Did Clothier properly reject the ties tendered on June 30?,C,C,True,0,1391,107,"C  
Reasoning: The gold passage indicates that a seller who has the present ability to deliver conforming goods and puts those goods at the buyer's disposal shifts the burden to the buyer to either accept or reject them. In this case, Kravat had the ability to deliver the conforming two-inch ties on June 30, which constitutes a cure for the initial defective delivery of three-inch ties. Therefore, Clothier's rejection of the properly tendered goods on June 30 was not proper, making answer (C) correct.",,-100.0,-100.0,-20.75,-100.0,1.0
mbe_497,,MBE-1985-part7,train,"Dent, while eating in a restaurant, noticed that a departing customer at the next table had left a f",B,B,True,0,1256,79,"B  
Reasoning: The gold passage defines voluntary manslaughter as an unlawful killing done without malice and in the heat of passion. Dent's reaction to being hit in the face with an umbrella could be seen as a provocation that incited a heat of passion response. Therefore, the jury could find that Dent acted in response to adequate provocation, making answer (B) correct.",,-12.509178161621094,-0.0091785239055752,-5.009178638458252,-6.009178638458252,0.9908638147344898
mbe_498,,MBE-1985-part7,train,Dever drove his car into an intersection and collided with a fire engine that had entered the inters,A,A,True,0,1190,79,"A  
Reasoning: The gold passage defines compensatory damages as those sufficient to indemnify the injured person for the loss suffered. In this case, Peters can recover for the loss that would have been prevented if Dever's negligence had not caused the collision, which delayed the fire engine's response. Therefore, answer (A) is correct as it aligns with the principle of compensatory damages.",,-0.0005728095420636,-100.0,-7.750572681427002,-100.0,0.9995694428635382
mbe_499,,MBE-1985-part7,train,Miller applied to the state liquor board for transfer of the license of Miller's Bar and Grill to a ,A,C,False,0,1176,73,"C  
Reasoning: The gold passage states that truth is a complete defense to defamation. Since Hammond's statement about Miller having underworld connections was false, Miller can recover for defamation. The fact that Hammond did not know the information to be true and based his statement on rumors does not provide a defense against defamation, making answer (C) correct.",,-3.2883756160736084,-8.038375854492188,-0.0383756123483181,-100.0,0.9623623267550346
mbe_500,,MBE-1985-part7,train,Santos agreed to sell and Perrine agreed to buy a described lot on which a single-family residence h,D,C,False,0,1349,118,"C  
Reasoning: The gold passage defines a marketable title as one that is free from encumbrances and any reasonable doubt regarding its validity. Since Santos' house is encroaching on the setback requirement by 0.1 feet, this constitutes a violation of the recorded subdivision plot and creates a reasonable doubt about the title's validity. Therefore, Perrine is justified in refusing to consummate the transaction, and Santos will not prevail in seeking specific performance. Thus, answer (C) is correct, as any variation, no matter how small, amounts to a breach of contract.",,-100.0,-1.4079866409301758,-0.407986581325531,-2.407986640930176,0.6652409690485036
mbe_501,,MBE-1985-part7,train,"Young, believing that Brown suffered from arthritis, told her that for $100 he could cure her with a",B,D,False,0,1211,110,"D  
Reasoning: The gold passage states that obtaining money based on a fraudulent representation constitutes theft by false pretenses. If Brown was an undercover police officer and did not believe that the device would cure arthritis, this indicates that there was no fraudulent representation made to her, as she was aware of the deception. Therefore, this fact does not absolve Young of guilt, making answer (D) the correct choice. In contrast, answers (A), (B), and (C) involve beliefs or intentions that could potentially mitigate Young's culpability.",,-7.304533958435059,-5.304533958435059,-3.0545341968536377,-0.0545340925455093,0.9471986420916086
mbe_502,,MBE-1985-part7,train,"Congress enacted a law prohibiting the killing, capture, or removal of any form of wildlife upon or ",D,D,True,0,1177,86,"D  
Reasoning: The gold passage outlines the Property Clause of Article IV, Section 3, which grants Congress the authority to make rules and regulations regarding federal property. Since the law in question prohibits the killing, capture, or removal of wildlife on federally owned land, it falls directly under the powers granted to Congress by the Property Clause, making answer (D) the most justifiable source of national authority for this federal law.",,-100.0,-100.0,-100.0,-5.557777512876783e-06,1.0
mbe_503,,MBE-1985-part7,train,David is being tried in federal court for criminal conspiracy with John to violate federal narcotics,A,B,False,0,1189,90,"B  
Reasoning: The gold passage states that the prosecution cannot compel the defendant's spouse to testify against him, and this privilege applies only if they are currently married at the time of the prosecution. Since Wanda is David's new wife, she has the choice to testify or not, but David cannot compel her to do so. Therefore, the correct answer is (B), as it is David's choice whether to allow Wanda to testify against him.",,-4.035547256469727,-0.0355470329523086,-5.785547256469727,-4.285547256469727,0.9654721612595634
mbe_504,,MBE-1989-90-part2,train,"West, a witness in a contract case, testified on direct examination that four people attended a meet",B,B,True,0,1264,76,"B  
Reasoning: The gold passage states that Rule 612(a) allows an attorney to use any document to try to jog or refresh a witness's memory or recollection. Since the attorney is attempting to show West his handwritten notes to help her remember the name of the fourth person, this constitutes a proper attempt to refresh her recollection, making answer (B) correct.",,-100.0,-18.750001907348636,-100.0,-100.0,1.0
mbe_505,,MBE-1989-90-part2,train,"While hospitalized, Marsh requested her attorney to draw a deed conveying her home to her son, Simon",D,D,True,0,1463,98,"D  
Reasoning: The gold passage emphasizes that for a deed to be valid, it must be delivered and accepted during the lifetimes of both the grantor and the grantee. Since Simon explicitly stated that he wanted no part of the property and effectively refused to accept the deed, this refusal means that there was no effective acceptance of delivery of the deed. Therefore, Marsh can prevail in her action against Simon's heirs based on the lack of acceptance, making answer (D) correct.",,-100.0,-100.0,-15.125000953674316,-1.3856492842023729e-06,0.999999730042106
mbe_506,,MBE-1989-90-part2,train,"Plummer, a well-known politician, was scheduled to address a large crowd at a political dinner. Just",A,C,False,0,1346,77,"C  
Reasoning: The gold passage establishes that conduct must be extreme and outrageous to support a claim for emotional distress. Plummer's embarrassment, while unfortunate, does not rise to the level of extreme and outrageous conduct as defined in the passage. Additionally, since Plummer suffered no physical harm, he is unlikely to prevail in his claim against Devon, making answer (C) correct.",,-100.0,-100.0,-20.25,-100.0,1.0
mbe_507,,MBE-1989-90-part2,train,"For this question only, assume that Threedee on learning of the assignment refused to allow Drafty t",C,C,True,0,1572,82,"C  
Reasoning: The gold passage establishes that contracts for personal services, such as those involving unique abilities and talents, cannot be specifically enforced. Since Plannah's services as an architect are considered personal services, Threedee cannot compel him to complete the contract after he assigned his duties to Drafty without her consent. Therefore, Threedee is not entitled to relief, making answer (C) correct.",,-9.000129699707031,-100.0,-0.0001292838423978,-13.375129699707031,0.9998750523615764
mbe_508,,MBE-1989-90-part2,train,"For this question only, assume that Threedee allowed Drafty to proceed with the design work but that",A,A,True,0,1658,150,"A  
Reasoning: According to the gold passage, a contract is not divisible if the parties intended for all promises to be considered as a single whole. In this case, Plannah's contract with Threedee is likely to be viewed as a single whole agreement for the design and supervision of the house, meaning that if Drafty defaults, Plannah remains liable to Threedee for any damages caused by that default (I). Drafty, having taken over the obligations, is also liable to Threedee for damages due to her abandonment of the project (II). However, since the contract is not divisible, Threedee is not indebted to Drafty for a prorated portion of the fee, as the contract does not support the idea",,-0.4009808301925659,-1.650980830192566,-2.4009809494018555,-3.1509809494018555,0.6730526269872077
mbe_509,,MBE-1989-90-part2,train,Rose was convicted in federal court of Possession of one kilogram of heroin with intent to distribut,B,B,True,0,1382,128,"B  
Reasoning: The passage explains that the Double Jeopardy Clause protects against multiple prosecutions for the same offense, but it also notes that there are instances where the clause does not apply, particularly when the prosecutions involve different offenses. In this case, Rose's conviction for possession with intent to distribute and the subsequent indictment for conspiracy to distribute involve different elements, as conspiracy requires proof of an agreement to commit the crime, which is not an element of the possession charge. Therefore, her motion to dismiss the indictment should be denied because each prosecution requires proof of an element that the other does not, making answer (B) correct.",,-10.000125885009766,-0.0001257077383343,-100.0,-100.0,0.9999546021393448
mbe_510,,MBE-1989-90-part2,train,There is high and persistent unemployment in the industrialized state of Green. Its legislature ther,A,B,False,0,1390,126,"B  
Reasoning: The gold passage outlines the requirements for standing, emphasizing that a plaintiff must demonstrate an injury that is fairly traceable to the defendant's conduct and that they have a direct, personal stake in the outcome. Option (B) describes a corporation that is directly affected by the statute, as it is selling goods in Green but not meeting the purchasing requirement. This corporation has a clear injury related to the statute, making it the most appropriate party to contest the constitutionality of the statute in federal court. The other options either lack a direct stake in the outcome or do not demonstrate a sufficient injury related to the statute.",,-3.77569031715393,-0.0256902705878019,-6.525690078735352,-7.025690078735352,0.9747224577971444
mbe_511,,MBE-1989-90-part2,train,Constance owned Greenacre in fee simple. She executed two instruments in the proper form of deeds. T,D,C,False,0,1673,113,"C  
Reasoning: The gold passage indicates that when the last owner of a joint tenancy dies, the property must go through probate before it can be inherited. Since Henry, Audrey, and Susan died simultaneously, their shares of Greenacre will pass under the terms of their intestacy laws. Constance, as the original owner, retains her half interest in Greenacre. Therefore, the title to Greenacre will be one-half in Constance, one-quarter in the heirs of Henry, and one-quarter in the heirs of Audrey, making answer (C) correct.",,-0.982678472995758,-1.9826784133911133,-0.7326784729957581,-5.107678413391113,0.4812565631962232
mbe_512,,MBE-1989-90-part2,train,"In Peck's antitrust suit against manufacturers of insulation, Peck's interrogatories asked for infor",A,C,False,0,1239,146,"C  
Reasoning: The gold passage defines an adoptive admission as a statement made in the presence of the defendant that the defendant accepts through their response or silence. In this case, the defendants did not make an admission regarding the sales volume; instead, they referred Peck to an external source (the Insulation Manufacturer's Annual Journal) for the information. Therefore, the annual cannot be considered an adoptive admission. Additionally, since the annual journal is being offered as evidence of sales volume, it constitutes hearsay because it is an out-of-court statement being used to prove the truth of the matter asserted (the sales volume). As such, it does not fall within any hearsay exception, making answer (C) correct.",,-100.0,-13.000004768371582,-4.36574100604048e-06,-100.0,0.9999977396766122
mbe_516,,MBE-1989-90-part2,train,A statute in a jurisdiction makes it a crime to sell ammunition to a minor (defined as a person unde,D,A,False,0,1326,95,"A  
Reasoning: The gold passage states that an attempt requires an act in furtherance of the intent to commit a crime. In this case, since the sale of ammunition did not actually occur (the clerk put the box back on the shelf because Duncan did not have enough money), Matthews can argue that it was impossible for the sale to have occurred, which negates the act element necessary for an attempt. Therefore, answer (A) is the best argument for Matthews.",,-0.2680059969425201,-1.5180059671401978,-5.018005847930908,-4.768005847930908,0.7655411552515236
mbe_518,,MBE-1989-90-part2,train,A state statute makes fraud for personal financial gain a crime. Jones was convicted of violating th,D,D,True,0,1537,106,"D  
Reasoning: The gold passage emphasizes the protection of an individual's right to believe and profess any religious doctrine, as well as the performance of acts that constitute the free exercise of religion. Jones's prosecution for fraud based on his religious claims could be seen as the state determining the truth or falsity of his religious beliefs, which would infringe upon his rights under the Free Exercise Clause. Therefore, the strongest constitutional defense Jones could assert is that the prosecution denied him the free exercise of religion, making answer (D) correct.",,-100.0,-100.0,-100.0,-4.842555426876061e-06,1.0
mbe_519,,MBE-1989-90-part2,train,"Pike sued Digger, the contractor who constructed Pike's house, for breach of warranty of habitabilit",D,D,True,0,1335,84,"D  
Reasoning: The gold passage indicates that evidence must be relevant and not outweighed by countervailing considerations such as being unfairly prejudicial or confusing. Wirth's testimony about Pike's prior suit could confuse the issues and waste time, especially since the prior case was settled and not tried. Therefore, the trial court should rule Wirth's offered testimony inadmissible, making answer (D) correct.",,-2.612536191940308,-3.612536191940308,-5.3625359535217285,-0.1125361248850822,0.8948306488569749
mbe_520,,MBE-1989-90-part2,train,Jordan is an accomplice to,D,C,False,0,1379,126,"C  
Reasoning: The gold passage outlines the requirements for criminally negligent homicide, which include the conduct causing death, the failure to perceive a substantial and unjustifiable risk of death, and that this failure constitutes a gross deviation from the standard of care expected of an ordinary person. In this case, Jordan provided Hammond with a substance (Marvane) that she knew could potentially cause harm, albeit unintentionally, and her failure to recognize the risk of death from administering it to someone who could be allergic constitutes a gross deviation from the standard of care. Therefore, Jordan can be considered an accomplice to criminally negligent homicide.",,-7.879870414733887,-6.004870414733887,-0.1298704296350479,-2.1298704147338867,0.8782909832936915
mbe_521,,MBE-1989-90-part2,train,"In a common-law jurisdiction, Hammond is guilty of",A,B,False,0,1310,117,"B  
Reasoning: The gold passage outlines the requirements for a conspiracy conviction, which includes an agreement to commit a crime, knowing and voluntary participation, and an overt act in furtherance of the conspiracy. Hammond conspired with Jordan to obtain poison to kill his wife, which satisfies the elements of conspiracy. Additionally, Hammond's act of injecting his wife with Marvane, despite it being a harmless drug for most, resulted in her death due to her allergy, fulfilling the criteria for murder. Therefore, Hammond is guilty of both murder and conspiracy, making answer (B) correct.",,-3.05546498298645,-0.555465042591095,-1.5554649829864502,-1.8054649829864504,0.5758811924860624
mbe_522,,MBE-1989-90-part2,train,"While on a hiking trip during the late fall, Page arrived, toward the end of the day, at a clearing ",C,C,True,0,1442,115,"C  
Reasoning: The gold passage establishes that a landowner has a duty to avoid deliberately or maliciously causing injury to a trespasser and must use reasonable care once aware of the trespasser's presence. Since Page entered Dwyer's cabin without permission and was unaware of the defect in the stove, she is considered a trespasser. Dwyer had no reason to anticipate Page's presence in the cabin, which means he did not have a duty to ensure her safety. Therefore, Page will not recover for her injuries, making answer (C) correct.",,-100.0,-8.500218391418457,-0.0002183179749408,-100.0,0.999796573036882
mbe_523,,MBE-1989-90-part2,train,"In a contract action by Awl against Howser, which of the following would the court decide under the ",A,A,True,0,1438,125,"A  
Reasoning: The gold passage defines a ""total breach"" as one that substantially impairs the value of the contract to the injured party, allowing them to recover damages based on their remaining rights to performance. Awl's notification to Howser on February 1 that he would not proceed unless the price was increased to $90,000 constitutes a total breach of the original contract, as it indicates Awl's unwillingness to perform under the agreed terms. Therefore, Howser is justified in dismissing Awl and hiring Gutter, leading to the conclusion that Howser will win the contract action against Awl.",,-0.2307914495468139,-5.480791568756104,-1.730791449546814,-3.730791568756104,0.7945493547218803
mbe_524,,MBE-1989-90-part2,train,"For this question only, assume that Awl is liable to Howser for breach of contract and also assume t",D,C,False,0,1901,115,"C  
Reasoning: According to the gold passage, compensatory damages are intended to cover the loss incurred by the nonbreaching party as a result of the breach. In this case, Howser incurred a total cost of $85,000 to have Gutter complete the house, which is $25,000 more than Awl's original contract price of $60,000. Therefore, Howser can recover the difference between Awl's original contract price and the total amount paid to Gutter, which is $25,000, making answer (C) correct.",,-100.0,-15.375003814697266,-3.531315314830863e-06,-100.0,0.9999997897567184
mbe_525,,MBE-1989-90-part2,train,"During the night, Murphy broke into a house with the intention of stealing a typewriter. On not find",D,D,True,0,1153,98,"D  
Reasoning: The gold passage defines arson as the willful and malicious burning of another person's dwelling. In this case, Murphy not only broke into the house (which constitutes burglary) but also set fire to the couch, which resulted in the burning of a portion of the ceiling. Since the act of setting fire to the couch and causing damage to the dwelling fits the definition of arson, Murphy is guilty of both burglary and arson, making answer (D) correct.",,-100.0,-100.0,-100.0,-1.1160349458805284e-05,1.0
mbe_526,,MBE-1989-90-part2,train,Argus Corporation is privately owned and incorporated in the state of Kiowa. It contracted with the ,B,B,True,0,1325,109,"B  
Reasoning: The gold passage discusses the ""Dormant Commerce Clause,"" which prohibits states from enacting legislation that discriminates against or excessively burdens interstate commerce. It emphasizes that private contractors performing work under a federal contract are not immune from nondiscriminatory state taxation. Since the tax imposed by Arapahoe does not appear to discriminate against Argus Corporation as a non-citizen business and is applied uniformly, it is likely to be considered constitutional under the principles outlined in the passage. Therefore, answer (B) is correct.",,-100.0,-0.0185882579535245,-4.018588066101074,-11.893588066101074,0.9820070725878316
mbe_527,,MBE-1989-90-part2,train,"Parmott sued Dexter in an automobile collision case. At trial, Parmott wishes to show by extrinsic e",B,B,True,0,1186,78,"B  
Reasoning: The gold passage establishes that evidence of bias, prejudice, or ulterior motives is relevant at trial as it can discredit a witness or affect the weight of their testimony. Therefore, Parmott's attempt to show that Wade is Dexter's partner in a gambling operation is admissible as it demonstrates Wade's possible bias in favor of Dexter, making answer (B) correct.",,-100.0,-17.375009536743164,-100.0,-100.0,1.0
mbe_528,,MBE-1989-90-part2,train,"Taylor and Scott, an unmarried couple, purchased a condominium as tenants in common and lived in the",D,D,True,0,1326,116,"D  
Reasoning: The gold passage explains that the Statute of Frauds requires certain contracts, including those related to the sale of land, to be in writing. Since Taylor and Scott's verbal agreement regarding the ownership of the condominium is not in writing, it is unenforceable under the Statute of Frauds. Therefore, upon their deaths, the condominium will be treated as if they each owned an undivided one-half interest, leading to Mark and Martha each owning an undivided one-half interest in the property. Thus, answer (D) is correct.",,-8.47432804107666,-100.0,-0.974327802658081,-0.4743277728557586,0.6223293884923353
mbe_529,,MBE-1989-90-part2,train,"Telco, a local telephone company, negligently allowed one of its telephone poles, located between a ",D,D,True,0,1399,114,"D  
Reasoning: The gold passage establishes the rule of joint and several liability, which applies when two or more tortfeasors' actions combine to cause a plaintiff's injuries. In this case, both Telco's negligence in allowing the pole to become termite-ridden and Rhodes' intoxicated driving contributed to Walker's injuries. Since both parties are responsible for the harm caused, Walker can assert a claim against both Telco and Rhodes for the full amount of his damages, as their actions combined to cause his injuries. Therefore, answer (D) is correct.",,-8.63051700592041,-100.0,-5.25551700592041,-0.0055170198902487,0.9946022155206468
mbe_530,,MBE-1989-90-part2,train,"Dirk broke into Vera's house one night. As he started to stuff silverware into a sack, he was surpri",B,B,True,0,1547,101,"B  
Reasoning: The gold passage indicates that a confession is not rendered inadmissible simply because the police did not provide all relevant information to the suspect, as long as there are no specific promises or threats made that would affect the voluntariness of the confession. Dirk's waiver of his rights and subsequent confession were valid despite the police not informing him of Vera's serious condition. Therefore, his motion to prevent the introduction of the confession should be denied, making answer (B) the correct choice.",,-7.829449653625488,-0.079449824988842,-2.5794498920440674,-100.0,0.923774100449352
mbe_531,,MBE-1989-90-part2,train,"For this question only, assume that four months before the date for closing Perk quit possession and",C,C,True,0,1458,87,"C  
Reasoning: The gold passage defines a repudiation as either a statement indicating an intention to breach the contract or a voluntary act that makes performance impossible. In this case, Perk's decision to quit possession and notify Ventnor that he would not complete the transaction constitutes a repudiation of the contract. As a result, Perk is not entitled to recover any reimbursement for the improvements made, making answer (C) correct.",,-100.0,-100.0,-1.9361264946837767e-07,-20.125,0.999999998181038
mbe_532,,MBE-1989-90-part2,train,"For this question only, assume that Perk did not quit possession and desired to close, but, at the t",A,A,True,0,1549,89,"A  
Reasoning: The gold passage establishes that reliance damages are based on expenditures made in preparation for performance or in performance of the contract. Perk made a permanent improvement to Blackacre in reliance on Ventnor's obligation to convey the entire undivided interest in fee simple. Since the improvement cost $8,000 and was made in reliance on the contract, Perk is entitled to recover that amount, making answer (A) correct.",,-0.0001246348983841,-11.25012493133545,-100.0,-100.0,0.9999869928753892
mbe_534,,MBE-1989-90-part2,train,"On a wholly random basis, a state agency has given a few probationary employees who were not rehired",C,C,True,0,1299,102,"C  
Reasoning: The gold passage establishes that procedural due process requires the government to provide appropriate procedural protections when depriving an individual of a liberty or property interest. In this case, Masters, as a probationary employee, does not have a right to be rehired that is protected by procedural due process, as probationary employees typically do not have the same rights as permanent employees. Therefore, his suit for a statement of reasons and a hearing is likely to be unsuccessful, making answer (C) correct.",,-100.0,-12.500017166137695,-1.735893965815194e-05,-100.0,0.9999962733599972
mbe_535,,MBE-1989-90-part2,train,"Able, an attorney, sued Clinton, a client, for his fee, based on an agreed hourly rate. Clinton subp",A,A,True,0,1357,91,"A  
Reasoning: The gold passage indicates that courts generally do not apply attorney-client privilege to billing statements that provide only general descriptions of services performed, as long as they do not reveal specific confidential communications. Since Clinton's subpoena seeks to challenge the number of hours billed without delving into the specifics of the services rendered, the information about hours billed is not protected by the privilege. Therefore, the subpoena should be upheld, making answer (A) correct.",,-7.107425062713446e-06,-100.0,-100.0,-100.0,1.0
mbe_536,,MBE-1989-90-part2,train,"In an action by Furrow against Quark for specific performance of the option agreement, which of the ",B,B,True,0,1465,108,"B  
Reasoning: The gold passage establishes that a valid conveyance of real property must contain a sufficient description of the property to be conveyed. Since Quark's written agreement only specifies an option to purchase ""five acres of the land"" without a clear description or reference to which specific five acres are being sold, this lack of specificity makes the description too indefinite to permit the remedy of specific performance. Therefore, Quark's best defense is that the description of the property in the written agreement is insufficient, making answer (B) correct.",,-11.325960159301758,-0.5759599208831787,-0.8259599208831787,-100.0,0.5621697233104226
mbe_537,,MBE-1989-90-part2,train,Assume for this question only that Quark is not liable to Furrow for breach of a land-sale contract.,A,A,True,0,1386,120,"A  
Reasoning: The gold passage defines a ""quasi-contract"" as an obligation created by law to restore the aggrieved party to their former position, regardless of the parties' intentions. In this case, Furrow added improvements to the farm that benefited Quark, and since Quark is not liable for breach of a land-sale contract, the best theory to support Furrow's claim for the reasonable value of those improvements is quasi-contract. This theory aligns with the idea of restoring Furrow for the benefits conferred upon Quark, making answer (A) the most appropriate choice.",,-0.0001364360650768,-100.0,-100.0,-100.0,1.0
mbe_538,,MBE-1989-90-part2,train,"Abco developed a new drug, ZB, for treatment of Wegener's disease. Abco extensively tested ZB for se",D,B,False,0,1415,76,"B  
Reasoning: The gold passage outlines the requirements for establishing strict liability, which does not necessitate proof of the defendant's knowledge regarding the product's defects. Therefore, the decisive question in determining whether Crane can prevail against Abco is whether liability can be imposed without proof that Abco knew about the undesirable side effect of the drug. This makes answer (B) correct.",,-100.0,-0.694076657295227,-0.694076657295227,-7.9440765380859375,0.4998225194027193
mbe_540,,MBE-1989-90-part2,train,"In litigation over the estate of Baggs, who died intestate, Payton, who is eighteen years old, claim",B,B,True,0,1300,91,"B  
Reasoning: The gold passage indicates that evidence of a statement concerning family relationships, such as a parent and child relationship, is not excluded by the hearsay rule, even if the declarant lacked personal knowledge. The Bible listing Payton's birth to Baggs's oldest sister qualifies as a family record, which is admissible under this exception. Therefore, the Bible listing is admissible as a family record, making answer (B) correct.",,-15.875000953674316,-1.0280383548888494e-06,-100.0,-100.0,0.9999998724809476
mbe_541,,MBE-1989-90-part2,train,"Smythe was charged with the murder of his wife. In his defense, he testified that at the time he kil",C,C,True,0,1659,108,"C  
Reasoning: The gold passage explains that the defense of ""not guilty by reason of insanity"" is applicable when a defendant claims they were so mentally disturbed at the time of the offense that they lacked the required intention (mens rea) to commit the crime. Smythe's testimony indicates that he believed he was acting to prevent a catastrophic event, which suggests a significant mental disturbance affecting his ability to form the requisite intent for murder. Therefore, the best defense raised by Smythe's testimony is insanity, making answer (C) correct.",,-15.750000953674316,-100.0,-7.896309739408025e-07,-100.0,0.99999985550202
mbe_542,,MBE-1989-90-part2,train,"After being notified by Dr. Josephs that Nurse Norris' employment with his office was terminated, No",D,C,False,0,1314,95,"C  
Reasoning: According to the gold passage, for Norris to establish a claim for defamation, she must prove that Josephs published a false statement of fact to a third party. However, if Norris authorized Hospital to inquire about her former employment, this would negate the claim, as she consented to the communication of the statement. Therefore, answer (C) is correct, as it indicates that authorization to make the inquiry would prevent a defamation claim from succeeding.",,-5.538938045501709,-3.53893780708313,-0.0389378182590007,-5.288938045501709,0.9619716526576282
mbe_543,,MBE-1989-90-part2,train,Pullen used aluminum brackets in her business. On the telephone listed as hers in the telephone book,C,C,True,0,1308,101,"C  
Reasoning: The gold passage indicates that telephone conversations can be authenticated by evidence that a call was made to the number assigned to a particular person or business. However, Pullen's testimony that she recognized Denison's voice after hearing him in chambers provides a direct link to the authenticity of the call, making her identification of the voice a strong argument for the admission of her testimony. Therefore, answer (C) is the strongest argument for the admission of Pullen's testimony concerning the telephone call.",,-10.250096321105955,-9.750096321105955,-9.627176768844949e-05,-100.0,0.9999063566099452
mbe_544,,MBE-1989-90-part2,train,The High National Grasslands is owned by the United States and is located in the center of a large w,B,B,True,0,1273,73,"B  
Reasoning: The gold passage refers to the federal property clause of Article IV, Section 3, which grants Congress the power to manage and regulate property owned by the United States. This clause directly supports the federal statute authorizing the Bureau of Land Management to lease grazing rights in the High National Grasslands, making answer (B) the most appropriate choice.",,-100.0,-1.1637164789135568e-05,-100.0,-100.0,1.0
mbe_545,,MBE-1989-90-part2,train,Ann leased commercial property to Brenda for a period of ten years. The lease contained the followin,C,C,True,0,1262,106,"C  
Reasoning: The gold passage defines a novation as an agreement that allows for the substitution of a new party for an existing one, excusing the original party from obligations under the contract. In this case, since Ann accepted rent from Carolyn and indicated no objection to the assignment, it suggests that a novation occurred, effectively releasing Brenda from her obligations under the lease. Therefore, if Ann loses the suit against Brenda for rent due, it will be because a novation took place, making answer (C) correct.",,-100.0,-100.0,-20.000001907348636,-100.0,1.0
mbe_546,,MBE-1989-90-part2,train,"For this question only, assume the following facts. Because she was overextended on other constructi",B,C,False,0,1693,90,"C  
Reasoning: The gold passage indicates that liquidated damages are enforceable if they are a reasonable estimate of actual damages and not shockingly disproportionate. In this case, Homey occupied the house and made the final payment, which suggests he waived any claim for delay damages. By occupying the house, Homey effectively accepted the delay, and thus, he will likely recover nothing for the delay in completion, making answer (C) correct.",,-2.350464105606079,-100.0,-0.1004641577601432,-100.0,0.904650530602188
mbe_547,,MBE-1989-90-part2,train,"For this question only, assume the following facts. Structo completed the house on October 14 and, w",A,A,True,0,1555,147,"A  
Reasoning: The gold passage indicates that courts will excuse the non-performance of a condition precedent if it involves extreme forfeiture or penalty and if the condition does not form an essential part of the exchange for the promisor's performance. In this case, Bilevel's refusal to issue the final certificate appears to be in bad faith, as she acknowledges that Structo did a great job but withholds the certificate based on the contract price being too high due to market conditions. This situation suggests that the nonoccurrence of the certificate requirement is not essential to Structo's right to payment, especially given the circumstances of bad faith. Therefore, Structo is likely to win the case based on the excusal of the condition precedent.",,-0.0008084330474957,-100.0,-100.0,-100.0,1.0
mbe_548,,MBE-1989-90-part2,train,Chemco designed and built a large tank on its premises for the purpose of storing highly toxic gas. ,A,A,True,0,1259,149,"A  
Reasoning: The gold passage discusses the principle of res ipsa loquitur, which allows for an inference of negligence when the injury-causing object was under the control of the defendant and the event is one that does not occur if due care is exercised. In this case, to prevail, Nyman's personal representative must establish that the toxic gas (which was under Chemco's control) caused Nyman's death (I). However, it is not necessary to prove that the tank was built defectively (II) or that Chemco was negligent in designing the tank (III) to establish liability under res ipsa loquitur. Therefore, only I must be established for the claim to prevail, making answer (A) correct.",,-0.0027676676400005,-7.502767562866211,-7.252767562866211,-100.0,0.9987383349182856
mbe_549,,MBE-1989-90-part2,train,"Zall, a resident of the state of Paxico, brought suit in federal district court against Motors, Inc.",C,C,True,0,1236,96,"C  
Reasoning: The gold passage indicates that for a case to be heard in federal district court on grounds of diversity jurisdiction, the amount in controversy must exceed $75,000. Since Zall is seeking only $24,000 in total damages ($12,000 actual and $12,000 punitive), this amount does not meet the threshold required for federal jurisdiction. Therefore, the federal district court should not hear this suit on its merits, making answer (C) correct.",,-100.0,-12.875025749206545,-2.6060808522743173e-05,-10.750025749206545,0.99997599387174
mbe_550,,MBE-1989-90-part2,train,"Pack sued Donlon for slander, alleging that Donlon had publicly accused Pack of being a thief. In hi",A,A,True,0,1278,102,"A  
Reasoning: The gold passage indicates that while character evidence is generally not admissible to prove conduct, evidence of specific instances of conduct can be admitted to prove consequential facts such as intent or knowledge. Since Donlon's defense hinges on the truth of the accusation that Pack is a thief, the evidence of Pack stealing a ring is relevant to proving that accusation. Therefore, the evidence should be admitted under the exception allowing specific instances of conduct to be used for this purpose, making answer (A) correct.",,-0.0494217611849308,-3.049421787261963,-100.0,-100.0,0.9525741280005064
mbe_551,,MBE-1989-90-part2,train,Rimm and Hill were fooling around with a pistol in Hill's den. Rimm aimed the pistol in Hill's direc,A,C,False,0,1168,138,"C  
Reasoning: The gold passage outlines the elements of second-degree murder, which requires an unlawful killing with malice but without premeditation and deliberation. In this scenario, Rimm did not intend to kill Hill, as he fired shots in a direction that was not aimed directly at him, and the death resulted from a ricochet. This indicates a lack of malice and intent to kill, which aligns more closely with involuntary manslaughter, where a death occurs due to criminal negligence or an unlawful act that is not a felony. Therefore, the most serious crime Rimm can be convicted of is involuntary manslaughter, making answer (C) correct.",,-100.0,-18.750001907348636,-1.7432603272027336e-06,-100.0,0.999999992805868
mbe_553,,MBE-1989-90-part2,train,A statute authorizes a specified federal administrative agency to issue rules governing the distribu,D,D,True,0,1311,104,"D  
Reasoning: The Gold Passage outlines the Presentment Clause, which requires that a bill must be passed by both Houses of Congress and presented to the President to become law. The provision allowing a joint committee of Congress to set aside rules issued by the agency does not follow this constitutional process for enacting laws, as it allows for a change in legal rights and obligations without the full legislative process. Therefore, answer (D) is correct as it identifies the provision as unconstitutional for not adhering to the specified constitutional requirements.",,-7.252777576446533,-7.002777576446533,-100.0,-0.0027775357011705,0.9983805705174698
mbe_554,TORTS,1991-Feb,train,"Walter, a 16-year-old, purchased an educational chemistry set manufactured by Chemco. Walter invited",D,A,False,0,1705,82,"A  
Reasoning: The gold passage explains that strict products liability can be imposed for defects arising from inadequate warnings. If the chemistry set did not contain a warning that its contents could be combined to form dangerous explosives, it could be considered defective due to a lack of adequate warnings. Therefore, Peter would prevail in his suit against Chemco under strict liability if the absence of such a warning contributed to his injuries.",,-0.001117950072512,-9.001117706298828,-7.751118183135986,-100.0,0.9994461546403096
mbe_555,CONTRACTS,1991-Feb,train,"On August 1, Geriatrics, Inc., operating a ""lifetime care"" home for the elderly, admitted Ohlster, w",C,A,False,0,1440,127,"A  
Reasoning: The gold passage discusses the doctrine of frustration of purpose, which allows for avoidance of a contract claim when a party's principal purpose is substantially frustrated by an unforeseen event. In this case, Ohlster's death shortly after the contract was signed substantially frustrated the purpose of the lifetime care contract, as Geriatrics would not be able to provide the agreed-upon services. Therefore, the administratrix of Ohlster's estate can recover the $20,000 paid to Geriatrics, as Geriatrics would otherwise be unjustly enriched at Ohlster's expense, making answer (A) correct.",,-0.2522310018539428,-100.0,-1.5022310018539429,-100.0,0.7772998611746911
mbe_556,CRIM. LAW,1991-Feb,train,"While walking home one evening, Harold, an off-duty police officer, was accosted by Jones, a strange",A,A,True,0,1310,78,"A  
Reasoning: The gold passage establishes that the use of deadly force is justifiable if the actor has a reasonable belief that such force is necessary to protect against death or serious bodily injury. In this case, Harold reasonably believed that Jones was going to kill him, which supports his claim of self-defense. Therefore, Harold's claim should be sustained, making answer (A) correct.",,-2.8802491215174086e-05,-100.0,-100.0,-100.0,1.0
mbe_558,EVIDENCE,1991-Feb,train,"In a prosecution of Doris for murder, the government seeks to introduce a properly authenticated not",B,B,True,0,1480,95,"B  
Reasoning: The gold passage indicates that preliminary fact determinations affecting the admissibility of evidence are subject to proof by a preponderance of the evidence and that the judge is responsible for making these determinations. Since the affidavit from the attending physician provides evidence regarding the victim's state of mind at the time of writing the note, the judge may properly consider this affidavit in determining whether the note qualifies as a dying declaration. Therefore, answer (B) is correct.",,-100.0,-1.0802738870552275e-05,-100.0,-100.0,1.0
mbe_559,TORTS,1991-Feb,train,"As Paul, a bartender, was removing the restraining wire from a bottle of champagne produced and bott",A,B,False,0,1644,96,"B  
Reasoning: The gold passage emphasizes that the adequacy of a warning must be evaluated in light of the knowledge and expertise of those who are expected to use the product. Since Paul is a bartender and has experience opening champagne bottles, a reasonable bartender would likely recognize the risk of a stopper ejecting from the bottle. Therefore, if the jury finds that a reasonable bartender would have realized the potential for injury, Paul may not recover damages, making answer (B) correct.",,-10.761948585510254,-0.3869490027427673,-1.136949062347412,-100.0,0.679164319079009
mbe_560,CONTRACTS,1991-Feb,train,"Swatter, a baseball star, contracted with the Municipal Symphony Orchestra, Inc., to perform for $5,",D,A,False,0,1420,109,"A  
Reasoning: The gold passage establishes that contractual damages are limited to those that were foreseeable by the parties at the time of contracting. The trial court's instruction to the jury correctly reflects this principle by stating that damages for losses must be those that could reasonably have been foreseen by the orchestra as a probable result of its breach. Since the jury awarded damages only for the $5,000 fee and did not include lost profits from other contracts, the judgment aligns with the legal standard provided in the passage, making answer (A) correct.",,-1.5690089639974758e-05,-100.0,-12.750015258789062,-100.0,0.9999970976867631
mbe_561,CONST. LAW,1991-Feb,train,Road Lines is an interstate bus company operating in a five-state area. A federal statute authorizes,D,D,True,0,1581,134,"D  
Reasoning: The gold passage explains the Supremacy Clause, which establishes that federal law is the supreme law of the land and can preempt state law. In this case, the ICC granted Road Lines permission to discontinue its unprofitable route, which is a federal action. Foley's claim relies on a state statute that prohibits common carriers from abandoning service in areas without alternate transportation. However, since the federal statute allows Road Lines to discontinue the route, the state law stands as an obstacle to the objectives of Congress. Therefore, the state court should hear the case on its merits and decide for Road Lines, as the federal law preempts the state statute.",,-100.0,-100.0,-100.0,-3.128163257315464e-07,1.0
mbe_562,CRIM. LAW,1991-Feb,train,Shore decided to destroy his dilapidated building in order to collect the insurance money. He hired ,A,A,True,0,1240,89,"A  
Reasoning: The gold passage states that felony murder can be charged in connection with certain felonies, including arson. Since Shore hired Parsons to burn down the building, which constitutes arson, and the vagrant's death occurred as a result of that act, Shore could be guilty of felony-murder due to the connection between the vagrant's death and the felony of arson. Therefore, answer (A) is correct.",,-1.0683535037969705e-05,-100.0,-100.0,-100.0,1.0
mbe_564,CONST. LAW,1991-Feb,train,A federal statute prohibits the construction of nuclear energy plants in this country without a lice,B,B,True,0,1553,110,"B  
Reasoning: The gold passage establishes that for any bill to become law, it must be passed by both houses of Congress and then presented to the President for approval or veto. This requirement of bicameralism and presentment means that Congress cannot unilaterally alter the legal rights of individuals, such as Safenuke, Inc., without following this process. Therefore, the congressional veto of the license is invalid because it did not go through the necessary steps outlined in Article I, Section 7, making answer (B) correct.",,-11.500020027160645,-2.0219828002154827e-05,-100.0,-100.0,0.9999898700070674
mbe_565,CRIM. LAW,1991-Feb,train,"Lipsky, a college student, purchased narcotics from Speed, whom he believed to be a ""street person"" ",C,C,True,0,2245,146,"C  
Reasoning: The gold passage indicates that for a person to be held criminally liable as an accomplice, they must perform acts with the mental culpability required for the commission of the substantive crime. In Lipsky's case, he purchased narcotics from someone he believed to be a street person, not knowing that Speed was an undercover police agent. This lack of knowledge suggests that Lipsky did not share the intent or purpose of selling narcotics, as he was not aware he was engaging in a criminal transaction. Therefore, based on the principles outlined in Case C, Lipsky should be acquitted, as he did not act with the requisite mental state to be considered an accomplice to the sale of narcotics.",,-7.507579326629639,-100.0,-0.0075794165022671,-5.007579326629639,0.9927617423438748
mbe_566,CRIM. LAW,1991-Feb,train,"In this jurisdiction, conviction for statutory rape requires proof of the defendant's knowledge that",B,C,False,0,1531,128,"C  
Reasoning: The gold passage establishes that to prove accomplice liability, the accomplice must share the requisite mental state for the offense. In this case, Howard knew that Sarah was underage, which satisfies the knowledge requirement for statutory rape. However, George, who was unaware of Sarah's age, does not share that mental state. Since Howard's encouragement of George does not meet the criteria for accomplice liability due to George's lack of knowledge, Howard should be acquitted on the authority of Case C, where the defendant was not guilty as an accomplice because the principal did not have the requisite mental state for the crime.",,-1.1467176675796509,-5.646717548370361,-0.3967176973819732,-6.021717548370361,0.6751188624197437
mbe_567,CRIM. LAW,1991-Feb,train,"Larson, a plastic surgeon, agreed to remove the fingerprints from the hands of ""Fingers"" Malloy, who",A,C,False,0,1529,132,"C  
Reasoning: The gold passage outlines the requirements for proving accomplice liability, which include the accomplice's purpose to make the crime succeed, their acts to aid in committing the offense, and sharing the requisite mental state for the offense. In Case C, the defendant was not found guilty as an accomplice because he did not share the requisite mental state for the bribery offense. Similarly, Larson, while he may have aided Malloy by performing the surgery, did not have the purpose to make the burglary succeed nor did he share the mental state for the burglary itself. Therefore, based on the authority of Case C, Larson should be acquitted.",,-4.162239074707031,-4.662239074707031,-0.4122391641139984,-1.1622391939163208,0.6621865237492287
mbe_569,CONST. LAW,1991-Feb,train,Congressional hearings determined that the use of mechanical power hammers is very dangerous to the ,B,B,True,0,1462,124,"B  
Reasoning: The Supremacy Clause establishes that federal law is the supreme law of the land, and where state law conflicts with federal law, state law must yield. In this case, the federal statute prohibits the use of mechanical power hammers due to their dangers, while the city council's amendment requires their use. This creates a direct conflict, making it impossible for a private party to comply with both the federal prohibition and the local requirement. Therefore, the amendment to the city of Green's building safety code is unconstitutional because it conflicts with the provisions of the federal statute, making answer (B) correct.",,-100.0,-5.512236498361744e-07,-17.625,-100.0,0.9999999778404984
mbe_570,CONTRACTS,1991-Feb,train,"For this question only, assume the following facts. Shortly after making the contract, and before Su",C,C,True,0,1446,111,"C  
Reasoning: The gold passage discusses the nature of implied contracts and emphasizes the necessity of clear evidence of the parties' intent to contract. In this case, Bonnie's Buns' promise to sell Superpastries' baked buns exclusively implies a commitment to use its best efforts to sell those buns, which indicates a mutual obligation. Therefore, Superpastries is likely to win the lawsuit because Bonnie's Buns' renunciation of the agreement constitutes a breach of the implied promise to sell Superpastries' output, making answer (C) correct.",,-9.007346153259276,-100.0,-0.0073465541936457,-5.007346630096436,0.9931854010504928
mbe_571,CONTRACTS,1991-Feb,train,"For this question only, assume the following facts. The parties' contract included a provision for t",C,C,True,0,1509,82,"C  
Reasoning: The gold passage indicates that for a summary judgment to be granted, there must be no genuine issues of material fact. In this case, there are triable issues regarding whether Superpastries provided reasonable notice of termination and whether its financial losses were substantial enough to justify ceasing production of baked buns. Therefore, both motions for summary judgment should be denied, making answer (C) correct.",,-14.500021934509276,-11.250021934509276,-2.176947600673884e-05,-100.0,0.9999864885394752
mbe_572,EVIDENCE,1991-Feb,train,"Dirk is on trial for the brutal murder of Villas. Dirk's first witness, Wesley, testified that in he",A,C,False,0,1282,109,"C  
Reasoning: The gold passage discusses the requirements for admitting expert testimony, focusing on qualification, reliability, and relevance. In this context, the prosecution's rebuttal must adhere to these standards. Testimony by a neighbor that Wesley has a long-standing reputation in the community as an untruthful person is inadmissible because it does not directly address Wesley's qualifications or reliability as a witness regarding Dirk's character. Instead, it attacks Wesley's credibility without meeting the necessary criteria for expert testimony, making answer (C) the correct choice.",,-3.783280611038208,-5.033280372619629,-0.0332805924117565,-6.158280372619629,0.9685762994490102
mbe_573,REAL PROP.,1991-Feb,train,"Amos owned Greenfield, a tract of land. His friend Bert wanted to buy Greenfield and offered $20,000",D,C,False,0,1549,129,"C  
Reasoning: The parol evidence rule is relevant to the case as it addresses whether any prior or contemporaneous oral agreements can alter the written contract between Amos and Bert. However, since Bert's ability to perform (point III) is also crucial to determining whether the contract can be enforced, both points II (construction of the contract as to time of performance) and III (Bert's ability to perform) are relevant to a decision in favor of Bert. Therefore, the correct answer is (C) II and III only, as point I (the parol evidence rule) does not directly support Bert's claim to compel performance.",,-100.0,-3.5350537300109863,-0.0350538231432437,-5.285053730010986,0.9657684296410072
mbe_574,CONST. LAW,1991-Feb,train,"Modality City has had a severe traffic problem on its streets. As a result, it enacted an ordinance ",B,B,True,0,1557,106,"B  
Reasoning: The gold passage establishes that in cases of social and economic policy, a statutory classification must be upheld against an equal protection challenge if there is any conceivable state of facts that could provide a rational basis for the classification. The ordinance in question includes a grandfather provision that allows vendors with a long history of operation to continue their business, which can be seen as a rational basis for the classification. Therefore, the court will likely rule that the ordinance is constitutional under the rational basis test, making answer (B) correct.",,-100.0,-4.008129963040119e-06,-100.0,-100.0,1.0
mbe_575,TORTS,1991-Feb,train,"If Governor Doe asserts a defamation claim against XYZ, will Doe prevail?",D,B,False,0,1306,107,"B  
Reasoning: The gold passage outlines the requirements for establishing a prima facie case of defamation, which includes the need for the plaintiff to demonstrate that the defendant published a defamatory statement with knowledge of its falsity or reckless disregard for the truth. In this case, if Governor Doe can prove that XYZ broadcast the signs with knowledge that the characterization of him as a ""murderer"" was false or with reckless disregard for the truth, he would prevail in his defamation claim. Therefore, answer (B) is correct.",,-8.644792556762695,-0.0197926573455333,-4.519792556762695,-4.769792556762695,0.9804495862623678
mbe_576,TORTS,1991-Feb,train,"If Doe asserts against XYZ a claim for damages for intentional infliction of emotional distress, wil",D,D,True,0,1294,132,"D  
Reasoning: The gold passage outlines the requirements for a prima facie case of intentional infliction of emotional distress (IIED), which includes the necessity for the conduct to be extreme and outrageous, intentional or reckless, and to cause severe emotional distress. However, it does not mention the need for a false statement of fact or ""actual malice"" as a requirement for IIED claims. Since the signs carried by Able and Baker express an opinion about Governor Doe's actions rather than a false statement of fact, and XYZ merely broadcasted this opinion, Doe is unlikely to prevail in his claim against XYZ. Therefore, answer (D) is correct.",,-3.63578462600708,-3.13578462600708,-1.38578462600708,-0.3857846260070801,0.6800031096931761
mbe_577,CONTRACTS,1991-Feb,train,"As of July 22, which of the following is an accurate statement as to whether a contract was formed?",A,C,False,0,1372,117,"C  
Reasoning: The gold passage establishes that a contract is formed when an offer is made and accepted, supported by consideration. In this case, Acme's order constitutes an offer, and Snowco's response of ""We accept your order"" is an acceptance of that offer. Therefore, a contract was formed. The passage does not indicate that Acme's reservation of the right to cancel the order prevents the formation of a contract; rather, it suggests that the contract is terminable at the will of either party prior to September 1, making answer (C) correct.",,-100.0,-11.250018119812012,-1.855097616498824e-05,-14.875018119812012,0.9999866462421724
mbe_578,CONTRACTS,1991-Feb,train,"For this question only, assume the following facts. Acme did not cancel the order, and Snowco shippe",A,D,False,0,1414,109,"D  
Reasoning: The gold passage establishes that for a contract to be enforceable, it must be supported by consideration. In this case, Acme's right to cancel the order before September 1 indicates that the order was not binding until that date passed without cancellation. Since Acme retained the right to cancel, the shipment of the shovels on September 15 did not create an enforceable contract; rather, it was merely an offer by Snowco, which Acme could reject. Therefore, answer (D) is correct.",,-5.664922714233398,-6.789922714233398,-1.914922833442688,-0.1649228483438491,0.8480415550175451
mbe_580,CONST. LAW,1991-Feb,train,A federal statute enacted pursuant to the powers of Congress to enforce the Fourteenth Amendment and,A,A,True,0,1389,98,"A  
Reasoning: The gold passage indicates that Congress has the authority to enact legislation that deters or remedies constitutional violations, even if it intrudes into areas traditionally reserved for the states. This supports the argument that when Congress exercises its powers under the Fourteenth Amendment or the commerce clause, it can authorize private suits against states for damages. Therefore, Retiree's strongest argument against State X's motion to dismiss is that Congress can enact such legislation, making answer (A) correct.",,-0.0013432084815576,-100.0,-100.0,-100.0,1.0
mbe_581,TORTS,1991-Feb,train,"At a country auction, Powell acquired an antique cabinet that he recognized as a ""Morenci,"" an extre",B,B,True,0,1558,127,"B  
Reasoning: The gold passage outlines the requirements for proving a product-liability claim, specifically that a defect must exist when the product left the manufacturer's control and that the defect must proximately cause the injury. In this case, Powell can argue that the statement in the Restorall brochure constituted a representation that the product would not damage the original oil finish. If the loss of value to the cabinet would not have occurred had the statement been true, then Powell has a strong basis for his claim. Therefore, answer (B) is correct as it aligns with the principle that a false representation leading to a loss can establish liability.",,-9.00332260131836,-0.003322911215946,-5.753323078155518,-100.0,0.9967047047649986
mbe_582,REAL PROP.,1991-Feb,train,"Two adjacent, two-story, commercial buildings were owned by Simon. The first floors of both building",C,C,True,0,1327,96,"C  
Reasoning: The gold passage indicates that the law of implied easements allows for rights to be recognized even if they were not expressly conveyed, as long as it honors the intentions of the parties involved. In this case, the continued use of the stairway by the tenants of both buildings suggests that there is an implied easement allowing access and maintenance of the stairway. Therefore, Dennis has an implied right to repair the stairway, making answer (C) correct.",,-100.0,-100.0,-2.165027217415627e-05,-100.0,1.0
mbe_583,CONTRACTS,1991-Feb,train,"Hydro-King, Inc., a high-volume, pleasureboat retailer, entered into a written contract with Zuma, s",C,A,False,0,1475,103,"A  
Reasoning: The gold passage discusses liquidated damages and emphasizes that such provisions are meant to compensate for damages resulting from a breach. In this case, Zuma is the party in default due to his notification of financial inability to complete the purchase. As a result, he is deemed to have lost any right to restitution of the benefit conferred (the $4,000 advance payment) because he breached the contract. Therefore, the court should deny Zuma's claim for restitution, making answer (A) correct.",,-0.0018304655095562,-10.376830101013184,-100.0,-100.0,0.9999687980772334
mbe_585,EVIDENCE,1991-Feb,train,"Park sued Officer Dinet for false arrest. Dinet's defense was that, based on a description he heard ",D,D,True,0,1485,149,"D  
The passage discusses the admissibility of evidence in the context of a motion for summary judgment, emphasizing that properly authenticated documents and affidavits based on personal knowledge can be used. In this case, Dinet's testimony (I) is admissible as it is based on his personal knowledge of the description he heard. Brigg's testimony (II) is also admissible as it relates to the description he read, which is relevant to Dinet's understanding. The note (III), if properly authenticated, can be used to support Brigg's testimony about the description. Therefore, all three items (I, II, and III) are admissible on the issue of what description Dinet heard, making answer (D) correct.",,-7.513277530670166,-5.513277530670166,-4.763277530670166,-0.0132774068042635,0.9868827985650456
mbe_586,REAL PROP.,1991-Feb,train,Aris was the owner in fee simple of adjoining lots known as Lot 1 and Lot 2. He built a house in whi,B,B,True,0,1796,126,"B  
Reasoning: The gold passage discusses the Rule Against Perpetuities, emphasizing that it concerns whether interests vest too remotely. In this case, Aris's rights under the deed to Baker involve an option to purchase that must be evaluated under the Rule Against Perpetuities to determine if it is valid. The other options (I, II, and III) do not directly relate to the validity of the interest created by the deed. Therefore, the correct answer is (B) IV only, as it is the only factor that will determine whether Aris will prevail based on the legal principles outlined in the passage.",,-100.0,-5.347765181795694e-05,-10.25005340576172,-14.25005340576172,0.9999639961976642
mbe_587,EVIDENCE,1991-Feb,train,"Perez sued Dawson for damages arising out of an automobile collision. At trial, Perez called Minter,",B,B,True,0,1414,103,"B  
Reasoning: The gold passage establishes that a party may impeach its own witness if that witness provides testimony that tends to disprove the party's position or damages the party's case. Minter's testimony, which estimated Dawson's speed at 25 miles per hour, contradicts Perez's position that Dawson was speeding at 50 miles per hour. Therefore, Perez is permitted to call Wallingford to testify about Minter's prior statement to impeach her credibility, making answer (B) correct.",,-100.0,-0.0015095012495294,-6.501509666442871,-14.126509666442873,0.9984980863715596
mbe_589,TORTS,1991-Feb,train,"Palko is being treated by a physician for asbestosis, an abnormal chest condition that was caused by",D,B,False,0,1413,113,"B  
Reasoning: The gold passage establishes that a cause of action for negligent infliction of emotional distress must generally be based on conduct that ""unreasonably endangers"" the plaintiff's physical safety. Since the court in this jurisdiction has ruled against recovery for emotional distress in the absence of physical harm, and Palko's claim is based on an increased risk of cancer rather than a present physical injury, the award should not include damages for emotional distress unless the court recognizes a cause of action for that increased risk. Therefore, answer (B) is correct.",,-12.75001621246338,-1.580929347255733e-05,-100.0,-100.0,0.999997097689185
mbe_590,EVIDENCE,1991-Feb,train,"Dalton is on trial for burglary. During crossexamination of Dalton, the prosecutor wants to inquire ",A,C,False,0,1703,140,"C  
Reasoning: The passage indicates that evidence of a past conviction can be admitted to attack a witness's credibility if it involved dishonesty or false statement, regardless of the punishment. However, it also states that evidence of a conviction cannot be admitted if more than 10 years have passed since the witness was convicted or released from confinement. Since the conviction for falsifying a credit application is a misdemeanor, it is less likely to be considered as having significant probative value compared to a felony. Therefore, the fact that it was a misdemeanor (option C) provides a strong reason for the trial court to refuse the examination, as it may not meet the threshold for admissibility under the Montgomery standard.",,-6.008727073669434,-5.258727073669434,-0.0087270839139819,-7.008727073669434,0.9914358260121596
mbe_591,CRIM. LAW,1991-Feb,train,If the driver moves to suppress the use as evidence of the marijuana and cocaine found in the search,D,D,True,0,1472,117,"D  
Reasoning: The gold passage establishes the ""automobile exception,"" which allows police to search a vehicle without a warrant if the vehicle is readily mobile and there is probable cause to believe it contains contraband. In this case, the police had probable cause based on the information from the undercover officer and the matching description of the truck and driver. Therefore, the search of the truck, which led to the discovery of both marijuana and cocaine, was lawful. As a result, the court should deny the motion to suppress evidence for both the marijuana and the cocaine found in the truck.",,-5.258061408996582,-7.008061408996582,-6.258061408996582,-0.008061408996582,0.9919750660470952
mbe_592,CRIM. LAW,1991-Feb,train,"If the young woman moves to suppress the use as evidence of the heroin, the court should",A,A,True,0,1393,89,"A  
Reasoning: The gold passage establishes that a search or seizure is generally unreasonable without individualized suspicion of wrongdoing. In this case, the young woman did not fit the description provided by the informant, and her mere presence in the truck does not provide sufficient individualized suspicion to justify the search of her purse. Therefore, the court should grant her motion to suppress the evidence of the heroin found in her purse, making answer (A) correct.",,-0.2530101239681244,-7.003010272979736,-1.5030101537704468,-100.0,0.7765930700029123
mbe_593,REAL PROP.,1991-Feb,train,Len owned two adjoining parcels known as Lot 1 and Lot 2. Both parcels fronted on Main Street and ab,A,C,False,0,1549,123,"C  
Reasoning: The gold passage outlines the requirements for establishing a prescriptive easement, which includes the use of the property being open, notorious, continuous, hostile to the true owner, and under claim of right. Tenny's use of the driveway on Lot 2 was not adverse to Owen, the true owner, because Tenny did not have permission from Len (the previous owner) and did not establish a claim of right against Owen. Therefore, if Tenny loses, it will be because mere use of an easement does not equate to adverse possession, making answer (C) correct.",,-8.076272010803223,-0.8262718915939331,-0.5762718915939331,-100.0,0.5620017571181084
mbe_594,CONTRACTS,1991-Feb,train,"Dewar, a developer, needing a water well on one of his projects, met several times about the matter ",B,B,True,0,1540,88,"B  
Reasoning: The gold passage establishes that acceptance of an offer can occur through performance according to the terms of the offer. Waterman's commencement of drilling the well can be interpreted as an acceptance of Dewar's offer, as it demonstrates an intent to accept the proposal and an implied promise to complete the work. Therefore, Dewar is likely to win the case against Waterman based on this principle, making answer (B) correct.",,-100.0,-0.0233260709792375,-3.77332615852356,-100.0,0.9770226320552928
mbe_595,TORTS,1991-Feb,train,"In an action brought against Driver by Walker's legal representative, the only proofs that the legal",D,D,True,0,1509,146,"D  
Reasoning: The gold passage discusses the doctrine of res ipsa loquitur, which allows for an inference of negligence when an accident occurs that typically does not happen without negligence on the part of the defendant. In this case, while there are no direct witnesses, the circumstances of Walker being killed by a car while walking on the shoulder of the highway suggest that negligence may be inferred against Driver. The passage indicates that a plaintiff does not need to exclude all possible causes but must show a greater probability that the accident resulted from the defendant's negligence. Therefore, the trial judge should deny Driver's motion for a directed verdict, as there is a reasonable basis to infer negligence on Driver's part, making answer (D) correct.",,-8.750160217285156,-14.375160217285156,-14.500160217285156,-0.0001603923301445,0.9998404882465806
mbe_596,CRIM. LAW,1991-Feb,train,"Smith joined a neighborhood gang. At a gang meeting, as part of the initiation process, the leader o",C,C,True,0,1230,70,"C  
Reasoning: The gold passage states that duress is not a legal defense to murder under longstanding Mississippi law. Since Smith killed Hardy intentionally and with premeditation, he meets the criteria for first-degree murder. Therefore, despite the threat to his life, he cannot use duress as a defense, making him guilty of first-degree murder.",,-8.25027847290039,-100.0,-0.000278855120996,-11.87527847290039,0.9997318509586496
mbe_599,CONST. LAW,1991-Feb,train,A federal law provides that all motor vehicle tires discarded in this country must be disposed of in,A,A,True,0,1422,102,"A  
Reasoning: The gold passage indicates that the constitutional scheme imposes limitations on the Commerce Clause to protect state autonomy, but it emphasizes that states must comply with valid federal laws that regulate matters affecting interstate commerce. Since the federal law requires that all motor vehicle tires be disposed of in licensed facilities, East Dakota's unlicensed facility does not comply with this requirement, regardless of its operational standards. Therefore, East Dakota cannot continue to dispose of its used tires in this manner, making answer (A) correct.",,-0.7358000874519348,-3.23580002784729,-0.7358000874519348,-100.0,0.4802877876316508
mbe_600,REAL PROP.,1991-Feb,train,"Arnold and Beverly owned a large tract of land, Blackacre, in fee simple as joint tenants with right",A,D,False,0,1330,124,"D  
Reasoning: The gold passage defines a tenancy in common and highlights the distinct titles held by cotenants. In this case, Arnold's actions in conveying his interest to Alice and then having it reconveyed back to him could be seen as a breach of his fiduciary duty to Beverly as a joint tenant. Joint tenants have a duty to act in good faith towards each other, and Arnold's failure to inform Beverly about the valuable coal deposits and his conveyance of interest without her knowledge suggests a breach of that duty. Therefore, Beverly should prevail in her action against Alice, making answer (D) correct.",,-5.638241291046143,-2.8882412910461426,-0.8882414102554321,-0.6382414102554321,0.5288380776750693
mbe_601,TORTS,1991-Feb,train,Dent operates a residential rehabilitation center for emotionally disturbed and ungovernable childre,D,C,False,0,1435,135,"C  
Reasoning: The gold passage outlines that there are exceptions to the general rule of parental non-liability for a child's torts, particularly when the parent fails to exercise control over the child despite knowing or having reason to know that injury to another is possible. In this case, Dent had custody of Camden and, despite being aware of Camden's absence, he made no attempt to locate him or secure his return. This lack of action indicates a failure to exercise control over Camden, which aligns with the exception noted in the passage. Therefore, Pell can prevail against Dent because Camden was in Dent's custody, and Dent's inaction contributed to the harm caused to Pell.",,-100.0,-4.018293857574463,-0.0182936936616897,-9.018293380737305,0.9818947969379276
mbe_602,EVIDENCE,1991-Feb,train,"Deetz was prosecuted for homicide. He testified that he shot in self-defense. In rebuttal, Officer W",B,B,True,0,1312,93,"B  
Reasoning: The gold passage explains that impeachment evidence is used to discredit a witness and that some evidence can serve both substantive and impeachment functions. Officer Watts' testimony about Deetz's statement serves to impeach Deetz's claim of self-defense by providing an alternative explanation for the shooting. Therefore, the offered testimony is admissible to both impeach Deetz and as evidence that he did not act in self-defense, making answer (B) correct.",,-100.0,-8.895480277715251e-06,-100.0,-100.0,1.0
mbe_603,TORTS,1991-Feb,train,"Landco owns and operates a 12-story apartment building containing 72 apartments, 70 of which are ren",D,C,False,0,1576,101,"C  
Reasoning: The gold passage establishes that a landlord is generally not liable for injuries caused by conditions on premises that are under the control of a tenant, which is relevant to Landco's situation. Since Walker offers no evidence explaining the accident and Landco is in no better position than Walker to explain why the flower pot fell, there is insufficient evidence to establish negligence on Landco's part. Therefore, Walker's claim will not survive a motion for directed verdict, making answer (C) correct.",,-11.226067543029783,-7.101067543029785,-0.1010675206780433,-2.351067543029785,0.90389283230689
mbe_604,REAL PROP.,1991-Feb,train,"At the time of his death last week, Test owned Blackacre, a small farm. By his duly probated will, d",B,A,False,0,1323,150,"A  
Reasoning: The gold passage explains that a life estate is created when the language of the will clearly expresses the grantor's intent to pass a right to possess, use, or enjoy property during the life of the grantee. In this case, Test devised Blackacre ""to Arthur for the life of Baker,"" which indicates that Arthur holds a life estate that is contingent upon Baker being alive. Since Baker died before Test, Arthur's life estate is no longer valid, and the remainder would pass to Casper. However, since the question asks for the title to Blackacre at Test's death, the title remains with Arthur for the life of Baker, and the remainder to Casper is still in effect. Therefore, the correct answer is (A",,-0.213499054312706,-1.9634990692138672,-2.963499069213867,-100.0,0.8079490545291604
mbe_605,CONTRACTS,1991-Feb,train,"If Tower refuses to accept Copter's services, which of the following clauses in the GyroTower contra",A,C,False,0,1346,98,"C  
Reasoning: The passage discusses exculpatory clauses and indemnification clauses but does not address the delegability of duties under a contract. The ""time is of the essence"" clause indicates that timely performance is critical to the contract, which implies that Gyro's specific expertise and timely completion are essential to Tower. Therefore, this clause best supports Tower's contention that Gyro's duties under the contract were not delegable without Tower's consent, making answer (C) correct.",,-100.0,-5.012988567352295,-0.0129888001829385,-5.512988567352295,0.9892911988266192
mbe_606,CONTRACTS,1991-Feb,train,"For this question only, assume that Tower orally agreed with Gyro to accept Copter's services and th",A,C,False,0,1384,98,"C  
Reasoning: The gold passage defines a novation as the substitution of one contract for another, which extinguishes the pre-existing obligation and releases those bound thereunder. In this case, Tower's oral agreement to accept Copter's services effectively substituted Copter for Gyro, thereby discharging Gyro from his duties under the Gyro-Tower contract. Therefore, Tower cannot succeed in an action against Gyro for damages for breach of contract, making answer (C) correct.",,-100.0,-100.0,-19.75,-100.0,1.0
mbe_607,REAL PROP.,1991-Feb,train,"Allen owned Greenacre in fee simple of record on January 10. On that day, Maria loaned Allen $50,000",C,A,False,0,1354,105,"A  
Reasoning: The gold passage establishes that a purchaser is presumed to have made inquiries if they have knowledge of facts that could indicate a conflicting right or title. In this case, both Maria and Barnes were unaware of each other's interests until January 23, and Barnes recorded his deed on that day. Since Barnes paid valuable consideration and recorded his deed before Maria's mortgage was recorded, he qualifies as a bona fide purchaser without notice. Therefore, the court should decide in favor of Barnes, making answer (A) correct.",,-0.0014811748405918,-7.751481056213379,-7.501481056213379,-100.0,0.9990171399368624
mbe_609,EVIDENCE,1991-Feb,train,Park sued Dunlevy for copyright infringement for using in Dunlevy's book some slightly disguised hou,A,A,True,0,1326,80,"A  
Reasoning: The gold passage discusses hearsay exceptions, particularly emphasizing that a statement made by a party opponent is admissible. Since Park's testimony involves a statement made by Dunlevy's executive assistant regarding Dunlevy's actions, it qualifies as a statement made by an employee of a party opponent. Therefore, Park's testimony is admissible under this exception, making answer (A) correct.",,-0.1318931430578231,-100.0,-2.1318931579589844,-5.381893157958984,0.8767447662742874
mbe_610,CONST. LAW,1991-Feb,train,Congress enacted a statute providing grants of federal funds for the restoration and preservation of,A,A,True,0,1575,101,"A  
Reasoning: The gold passage explains that Congress has the authority to impose conditions on the receipt of federal funds as long as those conditions are related to the general welfare and the federal interest in the program. Since the statute requires that courthouses restored with federal funds must be equipped with facilities for handicapped individuals, and this condition is unambiguous, the County Board of Red County is bound to comply with this requirement if they accept the federal grant. Therefore, answer (A) is correct.",,-0.0002506111632101,-100.0,-13.625250816345217,-100.0,0.9999987901345648
mbe_611,CRIM. LAW,1991-Feb,train,Arnold decided to destroy an old warehouse that he owned because the taxes on the structure exceeded,D,C,False,0,1361,105,"C  
Reasoning: The gold passage discusses the principle that a mistake of law does not excuse a person from liability, but it does not directly address the specifics of attempted arson. However, in this case, Arnold's belief that burning his own building constituted arson negates the necessary mental state required for the crime, as he did not intend to commit arson against another's property. Therefore, his mistake regarding the law prevents him from having the requisite intent for attempted arson, making answer (C) correct.",,-100.0,-4.593875885009766,-0.0938757881522178,-2.5938758850097656,0.9147507328822426
mbe_612,CONST. LAW,1991-Feb,train,"""Look-alike drugs"" is the term used to describe nonprescription drugs that look like narcotic drugs ",B,B,True,0,1320,104,"B  
Reasoning: The gold passage establishes that Congress has the authority to regulate local activities that are part of an economic class of activities that have a substantial effect on interstate commerce. The sale of look-alike drugs, which poses health and law enforcement issues, can be seen as affecting interstate commerce due to its widespread nature and potential economic implications. Therefore, the commerce clause is the most appropriate source of constitutional authority to justify Congress's enactment of the statute regulating nonprescription drugs, making answer (B) correct.",,-100.0,-6.313314952421933e-05,-100.0,-100.0,1.0
mbe_613,CONST. LAW,1991-Feb,train,"After several well-publicized deaths caused by fires in products made from highly flammable fabrics,",D,B,False,0,1376,92,"B  
Reasoning: The gold passage indicates that a statute can be upheld if it regulates even-handedly to effectuate a legitimate local public interest and if its effects on interstate commerce are only incidental. The Orange statute aims to protect public safety by ensuring that only tested and approved fabrics are used, which aligns with a legitimate local public interest. Therefore, the statute is constitutional as it serves a legitimate purpose of protecting public safety, making answer (B) correct.",,-100.0,-0.0006214152672328,-8.000621795654297,-8.250621795654297,0.9994036349053316
mbe_615,EVIDENCE,1991-Feb,train,"Decker, charged with armed robbery of a store, denied that he was the person who had robbed the stor",D,D,True,0,1557,121,"D  
Reasoning: The gold passage discusses Rule 403, which states that even relevant evidence may be excluded if its probative value is substantially outweighed by the danger of unfair prejudice. In this case, while the evidence of Decker's past robberies may be relevant to establish a pattern or intent, it could also unfairly prejudice the jury against him by suggesting a propensity for criminal behavior. Therefore, the court must weigh the probative value of the evidence against the potential for unfair prejudice, which likely leads to the conclusion that the evidence is inadmissible, making answer (D) correct.",,-100.0,-3.5298967361450195,-9.02989673614502,-0.0298967361450195,0.9705715021712248
mbe_619,REAL PROP.,1991-Feb,train,"Mom owned Blackacre, a two-family apartment house on a small city lot not suitable for partition-in-",D,C,False,0,1533,125,"C  
Reasoning: The gold passage discusses the principles surrounding partition by sale and emphasizes that the party seeking such a partition must demonstrate that a partition in-kind would not be fair or equitable. In this case, since the court ordered a partition by judicial sale, it implies that the property (Blackacre) will be sold and the proceeds distributed. Ken's judgment, which is a lien against Joe, will attach to the proceeds from the sale of Blackacre, not the property itself. Therefore, Ken's judgment will be a lien on all of the proceeds of the sale of Blackacre, making answer (C) correct.",,-100.0,-4.339423179626465,-0.5894229412078857,-0.8394229412078857,0.5548408824860411
mbe_620,CRIM. LAW,1991-Feb,train,"Suspecting that Scott had slain his wife, police detectives persuaded one of Scott's employees to re",C,C,True,0,1572,81,"C  
Reasoning: The gold passage indicates that the exclusionary rule does not apply to grand jury proceedings in the same way it does in criminal trials. It emphasizes that allowing motions based on the exclusionary rule would disrupt the grand jury's investigative functions and transform its proceedings into preliminary trials. Therefore, the motion to suppress the evidence of the fingerprint comparisons should be denied, making answer (C) correct.",,-100.0,-18.37500762939453,-8.537868779967539e-06,-100.0,0.9999999895325888
mbe_624,REAL PROP.,1991-Feb,train,"Adam entered into a valid written contract to sell Blackacre, a large tract of land, to Betsy. At th",C,C,True,0,1336,88,"C  
Reasoning: The gold passage establishes that specific performance is typically ordered in contracts involving real estate because the legal remedy of money damages is often inadequate due to the uniqueness of each parcel of land. In this case, Adam acquired title to Blackacre before the scheduled closing with Betsy, which means he now has the legal ability to fulfill the contract. Therefore, Betsy should be awarded specific performance, making answer (C) correct.",,-100.0,-100.0,-19.875001907348636,-100.0,1.0
mbe_625,TORTS,1991-Feb,train,Dayton operates a collection agency. He was trying to collect a $400 bill for medical services rende,A,A,True,0,1860,112,"A  
Reasoning: The gold passage establishes that for a claim of intentional infliction of emotional distress to succeed, the plaintiff must demonstrate that the defendant's conduct was ""so outrageous that it is not tolerated by civilized society."" Dayton's loud demands and threats to file a criminal complaint could be considered extreme and outrageous conduct, especially given the context of Pratt's mother's explanation of their financial difficulties. If Pratt suffered severe emotional distress as a result of Dayton's conduct, he would likely prevail under the standard set forth in the passage, making answer (A) correct.",,-0.011707367375493,-6.011707305908203,-4.761707305908203,-7.761707305908203,0.9885709428771322
mbe_626,CONST. LAW,1991-Feb,train,"Public schools in the state of Green are financed, in large part, by revenue derived from real estat",C,C,True,0,1515,82,"C  
Reasoning: The gold passage establishes that wealth is not considered a suspect classification under the Equal Protection Clause. Since the plaintiffs do not allege a violation of a fundamental right or a suspect classification, the appropriate standard for the court to apply is rational basis review. This means the plaintiffs must demonstrate that the funding allocation formula bears no rational relationship to any legitimate state interest, making answer (C) correct.",,-100.0,-100.0,-18.750015258789062,-100.0,1.0
mbe_627,TORTS,1991-Feb,train,"A car driven by Dan entered land owned by and in the possession of Peter, without Peter's permission",A,C,False,0,1196,73,"C  
Reasoning: The gold passage establishes that liability for trespass can arise from intentional actions (as in allegation I), negligent actions (as in allegation II), or damage caused by the trespass (as in allegation III). Since all three allegations provide a basis for a claim against Dan, the correct answer is (C) I, II, or III.",,-11.75007152557373,-9.75007152557373,-7.123899558791891e-05,-100.0,0.9999338204104368
mbe_628,CRIM. LAW,1991-Feb,train,In which of the following cases is Morrow most likely to be convicted if she is charged with receivi,B,C,False,0,1462,150,"C  
Reasoning: The gold passage discusses the concept of entrapment as an affirmative defense, emphasizing that the defendant must show evidence of governmental instigation and that the state must prove predisposition to commit the crime. In option (C), Morrow bought a car from Cooper, who had stolen the car and was cooperating with the police. This indicates that there was governmental instigation involved, and Morrow's knowledge of the car being stolen suggests she may not have been predisposed to commit the crime without that instigation. Therefore, Morrow is most likely to be convicted in this scenario, as the circumstances indicate she was not merely a victim of a crime but engaged in a transaction with someone who was actively involved in criminal activity and cooperating with",,-5.763432025909424,-4.763432025909424,-0.0134322047233581,-100.0,0.9883039386660972
mbe_633,REAL PROP.,1991-Feb,train,"Leaseco owned Blackacre, a tract of 100 acres. Six years ago, Leaseco leased a one-acre parcel, Onea",B,B,True,0,1492,100,"B  
Reasoning: The gold passage indicates that covenants may be terminated under certain conditions, particularly when changes radically alter the agreement's essential purposes. However, in this case, the conveyance of Oneacre to Jones did not terminate the lease or the obligations of Eatco, as the lease was made subject to the existing lease with Eatco. Therefore, Leaseco can still enforce the covenant for Eatco to pay its share of the off-site improvement costs, making answer (B) correct.",,-100.0,-0.0004456852038856,-7.75044584274292,-100.0,0.9995694429864757
mbe_634,TORTS,1991-Feb,train,"While Patty was riding her horse on what she thought was a public path, the owner of a house next to",B,C,False,0,1556,110,"C  
Reasoning: The gold passage establishes that a property owner may repel a trespasser using reasonable force, but it also emphasizes that the use of unreasonable force is not justified, even against a trespasser. In this case, while the property owner did strike the horse with a stick, Patty did not suffer any physical harm, and the property owner’s actions may not be considered reasonable force. Therefore, since Patty did not sustain any bodily harm, she is unlikely to prevail in her action for damages, making answer (C) correct.",,-8.349458694458008,-0.9744589328765868,-0.4744589328765869,-100.0,0.6223120829072049
mbe_635,REAL PROP.,1991-Feb,train,"Five years ago, Sally acquired Blackacre, improved with a 15-year-old dwelling. This year Sally list",B,B,True,0,1355,89,"B  
Reasoning: The gold passage establishes that when a buyer agrees to purchase property ""as is,"" they acknowledge that they are responsible for any damage resulting from unknown defects. This implies that the ""as is"" provision in the contract limits the seller's liability for undisclosed defects. Therefore, if Sally wins, it will be because the contract's ""as is"" provision controls the rights of the parties, making answer (B) correct.",,-100.0,-1.1472419600977446e-06,-100.0,-100.0,1.0
mbe_636,CRIM. LAW,1991-Feb,train,In which of the following situations would a court applying common-law doctrine be most likely to co,A,A,True,0,1287,97,"A  
Reasoning: The gold passage establishes that a mistake of law is generally not a defense. In situation (A), Defendant believed the statutory period for a person to be presumed dead was three years instead of the actual five years. However, this mistake does not absolve him of the crime of bigamy, as the law clearly states the requirement. Therefore, a court applying common-law doctrine would be most likely to convict Defendant of bigamy despite his mistake regarding the statutory period.",,-0.2392365038394928,-3.73923659324646,-1.7392364740371704,-4.614236354827881,0.7899420211036029
mbe_637,CONTRACTS,1991-Feb,train,"Assuming that there is no controlling statute, is the April 1 agreement an effective defense for Spe",A,C,False,0,1496,84,"C  
Reasoning: The gold passage defines consideration as something of value exchanged between parties, which is necessary for a promise to be enforceable. In this case, Midas's promise not to sue does not constitute valid consideration because Spender was already legally obligated to pay the $1,000 plus interest. Therefore, Midas's promise lacks the necessary consideration to support the agreement, making answer (C) correct.",,-17.00000762939453,-100.0,-6.749814019713085e-06,-100.0,0.9999999586006608
mbe_638,CONTRACTS,1991-Feb,train,"For this question only, assume that on January 2 of the following year Midas's suit has not come to ",D,C,False,0,1952,111,"C  
Reasoning: The gold passage explains that a condition precedent is an event that must occur before a right can be enforced under a contract. In this case, Midas's promise not to sue before December 31 is a condition precedent to Spender's obligation to pay under the April 1 agreement. Since Midas filed suit before that date, he did not fulfill the condition precedent, which means the contract cannot be enforced. Therefore, the new count does not state a claim upon which relief can be granted, making answer (C) correct.",,-8.951078414916992,-100.0,-0.5760788917541504,-0.8260788917541504,0.5621036435963974
mbe_639,CONST. LAW,1991-Feb,train,Which of the following acts by the United States Senate would be constitutionally IMPROPER?,C,C,True,0,1185,79,"C  
Reasoning: The gold passage establishes that the Supreme Court has ""original and exclusive"" jurisdiction to resolve controversies between states. Therefore, if the Senate were to appoint a commission to adjudicate a boundary dispute between two states, it would be acting outside its constitutional authority, as such disputes are meant to be resolved by the Supreme Court. Thus, answer (C) is constitutionally improper.",,-100.0,-100.0,-3.8889261304575484e-06,-100.0,1.0
mbe_641,CONTRACTS,1991-Feb,train,"Pater and his adult daughter, Carmen, encountered Tertius, an old family friend, on the street. Carm",C,A,False,0,1283,93,"A  
Reasoning: The gold passage indicates that a gift can be conditional based on the performance of an act by the donee. Pater's promise to pay Tertius if Carmen does not repay the loan is a conditional promise that lacks consideration, as Pater did not receive anything in return for his promise. Therefore, Pater's best defense is that he received no consideration for his conditional promise to Tertius, making answer (A) correct.",,-7.004696090007201e-05,-11.750069618225098,-13.125069618225098,-100.0,0.9999901160349284
mbe_643,EVIDENCE,1991-Feb,train,"In litigation on a federal claim, Plaintiff had the burden of proving that Defendant received a noti",B,B,True,0,1330,77,"B  
Reasoning: The gold passage indicates that a claimant can rebut the presumption of receipt by making a reasonable showing to the contrary. In this case, Defendant testified that she never received the notice, which serves as a reasonable showing to rebut the presumption. Therefore, the jury may find that the notice was received based on the evidence presented, making answer (B) correct.",,-100.0,-4.5252596464706585e-05,-11.500044822692873,-100.0,0.9999898700046642
mbe_644,EVIDENCE,1991-Feb,train,"In a medical malpractice suit by Payne against Dr. Dock, Payne seeks to introduce a properly authent",A,A,True,0,1312,130,"A  
Reasoning: The gold passage outlines the requirements for admitting evidence under W. Va. R. Evid. 803(6), which includes that the record must be made by a person with knowledge of the matters. However, the notation made by the medical resident, although made in the regular course of practice, does not meet the requirement of being made by someone with personal knowledge of the operation. Despite this, the chart itself is still considered a record of regularly conducted activity, as it was kept in the course of hospital operations. Therefore, the document is admissible as a record of regularly conducted activity, making answer (A) correct.",,-0.4103380441665649,-4.910337924957275,-4.160337924957275,-1.160338044166565,0.6635729571518266
mbe_645,EVIDENCE,1991-Feb,train,Parr sued Davis for damages for physical injuries allegedly caused by Davis's violation of the feder,D,A,False,0,1341,72,"A  
Reasoning: The gold passage emphasizes the importance of the physician-patient privilege, which serves as an absolute bar against the unauthorized disclosure of patient medical records, including those of nonparty patients. Since the Chippewa state code preserves common-law privileges intact, the court should apply state law and recognize the claim of privilege, making answer (A) correct.",,-0.0120488749817013,-7.887048721313477,-4.512048721313477,-100.0,0.9886413734443892
mbe_646,CRIM. LAW,1991-Feb,train,"Kathy, a two-year-old, became ill with meningitis. Jim and Joan, her parents, were members of a grou",A,B,False,0,1577,119,"B  
Reasoning: The passage discusses the concept of malice aforethought as a critical element in defining murder under common law. It indicates that murder requires a specific mental element, which can include intent to kill or serious bodily injury. Jim and Joan's defense that they were pursuing a constitutionally protected religious belief (answer B) could potentially negate the malice element by arguing that their actions were based on their sincere religious convictions rather than an intent to harm Kathy. This defense aligns with the idea that their conduct was not driven by malice, making it their best defense against the murder charge.",,-5.2605299949646,-0.0105301104485988,-5.2605299949646,-100.0,0.9896139638339682
mbe_647,EVIDENCE,1991-Feb,train,"In a prosecution of Dahle for assault, Wharton is called to testify that the victim, Valerian, had c",C,C,True,0,1325,105,"C  
Reasoning: The gold passage discusses the adverse spousal testimony privilege, which allows a spouse to choose whether or not to testify against their partner. In this case, if Wharton is Valerian's husband, he can testify about Valerian's complaint without being compelled to do so, and his testimony is likely to be admitted. The other options (A, B, and D) do not involve the spousal relationship that is relevant to the privilege discussed in the passage, making (C) the correct answer.",,-7.253536701202393,-6.503536701202393,-0.0035368746612221,-6.753536701202393,0.9966269223706072
mbe_648,CONTRACTS,1991-Feb,train,"On January 15, Geetus is entitled to a judgment against Bower for which of the following amounts?",B,C,False,0,1494,102,"C  
Reasoning: The gold passage defines a material breach of contract as a non-performance of a duty that is significant enough to justify the injured party in considering the entire transaction as ended. Bower's failure to pay three installments constitutes a material breach, as it indicates a significant non-performance of her obligation to repay the loan. Therefore, Geetus is entitled to a judgment against Bower for the full amount of the loan, $1,000, plus accrued interest, making answer (C) correct.",,-100.0,-100.0,-0.0002052092313533,-8.500205039978027,0.999796572987521
mbe_649,CONTRACTS,1991-Feb,train,"For this question only, assume that Bower's entire $1,000 debt is due and that she has failed to rep",D,D,True,0,1424,135,"D  
Reasoning: The gold passage outlines the four elements necessary to establish a contract, one of which is sufficient cause or consideration. In this case, Cash's promise to guarantee the loan lacks consideration because he did not receive any benefit from the transaction, which supports defense I. However, defenses II and III are not effective because the acceptance of the offer (the loan to Bower) occurred before Cash's death, and Geetus's notification of acceptance does not affect the validity of the contract formed by Cash's guarantee. Therefore, none of the defenses I, II, or III are sufficient to absolve Cash's estate from liability, making answer (D) correct.",,-1.673995852470398,-2.6739959716796875,-2.4239959716796875,-0.4239958524703979,0.6547762460933563
mbe_651,CONST. LAW,1991-Feb,train,The Federal Family Film Enhancement Act assesses an excise tax of 10% on the price of admission to p,D,D,True,0,1645,101,"D  
Reasoning: The gold passage emphasizes that the government may not impose content-based restrictions on speech without demonstrating a compelling state interest and that such regulations must be narrowly tailored. The Federal Family Film Enhancement Act imposes a tax specifically based on the content of the films shown, which raises significant First Amendment concerns. Therefore, the strongest argument against the constitutionality of the act is that it imposes a tax solely on the basis of the content of speech without adequate justification, making answer (D) correct.",,-100.0,-100.0,-100.0,-1.1875571544806007e-05,1.0
mbe_654,TORTS,1991-Feb,train,"As a result of an accident at the NPP nuclear power plant, a quantity of radioactive vapor escaped f",D,C,False,0,1380,130,"C  
Reasoning: The gold passage discusses the complexities of determining when a cause of action accrues in cases involving long-latency diseases, emphasizing the challenge of linking exposure to harm due to the lengthy latency period. In this scenario, the plaintiffs' ability to prove that any harm they may suffer was caused by the exposure is a substantial issue, as it directly relates to the causation element of their claim. Therefore, option (C) presents a substantial issue, while the other options (A, B, and D) do not present the same level of complexity regarding the legal injury, proof of damages, and the necessity of proving negligence.",,-4.597364902496338,-2.597364902496338,-0.0973649695515632,-4.847364902496338,0.9075680946489504
mbe_655,CONST. LAW,1991-Feb,train,A city ordinance makes the city building inspector responsible for ensuring that all buildings in th,A,C,False,0,1528,94,"C  
Reasoning: The gold passage establishes that public employee speech is protected under the First Amendment if it addresses a matter of public concern. The building inspector's statements regarding the conditions of the buildings and the occupants can be interpreted as comments on a public issue. Since the statements were lawful and pertained to a matter of public concern, the city council's action to discharge the inspector based on these statements likely violates his First Amendment rights, making answer (C) correct.",,-1.502222776412964,-8.877223014831543,-0.2522227764129638,-100.0,0.7771913869488939
mbe_657,EVIDENCE,1991-Feb,train,Pitt sued Dill for damages for back injuries received in a car wreck. Dill disputed the damages and ,B,B,True,0,1234,86,"B  
Reasoning: The gold passage indicates that lay witness testimony must be based on personal perceptions and cannot answer hypothetical questions that require specialized knowledge. Since the hypothetical question posed to Dr. Webb omitted a significant fact (the childhood horseback riding accident), it would be a valid ground for objection because it fails to provide a complete context necessary for a proper evaluation of Pitt's condition. Therefore, answer (B) is the best choice.",,-13.750003814697266,-4.246537173457909e-06,-100.0,-100.0,0.9999989322966688
mbe_658,EVIDENCE,1991-Feb,train,"Daggett was prosecuted for murder of Vales, whose body was found one morning in the street near Dagg",B,B,True,0,1314,117,"B  
Reasoning: The gold passage outlines the criteria for a statement to qualify as an excited utterance, which includes that the statement must relate to a startling event and be made while the declarant is under the stress of excitement caused by that event. In this case, Daggett's wife’s statement, ""You killed him! You killed him!"" was made in response to the startling event of Vales' murder and reflects her emotional state at that moment. Therefore, Witt's testimony about her statement is admissible as an excited utterance, making answer (B) correct.",,-16.7500057220459,-5.200166469876422e-06,-100.0,-100.0,0.999999946842178
mbe_659,REAL PROP.,1991-Feb,train,"Orin owned in fee simple Blueacre, a farm of 300 acres. He died and by will duly admitted to probate",D,D,True,0,1650,95,"D  
Reasoning: The gold passage establishes that the mortgagor is responsible for making mortgage payments but does not incur personal liability for the debt if the mortgage is a non-recourse in rem mortgage. This means that Clara, as a remainderman, cannot be held personally liable for the mortgage payments. However, if the mortgage installments are not paid, her share in the remainder could be lost due to foreclosure. Therefore, answer (D) is correct.",,-9.751164436340332,-7.00116491317749,-8.751164436340332,-0.0011647457722574,0.9988726345185556
mbe_660,CONTRACTS,1991-Feb,train,The trial court will probably rule that the evidence proffered by Bill's is,D,D,True,0,1474,91,"D  
Reasoning: The gold passage establishes that when a contract's language is ambiguous, the parties' course of performance is highly relevant for interpreting the agreement. Since Bill's seeks to introduce evidence of its past returns of undefective radios, which Tune accepted without objection, this evidence is considered significant in determining the parties' intentions regarding the contract. Therefore, the trial court will likely rule that the evidence is admissible, making answer (D) correct.",,-100.0,-100.0,-100.0,-4.320199877838604e-07,1.0
mbe_661,CONTRACTS,1991-Feb,train,"For this question only, assume the following facts. When Bill's returned the 25 radios in question, ",B,A,False,0,1735,129,"A  
Reasoning: The gold passage discusses the concept of consideration in contracts and emphasizes that a contract presumes consideration for its execution. In this case, Bill's defense that Tune's deposit of the check, marked ""Payment in full for all goods sold to Bill's to date,"" estopped Tune from asserting any additional amounts owed is supported by the idea that the acceptance of the check indicates Tune's acknowledgment of the payment as full settlement. This aligns with the principle that once a party accepts a payment marked as full, they cannot later claim additional amounts related to that transaction. Therefore, answer (A) is the best defense for Bill's.",,-0.0067121777683496,-7.381711959838867,-100.0,-5.256711959838867,0.9941600588751978
mbe_662,TORTS,1991-Feb,train,Plaintiff was a passenger in a car that was struck in the rear by a car driven by First. The collisi,A,A,True,0,1522,99,"A  
Reasoning: The gold passage explains that under the theory of joint and several liability, each tortfeasor is liable for the entire injury, regardless of their proportional fault. This means that if it is impossible to apportion damages between the defendants, the burden of that impossibility falls on the wrongdoers rather than the victim. Therefore, Plaintiff's best argument is that the defendants should bear the burden of the impossibility of apportionment, making answer (A) correct.",,-0.0001010399137157,-100.0,-100.0,-100.0,1.0
mbe_663,EVIDENCE,1991-Feb,train,"Darby was prosecuted for sexually abusing his 13-year-old stepdaughter, Wendy. Wendy testified to Da",A,C,False,0,1301,88,"C  
Reasoning: The gold passage establishes that a cross-examiner cannot go beyond the scope of direct examination to present their theory of the case. The question posed by defense counsel regarding Wendy's alleged misconduct does not relate to her truthfulness or the specific allegations of abuse, making it improper and irrelevant to the matter at hand. Therefore, answer (C) is correct as the incident had nothing to do with Wendy's truthfulness.",,-7.750552654266357,-100.0,-0.0005526751047,-9.250553131103516,0.9994734232713528
mbe_664,CRIM. LAW,1991-Feb,train,"David entered the county museum at a time when it was open to the public, intending to steal a Picas",C,B,False,0,1284,150,"B  
Reasoning: The gold passage defines larceny as the wrongful taking of another's property with the intent to permanently deprive the owner of that property. In this case, David intended to steal what he believed was a Picasso etching, but he took a photocopy instead. Since he did not take the original etching and the item he took was not the property of another in the sense of being a valuable item, he did not complete the crime of larceny. However, his intent to commit larceny was present, which makes him guilty of attempted larceny. Therefore, the correct answer is (B) burglary and attempted larceny, as he unlawfully entered the museum with the intent to commit a crime",,-9.37754249572754,-0.0025429665111005,-7.002542972564697,-6.502542972564697,0.997506095689386
mbe_665,CONST. LAW,1991-Feb,train,Insurance is provided in the state of Shoshone only by private companies. Although the state insuran,C,C,True,0,1382,72,"C  
Reasoning: The gold passage establishes that the Equal Protection Clause of the Fourteenth Amendment protects citizens from government conduct, not from actions taken by private entities such as insurance companies. Since Foster's claim is against a private insurance company and not the government, the constitutional guarantee of equal protection does not apply to her situation, making answer (C) correct.",,-100.0,-100.0,-0.0087478868663311,-4.7587480545043945,0.9914225160118671
mbe_666,CRIM. LAW,1991-Feb,train,"If charged with murder of Chip, Jack should be found",A,C,False,0,1366,91,"C  
Reasoning: The gold passage indicates that for transferred intent to apply, the defendant must have intended to kill one person while accidentally killing another. In this case, Jack did not intend for Chip to be shot by the security guard; he merely incited Chip to act violently. Therefore, Jack should be found not guilty because he did not directly cause Chip's death and did not have the intent necessary for murder, making answer (C) correct.",,-1.934044361114502,-3.809044361114502,-0.1840444058179855,-7.434044361114502,0.8325471145746658
mbe_667,CRIM. LAW,1991-Feb,train,"If charged with attempted murder of Morgan, Jack should be found",A,A,True,0,1471,101,"A  
Reasoning: The gold passage discusses the doctrine of transferred intent, which holds a defendant accountable for the consequences of their actions even if the intended victim is not harmed. In this case, Jack intended to kill Morgan and used Chip to carry out that plan. Even though Chip was the one who acted, Jack's intent to kill Morgan can be transferred to the act that resulted in Chip's actions. Therefore, Jack should be found guilty of attempted murder of Morgan, making answer (A) correct.",,-0.0725828930735588,-3.072582960128784,-3.822582960128784,-6.572582721710205,0.930398516344298
mbe_668,CONST. LAW,1991-Feb,train,"The National AIDS Prevention and Control Act is a new, comprehensive federal statute that was enacte",D,B,False,0,1357,81,"B  
Reasoning: The gold passage indicates that Article III provides Congress the authority to regulate the jurisdiction of the United States Supreme Court, including making exceptions to its appellate jurisdiction. Therefore, the provision in the National AIDS Prevention and Control Act that requires legal challenges to be filed directly in the Supreme Court is constitutional as it falls within Congress's power to set such regulations. This makes answer (B) correct.",,-100.0,-7.896309739408025e-07,-16.875,-100.0,0.999999953088325
mbe_671,CONTRACTS,1991-Feb,train,"For this question only, assume the following facts. If Paul had started to paint on the following Sa",A,D,False,0,1619,129,"D  
Reasoning: The gold passage indicates that if unforeseen and substantial difficulties arise in the performance of a contract, and the other party promises additional compensation to complete the contract, that promise is supported by valid consideration. In this case, Paul's inability to complete the painting alone due to underestimating the time required constitutes an unforeseen difficulty. Alice's agreement to pay ""whatever it takes"" to ensure the work is completed on time can be seen as a new or modified contract, thus allowing Paul to recover the additional $200 he incurred for hiring Ted. Therefore, Paul is likely to recover $1,200, making answer (D) correct.",,-8.262439727783203,-8.262439727783203,-1.137439250946045,-0.3874392509460449,0.6788281857420444
mbe_672,CONTRACTS,1991-Feb,train,"For this question only, assume the following facts. Paul commenced work on Saturday morning, and had",B,A,False,0,1428,110,"A  
Reasoning: The gold passage discusses quasi-contracts and equitable principles, indicating that a quasi-contract arises to prevent unjust enrichment when there is no intention of the parties to create an obligation. In this case, since the office building was destroyed by fire without fault from either party, both parties' contractual duties are discharged due to impossibility of performance. Therefore, Paul cannot recover anything from Alice, as there is no basis for a quasi-contract claim since the contract itself is voided by the fire. Thus, answer (A) is correct.",,-0.4082095623016357,-1.4082095623016355,-2.408209562301636,-7.783209800720215,0.6649637163303195
mbe_673,CONST. LAW,1991-Feb,train,The state of Erehwon has a statute providing that an unsuccessful candidate in a primary election fo,C,C,True,0,1412,89,"C  
Reasoning: The gold passage establishes that regulations imposing severe burdens on rights are subject to strict scrutiny, which requires the state to prove that the regulation is narrowly tailored to serve a compelling state interest. Since Sabel is challenging the constitutionality of the Erehwon statute that imposes a significant burden on her right to run for office, the state must demonstrate that the statute meets this strict scrutiny standard, making answer (C) correct.",,-8.000353813171387,-13.000353813171388,-0.0003536966687534,-100.0,0.9996623911002988
mbe_674,REAL PROP.,1991-Feb,train,Rohan executed and delivered a promissory note and a mortgage securing the note to Acme Mortgage Com,B,B,True,0,1406,118,"B  
Reasoning: The gold passage emphasizes that legal ownership of a promissory note is what must be proved to enforce it, regardless of beneficial ownership. In this case, Acme Mortgage Company initially held legal ownership of the note and mortgage when it assigned them to XYZ Bank. Since Acme did not have the authority to sell the note and mortgage to Peterson after already assigning them to XYZ Bank, XYZ Bank retains legal ownership of both the note and the mortgage. Therefore, the court should hold that XYZ Bank owns both the note and the mortgage, making answer (B) correct.",,-2.127997398376465,-0.1279972791671753,-7.002997398376465,-100.0,0.8799961835757063
mbe_677,EVIDENCE,1991-Feb,train,"Paul sued Dyer for personal injuries sustained when Dyer's car hit Paul, a pedestrian. Immediately a",C,A,False,0,1189,83,"A  
Reasoning: The gold passage states that admissions of a party opponent are admissible as exceptions to the hearsay rule. Dyer's statement, ""Don't worry, I'll pay your hospital bill,"" can be interpreted as an admission of liability regarding the accident. Therefore, Paul's testimony concerning Dyer's statement is admissible as it qualifies as an admission by a party opponent, making answer (A) correct.",,-0.2017840296030044,-100.0,-1.7017840147018433,-100.0,0.8175744739711884
mbe_679,CONTRACTS,1991-Feb,train,"Seisin and Vendee, standing on Greenacre, orally agreed to its sale and purchase for $5,000, and ora",A,A,True,0,1391,98,"A  
Reasoning: The gold passage discusses clerical errors, which are mistakes made in the writing or keeping of records that do not involve judicial reasoning. In option (A), the agreement was later reduced to writing and included two acres that were not part of the original oral agreement due to a clerical mistake. This situation aligns with the definition of a clerical error as described in the passage, making reformation appropriate to correct the written agreement to reflect the true intent of the parties.",,-0.0047503882087767,-5.50475025177002,-100.0,-100.0,0.9959298617310396
mbe_680,TORTS,1991-Feb,train,Airco operates an aircraft maintenance and repair business serving the needs of owners of private ai,A,B,False,0,1426,114,"B  
Reasoning: The gold passage establishes that a product is considered defective only if it is ""not reasonably safe"" or ""unreasonably dangerous"" to the user or consumer. In this case, Airco was not negligent in the procurement, inspection, or installation of the engine, and the defect that caused the engine failure was not something that could have been discovered through available inspection and testing procedures. Therefore, since Airco did not contribute to the defect or the resulting damages, Flyer will not recover any compensation from Airco, making answer (B) correct.",,-7.750706195831299,-0.000706236984115,-8.250706672668457,-100.0,0.999308477532463
mbe_681,CONST. LAW,1991-Feb,train,"To encourage the growth of its population, the state of Axbridge established a program that awarded ",C,C,True,0,1650,136,"C  
Reasoning: The gold passage establishes that classifications based on alienage are ""inherently suspect and subject to close judicial scrutiny."" This means that any state law that discriminates against aliens must be justified by a compelling state interest and must be necessary to achieve that interest. The passage indicates that the governmental interest must be carefully examined, and if the means adopted do not withstand this scrutiny, the classification cannot stand. Since the Lills are being denied the award solely based on their alien status, and the state must demonstrate that this classification is necessary to advance a compelling interest, the exclusion of aliens from the Axbridge award program is unconstitutional, making answer (C) correct.",,-100.0,-100.0,-4.036524842376821e-05,-100.0,1.0
mbe_682,TORTS,1991-Feb,train,"While driving at a speed in excess of the statutory limit, Dant negligently collided with another ca",C,C,True,0,1435,120,"C  
Reasoning: The gold passage outlines the elements of proximate cause, specifically that the defendant's act must be a substantial factor in causing the injury. In this case, Dant's negligent driving caused the initial collision, which led to the blockage of the highway and created a dangerous situation. Page's injury arose as a continuing consequence of Dant's negligence, as the circumstances Dant created directly contributed to the conditions under which Page was injured. Therefore, a jury could reasonably find that Dant's actions were a proximate cause of Page's injuries, making answer (C) correct.",,-100.0,-100.0,-6.704273118884885e-07,-17.875,0.9999999827421608
mbe_683,REAL PROP.,1991-Feb,train,"Olin owned Blueacre, a valuable tract of land located in York County. Olin executed a document in th",A,A,True,0,1462,114,"A  
Reasoning: The gold passage discusses the validity of title acquisition by bona fide purchasers or lenders for value, emphasizing that they take title free and clear of subsequent liens. In this case, the deed executed by Olin lacks adequate identification of the grantees, as it only names ""The leaders of all the Protestant Churches in York County"" without specifying individuals. This ambiguity undermines the validity of the deed, making it likely that Plum will prevail due to the inadequacy of the grantee identification in the deed. Therefore, answer (A) is correct.",,-0.0200960151851177,-4.7700958251953125,-5.0200958251953125,-5.5200958251953125,0.980895666628769
mbe_684,CONST. LAW,1991-Feb,train,Old City police officers shot and killed Jones's friend as he attempted to escape arrest for an arme,C,C,True,0,1260,93,"C  
Reasoning: The gold passage establishes that federal courts can only adjudicate the constitutionality of a statute when there is an actual controversy involving the legal rights of litigants. In this case, Jones is seeking a declaratory judgment regarding the constitutionality of the state statute without a direct legal dispute or injury affecting his rights. Therefore, the federal district court should dismiss the action because it does not present a case or controversy, making answer (C) correct.",,-6.066271781921387,-1.3162717819213867,-0.3162718117237091,-7.816271781921387,0.7290673903277962
mbe_686,TORTS,1991-Feb,train,"Pocket, a bank vice president, took substantial kickbacks to approve certain loans that later proved",B,D,False,0,1319,107,"D  
Reasoning: The gold passage outlines the elements required to establish a claim for assault under California law, specifically that the defendant must threaten to touch the plaintiff in a harmful or offensive manner, and it must reasonably appear to the plaintiff that the defendant was about to carry out that threat. Dudd's statement to Pocket, which included a threat of being thrown out bodily if he did not leave, constitutes a threat of harmful or offensive contact. Therefore, Pocket can prevail on his claim for assault, making answer (D) correct.",,-100.0,-13.875007629394531,-12.250007629394531,-7.822646693966817e-06,0.999994272668822
mbe_687,CONST. LAW,1991-Feb,train,"Lee contracted with Mover, an interstate carrier, to ship household goods from the state of Green to",A,A,True,0,1532,120,"A  
Reasoning: The gold passage discusses conflict preemption, which occurs when state law conflicts with federal law, making compliance with both impossible or when state law obstructs the objectives of federal law. In this case, the federal statute governing the liability of interstate carriers explicitly states that liability is governed exclusively by the contract between the parties. Since Lee voluntarily signed a contract that limited Mover's liability, and the federal statute preempts any state tort claims that would contradict this contractual agreement, the court should dismiss the case based on the supremacy of federal law. Thus, answer (A) is correct.",,-0.0003273600013926,-100.0,-100.0,-100.0,1.0
mbe_688,CRIM. LAW,1991-Feb,train,John asked Doris to spend a weekend with him at his apartment and promised her they would get marrie,D,C,False,0,1243,114,"C  
Reasoning: The gold passage outlines the elements of kidnapping, which include illegal holding, overmastering the victim's will, and asportation of the victim. In this scenario, John has abducted Doris by holding her against her will in his apartment, which satisfies the elements of kidnapping. However, since he was arrested before he could complete the act of taking her away (asportation) to demand the ransom, he is also guilty of attempted kidnapping. Therefore, John is guilty of both kidnapping and attempted kidnapping, making answer (C) correct.",,-2.269481420516968,-2.019481420516968,-0.2694814503192901,-100.0,0.7638781948651499
mbe_689,CONST. LAW,1991-Feb,train,Metro City operates a cemetery pursuant to a city ordinance. The ordinance requires the operation of,B,B,True,0,1494,101,"B  
Reasoning: The gold passage outlines the three tests for determining whether a statute violates the establishment clause of the First Amendment. The ordinance in question has a secular legislative purpose, as it primarily governs the operation of a cemetery, which is a secular function. Additionally, allowing the erection of religious memorials does not inherently advance or inhibit religion, nor does it create excessive government entanglement with religion. Therefore, the suit challenging the ordinance is unlikely to be successful, making answer (B) correct.",,-100.0,-0.000219986817683,-100.0,-100.0,1.0
mbe_690,EVIDENCE,1991-Feb,train,"In a civil action for personal injury, Payne alleges that he was beaten up by Dabney during an alter",B,B,True,0,1212,105,"B  
Reasoning: The gold passage defines hearsay as an assertion made out of court that is offered to prove the truth of the matter asserted. In this case, the notation ""Patient says he was attacked by Dabney"" is an out-of-court statement being offered to prove that Dabney attacked Payne, which qualifies as hearsay. Since it does not fall within any recognized exceptions to the hearsay rule, the notation is inadmissible as hearsay not within any exception, making answer (B) correct.",,-100.0,-2.4391956685576588e-05,-11.500024795532228,-100.0,0.9999898700131074
mbe_691,EVIDENCE,1991-Feb,train,Dexter was tried for the homicide of a girl whose strangled body was found beside a remote logging r,A,C,False,0,1279,103,"C  
Reasoning: The gold passage indicates that evidence can be excluded if it is unfairly prejudicial or if it pertains to collateral matters that do not directly relate to the issue at hand. Wilma's testimony about Dexter's prior actions, while potentially relevant to his character, does not directly pertain to the homicide charge and could divert the jury's attention from the main issue of whether Dexter committed the murder. Therefore, the evidence is inadmissible as improper character evidence, making answer (C) correct.",,-7.772411823272705,-4.522411823272705,-0.0224117785692214,-4.522411823272705,0.9778528698680292
mbe_693,REAL PROP.,1991-Feb,train,"Blackacre was a tract of 100 acres retained by Byron, the owner, after he had developed the adjoinin",A,A,True,0,1434,110,"A  
Reasoning: The gold passage establishes that a purchaser is bound by recitals and references in instruments that are part of the chain of title. Since the deed imposing the restrictions on Chaney's five-acre tract was not included in the chain of title for the 95 acres when Dart purchased them, Dart is not bound by those restrictive covenants. Therefore, if Dart wins, it will be because the deed imposing the restrictions was not in the chain of title for the 95 acres when he bought. This makes answer (A) correct.",,-8.65707261255011e-06,-100.0,-100.0,-100.0,1.0
mbe_694,CRIM. LAW,1991-Feb,train,"A grand jury indicted Alice on a charge of arson, and a valid warrant was issued for her arrest. Pau",A,A,True,0,1333,105,"A  
Reasoning: The gold passage establishes that Miranda warnings are only required during custodial interrogation. In this case, Alice was in custody when she made her statement to Paul, but it was not a result of interrogation since Paul did not ask her any questions. Therefore, the statement made by Alice is admissible, and the court should deny the motion to suppress based on the first ground. The second ground regarding deliberate elicitation does not apply here since there was no interrogation. Thus, the correct answer is (A).",,-0.7647423148155212,-1.264742374420166,-1.764742374420166,-2.514742374420166,0.4655094774097465
mbe_695,CONTRACTS,1991-Feb,train,"Debtor's $1,000 contractual obligation to Aunt was due on July 1. On the preceding June 15, Aunt cal",C,C,True,0,1248,90,"C  
Reasoning: The gold passage indicates that payments voluntarily made are not recoverable. In this case, Aunt accepted the payment from Debtor without objection, which implies that she did not enforce the assignment to Niece. Therefore, Aunt's acceptance of the payment effectively revoked the gratuitous assignment to Niece, meaning Niece cannot succeed in an action against Debtor for the $1,000. Thus, answer (C) is correct.",,-100.0,-100.0,-5.512236498361744e-07,-18.625,0.9999999918479748
mbe_696,TORTS,1991-Feb,train,"On appeal, the judgment entered on the directed verdict in Dooley's favor on the battery claim shoul",C,C,True,0,1535,112,"C  
Reasoning: The gold passage outlines the elements of a civil battery claim, which include the requirement that the defendant intentionally performed an act that resulted in harmful or offensive contact with the plaintiff. In this case, if a jury could find that Dooley intended to cause the hecklers to fear being hit by throwing the ball in their direction, this could satisfy the intent requirement for battery. Therefore, the judgment on the directed verdict in Dooley's favor on the battery claim should be reversed and remanded for further consideration, making answer (C) correct.",,-6.251940727233887,-100.0,-0.0019406537758186,-100.0,0.998073265477934
mbe_697,TORTS,1991-Feb,train,"For this question only, assume that, on appeal, the court holds that the question of whether Dooley ",A,A,True,0,1659,115,"A  
Reasoning: The gold passage explains that vicarious liability is imposed by operation of law upon employers for acts of their employees within the course and scope of employment, regardless of fault. Since the court has determined that the question of whether Dooley committed a battery is a jury issue, a jury could find that Dooley's actions were within the scope of his employment as a pitcher for the City Robins. Therefore, if Dooley is found liable for battery, the City Robins could also be held vicariously liable, making answer (A) correct.",,-0.0005547016044147,-100.0,-7.50055456161499,-100.0,0.999447221285736
mbe_698,CONST. LAW,1991-Feb,train,"The School Board of the city of Rulb issued a rule authorizing public school principals to punish, a",C,C,True,0,1974,126,"C  
Reasoning: The gold passage emphasizes that the Due Process Clause protects individuals from bodily restraint and punishment without due process of law, particularly when the punishment is grossly disproportionate to the offense. Teddy's punishment of being confined for 15 school days with his hands clasped is a significant restraint and could be seen as excessive for the minor offense of placing gum on a chair. Therefore, the argument that this punishment violates the due process clause of the Fourteenth Amendment by denying Teddy freedom of movement and subjecting him to disproportionate bodily restraint is the most compelling for his parents' suit, making answer (C) correct.",,-100.0,-100.0,-1.759734732331708e-05,-100.0,1.0
mbe_699,EVIDENCE,1991-Feb,train,Davidson and Smythe were charged with burglary of a warehouse. They were tried separately. At Davids,B,C,False,0,1661,79,"C  
Reasoning: The gold passage establishes that prior inconsistent statements may be admitted as substantive evidence but must be corroborated by other evidence to sustain a conviction. Since Smythe's statement made to Walton is being offered as evidence of guilt but lacks corroboration, it is considered hearsay and is inadmissible under the rules outlined in the passage. Therefore, answer (C) is correct.",,-100.0,-12.750006675720217,-6.2729995988775045e-06,-13.625006675720217,0.9999958878310102
mbe_702,REAL PROP.,1991-Feb,train,"Owen owned Greenacre, a tract of land, in fee simple. By warranty deed he conveyed Greenacre to Lafe",B,B,True,0,1375,94,"B  
Reasoning: The gold passage defines a vested remainder as a present fixed right in the remainderman to take possession upon the natural termination of the preceding estate, with no conditions precedent imposed on the time for the remainder to vest in interest. In this case, Rem had a vested remainder in Greenacre, which was transmitted to Dan upon her death through her will. Therefore, title to Greenacre is now in Dan, making answer (B) correct.",,-5.755834102630615,-0.0058338795788586,-6.005834102630615,-100.0,0.9943703407838098
mbe_703,CONST. LAW,1991-Feb,train,A statute of the state of Illitron declares that after five years of continuous service in their pos,C,A,False,0,2111,93,"A  
Reasoning: The gold passage emphasizes that due process requires an opportunity for a hearing before an individual is deprived of a significant property interest, such as employment. However, the faculty member did not exhaust her state court remedies by appealing the decision of the state administrative board. Therefore, her claim that the state statute is unconstitutional is not ripe for adjudication in federal court until she has pursued all available judicial remedies in state courts, making answer (A) correct.",,-0.0307630393654108,-100.0,-100.0,-3.5307631492614746,0.9706877723755188
mbe_704,TORTS,1991-Feb,train,"Dorfman's dog ran into the street in front of Dorfman's home and began chasing cars. Peterson, who w",B,B,True,0,1230,100,"B  
Reasoning: The gold passage defines negligence as the failure to use due care, which is the care that a reasonably prudent person would exercise under similar circumstances. If Dorfman knew that his dog had a propensity to chase cars and failed to restrain it, he could be found negligent for not exercising the appropriate level of care to prevent the dog from causing harm. Therefore, Peterson could prevail if he can demonstrate that Dorfman's negligence directly contributed to his injuries, making answer (B) correct.",,-11.25003147125244,-3.106736039626412e-05,-11.00003147125244,-14.00003147125244,0.9999694604178662
mbe_705,TORTS,1991-Feb,train,"Dower, an inexperienced driver, borrowed a car from Puder, a casual acquaintance, for the express pu",A,B,False,0,1259,110,"B  
Reasoning: The gold passage states that the measure of damages for the conversion of a chattel is the market value of the chattel at the time and place of conversion. In this case, the car was worth $12,000 at the time of conversion, but since it was damaged and will cost $3,000 to repair, the appropriate measure of damages would be the cost of repair, which is $3,000. Therefore, Puder should recover a judgment for $3,000, making answer (B) correct.",,-8.693512916564941,-0.693512499332428,-0.693512499332428,-100.0,0.4999161484425419
mbe_706,CRIM. LAW,1991-Feb,train,"Miller's, a department store, had experienced a growing incidence of shoplifting. At the store's req",B,C,False,0,1387,98,"C  
Reasoning: The gold passage discusses the concept of a ""reasonable expectation of privacy"" and emphasizes that this expectation is influenced by community norms and the context of the situation. In this case, Detective Best observed Davis committing an act of shoplifting from a vantage point that was not intrusive, and the police had probable cause to arrest her based on her actions. Therefore, the search and seizure of the dress were valid and incident to a lawful arrest, making answer (C) correct.",,-100.0,-16.375,-5.512236498361744e-07,-16.25,0.999999835013235
mbe_707,REAL PROP.,1991-Feb,train,"After Dora had torn down the existing building, she proceeded to excavate deeper. Dora used shoring ",B,A,False,0,1738,109,"A  
Reasoning: The gold passage establishes that liability arises when the removal of lateral support causes the soil to subside, and it emphasizes that a party may be held liable for damages if their actions lead to injury of the adjoining land. In this case, Pam's building suffered extensive damage due to Dora's excavation, which indicates that the lateral support was indeed removed and caused subsidence. Therefore, Dora is liable for the damage to Pam's building because she removed necessary support for Pam's lot, making answer (A) the best choice.",,-0.014393838122487,-4.26439380645752,-100.0,-100.0,0.9859363725176932
mbe_708,REAL PROP.,1991-Feb,train,Assume that no problems with subsidence or other misadventures occurred during construction of Dora',D,D,True,0,1505,104,"D  
Reasoning: The gold passage establishes that a landowner's right to lateral support only extends to the soil in its natural condition and does not protect against changes made by a neighbor that increase pressure on the land. Since Dora has received all necessary governmental approvals and there is no statute or ordinance preventing her from constructing a taller building, Pam has no legal basis for her claim regarding the shadow cast by Dora's new building. Therefore, the court should rule in favor of Dora, as Pam has no cause of action.",,-100.0,-100.0,-12.500004768371582,-4.4849443838757e-06,0.999996273361772
mbe_710,CONST. LAW,1991-Feb,train,"Roberts, a professional motorcycle rider, put on a performance in a privately owned stadium during w",D,D,True,0,1308,82,"D  
Reasoning: The gold passage indicates that the First and Fourteenth Amendments do not provide immunity to a television broadcasting company when it broadcasts a performer's act without consent. This suggests that entertainers retain the commercial value of their performances, and thus the television station's actions could be deemed infringing on Roberts' rights. Therefore, the court should find the station liable, making answer (D) correct.",,-100.0,-100.0,-8.750163078308105,-0.0001630148180993,0.9998415637909548
mbe_711,CONTRACTS,1991-Feb,train,"Stirrup, a rancher, and Equinox, a fancier of horses, signed the following writing: ""For $5,000, Sti",B,D,False,0,1427,111,"D  
Reasoning: The gold passage explains that the parol evidence rule prevents the admission of prior or contemporaneous oral statements that contradict the terms of a written contract that is clear, unambiguous, and fully integrated. In this case, the written agreement between Stirrup and Equinox clearly states the terms of the sale, and Equinox's claims regarding the saddle and the option to choose a brown horse are both oral statements that contradict the written contract. Therefore, the court will not admit any of the evidence, making answer (D) correct.",,-9.26135540008545,-4.511355876922607,-8.51135540008545,-0.0113558517768979,0.9887201110596436
mbe_712,CONTRACTS,1991-Feb,train,"Testator, whose nephew Bypast was his only heir, died leaving a will that gave his entire estate to ",C,C,True,0,1320,109,"C  
Reasoning: The gold passage discusses undue influence in the context of will contests, indicating that actions taken under such influence are not freely done. Bypast's suit contests the will based on a claim of incompetence, which suggests a lack of good faith in pursuing the claim, especially since he had no evidence to support his assertion. Therefore, Bypast's agreement with Craven to settle the suit may not be enforceable, as it is based on a contest that lacks a legitimate basis, making answer (C) correct.",,-100.0,-1.3507490158081057,-0.3507490754127502,-3.350749015808105,0.7053845003113706
mbe_713,EVIDENCE,1991-Feb,train,Parker sues Dix for breach of a promise made in a letter allegedly written by Dix to Parker. Dix den,C,D,False,0,1533,100,"D  
Reasoning: The gold passage outlines various methods for authenticating a writing, including direct testimony from someone familiar with the signature, comparison with an established signature, and circumstantial evidence. However, evidence that the letter was written in response to one written by Parker to Dix does not directly address the authenticity of the signature itself. It does not provide a basis for establishing that Dix wrote the letter, making answer (D) the correct choice as it does not suffice for admitting the letter into evidence.",,-6.380021095275879,-6.630021095275879,-2.130021095275879,-0.130021184682846,0.8781410751919541
mbe_716,REAL PROP.,1991-Feb,train,"Able, owner of Blackacre and Whiteacre, two adjoining parcels, conveyed Whiteacre to Baker and coven",A,A,True,0,1424,85,"A  
Reasoning: The gold passage establishes that an unrecorded land use restriction is enforceable against a purchaser only if the purchaser has actual knowledge of the restriction. In this case, Egan had actual knowledge of Able's covenant to impose restrictions when he completed the transaction, which means Dodd can prevail in enjoining Egan from using Blackacre for filling station purposes. Therefore, answer (A) is correct.",,-0.0033353946637362,-5.753335475921631,-11.128334999084473,-9.003334999084473,0.9966900624736572
mbe_717,TORTS,1991-Feb,train,"While walking on a public sidewalk, Anson was struck by a piece of lumber that fell from the roof of",B,C,False,0,1255,96,"C  
Reasoning: The gold passage indicates that a principal can be held vicariously liable for the acts of an independent contractor only under specific circumstances, such as negligence in selecting or supervising the contractor, the work being inherently dangerous, or the principal having a non-delegable duty. Since none of these exceptions apply to Bruce's situation with Chase, if Chase is indeed an independent contractor, Bruce would not be liable for Chase's negligence, making answer (C) correct.",,-100.0,-1.7015178203582764,-0.2015178054571151,-13.451518058776855,0.8175733017532769
mbe_718,REAL PROP.,1991-Feb,train,Owen contracted to sell Vacantacre to Perry. The written contract required Owen to provide evidence ,C,C,True,0,1491,114,"C  
Reasoning: The gold passage defines ""marketable title"" as one that is free from encumbrances and reasonable doubt regarding its validity. In this case, Owen's title was not marketable because it included an undivided one-eighth interest owned by Alice, which raised a reasonable doubt about the completeness of the title. Perry's objection to the title was valid, and since the contract specified that ""time is of the essence,"" Perry was justified in refusing to close. Therefore, the court will hold for Perry, making answer (C) correct.",,-100.0,-16.500001907348633,-2.1008713702030946e-06,-100.0,0.9999999317439576
mbe_719,CRIM. LAW,1991-Feb,train,"A statute provides: A person commits the crime of rape if he has sexual intercourse with a female, n",B,B,True,0,1448,150,"B  
Reasoning: The gold passage establishes that the prosecution must prove every fact necessary to constitute the crime charged beyond a reasonable doubt. In this case, the court's instruction that the burden of persuasion regarding whether Sally was Dunbar's wife was on the defendant could violate Dunbar's due process rights, as it shifts the burden away from the prosecution to prove that fact. However, the instruction regarding Dunbar's belief about consent does not violate his rights, as it is reasonable for the jury to consider the defendant's belief in consent as part of the defense. Therefore, Dunbar's constitutional rights were violated by the instruction regarding whether Sally was his wife, but not by the instruction on belief as to consent, making answer (B) correct.",,-4.565639972686768,-0.5656400322914124,-2.565639972686768,-1.0656399726867676,0.5681231894347728
mbe_720,TORTS,1991-Feb,train,"Star, who played the lead role in a television soap opera, was seriously injured in an automobile ac",D,D,True,0,1887,109,"D  
Reasoning: The gold passage emphasizes the ""risk standard,"" which limits an actor's liability to those physical harms that result from the risks that made the actor's conduct tortious. In this case, Danton's negligent driving caused physical harm to Star, but Penn's economic loss as a supporting actor is not a direct result of the risks associated with Danton's conduct. Therefore, Danton's liability does not extend to economic losses incurred by Penn that arise solely from the physical harm to Star, making answer (D) correct.",,-100.0,-100.0,-2.35036039352417,-0.1003604382276535,0.9046505312448596
mbe_721,CONTRACTS,1991-Feb,train,"On December 1, Broker contracted with Collecta to sell her one of a certain type of rare coin for $1",A,C,False,0,1481,106,"C  
Reasoning: The gold passage establishes that only donee and creditor beneficiaries have enforceable rights under a contract, while incidental beneficiaries do not. In this case, Collecta is an intended beneficiary of the Broker-Hoarder contract because she was the party for whom Broker was purchasing the coin. Therefore, when Broker repudiated the contract with Hoarder, Collecta's rights to enforce the contract and claim damages became fixed. This makes answer (C) correct, as Collecta can successfully sue Broker for breach of contract.",,-7.001320838928223,-8.501320838928223,-0.0013207156443968,-100.0,0.998885892423045
mbe_724,REAL PROP.,1991-Feb,train,"Owen owned Greenacre in fee simple. The small house on Greenacre was occupied, with Owen's oral perm",D,C,False,0,1513,129,"C  
Reasoning: The gold passage discusses joint tenancy and the rights associated with it, but it does not directly address the situation at hand regarding the tenancy of Baker. However, it is important to note that Owen's permission for Baker to occupy the property preceded the conveyance to Able. This means that Baker's tenancy was established under Owen's ownership, and unless Able has a legal basis to terminate that tenancy, Baker retains his right to occupy the property. Since Able's conveyance does not automatically terminate Baker's tenancy, Baker should prevail as he is a tenant of Owen, not of Able. Thus, answer (C) is correct.",,-100.0,-5.640613079071045,-0.0156129086390137,-4.765613079071045,0.9878901889174516
mbe_725,REAL PROP.,1991-Feb,train,"Owens owned Whiteacre, a dwelling house situated on a two-acre lot in an area zoned for single-famil",C,C,True,0,1588,104,"C  
Reasoning: The gold passage discusses the implications of illegal conversions and the lack of legal recourse for landlords in such situations. It indicates that the illegal conversion creates risks and complications, which would similarly apply to Owens' situation with Whiteacre. Since the conversion of Whiteacre to multiple apartments violates zoning laws, this illegal status creates a risk of litigation, making it reasonable for Peters to refuse to close on the property. Therefore, Owens should lose in his action for specific performance, making answer (C) correct.",,-10.000051498413086,-12.375051498413086,-5.180879816180095e-05,-100.0,0.999950379665858
mbe_728,TORTS,1991-Feb,train,"Ann's three-year-old daughter, Janet, was killed in an automobile accident. At Ann's direction, Jane",C,C,True,0,2205,134,"C  
Reasoning: The gold passage indicates that liability in negligence requires a special duty owed by the defendant, which is determined by the foreseeability of the injury. In this case, the mausoleum had a duty to safeguard Janet's body, and the failure to use reasonable care in securing the vault (as evidenced by the use of a fiberglass panel instead of a permanent seal) could be seen as a breach of that duty. Therefore, if Ann can demonstrate that the mausoleum's lack of reasonable care directly led to the emotional distress she suffered from the discovery of her daughter's body, she would likely prevail in her lawsuit. Thus, answer (C) is correct.",,-9.75034236907959,-9.00034236907959,-0.0003418991982471,-100.0,0.9998183286280464
mbe_729,CONTRACTS,1991-Feb,train,"Wastrel, a notorious spendthrift who was usually broke for that reason, received the following lette",D,A,False,0,1555,104,"A  
Reasoning: The gold passage discusses the elements required to prove fraud and promissory estoppel, but it does not provide a basis for enforcing a promise to make a future gift. In this case, Bullion's promise to give Wastrel $5,000 is a promise to make a gift, which is generally not enforceable under contract law. Therefore, Bullion's best defense is that a promise to make a gift in the future is not enforceable, making answer (A) correct.",,-0.3853471875190735,-2.1353471279144287,-1.8853471279144287,-100.0,0.7158687418042051
mbe_730,CONST. LAW,1991-Feb,train,Congress passed a bill prohibiting the President from granting a pardon to any person who had not se,C,C,True,0,1257,77,"C  
Reasoning: The gold passage establishes that the President's pardoning power is derived from the Constitution and cannot be modified or diminished by Congress. Therefore, the act of Congress prohibiting the President from granting pardons to individuals who have not served a certain portion of their sentence interferes with the President's plenary power to grant pardons, making answer (C) correct.",,-100.0,-100.0,-4.961759259458631e-06,-100.0,1.0
mbe_731,EVIDENCE,1991-Feb,train,"Defendant is on trial for the crime of obstructing justice by concealing records subpoenaed May 1, i",D,C,False,0,1266,94,"C  
Reasoning: The gold passage discusses the ""necessary witness"" test, which implies that an attorney's testimony can be compelled if it is material and unobtainable elsewhere. In this case, if Attorney knew of the illegal purpose for which Defendant sought advice, the privilege may not apply, allowing the testimony to be admissible. Therefore, answer (C) is correct, as it specifies that the testimony is not privileged if Attorney was aware of the illegal purpose.",,-100.0,-10.880285263061523,-0.0052852230146527,-5.255285263061523,0.9947611464326462
mbe_732,TORTS,1991-Feb,train,"Prad entered Drug Store to make some purchases. As he was searching the aisles for various items, he",D,C,False,0,1622,118,"C  
Reasoning: The gold passage establishes that a store owner owes a duty to exercise ordinary care towards customers, which includes maintaining the premises in a reasonably safe condition and warning customers of unsafe conditions that are unknown to them. Prad, as a customer, was entitled to this duty of care. The presence of the open shaft constitutes an unsafe condition that the clerk knew about but failed to warn Prad, who was unaware of it. Therefore, Prad can recover damages because the premises were defective with respect to his status as a public invitee, making answer (C) correct.",,-100.0,-6.444928646087647,-0.6949285864830017,-0.6949285864830017,0.4992055690979339
mbe_733,CRIM. LAW,1991-Feb,train,A statute in the jurisdiction defines murder in the first degree as knowingly killing another person,B,B,True,0,1700,150,"B  
Reasoning: The gold passage defines murder as the unlawful killing of a human being with ""malice aforethought,"" which can be established through various means, including intentional acts or conduct showing reckless indifference to human life. In this case, Duncan fired several rounds into the liquor store, which demonstrates a reckless disregard for the safety of others, even though he did not intend to kill the burglar specifically. Since the act of firing the weapon was done during the commission of a dangerous felony (the armed robbery), it aligns with the definition of murder in the second degree, which encompasses all other murder at common law except felony-murder. Therefore, the most serious degree of criminal homicide Duncan is guilty of is murder in the second degree, making answer",,-4.589262008666992,-0.0892619118094444,-2.589262008666992,-100.0,0.9147507328822426
mbe_735,TORTS,1991-Feb,train,"In the course of a bank holdup, Robber fired a gun at Guard. Guard drew his revolver and returned th",C,C,True,0,1201,76,"C  
Reasoning: The gold passage defines battery as an unlawful touching or striking done with the intention of causing harmful or offensive contact. In this case, Guard fired his weapon in self-defense against Robber, which is a legally privileged action. Therefore, if Guard acted reasonably in his defense, he would not be liable for battery to Plaintiff, making answer (C) correct.",,-100.0,-6.751175880432129,-0.0011758207110688,-100.0,0.9988304898047072
mbe_739,TORTS,1991-Feb,train,"Jones and Smith, who were professional rivals, were attending a computer industry dinner where each ",C,B,False,0,1289,95,"B  
Reasoning: The gold passage outlines the requirements for establishing a prima facie case of defamation, which includes the necessity for the defamatory statement to be published to a third person. In this case, Jones's statement was made directly to Smith and not intended for Brown, who merely overheard the conversation. Therefore, since the statement was not published to a third party in a manner that meets the defamation criteria, Smith will not prevail in his claim against Jones.",,-12.000008583068848,-8.65707261255011e-06,-100.0,-100.0,0.999993855824943
mbe_741,CONST. LAW,1991-Feb,train,Small retailers located in the state of Yellow are concerned about the loss of business to certain l,B,B,True,0,1330,115,"B  
Reasoning: The gold passage discusses the criteria for determining the validity of state statutes affecting interstate commerce, emphasizing that a statute will be upheld if it regulates even-handedly to effectuate a legitimate local public interest and if its effects on interstate commerce are only incidental. However, if the burden on interstate commerce is clearly excessive in relation to the local benefits, the statute may be invalidated. The plaintiffs' argument that the statute imposes an unreasonable burden on interstate commerce directly addresses this concern, making it the most persuasive argument in light of the precedent established in the passage.",,-100.0,-0.0003811025235336,-100.0,-100.0,1.0
mbe_742,TORTS,1991-Feb,train,"The Pinners, a retired couple, had lived in their home in a residential neighborhood for 20 years wh",C,A,False,0,1417,94,"A  
Reasoning: The gold passage establishes that to prove a nuisance, a plaintiff must demonstrate that the defendant's use of their property unreasonably interferes with the plaintiff's right to peacefully use their property. The Pinners can prevail if they show that the noise from the Darleys' children playing in the pool constitutes a substantial interference with their enjoyment of their home. Therefore, answer (A) is correct as it aligns with the requirement of showing substantial interference.",,-0.0047263144515454,-100.0,-5.504726409912109,-100.0,0.99592986267106
mbe_743,EVIDENCE,1991-Feb,train,Which of the following items of evidence is LEAST likely to be admitted without a supporting witness,C,C,True,0,1325,131,"C  
Reasoning: The gold passage states that documents must be authenticated to be admissible at trial, and while some documents can be self-authenticating, others require competent testimony. A memorandum from the Defendant Company president printed on the company's letterhead (option C) is likely to require a supporting witness to authenticate it, as it is not inherently self-authenticating and would need testimony to establish its origin and authenticity. In contrast, the other options (A, B, and D) involve documents that are more likely to be self-authenticating or require less stringent authentication, making option C the least likely to be admitted without a supporting witness.",,-2.954303503036499,-2.704303503036499,-0.7043035626411438,-0.9543035626411438,0.4951634157698815
mbe_744,CONTRACTS,1991-Feb,train,"If Mater subsequently asserts and Nirvana denies that the parties had a binding contract on May 3, w",A,C,False,0,1463,95,"C  
Reasoning: The gold passage indicates that when the writings of the parties do not clearly establish a contract, it is not necessary to determine which document constituted the offer and which constituted the acceptance. This supports Mater's position because her acceptance of Nirvana's offer and her own offer can be viewed as functionally equivalent, thus creating a binding contract. Answer (C) most persuasively supports Mater's claim that the correspondence between the parties resulted in a binding agreement.",,-8.25080680847168,-8.25080680847168,-0.0008066523587331,-100.0,0.999477755848433
mbe_745,CONTRACTS,1991-Feb,train,"For this question only, assume the following facts. On May 4, Mater and Nirvana Motors both signed a",B,B,True,0,2018,136,"B  
Reasoning: The gold passage outlines the requirements for a third-party beneficiary to assert rights under a contract, specifically that the contract must be valid, intended for the beneficiary's benefit, and that the benefit must be immediate rather than incidental. In this case, Dilbert is an intended beneficiary of the contract between Mater and Nirvana, as the contract was explicitly for a wedding gift for him. Furthermore, Dilbert's reliance on the contract by selling his Cheetah on May 20 demonstrates that he has a vested interest in the contract, making his rights enforceable. Therefore, the court will likely decide in favor of Dilbert, making answer (B) correct.",,-100.0,-0.0003513125702738,-8.000350952148438,-100.0,0.9996646497487064
mbe_746,CONST. LAW,1991-Feb,train,"A federally owned and operated office building in the state of West Dakota is heated with a new, pol",C,C,True,0,1305,92,"C  
Reasoning: The gold passage establishes that the activities of the Federal Government are immune from regulation by any state under the Supremacy Clause. Since the operators of the federal office building are acting in their capacity as federal employees and the state of West Dakota's pollution control standards would regulate their operations directly, the state law is invalid. Therefore, the operators cannot be prosecuted successfully by West Dakota authorities for violating those standards, making answer (C) correct.",,-100.0,-100.0,-20.125003814697266,-100.0,1.0
mbe_748,EVIDENCE,1991-Feb,train,Under the rule allowing exclusion of relevant evidence because its probative value is substantially ,C,C,True,0,1162,83,"C  
Reasoning: The gold passage outlines the considerations that may lead to the exclusion of relevant evidence, including unfair prejudice, confusion of issues, misleading the jury, undue delay, wasting time, and cumulative evidence. However, the passage does not mention the opponent being surprised by the evidence as a valid consideration for exclusion. Therefore, answer (C) is NOT to be considered under the rule stated in the passage.",,-13.750007629394531,-100.0,-7.226628895296017e-06,-13.750007629394531,0.9999978645974
mbe_749,CONTRACTS,1991-Feb,train,"On June 1, Buyem, Inc., a widget manufacturer, entered into a written agreement with Mako, Inc., a t",C,C,True,0,1630,119,"C  
Reasoning: The gold passage indicates that a modification of a contract is a change in the obligations of a party by mutual agreement. In this case, Buyem and Mako mutually agreed to modify the original contract to increase the price to $60,000. Since Mako delivered the dies as per the modified agreement, Mako is entitled to recover the additional $10,000 based on the modification, which is enforceable under the Uniform Commercial Code. Therefore, answer (C) is correct as it directly supports Mako's action to recover the amount owed under the modified contract.",,-100.0,-100.0,-6.511406809295295e-06,-100.0,1.0
mbe_750,REAL PROP.,1991-Feb,train,"Twenty years ago, Test, who owned Blackacre, a one-acre tract of land, duly delivered a deed of Blac",C,A,False,0,1410,126,"A  
Reasoning: The gold passage indicates that a quiet title action requires the plaintiff to prevail based on the strength of their own claim to title. In this case, Owner has a valid quitclaim deed from School District, which had a vested interest in Blackacre as long as it was used for school purposes. Since the School District has ceased using the property for that purpose, the condition of the deed has been violated, allowing the School District to transfer its interest to Owner. Therefore, Owner's claim to title is strong, and he should prevail in the action to quiet title against Sonny, Fanny, and School District.",,-0.0095114530995488,-5.009511470794678,-6.009511470794678,-8.38451099395752,0.9906411564328758
mbe_751,REAL PROP.,1991-July,train,"By warranty deed, Marta conveyed Blackacre to Beth and Christine ""as joint tenants with right of sur",C,A,False,0,1201,101,"A  
Reasoning: The gold passage indicates that a joint tenant can convey her interest in the property, which defeats the right of survivorship. In this case, Beth conveyed her interest to Eugenio, which means that Beth's right of survivorship with Christine was severed. After Beth's death, Eugenio would inherit her interest in Blackacre. Christine then conveyed her interest to Darin, making Darin the sole owner of Blackacre. Therefore, title to Blackacre is in Darin.",,-0.1665502190589904,-100.0,-1.9165501594543457,-5.166550159454346,0.8470901470590608
mbe_752,TORTS,1991-July,train,"Peavey was walking peacefully along a public street when he encountered Dorwin, whom he had never se",C,C,True,0,1319,97,"C  
Reasoning: The gold passage outlines that the elements of civil battery include the requirement that the defendant intentionally performed an act that resulted in harmful contact. If Dorwin did not know that he was striking a person, this could negate the intentionality required for battery, as he would not have intended to make contact with a person at all. Therefore, answer (C) is Dorwin's best defense, as it directly addresses the necessity of intentionality in the context of battery.",,-5.505331039428711,-100.0,-0.0053312322124838,-7.005331039428711,0.995026207899927
mbe_754,CONTRACTS,1991-July,train,"For this question only, assume the following facts. Structo informed Bailey (accurately) that becaus",C,C,True,0,1358,106,"C  
Reasoning: The gold passage indicates that a contract modification is not considered substantively unconscionable unless the terms are grossly unfair under the circumstances that existed when the parties entered into the contract. In this case, Structo encountered unforeseen circumstances (the solid rock) that necessitated an increase in costs. Bailey's agreement to pay the additional $20,000 was made in light of these unexpected circumstances, making the modification fair. Therefore, Structo is entitled to the modified contract price of $520,000.",,-4.7894134521484375,-7.0394134521484375,-0.0394134260714054,-3.539413452148437,0.9617595186770664
mbe_755,CONTRACTS,1991-July,train,"For this question only, assume the following facts. Upon encountering the rock formation, Structo, i",D,B,False,0,1566,111,"B  
Reasoning: The gold passage establishes that the proper measure of damages in a breach of contract for real estate is the difference between the contract price and the fair market value of the property at the time of the breach. In this case, Structo has substantially performed the contract, and the cost of correcting the driveway would involve economic waste, as the fair market value of the property exceeds the contract price. Therefore, Structo is entitled to recover the cost of correcting the driveway, which is $30,000, making answer (B) correct.",,-8.501420974731445,-0.0014213069807738,-6.751421451568604,-100.0,0.998627538351659
mbe_756,CRIM. LAW,1991-July,train,Larson was charged with the murder of a man who had been strangled and whose body was found in some ,A,A,True,0,1628,127,"A  
Reasoning: The gold passage discusses the exclusionary rule and its purpose, which is to deter police misconduct and protect constitutional rights. It states that the rule does not apply to all evidence obtained without a warrant or probable cause if there is no governmental misconduct involved. In this case, Larson consented to the search, and there is no indication that the police engaged in any misconduct or coercion. Additionally, Larson's inability to remember the diary entry does not negate his consent to the search, as he was not compelled to make the entry. Therefore, the diary should be admitted as evidence, making answer (A) correct.",,-2.176947600673884e-05,-100.0,-100.0,-100.0,1.0
mbe_757,EVIDENCE,1991-July,train,"In contract litigation between Pixley and Dill, a fact of consequence to the determination of the ac",A,A,True,0,1376,70,"A  
Reasoning: The gold passage indicates that a court may take judicial notice of the existence of documents and facts, even if a party does not request it. Therefore, the court can recognize that Capitan is the state capital without Pixley needing to provide additional proof or request judicial notice, making answer (A) the most clearly correct statement.",,-6.456358823925257e-05,-100.0,-100.0,-100.0,1.0
mbe_758,CONST. LAW,1991-July,train,A statute of the state of East Dakota requires each insurance company that offers burglary insurance,C,C,True,0,1418,108,"C  
Reasoning: The gold passage outlines the criteria for a statute to be considered a proper exercise of police power, emphasizing that it must be appropriate, reasonably necessary, and not arbitrary or unjust. The statute in question requires uniform rates for burglary insurance within the same county, which can be seen as a reasonable regulation aimed at ensuring fairness and stability in the insurance market. Since the statute does not appear to be unduly harsh or disproportionate to its intended goal, the court should hold the statute constitutional, making answer (C) correct.",,-100.0,-100.0,-8.2994620242971e-06,-100.0,1.0
mbe_759,CRIM. LAW,1991-July,train,Dawson was charged with felony murder because of his involvement in a bank robbery. The evidence at ,B,B,True,0,1374,112,"B  
Reasoning: The gold passage establishes that the Eighth Amendment does not permit the imposition of the death penalty on someone who aids and abets a felony in which a murder is committed by others, provided that the individual did not kill, attempt to kill, or intend for lethal force to be used. In this case, Dawson did not kill anyone and expressed regret about his involvement in the robbery before it occurred. Therefore, while he can be convicted of felony murder, the death penalty cannot be imposed on him, making answer (B) correct.",,-5.754495620727539,-0.0044955159537494,-6.754495620727539,-100.0,0.9956652122307992
mbe_760,EVIDENCE,1991-July,train,"In an automobile negligence action by Popkin against Dwyer, Juilliard testified for Popkin. Dwyer la",B,C,False,0,1505,85,"C  
Reasoning: The gold passage establishes that courts do not allow one witness to comment on the veracity of another witness, which includes specific instances of conduct used to prove character. Therefore, Popkin's counsel's question to Watts about making a false affidavit is improper as it attempts to impeach Watts by referencing a specific instance of conduct rather than addressing general reputation for truthfulness. This makes answer (C) correct.",,-100.0,-13.250160217285156,-0.000160511539434,-8.750160217285156,0.9998398039483132
mbe_761,TORTS,1991-July,train,David built in his backyard a garage that encroached two feet across the property line onto property,C,B,False,0,1406,91,"B  
Reasoning: The gold passage indicates that a landowner does not owe a duty of care to a trespasser, and since David no longer owns or possesses the garage, he cannot be held liable for trespass after selling the property to Drake. Prudence's claim against David for damages for trespass is unlikely to prevail because he is not the current owner of the property where the encroachment exists, making answer (B) correct.",,-12.500042915344238,-4.274932143744081e-05,-10.500042915344238,-100.0,0.999968737880019
mbe_762,EVIDENCE,1991-July,train,Poole sued Darrel for unlawfully using Poole's idea for an animal robot as a character in Darrel's s,D,D,True,0,1245,95,"D  
Reasoning: The gold passage explains that the best evidence rule applies specifically to documents and their contents, requiring the original document or a sufficient excuse for its nonproduction. Since the model is not a document but rather a physical object, the best evidence rule does not apply in this case. Therefore, Poole does not need to show that he did not destroy the model in bad faith, give advance notice, or introduce a photograph, making answer (D) correct.",,-5.144197463989258,-6.644197463989258,-1.1441973447799685,-0.3941973149776459,0.6743321661453735
mbe_763,REAL PROP.,1991-July,train,"Lanny, the owner of Whiteacre in fee simple, leased Whiteacre to Teri for a term of ten years by pro",D,B,False,0,1581,114,"B  
Reasoning: The gold passage establishes that an option to purchase in a lease remains valid as long as the lease is still in effect. Since Lanny's lease with Teri was valid at the time of the attempted exercise of the option, the relevant jurisdiction's rule that allows for the conveyance of marketable title as long as any outstanding option has not been exercised supports Lanny's position. Therefore, answer (B) is correct, as it aligns with the principle that marketable title can be conveyed despite the existence of an unexercised option.",,-7.2512125968933105,-0.0012126143556088,-100.0,-100.0,0.9992903295885156
mbe_764,TORTS,1991-July,train,Daniel and a group of his friends are fanatical basketball fans who regularly meet at each others' h,B,A,False,0,1736,120,"A  
Reasoning: The gold passage establishes that a police officer or firefighter cannot recover damages for common-law negligence if their injury occurred while performing their duties, which increased the risk of injury. In this case, Officer was injured while intervening in a fight that was a direct result of the rowdy behavior of Daniel's guests, which Daniel had no control over once the situation escalated. Therefore, the best argument in support of Daniel's motion to dismiss the complaint is that a rescuer injured while attempting to avert a danger cannot recover damages from the endangered person, making answer (A) correct.",,-0.7994069457054138,-0.7994069457054138,-2.2994070053100586,-100.0,0.4498162203492424
mbe_769,CRIM. LAW,1991-July,train,Jones wanted to kill Adams because he believed Adams was having an affair with Jones's wife. Early o,A,C,False,0,1236,99,"C  
Reasoning: The gold passage outlines the essential elements of attempted murder, which require that the defendant engage in conduct that constitutes a substantial step toward killing another human being. In this case, Jones fired shots at Adams, but since none of the shots came close to Adams due to the distance and the limited range of the pistol, it was impossible for him to have killed Adams. Therefore, he cannot be guilty of attempted murder or any lesser included offense, making answer (C) correct.",,-12.752008438110352,-6.252008438110352,-0.0020085759460926,-100.0,0.998070373932409
mbe_770,CONST. LAW,1991-July,train,Widgets are manufactured wholly from raw materials mined and processed in the state of Green. The on,C,C,True,0,1525,113,"C  
Reasoning: The passage discusses the limitations imposed by the dormant Commerce Clause on state regulations that may discriminate against or burden interstate commerce. While states have powers reserved to them by the Tenth Amendment, this does not grant them unlimited authority to impose taxes that may violate the Commerce Clause. Therefore, the argument that states have plenary authority to construct their tax system in any manner they choose (answer C) is the least helpful in defending the constitutionality of the proposed tax, as it does not address the potential conflict with interstate commerce principles outlined in the passage.",,-100.0,-100.0,-0.0001018743350869,-10.500102043151855,0.9999724643135338
mbe_771,REAL PROP.,1991-July,train,"Blackacre is a large tract of land owned by a religious order known as The Seekers. On Blackacre, Th",C,C,True,0,1804,116,"C  
Reasoning: The gold passage indicates that the scope of an easement is determined by the language of the easement and the surrounding circumstances. It also states that increased use or expansion of the easement is permissible unless it unreasonably burdens the servient estate. In this case, The Seekers have used the easement for 20 years without incident, and the expansion of use due to the nursing home does not appear to unreasonably burden Sally's property. Therefore, the court is likely to hold for The Seekers, making answer (C) correct.",,-14.37543487548828,-7.750434398651123,-0.0004344837507233,-100.0,0.9995688718738488
mbe_772,REAL PROP.,1991-July,train,"Three months ago, Bert agreed in writing to buy Sam's single-family residence, Liveacre, for $110,00",D,B,False,0,1450,87,"B  
Reasoning: The gold passage outlines the requirements for a breach of contract action, specifically that a material breach must occur for the non-breaching party to claim damages. In this case, Bert was legally justified in not completing the contract due to his job transfer, which constitutes a valid reason for his inability to close. Therefore, Sam must return the $5,000 deposit to Bert, making answer (B) correct.",,-7.682602882385254,-0.0576028376817703,-4.807602882385254,-3.057602882385254,0.944352288511379
mbe_773,CONTRACTS,1991-July,train,"Rollem, an automobile retailer, had an adult daughter, Betsy, who needed a car in her employment but",A,C,False,0,1397,84,"C  
Reasoning: The gold passage establishes that consideration, which is something bargained for and given in exchange for a promise, is essential for a binding contract. In this case, Betsy's payment of $3,000 is inadequate consideration compared to the car's reasonable worth of $10,000. Therefore, Rollem's promise lacks the necessary consideration to form a valid contract, making answer (C) correct.",,-15.250000953674316,-100.0,-1.1472419600977446e-06,-14.875000953674316,0.9999994151305208
mbe_774,TORTS,1991-July,train,"Peter, who was 20 years old, purchased a new, high-powered sports car that was marketed with an inte",C,C,True,0,1431,122,"C  
Reasoning: The gold passage outlines the elements of a claim for failure to warn based in negligence, which includes the requirement that the product did not contain an adequate warning of the alleged defect or hazard. In this case, the owner's manual stated that ""continuous driving over 90 miles per hour requires high-speed-capability tires,"" but it did not specify the limitations of the tires that were actually mounted on the car. If this lack of adequate warning contributed to Peter's decision to drive at excessive speeds, he may prevail in his strict product liability action against the manufacturer, making answer (C) correct.",,-13.375004768371582,-100.0,-4.36574100604048e-06,-14.250004768371582,0.9999977989103456
mbe_775,EVIDENCE,1991-July,train,"In a federal court diversity action by Plant against Decord on an insurance claim, a question arose ",C,C,True,0,1135,75,"C  
Reasoning: The gold passage indicates that the law of the state whose substantive law is applied determines the applicable legal principles in an insurance contract case. Since the question pertains to a presumption regarding the order of death in a common accident, this presumption would be governed by the substantive law of the state relevant to the insurance claim, making answer (C) correct.",,-100.0,-100.0,-19.75001335144043,-100.0,1.0
mbe_776,CRIM. LAW,1991-July,train,"Plagued by neighborhood youths who had been stealing lawn furniture from his back yard, Armando rema",C,C,True,0,1246,82,"C  
Reasoning: The gold passage states that the elements of second-degree assault include reckless infliction of substantial bodily harm. Armando's action of firing a shotgun into the bushes, without knowing who or what was there, demonstrates a reckless disregard for the safety of others, particularly since he struck a child. Therefore, he is guilty of second-degree assault for recklessly causing serious physical injury to the child.",,-100.0,-100.0,-20.125,-100.0,1.0
mbe_777,CONST. LAW,1991-July,train,Twenty percent of the residents of Green City are members of minority racial groups. These residents,D,D,True,0,1504,87,"D  
Reasoning: The gold passage explains that the Fifteenth Amendment prohibits discrimination against individuals based on race in matters related to voting. The plaintiffs in this case are members of minority racial groups who claim that the single-member districting system diminishes their ability to affect election outcomes, which directly relates to their voting rights. Therefore, the most obvious constitutional basis for their claim is the Fifteenth Amendment, making answer (D) correct.",,-100.0,-100.0,-100.0,-4.60414821645827e-06,1.0
mbe_780,CONTRACTS,1991-July,train,"For this question only, assume the following facts. After completing 25% of the garage strictly acco",B,C,False,0,1338,127,"C  
Reasoning: The gold passage defines a material breach of contract as a significant non-performance that justifies the injured party in considering the contract as ended. In this case, Karp's demand for a progress payment of $2,000 was not supported by any terms in the contract regarding progress payments, and Manor's refusal to pay was reasonable given the lack of such terms. Karp's abandonment of the job after Manor's refusal constitutes a material breach, as he failed to perform his contractual duties. Therefore, only Manor is in breach and liable for Karp's damages, if any, making answer (C) correct.",,-4.514377593994141,-1.5143775939941406,-0.2643775641918182,-7.014377593994141,0.7680846089218352
mbe_781,CONTRACTS,1991-July,train,"For this question only, assume the following facts. After completing 25% of the garage strictly acco",C,C,True,0,1438,82,"C  
Reasoning: The gold passage establishes that an assignee stands in the shoes of the assignor and can assert only the rights that the assignor could have asserted. Since Karp breached the contract by abandoning the job, Manor has a right to recoup damages for that breach. Therefore, Manor can assert this right against Banquo as Karp's assignee, making answer (C) correct.",,-100.0,-16.750045776367188,-4.56102097814437e-05,-100.0,0.9999999468421592
mbe_783,CONTRACTS,1991-July,train,"On June 1, Topline Wholesale, Inc., received a purchase-order form from Wonder-Good, Inc., a retaile",D,A,False,0,1616,100,"A  
Reasoning: The gold passage outlines the criteria for establishing a material alteration, which includes the existence of a material alteration to the underlying contract, lack of consent to the alteration, and harm resulting from the alteration. In this case, the liability-limitation clause in Topline's acceptance form constitutes a material alteration of the original offer from Wonder-Good. Since Wonder-Good did not consent to this alteration, there is no contract formed between the parties, making answer (A) correct.",,-0.8631469011306763,-1.3631469011306765,-1.6131469011306765,-2.1131467819213867,0.4227611127510138
mbe_784,TORTS,1991-July,train,Electco operates a factory that requires the use of very high voltage electricity. Paul owns propert,C,D,False,0,1642,95,"D  
Reasoning: The gold passage discusses the tort of interference with a prospective economic advantage, which requires wrongful conduct that disrupts a valid economic expectancy. In this case, Paul's harm is purely economic and does not arise from physical harm to his person or property. Therefore, he is unlikely to prevail in his action against Electco, as the passage implies that economic losses without physical harm do not meet the necessary criteria for recovery. Thus, answer (D) is correct.",,-100.0,-12.126522064208984,-6.501522064208984,-0.0015222413931041,0.9984934115249664
mbe_785,REAL PROP.,1991-July,train,"Les leased a barn to his neighbor, Tom, for a term of three years. Tom took possession of the barn a",C,C,True,0,1381,108,"C  
Reasoning: The gold passage defines attornment, which relates to the tenant's agreement to recognize a new landlord. However, the key issue in this scenario is Les's knowledge of the dangerous condition of the barn and his failure to warn Tom. Since Les was aware of the rot and did not inform Tom, he may be held liable for Tom's injuries. Therefore, Tom should recover damages based on Les's negligence in failing to disclose the danger, making answer (C) the most appropriate comment concerning the outcome of the action.",,-100.0,-100.0,-2.3199920178740285e-05,-100.0,1.0
mbe_786,EVIDENCE,1991-July,train,"Dahle is charged with possession of heroin. Prosecution witness Walker, an experienced dog trainer, ",A,C,False,0,1407,123,"C  
Reasoning: The gold passage emphasizes that for an opinion to be admissible under Rule 701, it must be rationally based on the witness's perception and must be reasonably reliable. Walker's testimony about the dog's reaction is based on the dog's behavior, which does not constitute firsthand perception of the contents of the briefcase. Additionally, the dog's reaction could be considered hearsay, as it does not provide a reliable basis for concluding that the briefcase contained heroin. Therefore, Walker's testimony is inadmissible due to its reliance on hearsay not within any exception, making answer (C) correct.",,-100.0,-13.250001907348633,-2.339278580620885e-06,-14.875001907348633,0.9999978930244756
mbe_789,CONTRACTS,1991-July,train,Does Dominique have a cause of action against Hardcash?,B,B,True,0,1403,110,"B  
Reasoning: The gold passage discusses reliance damages, which are intended to reimburse a plaintiff for expenditures made in reliance on a contract. Dominique's actions in demolishing the old building were a direct result of her reliance on Hardcash's promise to lend her $100,000. This reliance was substantial, reasonable, and foreseeable, as she took a significant step based on the expectation that the loan would be provided. Therefore, Dominique has a cause of action against Hardcash based on her reliance on his promise, making answer (B) correct.",,-13.00000286102295,-3.173704271830502e-06,-100.0,-100.0,0.9999977396749954
mbe_790,CONTRACTS,1991-July,train,"For this question only, assume that Dominique has a cause of action against Hardcash. If she sues hi",C,C,True,0,1513,125,"C  
Reasoning: The gold passage outlines the criteria for recovering expectation damages, emphasizing that such damages must be foreseeable, caused by the breach, and shown with reasonable certainty. In this case, since Dominique incurred a $10,000 expense for the demolition of the old building based on Hardcash's promise, she can recover reliance damages for that expense. The adjustment for the market value of her land after the demolition is relevant to determine the actual impact of the breach. Therefore, answer (C) is the most appropriate measure of recovery, as it directly addresses the reliance on Hardcash's promise and the resulting financial impact.",,-5.007229328155518,-7.757229328155518,-0.0072291581891477,-100.0,0.9928823359936118
mbe_792,TORTS,1991-July,train,"While Hill was in her kitchen, she heard the screech of automobile tires. She ran to the window and ",D,B,False,0,1553,109,"B  
Reasoning: The gold passage discusses the concept of proximate cause and emphasizes that a plaintiff must demonstrate that the defendant's negligence was a substantial factor contributing to the injury. In this case, Hill's claim hinges on whether it is foreseeable that a person may suffer physical harm (such as a heart attack) as a result of witnessing an injury inflicted on another (the child being hit by the car). Therefore, answer (B) is correct as it directly addresses the foreseeability of harm resulting from the defendant's actions impacting another person.",,-100.0,-0.0181767456233501,-4.018176555633545,-100.0,0.982013786682174
mbe_793,CRIM. LAW,1991-July,train,"Suffering from painful and terminal cancer, Willa persuaded Harold, her husband, to kill her to end ",D,C,False,0,1178,150,"C  
Reasoning: The gold passage indicates that the distinction between murder and aiding suicide depends on the defendant's level of participation in the act causing death. In this case, Harold actively participated in the act by holding the gun to Willa's head and killing her, which suggests a more serious degree of culpability than merely providing means for suicide. Although Willa requested the act, Harold's direct involvement in the killing aligns with the definition of voluntary manslaughter, as it reflects a situation where the defendant acted in response to a provocation (Willa's insistence) and did not premeditate the act. Therefore, the most serious degree of criminal homicide of which Harold can be legally convicted is voluntary manslaughter, making answer (",,-7.500743865966797,-10.000743865966797,-0.000743756769225,-100.0,0.9994018737345828
mbe_794,EVIDENCE,1991-July,train,Peterson sued Dylan for libel. After Peterson testified that Dylan wrote to Peterson's employer that,A,C,False,0,1209,90,"C  
Reasoning: The gold passage discusses the standard for substantial evidence but does not directly address the admissibility of character evidence in libel cases. However, generally, character evidence, particularly specific instances of conduct, is inadmissible to prove a person's character in order to show that they acted in conformity with that character on a particular occasion. Therefore, the evidence of Peterson's prior theft is inadmissible, making answer (C) correct.",,-100.0,-5.583227634429932,-0.0832274556159973,-2.5832273960113525,0.9206646901814552
mbe_795,CONST. LAW,1991-July,train,"The Federal Computer Abuse Act establishes the Federal Computer Abuse Commission, authorizes the Com",B,B,True,0,1419,69,"B  
Reasoning: The gold passage establishes that federal legislation regulating economic activity that substantially affects interstate commerce will be upheld. The Federal Computer Abuse Act, which regulates the possession of computers, falls under this authority as computers are integral to interstate commerce. Therefore, the court would likely hold the act to be constitutional, making answer (B) correct.",,-13.00001049041748,-1.0564331205387134e-05,-100.0,-100.0,0.9999977396755352
mbe_797,REAL PROP.,1991-July,train,Able conveyed Blackacre to Baker by a warranty deed. Baker recorded the deed four days later. After ,B,D,False,0,1377,105,"D  
Reasoning: The gold passage defines a bona fide purchaser for value as one who acquires title without notice of another's claim and has paid valuable consideration. Since Baker recorded the deed four days after the conveyance, he is considered a purchaser for value without notice of Smollett's judgment lien, as there is no grace period for recording. Therefore, the delay of four days in recording the deed is not unreasonable and does not affect Baker's status as a bona fide purchaser, making answer (D) correct.",,-1.8374302387237549,-1.3374302387237549,-3.837430238723755,-0.5874302983283997,0.5562831724071549
mbe_800,CONTRACTS,1991-July,train,"For this question only, assume the following facts. Kranc did not give Schaff notice of the resale u",B,B,True,0,1459,81,"B  
Reasoning: The gold passage defines a condition precedent as an event that must occur before a party can enforce the contract. In this case, Kranc's failure to provide written notice of his resale by January 2 constitutes a failure of a condition precedent to the existence of the contract. Since the condition was not met, Schaff has a valid defense against Kranc's breach of contract claim.",,-100.0,-17.750001907348633,-100.0,-100.0,1.0
mbe_801,CONTRACTS,1991-July,train,"For this question only, assume the following facts. On December 16, Kranc notified Schaff by telepho",C,C,True,0,1543,105,"C  
Reasoning: The gold passage indicates that a party may waive a condition precedent by failing to assert remedies for a breach. In this case, Schaff's response to Kranc's notification of the resale agreement, where he stated, ""That's okay. I'll get the engine to you on February 1, as we agreed,"" suggests that Schaff waived the condition requiring written notice. By not asserting the condition and agreeing to proceed with the contract, Schaff effectively waived the requirement, making answer (C) correct.",,-100.0,-100.0,-20.375001907348636,-100.0,1.0
mbe_802,TORTS,1991-July,train,"David owned a shotgun that he used for hunting. David knew that his old friend, Mark, had become inv",A,B,False,0,1449,97,"B  
Reasoning: The gold passage establishes that a negligent tortfeasor has a right to indemnity from an intentional joint tortfeasor. However, since David himself was negligent in allowing Mark to obtain possession of the gun, he is not entitled to full indemnity but rather to contribution based on comparative fault. Therefore, answer (B) is correct, as it reflects the principle that David can seek contribution from Mark based on their respective levels of fault in the incident.",,-14.250006675720217,-6.511406809295295e-06,-100.0,-100.0,0.9999993524053082
mbe_804,REAL PROP.,1991-July,train,"Olwen owned 80 acres of land, fronting on a town road. Two years ago, Olwen sold to Buck the back 40",B,B,True,0,1408,82,"B  
Reasoning: The gold passage establishes that an appurtenant easement is one that benefits the dominant estate and transfers with the ownership of that estate. Since Buck's easement was appurtenant to the back 40 acres he sold to Sam, the easement over Olwen's land should have transferred to Sam as a result of Buck's deed to him, making answer (B) correct.",,-100.0,-6.704273118884885e-07,-100.0,-100.0,1.0
mbe_805,EVIDENCE,1991-July,train,"Dickinson was charged with possession of cocaine. At Dickinson's trial, the prosecution established ",A,A,True,0,1371,115,"A  
Reasoning: The gold passage outlines the requirements for authenticating evidence under Rule 901(a) of the Federal Rules of Evidence, stating that there must be sufficient evidence to support a finding that the item is what the proponent claims it is. In this case, the circumstances surrounding the bag—specifically, that Dickinson dropped it when approached by police and that it was found shortly thereafter—provide sufficient evidence to establish that the bag containing the white powder is the one Dickinson dropped. Therefore, the objection should be overruled, making answer (A) correct.",,-2.963691804325208e-05,-100.0,-100.0,-12.000029563903809,0.9999938558249492
mbe_806,TORTS,1991-July,train,Chemco manufactured a liquid chemical product known as XRX. Some XRX leaked from a storage tank on C,B,C,False,0,1470,102,"C  
Reasoning: The gold passage discusses the duty of property owners to take reasonable measures to maintain artificial conditions on their property, particularly when they have knowledge of a harmful condition. In this case, Farmer would need to establish that Chemco's storage tank was defective or that Chemco failed to exercise reasonable care in storing the XRX to prevail in his claim. Without proving a defect or lack of reasonable care, Farmer cannot recover for the value of the cows that died, making answer (C) correct.",,-6.268490314483643,-4.268490314483643,-0.018490545451641,-6.268490314483643,0.9821975260777662
mbe_807,EVIDENCE,1991-July,train,A threatening telephone call that purports to be from Defendant to Witness is most likely to be admi,C,A,False,0,1173,108,"A  
Reasoning: The gold passage discusses the admissibility of demonstrative evidence, which requires a proper foundation to be laid by someone with personal knowledge. In this context, if the caller identified himself as Defendant, it provides a direct link and foundation for the evidence, making it more likely to be admitted against Defendant. The other options do not establish a direct connection to the caller's identity or the authenticity of the call, which is crucial for admissibility. Therefore, answer (A) is the most likely to be admitted against Defendant.",,-0.2521898746490478,-100.0,-1.502189874649048,-100.0,0.7772998611746911
mbe_808,CONST. LAW,1991-July,train,The open-air amphitheater in the city park of Rightville has been utilized for concerts and other en,A,A,True,0,1529,125,"A  
Reasoning: The gold passage outlines that in a public forum, the government can impose reasonable restrictions on protected speech as long as those restrictions are justified without reference to the content of the speech, are narrowly tailored to serve a significant governmental interest, and leave open ample alternative channels for communication. The ordinance in question aims to balance sound quality and respect for residential privacy, which indicates a substantial government interest. Therefore, the correct standard to determine the constitutionality of the ordinance is that it is narrowly tailored to serve a substantial government interest and does not unreasonably limit alternative avenues of expression, making answer (A) correct.",,-0.0037329760380089,-100.0,-100.0,-100.0,1.0
mbe_809,CRIM. LAW,1991-July,train,Smith and Penn were charged with murder. Each gave a confession to the police that implicated both o,A,B,False,0,1527,113,"B  
Reasoning: The gold passage establishes that a confession made by a codefendant (in this case, Penn) is not competent evidence against another defendant (Smith) unless the codefendant testifies and is subject to cross-examination. Since Smith contends that her conviction should be reversed due to the admission of Penn's confession, and given that the passage indicates that such a confession cannot be used against her without the opportunity for confrontation, her contention is correct regardless of whether Penn testified at trial. Therefore, answer (B) is the correct choice.",,-1.9108413457870483,-0.1608413159847259,-8.16084098815918,-100.0,0.8517093885290745
mbe_810,CONST. LAW,1991-July,train,"The state of Orrington wanted to prevent its only major league baseball team, the privately owned an",C,C,True,0,1585,132,"C  
Reasoning: The gold passage establishes that the Fourteenth Amendment only applies to actions that can be fairly attributed to the state, and it does not protect against private conduct, regardless of how discriminatory it may be. In this case, the owners of the Opossums are private actors, and the mere acceptance of a one-time grant from the state does not create sufficient state involvement in their contracting decisions to subject those actions to the limitations of the Fourteenth Amendment. Therefore, the court will likely rule that the grant of state funds alone is insufficient to warrant treating the owners' actions as subject to the Fourteenth Amendment, making answer (C) correct.",,-12.62509536743164,-100.0,-9.507972572464496e-05,-100.0,0.9999967112518808
mbe_813,REAL PROP.,1991-July,train,"Sixty years ago by a properly executed and recorded deed, Albert conveyed Greenacre, a tract of land",D,D,True,0,1522,150,"D  
Reasoning: The gold passage explains that a life estate is a possessory estate that allows the life tenant to enjoy and use the land during the continuance of the life estate. In this case, Louis held a life estate in Greenacre, and upon his death, the remainder would pass to his child, Norman, who was the only child of Louis. Since Norman has passed away and left his estate to the American Red Cross, the remainder interest would now vest in the American Red Cross. However, since Louis's widow, Zelda, is alive and was married to Louis at the time of his death, she would hold a life estate in Greenacre under the terms of Albert's deed. Therefore, the court should find that title is",,-5.995303153991699,-0.99530291557312,-3.99530291557312,-0.4953029453754425,0.6094532911775375
mbe_814,EVIDENCE,1991-July,train,"In an automobile collision case brought by Poe against Davies, Poe introduced evidence that Ellis ma",C,C,True,0,1181,79,"C  
Reasoning: The gold passage defines impeachment evidence as that which is offered to discredit a witness and reduce the effectiveness of their testimony. Witt's testimony about Ellis's statement serves to impeach Ellis's excited utterance by providing contradictory information regarding the color of the light. Therefore, Witt's testimony should be admitted for the purpose of impeaching Ellis, making answer (C) correct.",,-8.451984405517578,-1.701984167098999,-0.2019841074943542,-100.0,0.8173998898837013
mbe_815,TORTS,1991-July,train,"Plaintiff, a jockey, was seriously injured in a race when another jockey, Daring, cut too sharply in",C,C,True,0,1361,101,"C  
Reasoning: The gold passage establishes that participation in a sport involves consent to bodily contacts permitted by the rules of the game. However, it also notes that an intentional act causing injury that exceeds what is ordinarily permissible can constitute assault and battery. For Plaintiff to prevail on the battery claim, it must be shown that Daring intended to cause impermissible contact or that Plaintiff apprehended such contact. Since the passage emphasizes the need for intent in cases of battery, answer (C) is correct.",,-100.0,-100.0,-18.500019073486328,-100.0,1.0
mbe_816,REAL PROP.,1991-July,train,Able entered into a written contract with Baker to sell Greenacre. The contract was dated June 19 an,D,A,False,0,1297,150,"A  
Reasoning: The gold passage establishes that for a contract to be considered ""of the essence,"" it must either explicitly state so or indicate that the parties intended for time to be of the essence. Since the contract between Able and Baker does not contain such a provision, the issue of whether time is of the essence is relevant to advising Able. The Statute of Frauds is also relevant because it pertains to the enforceability of contracts for the sale of real estate, which is the subject of this contract. However, the parol evidence rule and specific performance are not directly relevant to the immediate issue of whether Able can declare the contract at an end due to Baker's inability to close. Therefore, the correct answer is (A) I and",,-0.030285632237792,-100.0,-100.0,-9.655285835266112,0.9999339478685548
mbe_817,CRIM. LAW,1991-July,train,"Lester was engaged to marry Sylvia. One evening, Lester became enraged at the comments of Sylvia's e",D,B,False,0,1342,103,"B  
Reasoning: The gold passage defines an accessory after the fact as someone who, knowing that an offense has been committed, provides assistance to the offender to hinder their apprehension, trial, or punishment. In this case, Sylvia's actions of moving with Lester and Cynthia occurred after the child abuse incident was completed. Therefore, the evidence suggests that any aid she rendered was not in the context of hindering Lester's apprehension for the crime, but rather after the fact, making answer (B) correct.",,-3.535387754440308,-0.0353877991437912,-5.285387992858887,-7.535387992858887,0.965252841328023
mbe_818,CONST. LAW,1991-July,train,In response to massive layoffs of employees of automobile assembly plants located in the state of Am,A,A,True,0,1446,103,"A  
Reasoning: The gold passage discusses the dormant Commerce Clause, which prevents state regulations that impede the free flow of goods and are designed to protect in-state economic interests at the expense of out-of-state competitors. The statute in question prohibits parking foreign-made automobiles in state-owned lots, which can be seen as a protectionist measure that burdens foreign commerce. Therefore, the strongest argument to challenge the constitutionality of the statute is that it imposes an undue burden on foreign commerce, making answer (A) correct.",,-0.0003417799598537,-100.0,-100.0,-100.0,1.0
mbe_819,EVIDENCE,1991-July,train,Pate sued Dr. Doke for psychiatric malpractice and called Dr. Will as an expert witness. During Will,A,B,False,0,1202,94,"B  
Reasoning: The gold passage indicates that expert testimony is required to establish the standard of care in cases where the negligence is beyond the understanding of a layperson. While Dr. Will can use the text as a basis for forming his opinion, it does not automatically qualify as substantive evidence of the standard of care itself. Therefore, the passage is admissible to support his opinion but not as direct evidence of the standard of care, making answer (B) correct.",,-7.00092077255249,-0.0009207503753714,-12.625920295715332,-100.0,0.9990856660649254
mbe_820,TORTS,1991-July,train,"The Daily Sun, a newspaper, printed an article that stated: Kitchen, the popular restaurant on the t",B,C,False,0,1509,124,"C  
Reasoning: The gold passage outlines the requirements for a defamation claim under Florida law, specifically that the plaintiff must establish that the defendant published a false statement about the plaintiff that caused injury. In cases involving public figures or matters of public concern, the plaintiff must also prove ""actual malice,"" meaning that the statement was made with knowledge of its falsity or with reckless disregard for the truth. Since the question indicates that the defendant's motion for a directed verdict should be granted if the evidence is not clear and convincing that the defendant published the article with ""actual malice,"" answer (C) is correct.",,-1.155107021331787,-4.155107021331787,-0.4051070511341095,-6.780107021331787,0.6677404229937084
mbe_821,TORTS,1991-July,train,"Surgeon performed a sterilization operation on Patient. After the surgery, Surgeon performed a test ",D,B,False,0,1672,134,"B  
Reasoning: The gold passage discusses the principles of compensatory damages and emphasizes that damages must be proximately caused by the wrongdoer's actions. It also highlights that future damages can be awarded for anticipated losses due to the effects of an injury caused by negligence. However, the passage does not provide a clear answer regarding the recoverability of damages for a life burdened by a severe birth defect resulting from a physician's failure to prevent birth. This presents a complex legal question about whether a physician can be held liable for the consequences of a birth that should not have occurred, making option (B) the most difficult question to answer in the context of the lawsuit.",,-3.291705369949341,-0.0417053811252117,-6.04170560836792,-100.0,0.96038142366168
mbe_822,CRIM. LAW,1991-July,train,Robert walked into a store that had a checkcashing service and tried to cash a $550 check which was ,B,B,True,0,1292,110,"B  
Reasoning: The gold passage defines an attempt in criminal law as having two elements: the intent to commit the crime and the performance of a direct act toward its consummation, which ultimately falls short of achieving the intended crime. In this case, Robert expressed his intent to commit robbery by threatening the attendant and demanding money. However, he did not complete the act of robbery because he failed to endorse the check, which is necessary for cashing it. Therefore, Robert's actions constitute attempted robbery, making answer (B) the correct choice.",,-9.000250816345215,-0.0002507303724996,-10.750250816345217,-100.0,0.9998551657800402
mbe_823,CONTRACTS,1991-July,train,"For this question only, assume the following facts. During the first month of the contract, Kabb pur",C,C,True,0,1612,101,"C  
Reasoning: The gold passage explains that express conditions must be literally performed, while constructive conditions allow for substantial compliance. In this case, Petrol's obligation to place advertising with Artiste was contingent upon Kabb purchasing his gasoline from Petrol. Since Kabb failed to fulfill this condition by purchasing gasoline from another supplier, Petrol's duty to place advertising with Artiste was excused. Therefore, Artiste will not succeed in her action against Petrol for breach of contract, making answer (C) correct.",,-10.000120162963867,-100.0,-0.0001205893131555,-100.0,0.999954602111943
mbe_824,CONTRACTS,1991-July,train,"For this question only, make the following assumptions. Artiste was an intended beneficiary under th",A,A,True,0,1638,86,"A  
Reasoning: The gold passage establishes that an intended beneficiary, like Artiste, has the right to enforce the original terms of the contract even if the parties (Kabb and Petrol) attempt to modify those terms. Since Kabb and Petrol could not discharge Petrol's duty to Artiste without her consent, Artiste is likely to succeed in her action against Petrol for breach of contract, making answer (A) correct.",,-0.0001031855790643,-100.0,-9.250102996826172,-100.0,0.9999038975663628
mbe_825,TORTS,1991-July,train,"Drew, the owner of a truck leasing company, asked Pat, one of Drew's employees, to deliver $1,000 to",B,B,True,0,1356,86,"B  
Reasoning: The gold passage outlines the necessary elements for establishing a prima facie case of slander, which includes the requirement that the defamatory statement must be published to a third party. In this case, Drew's statement was overheard by several other employees, which satisfies the publication requirement. Therefore, Pat will prevail if Drew should have foreseen that the statement would be overheard, making answer (B) correct.",,-100.0,-5.097437315271236e-05,-12.25005054473877,-100.0,0.9999952149034492
mbe_827,EVIDENCE,1991-July,train,"In a suit by Palmer against Denby, Palmer sought to subpoena an audiotape on which Denby had narrate",A,C,False,0,1218,98,"C  
Reasoning: The gold passage outlines the conditions under which communications between a client and a legal adviser are protected from disclosure. However, if Denby has been deposed and there is good reason to believe that the audiotape may contain inconsistent statements, this could undermine the privilege, as the need for truthfulness in legal proceedings may outweigh the protection of the communication. Therefore, answer (C) is the most likely scenario under which the audiotape would be subject to subpoena.",,-100.0,-16.00001335144043,-1.3544423381972592e-05,-100.0,0.9999998874648162
mbe_830,REAL PROP.,1991-July,train,"Owen, the owner of Greenacre, a tract of land, mortgaged Greenacre to ABC Bank to secure his preexis",C,C,True,0,1533,111,"C  
Reasoning: The gold passage establishes that a marketable title is one that is free from reasonable doubt and does not interfere with the market value of the property. Owen's offer to pay and discharge the mortgage at closing would effectively eliminate the encumbrance, thereby satisfying his obligation to deliver a marketable title to Newton. This arrangement addresses the concern regarding the mortgage and ensures that the title would be free from any claims that could affect its market value, making answer (C) the most likely reason for the court to hold in favor of Owen.",,-100.0,-100.0,-5.512236498361744e-07,-100.0,1.0
mbe_833,EVIDENCE,1991-July,train,"Defendant was prosecuted for bankruptcy fraud. Defendant's wife, now deceased, had testified adverse",A,C,False,0,1320,129,"C  
Reasoning: The gold passage establishes that former testimony is ordinarily inadmissible against the accused in a criminal case unless the declarant is unavailable and the party against whom the testimony is offered had an opportunity to develop the testimony. In this case, Defendant's wife is deceased, making her unavailable, but the passage also notes that the testimony is inadmissible if the accused did not have a serious opportunity to challenge her credibility during the earlier proceedings. Since there was no serious effort made to challenge her credibility despite the availability of impeachment information, the testimony should be excluded as hearsay not within any exception, making answer (C) correct.",,-6.75131368637085,-9.001313209533691,-0.0013134514447301,-100.0,0.998707383839448
mbe_834,CONTRACTS,1991-July,train,"For this question only, assume the following facts. At the time of contracting, Mermaid told Phinney",A,A,True,0,1627,140,"A  
Reasoning: The gold passage indicates that to claim damages for an anticipatory breach, the nonbreaching party must be able to perform at the time of the breach. In this case, Mermaid had the ability to perform the contract with Phinney but chose to take Tess out instead after Phinney failed to arrive on time. The liquidated damages clause allowing Mermaid to retain the $200 appears reasonable given the difficulty in establishing actual damages from the lost charter, as Mermaid had to turn away Phinney and could not have anticipated the late arrival. Therefore, Mermaid can retain the $200 as it serves as a reasonable forecast of her anticipated loss, making answer (A) correct.",,-0.0001099801884265,-14.875109672546388,-100.0,-100.0,0.999999653367272
mbe_835,CONTRACTS,1991-July,train,"For this question only, assume the following facts. On May 15 at 1 a.m., the Coast Guard had issued ",A,D,False,0,1484,108,"D  
Reasoning: The gold passage discusses compensatory damages and the allocation of risk in contractual agreements. In this case, the liquidated-damage clause in the contract indicates that Phinney accepted the risk of cancellation or non-appearance, which includes the possibility of bad weather. Since the contract explicitly states that the deposit could be retained as liquidated damages in the event of cancellation or failure to appear, Phinney is not entitled to a return of his deposit despite the weather warnings. Therefore, answer (D) is correct.",,-9.383722305297852,-100.0,-4.758722305297852,-0.008722236379981,0.9913391527667608
mbe_836,REAL PROP.,1991-July,train,"Eight years ago, Orben, prior to moving to a distant city, conveyed Blackacre, an isolated farm, to ",C,A,False,0,1371,107,"A  
Reasoning: The gold passage explains that a quitclaim deed conveys the grantor's complete interest in the property but does not warrant the validity of the title. In this case, Sam received a quitclaim deed from Orben without consideration, which means he has a claim to the property but it is weaker than Fred's warranty deed, which was given for valuable consideration and properly recorded. According to the recording act, Fred's deed takes priority over Sam's unrecorded quitclaim deed, making answer (A) correct.",,-0.0631141439080238,-6.813114166259766,-2.8131141662597656,-100.0,0.9388800897362948
mbe_837,REAL PROP.,1991-July,train,"Brown owned Blackacre, a tract of undeveloped land. Blackacre abuts Whiteacre, a tract of land owned",A,B,False,0,1705,141,"B  
Reasoning: The gold passage outlines the requirements for adverse possession, emphasizing that possession must be actual, visible, continuous, notorious, distinct, and hostile, indicating an assertion of exclusive ownership. In this case, Agency's use of Blackacre for waste piling does not meet the exclusivity requirement since the waste piles are reduced to minimal levels during the four-week closure period, indicating that Agency does not have exclusive possession. Additionally, Brown's failure to object to Agency's use of Blackacre could be interpreted as implied consent, which undermines any claim of adverse possession. Therefore, if Agency prevails, it will likely be due to Brown's lack of objection, making answer (B) correct.",,-1.920195698738098,-0.1701956838369369,-4.670195579528809,-8.170195579528809,0.8437263536997816
mbe_839,CRIM. LAW,1991-July,train,Donald was arrested in Marilyn's apartment after her neighbors had reported sounds of a struggle and,A,C,False,0,1506,92,"C  
Reasoning: The gold passage outlines the requirements for double jeopardy to apply, specifically that jeopardy must have previously attached and terminated for the same offense. In this case, Donald was tried for attempted rape and assault, but he was not tried for murder because Marilyn had not died at that time. Therefore, he was not placed in jeopardy for murder during the first trial, making his claim incorrect. Thus, answer (C) is correct.",,-100.0,-100.0,-19.625,-100.0,1.0
mbe_840,REAL PROP.,1991-July,train,"Ogle owned Greenacre, a tract of land, in fee simple. Five years ago, he executed and delivered to L",A,A,True,0,1410,107,"A  
Reasoning: The gold passage discusses the requirements for establishing adverse possession, which is not directly relevant to the question about the rights to possession of Greenacre. However, the key issue here is that Lilly holds a life estate in Greenacre, which is not affected by Ogle's subsequent death or his will. A life estate is a present interest that continues until the death of the life tenant, in this case, Lilly. Therefore, Lilly retains the right to immediate possession of Greenacre, making answer (A) correct.",,-0.1586018502712249,-100.0,-3.908601760864258,-2.658601760864258,0.9044839988441052
mbe_841,CRIM. LAW,1991-July,train,Devlin was charged with murder. Several witnesses testified that the crime was committed by a person,C,C,True,0,1545,102,"C  
Reasoning: The gold passage discusses the identification procedures and emphasizes that if the trial court determines that the identification procedure was not unduly suggestive, then the identification evidence is admissible. In this case, the prosecution's request for Devlin to walk across the courtroom to display his limp is a legitimate part of the identification process, as it does not inherently suggest or highlight him in a prejudicial manner. Therefore, Devlin's objection will most likely be denied, making answer (C) correct.",,-100.0,-100.0,-19.500001907348636,-100.0,1.0
mbe_843,TORTS,1991-July,train,"Penkov suffered a severe loss when his manufacturing plant, located in a shallow ravine, was flooded",D,C,False,0,1472,129,"C  
Reasoning: The gold passage explains the concept of but-for causation, which requires a direct link between the defendant's negligence and the plaintiff's damages. In this case, the flooding was caused by the negligence of both City and Railroad, meaning that Penkov's loss was a result of both parties' failures. Since there is no special rule insulating City from liability, Penkov can recover damages from Railroad. However, without evidence to apportion responsibility between City and Railroad, it is reasonable to conclude that Penkov should recover half of his loss, as both parties contributed to the flooding. Therefore, answer (C) is correct.",,-8.955831527709961,-2.580831289291382,-0.0808312520384788,-6.330831050872803,0.9223770871881708
mbe_844,CRIM. LAW,1991-July,train,"Smith asked Jones if he would loan him $500, promising to repay the amount within two weeks. Jones l",D,C,False,0,1222,141,"C  
Reasoning: According to the gold passage, obtaining money by false pretenses involves obtaining possession of property through a trick or device with the intent to permanently deprive the owner of it. In this case, Smith borrowed money from Jones with the promise to repay, but he had no intention of doing so as he used the money for gambling and left town. This indicates that Smith obtained the money under false pretenses. While larceny by trick involves obtaining possession with the intent to convert it to one's own use, the facts suggest that Smith's actions align more closely with obtaining money by false pretenses, as he misrepresented his intent to repay. Therefore, answer (C) is correct.",,-0.9985188245773317,-3.748518943786621,-0.4985188245773315,-7.623518943786621,0.6074929655530936
mbe_846,CONST. LAW,1991-July,train,"The federal statute admitting the state of Blue to the Union granted Blue certain public lands, and ",A,C,False,0,1448,115,"C  
Reasoning: The gold passage establishes that the United States Supreme Court will not review a question of federal law decided by a state court if the decision rests on an independent and adequate state law ground. In this case, the Blue Supreme Court's decision was based on the interpretation of the federal statute as it relates to the identical provisions in the Blue Constitution, which is a state law ground. Since the decision is grounded in state law and does not solely rely on federal law, the United States Supreme Court should decline to review the case, making answer (C) correct.",,-100.0,-100.0,-7.896309739408025e-07,-20.0,0.9999999979388448
mbe_848,TORTS,1991-July,train,The manager of a department store noticed that Paula was carrying a scarf with her as she examined v,B,B,True,0,1477,115,"B  
Reasoning: The gold passage establishes that a merchant may detain a suspected shoplifter if they have reasonable cause to believe that shoplifting occurred and if the detention is conducted in a reasonable manner and for a reasonable length of time. In this case, the manager had a reasonable belief that Paula might be shoplifting due to her actions of putting the scarf into her purse. Since the manager's detention was brief and aimed at investigating the situation, this defense aligns with the legal standard provided in the passage, making answer (B) the best defense for the store.",,-100.0,-9.491498531133402e-06,-100.0,-100.0,1.0
mbe_849,CONST. LAW,1991-July,train,A proposed federal statute would prohibit all types of discrimination against black persons on the b,B,B,True,0,1565,92,"B  
Reasoning: The gold passage establishes that Congress has the authority to regulate local activities that have a substantial effect on interstate commerce. The proposed federal statute prohibiting discrimination against black persons in business transactions can be viewed as a means of enforcing the provisions of the Thirteenth Amendment, which abolished slavery and involuntary servitude. This connection to the Thirteenth Amendment supports the constitutionality of the statute, making answer (B) the most appropriate choice.",,-100.0,-1.0280383548888494e-06,-16.750001907348633,-100.0,0.9999999468421972
mbe_851,TORTS,1991-July,train,"John's father, Jeremiah, died in Hospital. Hospital maintains a morgue with refrigerated drawers a b",A,C,False,0,1609,137,"C  
Reasoning: The gold passage indicates that while there are exceptions for claims of negligent infliction of emotional distress (NIED) related to the mishandling of a corpse, it does not guarantee recovery without certain conditions being met. Specifically, the passage references the ""Carney"" exception, which allows for recovery in cases of desecration of a grave, but it does not imply that emotional distress alone, without accompanying physical harm or medical treatment, is sufficient for recovery. Since John did not seek medical or psychiatric treatment for his emotional distress, Hospital is likely to prevail based on the reasoning that emotional distress claims often require some form of physical harm or treatment to be actionable.",,-5.508027076721191,-7.258027076721191,-0.0080268774181604,-5.758027076721191,0.9920834468836484
mbe_852,REAL PROP.,1991-July,train,"Able was the owner of Greenacre, a large tract of land. Able entered into a binding written contract",B,C,False,0,1419,90,"C  
Reasoning: The gold passage establishes that a judgment lien can only attach to the interest the debtor has in the property. Since Able is bound by the contract to convey marketable title and the judgment lien from Charlie encumbers Able's interest in Greenacre, Baker is justified in declining to accept the title due to its unmarketability. Therefore, Able cannot benefit from Baker's action in recording the contract, making answer (C) correct.",,-6.210362434387207,-4.210362434387207,-0.7103624939918518,-0.7103624939918518,0.4915734100401071
mbe_853,EVIDENCE,1991-July,train,Post sued Dint for dissolution of their yearlong partnership. One issue concerned the amount of mone,A,C,False,0,1382,122,"C  
Reasoning: The gold passage discusses the admissibility of expert testimony and the requirement of firsthand knowledge, but it does not directly address the situation at hand. However, the principle of best evidence suggests that when a document (like the partnership ledger) is available and has been admitted into evidence, it is generally considered the best evidence of the facts it contains. Dint's testimony about larger amounts he claims to have given Post is not based on the ledger and therefore is inadmissible, as the ledger serves as the best evidence of the amounts Post received. Thus, answer (C) is correct.",,-100.0,-10.250049591064451,-4.930552313453518e-05,-13.375049591064451,0.999963090371892
mbe_854,CONTRACTS,1991-July,train,"In a signed writing, Nimrod contracted to purchase a 25-foot travel trailer from Trailco for $15,000",A,B,False,0,1408,93,"B  
Reasoning: The gold passage explains the perfect tender rule under the Uniform Commercial Code, which allows a buyer to reject a seller's tender for any trivial defect. Since Nimrod discovered a missing spare tire, he was entitled to reject the trailer under this rule, regardless of the seller's offer to cure the defect. Therefore, answer (B) is correct, as Nimrod had the right to reject the trailer and terminate the contract due to the defect.",,-7.001089572906494,-0.0010894970037043,-100.0,-100.0,0.9990889488746878
mbe_855,REAL PROP.,1991-July,train,"Oker owned in fee simple two adjoining lots, Lots 1 and 2. He conveyed in fee simple Lot 1 to Frank.",D,B,False,0,1621,123,"B  
Reasoning: The gold passage establishes that an unrecorded contract for the exchange of real property is void against any subsequent purchaser who acquires the property in good faith and for valuable consideration, provided their conveyance is recorded. Since Oker's deed to Frank was never recorded, Tim's claim to enforce the covenant against Henry, who is a subsequent purchaser of Lot 2, is likely barred because Henry's ownership is valid and protected by the recording act. Therefore, if judgment is for Henry, it will be because Frank's deed from Oker was never recorded, making answer (B) correct.",,-100.0,-1.366362630506046e-05,-13.50001335144043,-100.0,0.9999986290423653
mbe_856,TORTS,1991-July,train,"While Prudence was leaving an elevator, it suddenly dropped several inches, causing her to fall. An ",D,C,False,0,1480,107,"C  
Reasoning: The gold passage discusses the ""eggshell plaintiff"" rule, which states that a tortfeasor is responsible for the full extent of a plaintiff's damages, even if those injuries are exacerbated by a pre-existing condition. In Prudence's case, although her fall aggravated a preexisting disability, Acme Elevator Company is still liable for the full extent of her injuries due to their negligence. Therefore, Prudence should recover damages for the full amount of her disability, making answer (C) correct.",,-100.0,-100.0,-8.180258191714529e-06,-15.000008583068848,0.9999996940978962
mbe_857,EVIDENCE,1991-July,train,"Dix is on trial for killing Vetter. The prosecutor calls Winn to testify that after being shot, Vett",A,A,True,0,1525,111,"A  
Reasoning: The gold passage indicates that a district court has wide discretion in ruling on the admissibility of evidence, and it is essential to determine the relevance of the evidence before it is presented to the jury. In this case, the judge should hear evidence from both sides outside the presence of the jury to assess whether Vetter believed his death was imminent when he made the statement. This approach allows the judge to make an informed decision on the admissibility of the dying declaration without the potential influence of the jury, making answer (A) correct.",,-0.0002322647924302,-11.750232696533203,-100.0,-100.0,0.9999921107408198
mbe_858,CRIM. LAW,1991-July,train,"Police received an anonymous tip that Tusitala was growing marijuana in her backyard, which was surr",D,D,True,0,1530,92,"D  
Reasoning: The gold passage establishes that individuals do not have a reasonable expectation of privacy from aerial observation when the observation occurs from public navigable airspace. Since Officer Boa's observations of the marijuana plants were made from a helicopter in such airspace, and the plants were readily visible, Tusitala's expectation of privacy regarding her backyard is deemed unreasonable. Therefore, the court should deny the motion to suppress the evidence, making answer (D) correct.",,-100.0,-6.002480983734131,-100.0,-0.0024807697627693,0.9975273773711274
mbe_859,CONTRACTS,1991-July,train,"Buyem faxed the following signed message to Zeller, his long-time widget supplier: ""Urgently need bl",B,C,False,0,1989,142,"C  
Reasoning: The gold passage explains that a breach of contract can be either material or immaterial, and if the breach is material, the non-breaching party is discharged from all liability under the contract. In this case, Zeller's shipment of red widgets instead of the requested blue widgets constitutes a nonconforming shipment, which is a breach of contract. Buyem has the option to accept the nonconforming goods and pay the list price, but he can also reject the shipment and recover for total breach, provided that Zeller has the right to cure the breach by potentially providing the correct goods. Therefore, answer (C) correctly reflects Buyem's rights and duties in this situation.",,-100.0,-10.625775337219238,-0.0007756813429296,-100.0,0.9999756997508944
mbe_860,CONST. LAW,1991-July,train,Members of a religious group calling itself the Friends of Lucifer believe in Lucifer as their Supre,D,D,True,0,1746,98,"D  
Reasoning: The gold passage establishes that expression, including religious conduct, is subject to reasonable time, place, and manner restrictions that serve significant governmental interests. The U.S. National Park Service's prohibition on overnight camping and campfires is justified by the dangers these activities pose in that location, which aligns with the government's interest in public safety. Therefore, the denial of the permit is valid as it adheres to these nondiscriminatory restrictions, making answer (D) correct.",,-9.163379669189451,-3.288379907608032,-100.0,-0.0383799709379673,0.962572190869684
mbe_861,EVIDENCE,1991-July,train,"Park sued Davis Co. for injuries suffered in the crash of Park's dune buggy, allegedly caused by a d",D,D,True,0,1249,108,"D  
Reasoning: The gold passage outlines the criteria for the admissibility of evidence related to other crimes or wrongs, emphasizing that such evidence must be relevant to a material issue, similar in kind, clear and convincing, and not overly prejudicial. A judgment for another plaintiff against Davis Co. in a different case does not meet these criteria as it does not directly pertain to the material issue of whether the specific part in question was manufactured by Davis Co. Therefore, it is not admissible, making answer (D) correct.",,-100.0,-100.0,-12.375077247619627,-7.719917630311102e-05,0.9999957771667598
mbe_862,REAL PROP.,1991-July,train,"Anna entered into a valid written contract to purchase Blackacre, a large tract of land, from Jones ",C,D,False,0,1417,139,"D  
Reasoning: The gold passage establishes that title to real property can only be conveyed by a valid, acknowledged deed. In this case, the deed executed by Jones purported to convey Blackacre to Anna and Charles. However, since Charles had died before the closing, he could not legally be a party to the transaction, and thus the deed was invalid as to him. Consequently, Anna would only receive her half interest in Blackacre through the deed, while the other half would pass to Nelson as the devisee of Charles's estate. Therefore, the court should hold that legal title to Blackacre is vested one-half in Anna and one-half in Nelson, making answer (D) correct.",,-8.579364776611328,-2.579364776611328,-8.454364776611328,-0.0793648287653923,0.923771288274296
mbe_863,CONTRACTS,1991-July,train,"For this question only, assume that when Miller tendered the first installment to Eclaire in complia",D,D,True,0,1374,93,"D  
Reasoning: The gold passage establishes that contracts are freely assignable under New York law unless there is clear language expressly prohibiting assignment. Since there is no indication in the fact pattern that the contract between Staff, Inc. and Eclaire contained such prohibitive language, the arguments I, II, and III do not legally support Eclaire's rejection of the goods. Therefore, the correct answer is (D) Neither I nor II nor III.",,-8.796490669250488,-3.29649019241333,-4.79649019241333,-0.0464902073144912,0.954577056909629
mbe_864,CONTRACTS,1991-July,train,"For this question only, assume that Eclaire accepted Miller's delivery of the first installment unde",D,D,True,0,1570,150,"D  
Reasoning: The gold passage discusses the duty to mitigate damages in a breach-of-contract action, which is not directly applicable to the defenses raised by Eclaire. Specifically, Eclaire's defenses I, II, and III do not hold up under scrutiny. I is ineffective because the assignment of the contract to Miller does not require Eclaire's express agreement to accept Miller as her supplier; the assignment is valid unless there is a specific clause in the contract prohibiting it. II is incorrect because Eclaire's payment to Staff does not discharge her obligation to Miller, as Miller is the assignee of the contract. III is also incorrect because while Staff remains liable to Eclaire, the assignment to Miller means that Ecl",,-8.500618934631348,-8.875618934631348,-8.250618934631348,-0.0006193888257257,0.9993957964531328
mbe_865,CRIM. LAW,1991-July,train,"On October 22, Officer Jones submitted an application for a warrant to search 217 Elm Street for coc",D,A,False,0,1421,101,"A  
Reasoning: The gold passage establishes that the validity of a search warrant is not necessarily defeated by inaccuracies in the informant's information, as long as the applicant for the warrant accurately represents what the informant provided. However, if the judge concludes that the statement attributed to Susie Schultz is incorrect, it indicates that the application contains a material statement that is false. Therefore, the judge should grant the motion to suppress based on the presence of this false statement, making answer (A) correct.",,-0.0117210373282432,-4.511721134185791,-8.011720657348633,-8.261720657348633,0.98842972152973
mbe_866,CONST. LAW,1991-July,train,The Personnel Handbook of Green City contains all of that city's personnel policies. One section of ,C,A,False,0,1317,88,"A  
Reasoning: The gold passage indicates that property interests, including those related to employment, are not established by the Constitution itself but rather by existing rules or understandings, such as state law. In this case, the initial burden of persuasion lies with the Green City Council to show that the personnel handbook did not create a constitutionally protected interest in Baker's employment or the procedures for termination. Therefore, answer (A) is correct.",,-0.0022932328283786,-100.0,-6.252293109893799,-100.0,0.9980732651002666
mbe_867,EVIDENCE,1991-July,train,Dean was prosecuted in federal court for making threats against the President of the United States. ,C,C,True,0,1197,115,"C  
Reasoning: The gold passage indicates that communications made during the provision of mental health services are privileged against disclosure in a medical malpractice action. However, it does not establish a blanket privilege for all statements made in a medical setting, especially when it comes to threats of harm. Dean's statement about planning to shoot the President does not fall within the scope of any recognized privilege, as it pertains to a potential crime rather than a confidential medical communication. Therefore, Dean's motion to prevent the nurse from testifying is likely to be unsuccessful, making answer (C) correct.",,-100.0,-100.0,-20.25,-100.0,1.0
mbe_868,REAL PROP.,1991-July,train,"Able, who owned Blackacre, a residential lot improved with a dwelling, conveyed it for a valuable co",A,A,True,0,1277,87,"A  
Reasoning: The gold passage defines a latent defect as a hidden or concealed defect that cannot be discovered through reasonable inspection. Since Able did not disclose the sewage issue, which is a latent defect, and this nondisclosure impairs Baker's right to receive the benefits of the contract, Baker's success in his action against Able hinges on Able's failure to disclose this latent defect. Therefore, answer (A) is correct.",,-1.1994775377388578e-05,-100.0,-100.0,-100.0,1.0
mbe_869,TORTS,1991-July,train,"Gardner's backyard, which is landscaped with expensive flowers and shrubs, is adjacent to a golf cou",A,D,False,0,1428,101,"D  
Reasoning: The gold passage outlines the elements required for a trespass claim, emphasizing that the intrusion must be without consent. However, it does not address situations where necessity may provide a privilege to enter another's property. In this case, Driver's entry onto Gardner's property was necessitated by an emergency (the falling tree due to lightning), which typically grants a privilege to enter to avoid harm. Therefore, Gardner will not prevail in his action against Driver, making answer (D) correct.",,-12.000014305114746,-100.0,-12.875014305114746,-1.4736459888808897e-05,0.9999912945709056
mbe_870,CRIM. LAW,1991-July,train,"Steve, in desperate need of money, decided to hold up a local convenience store. Determined not to h",D,D,True,0,1339,86,"D  
Reasoning: The gold passage establishes that felony-murder liability extends to deaths that occur as a natural and probable consequence of the underlying felony. However, it does not hold the defendant responsible for the actions of third parties, such as the customer who shot the clerk. Therefore, Steve's best argument for being found not guilty is that he is not responsible for the acts of the customer, making answer (D) correct.",,-6.509429931640625,-6.759429931640625,-5.009429931640625,-0.0094298608601093,0.9906754995241892
mbe_871,CONTRACTS,1991-July,train,"Client consulted Lawyer about handling the sale of Client's building, and asked Lawyer what her lega",B,B,True,0,1647,121,"B  
Reasoning: The gold passage outlines the requirements for establishing an accord and satisfaction defense, which includes the existence of a disputed claim and an intentional agreement by both parties regarding the acceptance of a lesser amount. In this case, Client disputed the amount of Lawyer's fee in good faith and sent a check marked ""Payment in full,"" which indicates an agreement to settle the dispute for that amount. Lawyer's acceptance of the check without protest or reservation of rights further supports the conclusion that an accord and satisfaction was reached. Therefore, Lawyer cannot recover any additional amount from Client, making answer (B) correct.",,-100.0,-6.869017852295656e-06,-12.750006675720217,-100.0,0.999997097687454
mbe_872,REAL PROP.,1991-July,train,Pauline and Doris own adjacent parcels of land. On each of their parcels was a low-rise office build,D,D,True,0,1499,97,"D  
Reasoning: The gold passage establishes that a property owner has the right to block air and light from a neighbor's windows by building on their own property, regardless of the impact on the neighbor's convenience or inconvenience. Since Doris has secured all necessary governmental approvals and is acting within her rights to construct her new building, Pauline has no legal right to demand that sunlight continue to reach her building. Therefore, the court should grant judgment for Doris, making answer (D) correct.",,-100.0,-100.0,-2.350213527679444,-0.1002135723829269,0.9046505312448596
mbe_875,CRIM. LAW,1991-July,train,"State Y employs the Model Penal Code or American Law Institute test for insanity, and requires the s",A,A,True,0,1365,91,"A  
Reasoning: The gold passage establishes that a judge may submit the issue of insanity to the jury unless it would be ""clearly unreasonable"" for the jury to find against the defendant. This implies that if the judge believes the prosecution has not met its burden of proving sanity beyond a reasonable doubt, she may grant a directed verdict for the defense. Therefore, answer (A) is correct as it aligns with the standard set forth in the passage.",,-0.2017029672861099,-9.826703071594238,-1.7017029523849487,-100.0,0.8175303223393497
mbe_876,CRIM. LAW,1991-July,train,"Trelawney worked at a day-care center run by the Happy Faces Day Care Corporation. At the center, on",B,B,True,0,1654,103,"B  
Reasoning: The gold passage discusses the concept of depraved indifference murder, which requires a defendant's conduct to be marked by a lack of moral concern for the victim's life. Trelawney's best argument against murder charges is that he lacked the mental state necessary for the crime, as he did not intend to kill Smith and reported the abuse he observed. This lack of intent and the absence of depraved indifference to Smith's plight support answer (B) as the most compelling defense.",,-100.0,-0.0041518877260386,-5.504151821136475,-100.0,0.9959298620141784
mbe_877,TORTS,1991-July,train,"If Perkins asserts a claim for damages against Delval Airline based on negligence, Perkins will",D,D,True,0,1270,103,"D  
Reasoning: The gold passage establishes that tort law requires a duty of reasonable care to avoid injury to others. In this case, Delval Airline, as a common carrier, has a heightened duty to protect its passengers from unreasonable risks, including the risk posed by an obviously intoxicated passenger. If the flight attendants should have perceived Morton's condition and acted to protect Perkins before the blow was struck, then Delval Airline may be found negligent for failing to fulfill that duty, making answer (D) correct.",,-100.0,-100.0,-18.0,-3.128163257315464e-07,0.9999999847700156
mbe_878,TORTS,1991-July,train,"If Perkins asserts a claim for damages against Delval Airline based on battery, she will",C,C,True,0,1287,100,"C  
Reasoning: The gold passage outlines the requirements for establishing a respondeat superior claim, which necessitates a principal/agent or employer/employee relationship, control by the principal over the agent's conduct, and that the conduct occurred within the scope of employment. In this case, Morton was not acting as an agent or employee of Delval Airline when he struck Perkins; therefore, Delval Airline cannot be held liable for battery. Thus, Perkins will not prevail in her claim against the airline.",,-10.875938415527344,-7.000938892364502,-0.000938854762353,-100.0,0.999070058150805
mbe_879,CONST. LAW,1991-July,train,Terrorists in the foreign country of Ruritania kidnapped the United States ambassador to that countr,C,C,True,0,1348,99,"C  
Reasoning: The gold passage establishes that if constitutional executive agreements conflict with state law, the executive agreement prevails. In this scenario, the President's agreement with Ruritania constitutes an executive agreement that aims to secure the release of the ambassador. Therefore, the President's authority to negotiate and enter into such agreements implies that it can override state law, which supports answer (C) as the strongest constitutional argument for the President's authority to require the governor of Aurora to release the prisoner.",,-100.0,-100.0,-6.392202976712724e-06,-100.0,1.0
mbe_881,CONTRACTS,1991-July,train,Debbit is contractually obligated to deliver the stacks because,B,B,True,0,1604,112,"B  
Reasoning: The gold passage defines a ""modification"" of a contract as a change that introduces new elements while leaving the general purpose and effect of the original contract undisturbed. Debbit's letter on November 10 offered Barrister the additional stacks at no extra cost, and Barrister's acceptance of that offer on November 14 constituted an agreement to modify the original contract for the sale of the law books. Therefore, Debbit is contractually obligated to deliver the stacks as part of this modified agreement, making answer (B) correct.",,-14.25000286102295,-2.935296834039036e-06,-18.000003814697266,-100.0,0.9999993371752072
mbe_882,CONTRACTS,1991-July,train,"For this question only, assume that on November 12 Debbit told Barrister that he had decided not to ",B,C,False,0,1458,111,"C  
Reasoning: The gold passage discusses the concept of professionalism in determining who qualifies as a merchant, indicating that the status of being a merchant is relevant to the transaction. In this case, Debbit is not a merchant with respect to the book stacks, but he did provide a signed assurance that the offer to deliver the stacks would be held open until November 15. Therefore, his communication on November 12 stating he would not part with the stacks does not operate as a legally effective revocation of his offer, making answer (C) correct.",,-15.750003814697266,-12.750003814697266,-3.769722525248653e-06,-100.0,0.9999969531909868
mbe_883,REAL PROP.,1991-July,train,"Seller owned Blackacre, improved with an aging four-story warehouse. The warehouse was built to the ",A,B,False,0,1352,115,"B  
Reasoning: The gold passage outlines the requirements for a claim of fraudulent misrepresentation, which involves a false representation concerning a material existing fact. In this case, the issue with the loading docks was a material fact that affected the value of Blackacre, and it was not disclosed during negotiations. Since the problem was not discussed and the municipality's action directly impacted the value of the property, Buyer can claim that Seller breached the covenant of warranty, which guarantees that the property is free from undisclosed encumbrances or defects. Therefore, answer (B) is correct.",,-11.12753963470459,-0.0025401094462722,-6.002540111541748,-100.0,0.997512710656846
mbe_884,EVIDENCE,1991-July,train,"Prescott sued Doxie for fraud. After verdict for Prescott, Doxie talked with juror Wall about the tr",D,C,False,0,1247,98,"C  
Reasoning: The gold passage indicates that to grant a new trial, there must be evidence that juror misconduct likely caused a juror to vote differently than they would have otherwise. If Wall testifies that he relied on testimony that the judge had stricken and ordered the jury to disregard, this suggests that his vote was influenced by improper information, which could be seen as misconduct affecting the verdict. Therefore, answer (C) is the most likely basis for granting a new trial.",,-100.0,-100.0,-6.8497312895488e-05,-100.0,1.0
mbe_886,REAL PROP.,1991-July,train,"Ody, owner of Profitacre, executed an instrument in the proper form of a deed, purporting to convey ",C,C,True,0,1600,138,"C  
Reasoning: The gold passage discusses the concept of waiver of statutory rights, emphasizing that a party must clearly and unequivocally demonstrate an intention to relinquish a known right. In this case, Leon's conveyance of Profitacre to Mona does not forfeit his life estate; rather, it creates a life estate for Mona based on Leon's life, while Ralph retains the remainder interest. Since Ralph did not object to Leon's management of Profitacre and the income generated, he is not obligated to pay real estate taxes, which aligns with option C. Thus, Mona owns an estate for the life of Leon, is entitled to all income, and Ralph owns the remainder interest.",,-6.034219741821289,-3.53421950340271,-0.0342195555567741,-100.0,0.968357807883282
mbe_888,TORTS,1991-July,train,"At the trial of an action against Grandmother on behalf of Patrick, the following evidence has been ",D,D,True,0,1287,86,"D  
Reasoning: The gold passage establishes that a duty of care arises when it is foreseeable that harm may result if care is not exercised. In this case, Grandmother had a duty to ensure that the firearm was secured, especially given that it is an inherently dangerous instrumentality. A jury could find that her failure to relock the gun cabinet created a foreseeable risk of harm to Patrick, making answer (D) correct.",,-100.0,-100.0,-1.1368812322616575,-0.3868812620639801,0.6791786926816161
mbe_893,CONST. LAW,1991-July,train,A newly enacted federal statute appropriates $100 million in federal funds to support basic research,C,C,True,0,1517,98,"C  
Reasoning: The gold passage establishes that the Spending Clause grants Congress broad discretion to determine how to allocate funds for the general welfare, including the authority to impose limits on the use of those funds. The statute in question appropriates funds for research and specifies a method for determining the recipients, which falls within Congress's authority to spend for the general welfare. Therefore, the statute is constitutional as it does not violate any prohibitory language in the Constitution, making answer (C) correct.",,-100.0,-100.0,-3.6312321753939614e-05,-100.0,1.0
mbe_894,CONTRACTS,1991-July,train,Which of the following fact patterns most clearly suggests an implied-in-fact contract?,C,C,True,0,1255,115,"C  
Reasoning: The gold passage defines an express contract as one where the parties have communicated the terms to which they agree to be bound. An implied-in-fact contract arises from the conduct of the parties rather than from explicit communication. In option (C), Asphalt mistakenly paved Nabor's driveway while Nabor looked on without objecting, which suggests that Nabor may have impliedly accepted the benefit of Asphalt's work, indicating an implied-in-fact contract. This scenario most clearly aligns with the concept of an implied-in-fact contract compared to the other options.",,-12.50002098083496,-12.87502098083496,-2.057743949990254e-05,-100.0,0.9999937121001314
mbe_895,REAL PROP.,1991-July,train,"Ashton owned Woodsedge, a tract used for commercial purposes, in fee simple and thereafter mortgaged",B,D,False,0,1538,83,"D  
Reasoning: The gold passage establishes that a deficiency judgment can be sought against all parties involved in the mortgage if the fair market value of the property is less than the total mortgage debt owed. Since Ashton, Beam, and Carter are all parties to the mortgage and have obligations related to the debt, First Bank is entitled to collect a deficiency judgment against all three. Therefore, answer (D) is correct.",,-10.750789642333984,-7.250789642333984,-10.000789642333984,-0.0007894979789853,0.999223583675958
mbe_896,TORTS,1991-July,train,Landco purchased a large tract of land intending to construct residential housing on it. Landco hire,B,C,False,0,1389,96,"C  
Reasoning: The gold passage discusses the concept of duty and reasonable care in the context of negligence. It implies that a party may not be liable for damages if they exercised reasonable care in their actions. In this case, if Poolco used reasonable care in conducting the blasting operations, then Landco would not be liable for the damages to Plaintiff's home. Therefore, answer (C) is correct, as it aligns with the principle that reasonable care can absolve liability.",,-100.0,-7.750541687011719,-0.0005418312503024,-100.0,0.9995694428565992
mbe_897,CONST. LAW,1991-July,train,The state of Atlantica spends several million dollars a year on an oyster conservation program. As p,C,C,True,0,1605,119,"C  
Reasoning: The gold passage discusses the preemption doctrine, which indicates that federal laws take precedence over state laws when there is a clear and manifest purpose of Congress. Fisher, Inc. holds a federal shipping license that allows it to engage in various activities along the coast, including fishing. This federal authorization could be interpreted as granting Fisher, Inc. a right to fish in Atlantica's waters, despite the state law requiring a permit. Therefore, the strongest argument for Fisher, Inc.'s continued right to fish is based on its federal shipping license, making answer (C) correct.",,-3.2892932891845703,-8.03929328918457,-0.0392931960523128,-100.0,0.962362329919378
mbe_898,CONST. LAW,1991-July,train,The United States Department of the Interior granted Concessionaire the food and drink concession in,D,D,True,0,1430,116,"D  
Reasoning: The gold passage explains that the Supremacy Clause establishes that federal law is the supreme law of the land, meaning that any state law that conflicts with federal law is invalid. Since the federal statute authorizing concessions provides that grantees like Concessionaire are only to pay a nominal rental for the use of federal facilities, the state occupancy tax imposed by New Senora would conflict with this federal law. Therefore, Concessionaire's strongest ground for challenging the occupancy tax is that it violates the Supremacy Clause, making answer (D) correct.",,-100.0,-100.0,-100.0,-7.896309739408025e-07,1.0
mbe_899,TORTS,1991-July,train,"Davis has a small trampoline in his backyard which, as he knows, is commonly used by neighbor childr",A,B,False,0,1643,146,"B  
Reasoning: The gold passage discusses the doctrine of primary assumption of the risk, which states that a plaintiff who voluntarily engages in a recreational activity assumes the inherent risks associated with that activity. In this case, Philip, an 11-year-old, chose to use the trampoline without mats, which is a known risk of jumping on a trampoline. The passage indicates that the doctrine applies regardless of the age of the participant, and it is common knowledge that using a trampoline without proper safety measures (like mats) poses a risk of injury. Therefore, if Philip failed to exercise reasonable care commensurate with his age, intelligence, and experience, he would not prevail in his action against Davis, making answer (B) correct.",,-0.9855584502220154,-0.4855584502220154,-4.48555850982666,-100.0,0.6154428277509421
mbe_900,EVIDENCE,1991-July,train,Deben was charged with using a forged prescription from a Dr. Kohl to obtain Percodan* from Smith's ,B,B,True,0,1244,101,"B  
Reasoning: The gold passage indicates that lay witness opinion testimony is admissible in identification contexts if the witness has a basis for concluding that their identification is more reliable than that of the jury. Wallman and Witler's testimony serves to identify Deben as the individual who presented the prescriptions at their respective drugstores, which directly relates to the identification of Deben in the context of the charges against him. Therefore, their testimony is admissible for this purpose, making answer (B) correct.",,-100.0,-1.0206720617134124e-05,-17.500009536743164,-100.0,0.9999999748899924
mbe_901,CONST. LAW,1991-July,train,An ordinance of the city of Green requires that its mayor must have been continuously a resident of ,A,A,True,0,1613,124,"A  
Reasoning: The gold passage emphasizes the requirement of a ""case or controversy"" as a fundamental aspect of judicial power under Article III of the U.S. Constitution. In this situation, Candidate has not joined any election official as a defendant, which raises questions about whether there is a concrete and particularized injury that affects him personally and individually. Without a proper defendant who has the authority to enforce the residency requirement, the court may find that there is no actual case or controversy to resolve, leading to the conclusion that it should refuse to determine the merits of the suit. Therefore, answer (A) is correct.",,-0.0005664954078383,-15.000566482543944,-100.0,-100.0,0.9999996940977692
mbe_902,REAL PROP.,1991-July,train,"Oliver, owner of Blackacre, needed money. Blackacre was fairly worth $100,000, so Oliver tried to bo",D,A,False,0,1352,73,"A  
Reasoning: The gold passage establishes that any contract creating an option to purchase an interest in real property must be in writing to be valid under the Statute of Frauds. Since Len's oral agreement to reconvey Blackacre to Oliver is not in writing, it is invalid. Therefore, Len owns Blackacre outright, making answer (A) correct.",,-0.0014842703239992,-100.0,-100.0,-9.001483917236328,0.99987660538045
mbe_903,CONST. LAW,1991-July,train,Big City High School has had a very high rate of pregnancy among its students. In order to assist st,D,D,True,0,1487,112,"D  
Reasoning: The gold passage establishes that when a statute classifies individuals based on gender, the party defending the classification must show that it serves important governmental objectives and that the means employed are substantially related to achieving those objectives. In this case, Joe is challenging the school's admission policy, which discriminates based on gender by excluding him from the child-care classes despite his legal custody of his son. Therefore, the burden of persuasion lies with the school to demonstrate that its admission policy is substantially related to an important governmental interest, making answer (D) correct.",,-100.0,-9.750100135803224,-11.750100135803224,-0.0001000862830551,0.9999338203947492
mbe_904,CRIM. LAW,1991-July,train,Defendant was upset because he was going to have to close his liquor store due to competition from a,A,A,True,0,1361,122,"A  
Reasoning: The gold passage indicates that the offense of unlawfully causing a fire can include reckless accidents or unintentional fires, where the individual is aware of and consciously disregards a substantial risk that their actions will cause a fire. In this case, Defendant intended to set fire to his store and, despite the fire starting as a result of a reflex action, he made no effort to extinguish it and left the building. This demonstrates a conscious disregard for the risk of the fire spreading, making him guilty under the law as described in the passage. Therefore, answer (A) is correct.",,-0.0002131958899553,-100.0,-13.875213623046877,-100.0,0.9999990577558086
mbe_905,TORTS,1991-July,train,"In his employment, Grinder operates a grinding wheel. To protect his eyes, he wears glasses, sold un",C,C,True,0,1349,97,"C  
Reasoning: The gold passage establishes that a product is considered defective if it lacks any necessary element to make it safe for its intended use. In this case, the safety glasses were specifically labeled to protect against small, flying objects, but not against the type of hazard Grinder encountered (fragments from a disintegrating grinding wheel). Therefore, the glasses were not designed or sold for the protection against the specific hazard that caused Grinder's injury, making answer (C) correct.",,-100.0,-100.0,-19.875,-100.0,1.0
mbe_906,TORTS,1991-July,train,"Based upon the foregoing facts, if Paul sues Shampoo Company to recover damages for his dermatitis, ",D,D,True,0,1633,150,"D  
Reasoning: The gold passage establishes that a supplier has a duty to warn end users of a dangerous product and that this includes providing adequate instructions for safe use. In this case, the label on the No-Flake shampoo clearly states the maximum recommended usage, which Paul disregarded. However, the question of whether the warning was adequate can be evaluated based on the criteria provided in the passage, such as whether it attracted attention and explained the risks. Since Paul used the product in a manner contrary to the instructions, his claim may hinge on whether the warning was sufficient to prevent misuse. Therefore, the most promising theory of liability for Paul would be that the shampoo was inadequately labeled to warn of its dangers, making answer (D) the most",,-100.0,-100.0,-100.0,-4.751746746478602e-05,1.0
mbe_907,TORTS,1991-July,train,"If Paul asserts a claim for his injuries against Shampoo Company based on strict liability in tort, ",D,B,False,0,1622,139,"B  
Reasoning: The gold passage outlines the requirements for establishing a strict liability claim, which does not inherently address defenses such as misuse or contributory negligence. However, under traditional common-law rules, both misuse of the product (I) and contributory negligence (II) can serve as defenses against strict liability claims. Paul misused the shampoo by exceeding the recommended usage, and he was contributorily negligent by continuing to use it despite experiencing adverse effects. The third option (III) regarding privity is not a valid defense in strict liability claims, as strict liability does not require privity between the plaintiff and the manufacturer. Therefore, the correct answer is (B) I and II only.",,-1.7321364879608154,-0.2321364283561706,-3.982136487960816,-4.482136249542236,0.7930766767818572
mbe_908,TORTS,1991-July,train,"If Paul asserts a claim against Oscar for his dermatitis injuries, Oscar's best defense will be that",A,B,False,0,1494,135,"B  
Reasoning: The gold passage explains the concept of contributory negligence as conduct that falls below the standard of care for one's own protection, which can contribute to the harm suffered. However, it also distinguishes between contributory negligence and assumption of risk, indicating that assumption of risk arises from an implied contract. In this case, Paul disregarded the clear instructions on the shampoo's label and used it in a manner that was explicitly warned against, which demonstrates that he assumed the risk of injury by using the product excessively. Therefore, Oscar's best defense against Paul's claim for dermatitis injuries is that Paul assumed the risk of his actions, making answer (B) the correct choice.",,-1.9138530492782595,-0.1638530790805816,-5.663853168487549,-100.0,0.8489968153897428
mbe_909,CONST. LAW,1991-July,train,A statute of the state of Wasminia prohibits the use of state-owned or state-operated facilities for,C,A,False,0,1608,102,"A  
Reasoning: The gold passage establishes that a woman has the right to choose to have an abortion before viability without undue interference from the state. The Wasminia statute limits the availability of abortions to situations where it is necessary to save the life of the mother, which creates a substantial obstacle for women seeking abortions for nonviable pregnancies. This limitation is likely to be viewed as an undue burden on the fundamental right to decide whether to have a child, making answer (A) the most appropriate choice.",,-0.1007767617702484,-100.0,-2.350776672363281,-100.0,0.904650527388829
mbe_911,TORTS,1991-July,train,"While Driver was taking a leisurely spring drive, he momentarily took his eyes off the road to look ",B,B,True,0,1316,105,"B  
Reasoning: The gold passage indicates that summary judgment in negligence cases is typically not granted unless the facts clearly demonstrate the negligence of one party without any fault from the other. In this case, while Driver may have been distracted, Walker's reaction to jump back and fall could be seen as a response to an imminent threat, suggesting that a jury could find Driver's actions negligent and that Walker suffered a legally compensable injury. Therefore, Driver's motion for summary judgment should be denied, making answer (B) correct.",,-10.062159538269045,-0.0621599368751049,-2.812160015106201,-100.0,0.9398732479567178
mbe_914,EVIDENCE,1991-July,train,"Dove is on trial for theft. At trial, the prosecutor called John and May Wong. They testified that, ",A,C,False,0,1269,99,"C  
Reasoning: The gold passage explains that a present sense impression is a statement made contemporaneously with a perceived event. However, in this case, May Wong's statement of the license number was not made during or immediately after the event of witnessing the theft; it was made during a telephone call to the police after the event had occurred. Therefore, the tape recording of May Wong stating the license number is hearsay and does not fall within any exception, making answer (C) correct.",,-1.7031415700912476,-6.453141689300537,-0.2031415253877639,-100.0,0.8162861467752139
mbe_915,TORTS,1991-July,train,Diggers Construction Company was engaged in blasting operations to clear the way for a new road. Dig,B,B,True,0,1412,84,"B  
Reasoning: The gold passage explains that contributory negligence occurs when a plaintiff's conduct falls below the standard of care necessary for their own protection and contributes to their harm. In this case, Paul understood the warnings and signs indicating the danger of the blasting operations but chose to disregard them by entering the area. This action constitutes a failure to exercise reasonable diligence for his own protection, making answer (B) correct.",,-100.0,-2.5776860184123507e-06,-16.250001907348633,-100.0,0.9999999123574668
mbe_916,EVIDENCE,1991-July,train,Pike sued Day City Community Church for damages he suffered when Pike crashed his motorcycle in an a,C,C,True,0,1196,79,"C  
Reasoning: The gold passage discusses impeachment evidence, which is used to attack a witness's credibility. Asking Winters whether she is a member of the church can be relevant to establishing potential bias or partiality, as her affiliation may influence her testimony regarding the church. Therefore, the question is proper for the purpose of ascertaining partiality or bias, making answer (C) correct.",,-19.875,-100.0,-4.320199877838604e-07,-100.0,0.999999997664406
mbe_917,CONST. LAW,1991-July,train,Radon is a harmful gas found in the soil of certain regions of the United States. A statute of the s,C,C,True,0,1775,119,"C  
Reasoning: The gold passage outlines the concept of federal preemption, indicating that state law can be preempted by federal law in various ways, including when state law is not inconsistent with federal law. In this case, the rigorous Magenta licensing requirement is not in conflict with the EPA's inclusion of WeTest on its list of testers, as the state law can coexist with the federal statute. The Magenta requirement serves a legitimate public interest in ensuring accurate radon testing, which supports the court likely ruling in favor of Magenta. Therefore, answer (C) is correct.",,-100.0,-10.250953674316406,-0.0009536213474348,-100.0,0.999964643751131
mbe_918,CONTRACTS,1991-July,train,"Bitz, an amateur computer whiz, agreed in writing to design for the Presskey Corporation, a distribu",D,D,True,0,1508,125,"D  
Reasoning: The gold passage discusses reasonable reliance and indicates that reliance can be justified if it is material and reasonable for the plaintiff to have relied on the conduct or statements made. In this case, Bitz's reliance on Presskey's acceptance of only two game designs per year, coupled with the substantial investment in new equipment, demonstrates that he materially changed his position based on Presskey's conduct. Therefore, the jury's finding that the contract was modified by conduct and Bitz's reliance on that modification was reasonable supports the conclusion that the result is unlikely to be reversed on appeal, making answer (D) correct.",,-8.00035285949707,-11.37535285949707,-12.87535285949707,-0.0003529814421199,0.9996506192503868
mbe_919,REAL PROP.,1991-July,train,"Test owned Blackacre, a vacant one-acre tract of land in State. Five years ago, he executed a deed c",A,A,True,0,1372,137,"A  
Reasoning: The gold passage indicates that a charitable trust can be created by a conveyance to a trustee for a legally charitable purpose. In this case, Test conveyed Blackacre to Church for the purpose of erecting a church building, which is a charitable purpose. Since Church did not construct the church building, the charitable trust has not been fulfilled, and thus the title to Blackacre remains with the charitable trust. Developer, having acquired Blackacre from Church, is now the rightful owner as the trust has not terminated and Developer's title is valid against Sonny and Fanny. Therefore, the court should find that title is now in Developer, making answer (A) correct.",,-0.0132080009207129,-5.763207912445068,-5.763207912445068,-5.013207912445068,0.9870659714182012
mbe_920,EVIDENCE,1991-July,train,Mr. Denby was charged with the sale of narcotics. The federal prosecutor arranged with Mrs. Denby fo,C,D,False,0,1250,106,"D  
Reasoning: The gold passage indicates that a married person has a privilege not to be called as a witness by an adverse party without the prior express consent of the spouse. However, this privilege does not prevent the prosecution from calling Mrs. Denby as a witness if they do so in good faith without knowledge of the marital relationship. Since Mrs. Denby has been granted immunity and is being called to testify against her husband, she can be required to testify about her observations, making answer (D) the correct choice.",,-10.75047206878662,-7.750472068786621,-11.25047206878662,-0.0004719027201645,0.999535021136628
mbe_922,CONST. LAW,1991-July,train,The legislature of the state of Gray recently enacted a statute forbidding public utilities regulate,C,C,True,0,1592,103,"C  
Reasoning: The gold passage discusses the doctrine of ripeness, which prevents courts from adjudicating issues that are not yet ready for judicial resolution. In this case, Economy Electric's request for a declaratory judgment regarding the constitutionality of the statute is premature because the company is uncertain about when it will need a rate increase and has not yet faced any hardship from the statute. The court would likely find that the issues presented are not appropriate for judicial resolution at this time, making answer (C) correct.",,-100.0,-15.50000286102295,-3.054500666621607e-06,-100.0,0.9999998144608622
mbe_923,EVIDENCE,1991-July,train,"Daniel is on trial for evading $100,000 in taxes. The prosecution offers in evidence an anonymous le",B,B,True,0,1289,110,"B  
Reasoning: The gold passage outlines the criteria for a statement to be considered an admission by a party-opponent and thus admissible as an exception to the hearsay rule. The letter from Daniel acknowledges his intention to pay back taxes and offers a payment, which is relevant to the prosecution's case against him for tax evasion. This acknowledgment is unfavorable to Daniel's position, as it implies an admission of guilt regarding his tax obligations. Therefore, the letter meets the requirements for admissibility as an admission, making answer (B) correct.",,-100.0,-5.438573680294212e-06,-15.500005722045898,-100.0,0.9999998144609508
mbe_924,CONTRACTS,1991-July,train,"For this question only, assume the following facts. Having received Broker's message on October 17, ",A,A,True,0,1593,98,"A  
Reasoning: The gold passage discusses the implication of a reasonable time for performance when a contract does not specify a time. In this case, Broker's promise to re-deliver the coin by December 31 still stands, and he has not yet missed the deadline. Therefore, Broker's best argument is that he did not repudiate the contract on October 17 and may still perform by the contract deadline of December 31, making answer (A) the most compelling choice.",,-0.000395999290049,-100.0,-11.875395774841309,-100.0,0.9999930377421872
mbe_925,CONTRACTS,1991-July,train,"For this question only, assume the following facts. After receiving Broker's message on October 17, ",C,C,True,0,1596,108,"C  
Reasoning: The gold passage discusses the nature of breach of contract claims and remedies, emphasizing that a party may seek appropriate remedies for breach. In this case, Hoarda's argument (C) aligns with the principle that if Broker repudiates the contract, Hoarda, as the aggrieved party, may resort to any appropriate remedy, including seeking damages for the loss of the promised performance. This argument supports Hoarda's position against Broker's motion to dismiss, as it highlights her right to act upon the anticipatory breach.",,-6.003498077392578,-7.628498077392578,-0.0034981502685695,-100.0,0.9970419285110036
mbe_926,REAL PROP.,1991-July,train,"Alice owned a commercial property, Eastgate, consisting of a one-story building rented to various re",B,B,True,0,1634,85,"B  
Reasoning: The gold passage defines waste as an unreasonable or improper use of real estate by someone in possession that results in substantial injury. Richard's argument that the proposed demolition of the building constitutes waste aligns with this definition, as it would likely be seen as an improper use of the property that could harm its value and future potential as a public park. Therefore, answer (B) is the best argument for Richard.",,-100.0,-9.088346359931164e-07,-15.500000953674316,-100.0,0.9999998144609066
mbe_927,EVIDENCE,1991-July,train,"Doppler is charged with aggravated assault on Vezy, a game warden. Doppler testified that, when he w",C,B,False,0,1579,137,"B  
Reasoning: The gold passage indicates that evidence of other crimes, wrongs, or acts is generally not admissible to prove a person's character to show that they acted in accordance with that character on a particular occasion. However, such evidence may be admissible for other purposes, including proving intent or lack of mistake. In this case, Willy's testimony about Doppler shooting a man without provocation and claiming self-defense could be relevant to show that Doppler did not act in self-defense during the current incident with Vezy. Therefore, Willy's testimony is admissible as evidence that Doppler did not act in self-defense on this occasion, making answer (B) correct.",,-100.0,-0.1603606045246124,-1.91036057472229,-9.910360336303713,0.8519104886583296
mbe_928,CRIM. LAW,1991-July,train,"Eddie worked as the cashier in a restaurant. One night after the restaurant had closed, Eddie discov",A,B,False,0,1413,127,"B  
Reasoning: The gold passage distinguishes between larceny and embezzlement, stating that larceny involves the unlawful taking of property without the owner's consent, while embezzlement involves the unlawful conversion of property that one has lawful possession of. In this case, Eddie initially had lawful possession of the cash when he discovered the discrepancy and reported it to Rita. However, when he took the bag from the safe after Rita accused him, he converted the property to his own use without consent, which constitutes embezzlement. Therefore, Eddie is guilty of embezzlement, making answer (B) correct.",,-0.9819574952125548,-0.4819574952125549,-4.98195743560791,-100.0,0.6181846468256852
mbe_929,CRIM. LAW,1991-July,train,"A grand jury returned an indictment charging Daniels with bank robbery, and when he could not make b",B,B,True,0,1330,105,"B  
Reasoning: The gold passage establishes that once adversary proceedings have commenced, an individual has a right to legal representation during government interrogation. In this case, Daniels was indicted and thus had formal charges against him, which means his right to counsel had accrued. Since Innis was acting as an informant to elicit information from Daniels without his attorney present, this constitutes a violation of Daniels's right to counsel. Therefore, the motion to exclude Innis's testimony should be granted, making answer (B) correct.",,-6.253368854522705,-0.0033688964322209,-8.003369331359863,-7.003368854522705,0.99683226771265
mbe_931,CONST. LAW,1991-July,train,Clerk is a clerical worker who has been employed for the past two years in a permanent position in t,B,B,True,0,1485,150,"B  
Reasoning: The gold passage outlines the two inquiries for determining constitutional protections for public employee speech. The first inquiry is whether the employee spoke as a citizen on a matter of public concern. Clerk's remark about the governor can be considered a matter of public concern, as it relates to a public figure and a significant event (the attempted assassination). Since Clerk's speech qualifies under the First Amendment, the next question is whether the county recorder had an adequate justification for the dismissal. Given that Clerk's duties did not involve public interaction and his remark was made in a private context, the state's interest in loyalty does not outweigh Clerk's right to express his opinion on a matter of public concern. Therefore, the dismissal was unconstitutional, making answer (B)",,-100.0,-0.0790811255574226,-2.5790810585021973,-100.0,0.9241418152779356
mbe_934,REAL PROP.,1991-July,train,"Oren owned Purpleacre, a tract of land, in fee simple. By will duly admitted to probate after his de",D,C,False,0,1412,84,"C  
Reasoning: The gold passage defines a contingent remainder as one that is subject to a condition precedent or given to an uncertain person. In this case, Cam's remainder is contingent upon his survival, and since he predeceased Wen, his remainder does not vest. Therefore, Cam's interest in Purpleacre must descend by intestacy to his heirs, Cynthia and Camelia, making answer (C) correct.",,-4.646878719329834,-100.0,-0.396878719329834,-1.146878719329834,0.6726619742978741
mbe_935,TORTS,1991-July,train,Allen and Bradley were law school classmates who had competed for the position of editor of the law ,B,B,True,0,1530,97,"B  
Reasoning: The gold passage outlines the elements required for a defamation claim, including the necessity for the plaintiff to prove that the statement was false and that the defendant acted with the requisite degree of fault, which is negligence for a private individual. Since Allen's statement about Bradley's note was false and he may have had substantial doubts about its accuracy, Bradley can recover if she proves that Allen acted negligently in making the statement. Therefore, answer (B) is correct.",,-0.8429775238037109,-0.5929775238037109,-4.092977523803711,-100.0,0.5527921578484748
mbe_936,CONTRACTS,1991-July,train,"In an action for breach of contract by Prism against Starr, Prism's probable recovery is",C,A,False,0,1277,83,"A  
Reasoning: The gold passage establishes that a contract executed by a minor is enforceable by the minor but may be avoided by the minor if not affirmed after reaching adulthood. Since Starr was a minor at the time of the original transaction and has not affirmed the contract after reaching majority, she has the privilege to avoid the contract. Therefore, Prism's probable recovery is nothing, making answer (A) correct.",,-0.0087947892025113,-4.758794784545898,-100.0,-100.0,0.9914225145466888
mbe_937,CONTRACTS,1991-July,train,"For this question only, assume that Starr bought the telescope from Prism after reaching her majorit",D,C,False,0,1311,82,"C  
Reasoning: The gold passage indicates that an agreement must be definite enough for a court to determine the legal obligations of the parties involved. By stating ""as soon as I am able,"" Starr's promise introduces an element of uncertainty regarding when she will be able to pay, which could make the promise indefinite. Therefore, it requires Starr to prove her inability to pay, making answer (C) correct.",,-0.8302384614944458,-5.580238342285156,-0.5802384614944458,-8.205238342285156,0.559902004462826
mbe_939,EVIDENCE,1991-July,train,Prine sued Dover for an assault that occurred March 5 in California. To support his defense that he ,A,A,True,0,1327,103,"A  
Reasoning: The gold passage explains that statements can be admitted under the ""state of mind"" exception to the hearsay rule if the declarant's state of mind is at issue in the trial. In this case, Dover's letter expressing his intention to be in Utah on March 5 is relevant to his state of mind regarding his whereabouts at the time of the assault. Therefore, the letter is admissible for the limited purpose of showing Dover's state of mind, making answer (A) correct.",,-0.0078794034197926,-8.507879257202148,-100.0,-5.007879257202148,0.9931064347238918
mbe_940,CONST. LAW,1991-July,train,"Maple City has an ordinance that prohibits the location of ""adult theaters and bookstores"" (theaters",B,B,True,0,1777,104,"B  
Reasoning: The gold passage indicates that the government may enforce regulations on expressive activities, such as zoning restrictions on adult theaters and bookstores, as long as these regulations are content-neutral, serve a significant governmental interest, and leave open ample alternative channels of communication. The ordinance in question aims to protect surrounding property from adverse secondary effects, which aligns with serving a substantial governmental interest. Therefore, the ordinance is valid under the principles outlined in the passage, making answer (B) the most accurate statement regarding its constitutionality.",,-100.0,-0.0016270985361188,-100.0,-100.0,1.0
mbe_941,CRIM. LAW,1991-July,train,"Kingsley was prosecuted for selling cocaine to an undercover police agent. At his trial, he testifie",D,B,False,0,1573,117,"B  
Reasoning: The gold passage emphasizes that appellate courts are concerned with legal errors and that a legal error must be shown to have prejudiced the outcome of the case to warrant a reversal. In this scenario, imposing a burden of persuasion on Kingsley regarding the defense of entrapment could be seen as a violation of due process, as it shifts the burden away from the prosecution to prove guilt beyond a reasonable doubt. This could be considered a legal error that prejudiced Kingsley's defense. Therefore, the conviction should be reversed for this reason, making answer (B) correct.",,-5.606281280517578,-0.1062814220786094,-2.356281518936157,-6.231281280517578,0.8995447134178323
mbe_942,TORTS,1991-July,train,Assume for this question only that a state statute provides for a system of pure comparative neglige,A,A,True,0,1417,146,"A  
Reasoning: The gold passage establishes that under a pure comparative fault system, a plaintiff's own negligence does not relieve the defendant from liability but reduces the amount of damages recoverable. Pat's total damages are $100,000, and her negligence is apportioned at 30%. Therefore, her recoverable damages would be $100,000 - $30,000 = $70,000. Since Donald is jointly and severally liable, Pat can collect the full $70,000 from him. After that, Donald can seek contribution from Drew based on their respective fault percentages. Since Drew is 40% at fault, Donald can collect $40,000 from Drew. Thus, answer (A) is correct.",,-0.0477520450949668,-3.547752141952514,-4.047751903533936,-100.0,0.9537315980230512
mbe_943,TORTS,1991-July,train,Assume for this question only that the state has retained the common-law rule pertaining to contribu,C,C,True,0,1361,123,"C  
Reasoning: The gold passage establishes that under a system of pure comparative negligence, liability is assigned in direct proportion to the amount of negligence of each party. Since the jury apportioned 30% of the negligence to Donald, Pat can recover 30% of her total damages from him, which amounts to $30,000. However, because the state has abolished joint and several liability, Donald cannot seek contribution from Drew for the remaining damages, as his liability is limited to his own percentage of fault. Therefore, Donald will not be entitled to collect anything from Drew, making answer (C) correct.",,-4.559551239013672,-3.059551239013672,-0.0595512576401233,-8.059551239013672,0.942301442220613
mbe_946,CONST. LAW,1991-July,train,A statute of the state of Orrington provides that assessments of real property for tax purposes must,A,A,True,0,1451,120,"A  
Reasoning: The Gold passage establishes that the Equal Protection Clause requires that all persons similarly situated be treated alike. Owner's property is assessed at a much higher value compared to similar homes, resulting in disproportionately higher taxes. This situation suggests that Owner is not being treated equally in comparison to other property owners in similar circumstances, thus supporting her claim that the tax assessment violates her right to equal protection under the law. Therefore, the strongest constitutional argument for Owner's claim is that the comparative overvaluation of her property deprives her of the equal protection of the laws, making answer (A) correct.",,-3.702754474943504e-05,-100.0,-100.0,-100.0,1.0
mbe_947,EVIDENCE,1991-July,train,Plaza Hotel sued Plaza House Hotel for infringement of its trade name. To establish a likelihood of ,B,B,True,0,1217,109,"B  
Reasoning: The gold passage defines hearsay as an out-of-court statement offered for the truth of its content, which is generally inadmissible unless it fits into a recognized exception. The memoranda prepared by Plaza Hotel's employees contain statements about instances of confusion that were not made under oath and are being offered to prove the truth of the confusion, thus qualifying as hearsay. Since they do not fit into any recognized exception based on the information provided, they should be excluded as hearsay, making answer (B) correct.",,-100.0,-6.468279752880335e-05,-9.750064849853516,-100.0,0.9999417087440762
mbe_948,,1992,train,Jackson and Brannick planned to break into a federal government office to steal food stamps. Jackson,C,B,False,0,1574,83,"B  
Reasoning: The gold passage explains that accomplice liability applies to individuals who assist in the commission of a crime, and that those who aid and abet a conspiracy can be charged as principals. Crowley knowingly agreed to buy stolen food stamps, which indicates his participation in the conspiracy to steal. Therefore, he is guilty as he willingly aided and abetted the conspiracy, making answer (B) correct.",,-5.255558490753174,-0.0055585205554962,-8.255558967590332,-100.0,0.994521403371001
mbe_949,,1992,train,"Defendant, a worker in a metalworking shop, had long been teasing Vincent, a young colleague, by cal",D,B,False,0,1300,98,"B  
Reasoning: The gold passage defines voluntary manslaughter as an unlawful killing that occurs without malice, either in the heat of passion or under an unreasonable belief in the necessity of self-defense. In this scenario, Defendant struck Vincent in response to an attack, which suggests that the act was committed in the heat of passion due to the ongoing teasing and provocation. Therefore, the appropriate classification of Defendant's actions aligns with voluntary manslaughter, making answer (B) correct.",,-100.0,-0.1319723278284073,-6.756972312927246,-2.131972312927246,0.8797689569947837
mbe_950,,1992,train,"Opus, the owner of Stoneacre, entered into a written agreement with Miner. Under this written agreem",B,B,True,0,1530,103,"B  
Reasoning: The gold passage explains that a profit a prendre is an incorporeal interest in land that allows the holder to enter upon another's land and remove something of value from it. This right is distinct from a license, which does not confer property rights. Since Miner has a profit a prendre under the agreement with Opus, he possesses a property right that is protected by the due process clause. Therefore, Miner is entitled to compensation in the condemnation action, making answer (B) correct.",,-100.0,-0.0003019769501406,-12.2503023147583,-100.0,0.9999952149071216
mbe_951,,1992,train,Dan was an alcoholic who frequently experienced auditory hallucinations that commanded him to engage,D,D,True,0,3371,142,"D  
Reasoning: The gold passage explains that the insanity defense allows a defendant to assert a lack of culpability based on mental illness, which is relevant to Dan's case. Given that Dan experiences auditory hallucinations that compel him to act violently, he may not have been able to understand the nature or wrongfulness of his actions at the time of the incident. This aligns with the M'Naghten rule, which states that a defendant can be found not guilty by reason of insanity if they did not know the nature of their act or did not know it was wrong. Therefore, Dan's best chance of acquittal would be to rely on the defense of insanity, making answer (D) correct.",,-100.0,-100.0,-100.0,-6.704273118884885e-07,1.0
mbe_952,,1992,train,"For this question only, assume the following facts. The passbook was issued solely in Prodigal's nam",D,D,True,0,1357,97,"D  
Reasoning: The gold passage indicates that the intent to benefit a third party must be assessed through the entire contractual relationship. In this case, Mater's subsequent agreement with Vault to transfer the account to Distaff effectively abrogated any rights Prodigal may have had under the original deposit agreement. Since Mater's actions were legally executed and the account was transferred, Prodigal's claim to the funds was nullified by the new agreement, making answer (D) correct.",,-7.752699851989746,-8.002699851989746,-2.127699851989746,-0.1276998668909073,0.8801240197441228
mbe_953,,1992,train,"For this question only, assume the following facts. The passbook was issued by Vault to Mater solely",C,B,False,0,1624,80,"B  
Reasoning: The gold passage establishes that donative assignments, such as Mater's gift to Prodigal, are generally revocable. Mater explicitly revoked her gift by notifying Prodigal of her decision to cancel the assignment. Therefore, the estate prevails because Mater's gift was revocable and was effectively terminated by her express revocation before her death, making answer (B) correct.",,-8.000554084777832,-0.0005536287208087,-8.500554084777832,-100.0,0.9994613595387782
mbe_954,,1992,train,"In a civil suit by Pine against Decker, Decker called Wall, a chemist, as an expert witness and aske",A,A,True,0,1238,85,"A  
Reasoning: The gold passage indicates that while character evidence is generally not admissible to prove conduct, there are circumstances where it may be relevant. In this case, Wall's failure in two chemistry courses is relevant to the weight of his testimony as an expert witness. Therefore, Pine's inquiry about Wall's academic failures is pertinent to assessing the credibility and reliability of Wall's opinion, making answer (A) correct.",,-0.0652374327182769,-2.815237522125244,-100.0,-100.0,0.939913354875362
mbe_955,,1992,train,Congress enacts a law providing that all disagreements between the United States and a state over fe,D,C,False,0,1209,108,"C  
Reasoning: The gold passage states that federal courts cannot issue advisory opinions due to the Constitution's case-or-controversy requirement. The law in question allows a federal court to settle disagreements over federal grant-in-aid funds, which could lead to the court rendering an advisory opinion if the federal agency is not bound to execute the judgment. This suggests that the law may violate the Eleventh Amendment by improperly vesting authority in the federal court to determine matters that may not be justiciable, making answer (C) correct.",,-100.0,-7.280464649200439,-0.030464868992567,-3.5304648876190186,0.9700190796131236
mbe_957,,1992,train,"In a contract suit by Perez against Drake, each of the following is an accepted method of authentica",A,C,False,0,1254,90,"C  
Reasoning: The gold passage discusses the admissibility of expert testimony regarding the authenticity of signatures and writings. It does not specifically address the method of authentication based on the age of a document and its circumstances, which is what option (C) describes. While options (A), (B), and (D) are accepted methods of authentication, (C) does not align with the principles outlined in the passage, making it the correct answer.",,-4.076007843017578,-3.576007604598999,-0.0760076940059661,-3.576007604598999,0.9270328646218324
mbe_958,,1992,train,"For a valuable consideration, Amato, the owner of Riveracre, signed and gave to Barton a duly execut",B,C,False,0,1374,109,"C  
Reasoning: The gold passage discusses the reasonableness of restraints on alienation and suggests that such restraints can be problematic if they unduly limit the owner's ability to make decisions regarding the property. Barton's right to purchase Riveracre at a fixed price upon Amato's death or decision to sell imposes a restraint on Amato's power to make a testamentary disposition of the property. Since the instrument is not valid as a will, it cannot effectively restrict Amato's rights in this manner, making answer (C) correct.",,-100.0,-4.041131496429443,-0.0411315746605396,-3.7911314964294434,0.9598463741913448
mbe_960,,1992,train,"If Dunbar is prosecuted for murder on the basis of felony murder and the jury believes her claim, sh",D,A,False,0,1295,107,"A  
Reasoning: The gold passage indicates that under the felony-murder rule, the key requirement is that the felony and the murder must be part of one continuous transaction. In this case, Dunbar's act of taking money from the cash register constitutes a felony, and Balcom's subsequent act of shooting Stone occurred during the commission of that felony. Therefore, Dunbar can be found guilty of murder under the felony-murder rule because her companion committed a homicide in the course of the felony, making answer (A) correct.",,-0.0130862277001142,-4.513086318969727,-6.263086318969727,-100.0,0.987128389234001
mbe_961,,1992,train,If Dunbar is prosecuted for murder on the basis of being an accessory to Balcom in committing a murd,C,B,False,0,1309,101,"B  
Reasoning: The gold passage establishes that accessorial liability requires a defendant to intentionally aid another in the conduct constituting the offense, with the necessary mental culpability. In this case, Dunbar and Balcom were acting in concert during a dangerous undertaking (the robbery), which implies that Dunbar's actions contributed to the overall criminal activity. Therefore, the jury could find her guilty based on her participation in the robbery and the subsequent murder committed by Balcom, making answer (B) correct.",,-100.0,-0.2519327104091644,-1.5019327402114868,-100.0,0.7772998663336157
mbe_963,,1992,train,Acorp and Beeco are companies that each manufacture pesticide X. Their plants are located along the ,D,D,True,0,1341,102,"D  
Reasoning: The gold passage establishes the principle of joint and several liability, which applies when two or more tortfeasors' actions combine to cause a plaintiff's injuries. In this case, both Acorp and Beeco negligently discharged pesticide into the river, and their combined actions resulted in harm to Landesmann's cattle. Since neither company alone caused the harm, but together they did, Landesmann can recover the entire amount of his damages from either company, making answer (D) correct.",,-100.0,-100.0,-100.0,-5.512236498361744e-07,1.0
mbe_964,,1992,train,"Paulsen sued Daly for nonpayment of a personal loan to Daly, as evidenced by Daly's promissory note ",B,D,False,0,1245,79,"D  
Reasoning: The gold passage states that impeachment evidence is admissible if it is relevant to undermining the credibility of the witness. Wilson's testimony regarding the duration of Walters' employment directly challenges Walters' credibility by suggesting that he may have misrepresented his experience. Therefore, Wilson's testimony is admissible as it serves to impeach Walters' credibility, making answer (D) correct.",,-100.0,-9.500077247619627,-100.0,-7.696077227592468e-05,0.9999251537939572
mbe_966,,1992,train,"If Roth asserts a claim against Bike Shop based on strict liability in tort, will Roth prevail?",A,A,True,0,1297,98,"A  
Reasoning: The gold passage establishes that a manufacturer can be held strictly liable for injuries resulting from a defective product if the defect was present when the product left the factory. In this case, if Roth can demonstrate that the brake failure was due to a defect that existed when the bicycle was manufactured by Cycle Company, he would prevail in his strict liability claim against Bike Shop, as the injury resulted from a reasonably foreseeable use of the bicycle. Therefore, answer (A) is correct.",,-0.0002137882256647,-12.625213623046877,-8.500213623046875,-100.0,0.9997932855766438
mbe_967,,1992,train,If Perez asserts a claim based on negligence against Cycle Company and if it is found that the brake,B,A,False,0,1377,96,"A  
Reasoning: The gold passage outlines the requirements for proving a manufacturing defect claim under Florida law, which includes that the product was defective, the defect existed at the time it left the manufacturer's control, and the defect proximately caused the plaintiff's injuries. Since it is established that the brake failure resulted from a manufacturing defect in the bicycle, and Cycle Company placed the defective bicycle into the stream of commerce, Perez will prevail under these conditions, making answer (A) correct.",,-2.2961512513575144e-05,-100.0,-12.500022888183594,-100.0,0.9999962733604424
mbe_969,,1992,train,"For this question only, assume that on November 1, Toy Store sues Fido for damages and alleges the a",D,D,True,0,1493,91,"D  
Reasoning: The gold passage states that to properly plead breach of contract, the complaint must identify the specific provision of the contract allegedly breached. In this case, Toy Store's complaint alleges that Fido failed to deliver the mechanical dogs by the agreed-upon date of November 15, which constitutes a breach of the contract. Therefore, the court should deny Fido's motion to dismiss because Toy Store has sufficiently alleged an actionable breach of contract.",,-17.0,-16.25,-100.0,-4.320199877838604e-07,0.9999998709581016
mbe_970,,1992,train,"For this question only, assume that by November 16, Fido, without legal excuse, has delivered no dog",A,A,True,0,1723,90,"A  
Reasoning: The gold passage explains that an assignment can be for the purpose of collection, which does not transfer beneficial ownership but allows the assignee to collect on the claim. Since the assignment from Fido to High Finance was for security purposes, it does not constitute a complete transfer of the contract rights to High Finance. Therefore, Toy Store cannot recover anything from High Finance based on Fido's default, making answer (A) correct.",,-0.0003100791363976,-13.125309944152832,-100.0,-100.0,0.9999980052700091
mbe_971,,1992,train,A 10-lot subdivision was approved by the proper governmental authority. The authority's action was p,D,D,True,0,1352,87,"D  
Reasoning: The gold passage defines marketable title as one that a reasonable buyer would accept, free from reasonable doubt as to its validity. Since the subdivision building restrictions apply to ""all the lots shown on said map,"" and the undesignated parcel's status is uncertain regarding these restrictions, it creates doubt about the title's validity. Therefore, title to the parcel is not marketable, making answer (D) correct.",,-7.475741863250732,-6.975741863250732,-0.975741982460022,-0.4757420122623443,0.6215248991766381
mbe_972,,1992,train,"A state statute requires the permanent removal from parental custody of any child who has suffered """,A,B,False,0,1307,91,"B  
Reasoning: The gold passage indicates that the party challenging the constitutionality of a statute bears the burden of proving that the statute and its application are unconstitutional. In this case, Zeller is defending against the application of the statute, which means he is challenging its constitutionality. Therefore, the state must demonstrate that its application of the statute to Zeller is rationally related to a legitimate state interest, making answer (B) the correct choice.",,-1.1702860593795776,-0.4202860295772552,-3.670285940170288,-100.0,0.6617517263201844
mbe_974,,1992,train,"In March, when Ohm was 17, Stereo delivered to Ohm a television set. At that time Ohm agreed in writ",C,B,False,0,1212,84,"B  
Reasoning: The gold passage states that damages recoverable for breach of contract are limited to those caused by the breach. In this case, the reasonable value of the television set at the time of breach (July 1) was $250. Since Stereo cannot recover more than the value of the set, the maximum amount that Stereo will be entitled to recover is $250, making answer (B) correct.",,-4.272838115692139,-0.0228382144123315,-4.772838115692139,-100.0,0.9775974440601438
mbe_975,,1992,train,"Dray was prosecuted for bank robbery. At trial, the bank teller, Wall, was unable to identify Dray, ",C,C,True,0,1268,119,"C  
Reasoning: The gold passage outlines that a statement made by a witness identifying a party involved in a crime is admissible if it meets certain criteria. Wall's testimony indicates that she previously identified Dray as the bank robber before he grew a beard, which satisfies the conditions of the passage: it is an identification of a party, made when the event was fresh in her memory, and she has testified that her prior identification was a true reflection of her opinion at that time. Therefore, Wall's testimony is admissible as prior identification by the witness, making answer (C) correct.",,-100.0,-100.0,-19.0000057220459,-100.0,1.0
mbe_976,,1992,train,Which of the following is LEAST likely to be the underlying felony in a prosecution for felony murde,B,B,True,0,1325,80,"B  
Reasoning: The gold passage defines manslaughter as a killing that occurs without malice aforethought, which is a necessary element for murder. Since felony murder requires an underlying felony that is inherently dangerous and involves malice, manslaughter, which lacks malice, is least likely to be the underlying felony in a prosecution for felony murder. Therefore, answer (B) is correct.",,-100.0,-0.0001209469264722,-9.500121116638184,-100.0,0.9999251537851908
mbe_977,,1992,train,"If Morris asserts a claim based on strict liability tort against Trailco, she will",B,B,True,0,1492,100,"B  
Reasoning: The gold passage establishes that manufacturers and sellers are strictly liable for injuries caused by unreasonably dangerous products, regardless of the knowledge or actions of third parties, such as Dixon in this case. Since the design of the trailer was deemed dangerous and there is no indication that an unforeseen alteration occurred, Trailco remains liable for Morris's injuries. Therefore, answer (B) is correct, as Dixon's knowledge of the dangerous propensity of the trailer does not relieve Trailco of liability.",,-100.0,-6.2729995988775045e-06,-100.0,-100.0,1.0
mbe_978,,1992,train,"If Morris asserts a claim for her injuries against Dixon, she will",A,A,True,0,1324,108,"A  
Reasoning: The gold passage indicates that a driver can be held liable for damages if they knew or should have known of a defective condition that caused an accident. In this case, Dixon was aware of the dangerous propensity of the trailer and failed to install a restraining device that could have prevented the load from shifting and causing the accident. Therefore, if Morris can demonstrate that the use of the restraining device would have prevented the trailer from overturning, she will prevail in her claim against Dixon, making answer (A) correct.",,-0.0798488780856132,-100.0,-2.5798487663269043,-100.0,0.9241418121440552
mbe_979,,1992,train,"Fernwood Realty Company developed a residential development, known as the Fernwood Development, whic",A,D,False,0,1435,96,"D  
Reasoning: The gold passage defines that a covenant touches and concerns the land if it affects the nature, quality, or value of what is conveyed. In this case, Page purchased her dwelling unit from Olm, who bought it from Fernwood, and there is no direct relationship (privity of estate) between Page and Gaint, the current operator of the power plant. Therefore, Gaint cannot enforce the covenant against Page, making answer (D) correct.",,-1.1375333070755005,-9.262533187866213,-100.0,-0.3875332772731781,0.6791142051236583
mbe_980,,1992,train,Congress passes an Energy Conservation Act. The act requires all users of energy in this country to ,A,A,True,0,1305,101,"A  
Reasoning: The gold passage indicates that Congress has the ability to delegate power under broad general directives, as long as there is an intelligible principle guiding the delegation. Since the Energy Conservation Act sets forth specific standards and detailed procedures for the President to follow in setting the percentage, it provides sufficient guidance for the delegation of power. Therefore, the provision allowing the President to set the exact percentage is likely constitutional as it creates a limited administrative power to implement the statute, making answer (A) correct.",,-0.0188572388142347,-100.0,-4.018857002258301,-100.0,0.98201378585969
mbe_981,,1992,train,"Ortega owned Blackacre in fee simple and by his will specifically devised Blackacre as follows: ""To ",C,C,True,0,1415,113,"C  
Reasoning: The gold passage indicates that the doctrine of after-acquired title does not apply to a void conveyance. In this case, Luis quitclaimed his interest in Blackacre to Jos&, which means he effectively transferred his interest. Since Eugenia died survived by her husband Jos& and no children, the specific provisions of Ortega's will regarding the transfer of Blackacre to Luis do not apply, as Jos& has a valid claim to the property through the quitclaim deed. Therefore, judgment should be for Jos&, making answer (C) correct.",,-4.821844100952148,-1.3218443393707275,-0.3218443393707275,-100.0,0.7251692405341622
mbe_982,,1992,train,"Duncan was charged with aggravated assault. At trial Duncan did not testify; however, he sought to o",D,C,False,0,1171,74,"C  
Reasoning: The gold passage states that opinion testimony is generally not a proper method of admitting evidence regarding character traits. This implies that character evidence, including testimony about good character for truth and veracity, is not admissible to prove conduct in conformity therewith. Therefore, Duncan's attempt to offer such evidence should be excluded, making answer (C) correct.",,-100.0,-100.0,-1.8624639324116288e-06,-13.500001907348633,0.9999986290428547
mbe_983,,1992,train,Alford was a suspect in a homicide committed during a robbery of a liquor store. Barber was a friend,C,C,True,0,1488,111,"C  
Reasoning: The gold passage indicates that Miranda warnings are required when a person is in custody and law enforcement intends to perform a custodial interrogation. However, it also states that a waiver of Miranda rights does not need to be explicit, and the State must show that the relinquishment of rights was voluntary and that the defendant was aware of the consequences of waiving them. Since Barber voluntarily went to headquarters and made his statement before receiving Miranda warnings, it can be argued that his statement was freely and voluntarily given, making answer (C) correct.",,-5.753704071044922,-100.0,-0.0037039965391159,-7.753704071044922,0.9963994874672364
mbe_984,,1992,train,The federal government has complete jurisdiction over certain parkland located within the state of P,A,A,True,0,1354,99,"A  
Reasoning: The gold passage discusses the Necessary and Proper Clause, which allows Congress to enact laws that are rationally related to its constitutionally enumerated powers. The federal law forbidding the hunting of animals that have left federal property can be seen as a necessary and proper means of protecting U.S. property, as it aims to conserve wildlife that is part of the federal park's ecosystem. Therefore, answer (A) is the strongest ground supporting the constitutionality of the federal law.",,-0.0001086689444491,-10.25010871887207,-100.0,-100.0,0.9999646437510236
mbe_985,,1992,train,"If Poe asserts a claim based on defamation against Kane, will Poe prevail?",D,C,False,0,1368,98,"C  
Reasoning: The gold passage defines defamation as the communication of a false statement of fact that injures someone's reputation. For Poe to prevail in a defamation claim against Kane, he must demonstrate that Kane's statement was false and that Kane knew it was false or acted with reckless disregard for the truth. Since the passage does not indicate that Kane knew Poe owed no money to Store, Poe cannot establish the necessary element of knowledge or recklessness, making answer (C) correct.",,-5.382413387298584,-7.132413387298584,-0.1324132978916168,-2.132413387298584,0.8760443876335496
mbe_986,,1992,train,"If Poe asserts a claim based on intentional infliction of emotional distress against Kane, will Poe ",A,C,False,0,1462,148,"C  
Reasoning: The gold passage outlines the requirements for a prima facie case of intentional infliction of emotional distress (IIED), which includes showing that the conduct was extreme and outrageous, intentional or reckless, caused emotional distress, and that the distress was severe. While Kane's conduct may be considered inappropriate, it does not meet the threshold of being ""extreme and outrageous"" as defined in the passage. Additionally, the passage does not indicate that physical harm is necessary for an IIED claim, but Poe's emotional distress must be severe. Since the facts do not support that Poe suffered severe emotional distress as a result of Kane's actions, Poe is unlikely to prevail in his claim. Therefore, answer (C) is correct.",,-1.5112619400024414,-4.761261940002441,-0.2612618803977966,-7.261261940002441,0.7701041517123278
mbe_987,,1992,train,"If Kane asserts a claim of battery against Poe, will Kane prevail?",B,B,True,0,1562,113,"B  
Reasoning: The gold passage defines battery as the unlawful touching or striking of another, which can occur through any substance put in motion by the aggressor. In this case, if Poe knew that slamming the door would likely strike the bullhorn and cause contact with Kane, he could be found to have acted with the intention of bringing about harmful contact. Therefore, Kane could prevail on his claim of battery if it is established that Poe was substantially certain that his action would result in the bullhorn striking Kane's face, making answer (B) correct.",,-11.975221633911133,-0.1002215445041656,-2.350221633911133,-100.0,0.9046448449506518
mbe_988,,1992,train,A contract would arise from these communications only if,D,D,True,0,1419,91,"D  
Reasoning: The gold passage establishes that an offer lapses if not accepted within a ""reasonable time."" This implies that for a contract to arise from the communications between Eureka and Gourmet, Gourmet's acceptance (his check and memo) must be sent within a reasonable time after receiving Eureka's offer. Therefore, answer (D) is correct, as it aligns with the principle that acceptance must occur within a reasonable timeframe for a contract to be valid.",,-100.0,-100.0,-100.0,-1.7432603272027336e-06,1.0
mbe_989,,1992,train,"For this question only, assume the following facts: Eureka shipped 24 LBVCs to Gourmet after receivi",C,B,False,0,1682,134,"B  
Reasoning: The gold passage emphasizes the importance of mutual assent and the necessity for a valid contract to have a meeting of the minds, which is evidenced by an offer and acceptance of definite terms. In this case, the invoice restriction stating ""These items shall not be offered for resale at retail"" could be considered a material alteration of the preexisting terms of the contract, which Gourmet accepted based on the initial offer of $39.99 per unit. If the invoice restriction materially alters the terms of the agreement, it could provide a basis for Eureka to assert a breach of contract against Gourmet for disregarding that restriction. Therefore, answer (B) is correct.",,-8.081151962280273,-0.5811518430709839,-0.8311518430709839,-100.0,0.5620017571181084
mbe_990,,1992,train,Downs was indicted in state court for bribing a public official. During the course of the investigat,D,D,True,0,1266,82,"D  
Reasoning: The gold passage explains that the Fourth Amendment protects against warrantless searches and seizures only in situations where an individual has a reasonable expectation of privacy. Since the records in question are business records held by the bank, Downs likely does not have a legitimate expectation of privacy in those records. Therefore, his motion to prevent the introduction of the records should be denied, making answer (D) correct.",,-100.0,-100.0,-11.250015258789062,-1.4974866644479334e-05,0.9999869928752264
mbe_996,CONTRACTS,1998,train,"On July 15, in a writing signed by both parties, Fixtures, Inc., agreed to deliver to Druggist on Au",B,B,True,0,1500,119,"B  
Reasoning: The gold passage defines ""waiver"" as the voluntary and intentional relinquishment of a known right, and it indicates that conduct may constitute a waiver of a contract term if there is clear evidence. In this case, the oral agreement on August 1 to postpone the delivery date to August 20 can be seen as a waiver of the original August 15 delivery term. Since Druggist refused to accept the cabinets based solely on the delivery date, Fixtures can argue that the August 1 agreement effectively waived the original delivery date requirement, making answer (B) correct.",,-7.250927925109863,-0.0009281373349949,-9.750927925109863,-100.0,0.9992321208758064
mbe_997,CRIM. LAW,1998,train,"Beth wanted to make some money, so she decided to sell cocaine. She asked Albert, who was reputed to",D,B,False,0,1448,114,"B  
Reasoning: The gold passage establishes that a defendant cannot be guilty of attempting to commit a crime if the crime was factually impossible to commit, even if the defendant believed it could be committed. In this case, Albert sold Beth a substance that was not cocaine, meaning that the crime of selling cocaine was factually impossible. Since Beth believed she was selling cocaine but was actually selling a legal substance, she also cannot be guilty of attempting to sell cocaine. Therefore, neither Albert nor Beth is guilty of attempting to sell cocaine, making answer (B) correct.",,-5.505411148071289,-0.0054113850928843,-7.005411148071289,-8.005411148071289,0.9946941845457632
mbe_998,TORTS,1998,train,"Neighbor, who lived next door to Homeowner, went into Homeowner's garage without permission and borr",B,C,False,0,1370,119,"C  
Reasoning: The gold passage outlines the requirements for proving conversion, which includes showing that the defendant wrongfully assumed control of the property. In this case, Neighbor borrowed the saw without permission, which constitutes wrongful control. However, when Neighbor was using the saw to cut Homeowner's branches, he was acting in a manner that could be seen as benefiting Homeowner, which complicates the claim of conversion. Since Neighbor did not intend to keep the saw and was attempting to help Homeowner, it is likely that Homeowner will not recover for conversion, making answer (C) correct.",,-4.549846172332764,-3.299846172332764,-0.0498462431132793,-6.799846172332764,0.9514258226988538
mbe_999,TORTS,1998,train,Homeowner hired Arsonist to set fire to Homeowner's house so that Homeowner could collect the insura,A,C,False,0,1330,95,"C  
Reasoning: The gold passage outlines the requirements for establishing a manufacturing defect in a product liability claim, which includes that the product must have been used in a manner that is intended or reasonably foreseeable. In this case, Arsonist was using the lighter to commit arson, which is not an intended or foreseeable use of the product. Therefore, Arsonist is unlikely to prevail in his strict product liability claim against the manufacturer, making answer (C) correct.",,-100.0,-100.0,-0.0015410461928695,-6.5015411376953125,0.9984988178804188
mbe_1000,REAL PROP.,1998,train,"Susan owned Goldacre, a tract of land, in fee simple. By warranty deed, she conveyed Goldacre in fee",C,B,False,0,1581,137,"B  
Reasoning: The gold passage establishes that even if a deed is defectively executed or acknowledged, it can still transfer equitable title and that the recordation of such a deed provides notice of the equitable interest to subsequent parties. Since the written agreement between Susan and Ted, which created the trust for Benton, was not recorded, it does not affect Patricia's title as a bona fide purchaser. However, the passage indicates that equitable interests are not subject to the recording act, meaning that Patricia, despite being a bona fide purchaser, is still bound by the equitable interest created in favor of Benton. Therefore, Benton should prevail in his action against Patricia, making answer (B) correct.",,-2.614147663116455,-0.1141477823257446,-3.364147663116455,-100.0,0.8921727023219835
mbe_1001,EVIDENCE,1998,train,"In a federal investigation of Defendant for tax fraud, the grand jury seeks to obtain a letter writt",C,C,True,0,1242,83,"C  
Reasoning: The gold passage indicates that the production of evidence is necessary when it relates to a written instrument or when the law requires it. In this case, the letter contains a statement that is in furtherance of a crime or fraud (specifically, the intent to back-date a deed to evade tax law). Therefore, the attorney is required to produce the letter, making answer (C) correct.",,-100.0,-100.0,-0.000131787121063,-100.0,1.0
mbe_1002,CRIM. LAW,1998,train,"After being fired from his job, Mel drank almost a quart of vodka and decided to ride the bus home. ",B,B,True,0,1333,64,"B  
Reasoning: The gold passage outlines that robbery requires the intent to permanently deprive the owner of their property. Mel's mistaken belief that the briefcase was his own indicates a lack of the specific intent necessary for robbery. Therefore, his mistake negates the required specific intent, making answer (B) correct.",,-100.0,-0.0012117836158722,-6.751211643218994,-100.0,0.9988304895709408
mbe_1003,CONST. LAW,1998,train,A generally applicable state statute requires an autopsy by the county coroner in all cases of death,B,B,True,0,1620,113,"B  
Reasoning: The gold passage indicates that a neutral law of general application, such as the state's autopsy statute, does not require a compelling government interest to be constitutional, even if it burdens a particular religious practice. Instead, such laws only need to be rationally related to a legitimate state purpose. The autopsy statute serves the legitimate purpose of discovering and prosecuting illegal activity resulting in death, which aligns with the requirements outlined in the passage. Therefore, the court should rule that the state's autopsy statute is constitutional, making answer (B) correct.",,-100.0,-0.0001594386994838,-100.0,-100.0,1.0
mbe_1004,CONTRACTS,1998,train,"By the terms of a written contract signed by both parties on January 15, M.B. Ram, Inc., agreed to s",C,D,False,0,1351,85,"D  
Reasoning: The gold passage defines repudiation as a statement or act by the obligor indicating an intention to breach the contract. In this case, Materboard's unjustified repudiation on February 1 constitutes a breach, allowing Ram to seek damages. Since Materboard intentionally breached the contract by repudiation, Ram is entitled to recover the contract price of $3,000, making answer (D) correct.",,-8.61343002319336,-4.363429546356201,-2.363429546356201,-0.1134296655654907,0.8929632292550472
mbe_1005,REAL PROP.,1998,train,"Anna owned Blackacre, which was improved with a dwelling. Beth owned Whiteacre, an adjoining unimpro",D,D,True,0,1466,116,"D  
Reasoning: The gold passage indicates that a bona fide purchaser of land who has no actual or constructive knowledge of an easement takes title free of the burden of that easement. Since Anna's use of the easement was clearly visible, this would put Bank on notice of the easement, making it more difficult for Bank to claim that it is free of the easement's burden. Therefore, if Anna's easement is not terminated, it will be because Bank had notice of the easement due to Anna's visible use, making answer (D) correct.",,-4.758646488189697,-100.0,-11.75864601135254,-0.0086463605985045,0.991414761165107
mbe_1006,REAL PROP.,1998,train,"A little more than five years ago, Len completed construction of a single-family home located on Hom",D,D,True,0,1496,113,"D  
Reasoning: The gold passage discusses the implications of an ""as is"" agreement and emphasizes that such a provision does not constitute a knowing waiver of the implied warranty of habitability unless the builder can demonstrate that the purchaser was fully aware of the consequences. In this case, Tina's lease explicitly allowed her to install and remove items at her discretion, which indicates that she retains rights to the items she installed. Since there is no indication that Tina waived her rights regarding the items she added, she may remove all of them, making answer (D) correct.",,-11.750077247619627,-100.0,-10.000077247619627,-7.73183855926618e-05,0.9999467135812332
mbe_1007,CONST. LAW,1998,train,The mineral alpha is added to bodies of fresh water to prevent the spread of certain freshwater para,D,D,True,0,1736,97,"D  
Reasoning: The gold passage establishes that Congress has the authority to impose taxes as a means of exercising its powers under the Constitution. It emphasizes that Congress can tax activities even if it cannot directly regulate them, and that the power to tax is broad and not limited by the potential adverse effects on specific industries. Since the tax on alpha does not violate any prohibitory language in the Constitution and serves a legitimate purpose, it is constitutional. Therefore, answer (D) is correct.",,-100.0,-100.0,-100.0,-5.512236498361744e-07,1.0
mbe_1008,EVIDENCE,1998,train,Plaintiff sued Defendant for breach of a commercial contract in which Defendant had agreed to sell P,A,C,False,0,1173,84,"C  
Reasoning: The gold passage defines ""clear and convincing evidence,"" but it does not directly address the admissibility of impeachment evidence related to collateral issues. In this case, the false testimony provided by Expert Witness in his divorce proceedings is considered collateral to the current breach of contract case. Therefore, it should be excluded as it does not directly pertain to the issues at hand, making answer (C) correct.",,-100.0,-11.50002670288086,-2.653762203408405e-05,-100.0,0.9999898700106932
mbe_1009,TORTS,1998,train,"Karen was crossing Main Street at a crosswalk. John, who was on the sidewalk nearby, saw a speeding ",B,D,False,0,1213,97,"D  
Reasoning: The gold passage establishes that a rescuer must exercise reasonable care when attempting to aid someone in danger. If John's intent was to save Karen and he acted in a manner he believed was necessary to do so, he may not be liable for battery, especially if his actions were reasonable under the circumstances. Therefore, if John's intent was to save Karen and not to harm her, Karen will not prevail in her battery claim against John, making answer (D) correct.",,-10.750726699829102,-8.250726699829102,-7.750726699829102,-0.0007264905725605,0.9992870622859142
mbe_1011,REAL PROP.,1998,train,"Olivia, owner in fee simple of Richacre, a large parcel of vacant land, executed a deed purporting t",B,B,True,0,1478,101,"B  
Reasoning: The gold passage discusses the meaning of a warranty deed, which implies that the vendor (Grant) must convey clear title to the premises. However, since Olivia's deed to Grant was not delivered to him in a manner that satisfied the legal requirements for a valid conveyance (as she intended to give it to him only upon reaching 21 and graduating), the deed is considered void. Therefore, Grant did not have valid title to convey to Bonnie, making answer (B) correct.",,-1.9197524785995483,-0.1697524487972259,-5.169752597808838,-5.669752597808838,0.8441677657643968
mbe_1012,TORTS,1998,train,Perry suffered a serious injury while participating in an impromptu basketball game at a public park,D,C,False,0,1546,98,"C  
Reasoning: The gold passage establishes that participants in contact sports, such as basketball, accept the inherent risks of harm associated with the activity, including rough play and contact that may occur during the game. Since the evidence indicates that the game had been rough from the beginning and that Perry himself had engaged in similar tactics, he impliedly consented to the rough nature of the game. Therefore, Perry will not prevail in his claim against Dever, making answer (C) correct.",,-100.0,-100.0,-8.65707261255011e-06,-18.000009536743164,0.9999999847700338
mbe_1013,CONST. LAW,1998,train,Water District is an independent municipal water-supply district incorporated under the applicable l,A,A,True,0,1409,87,"A  
Reasoning: The gold passage emphasizes that the equal protection clause guarantees that all persons similarly situated should be treated alike. The set-asides by the Water District create a distinction based on race, which could deny equal protection to other potential employees or contractors who are not members of racial minority groups. Therefore, the most appropriate ruling based on the precedent would be that the set-asides are unconstitutional, making answer (A) correct.",,-0.0001448995317332,-100.0,-11.000144958496094,-100.0,0.9999832985791368
mbe_1016,TORTS,1998,train,"The police in City notified local gas station attendants that a woman, known as Robber, recently had",A,C,False,0,1562,108,"C  
Reasoning: The gold passage outlines the elements of false imprisonment, which include the intention to confine another, resulting confinement, and the awareness of that confinement by the person. In this case, Owner's actions of falsely informing Traveler about her car's condition and instructing her to stay in his office can be interpreted as an intention to confine her. If Traveler reasonably believed she could not leave Owner's premises due to Owner's misrepresentation, this satisfies the requirement for false imprisonment. Therefore, answer (C) is correct.",,-3.777387142181397,-100.0,-0.0273872502148151,-5.5273871421813965,0.973137019415552
mbe_1018,TORTS,1998,train,"Powell, who was an asbestos insulation installer from 1955 to 1965, contracted asbestosis, a serious",B,B,True,0,1448,120,"B  
Reasoning: The gold passage establishes that a manufacturer's duty to warn arises when there is a need to inform consumers of dangers of which they are unaware. In this case, since the risks of asbestos were not known until 1966, the relevant legal question for the court to decide is whether Acme should be held to the standard of a prudent manufacturer who knew of the risks, regardless of the fact that the risks were not reasonably discoverable before that time. This makes answer (B) the correct choice, as it directly addresses the legal standard applicable to Acme's duty to warn.",,-100.0,-0.0145410737022757,-4.264541149139404,-100.0,0.9859363740027536
mbe_1020,REAL PROP.,1998,train,"Alex and Betty, who were cousins, acquired title in fee simple to Blackacre, as equal tenants in com",C,C,True,0,1750,113,"C  
Reasoning: The gold passage establishes that a person holding an ownership interest in real property as a tenant in common may maintain an action for partition, provided they demonstrate their ownership and right to possession. Betty, as a tenant in common, has the right to seek partition of Blackacre. Although Alex has made improvements and paid expenses, these factors do not negate Betty's ownership interest. The court should grant partition and require an accounting to determine if either party is indebted to the other for expenses related to the property, making answer (C) the correct choice.",,-100.0,-2.811975479125977,-0.0619755275547504,-100.0,0.9399133470909172
mbe_1021,EVIDENCE,1998,train,"Plaintiff sued Defendant for illegal discrimination, claiming that Defendant fired him because of hi",B,A,False,0,1315,100,"A  
Reasoning: The gold passage indicates that evidence of an extraneous act can be admissible to impeach a witness's testimony if it tends to rebut that testimony. Since the tape recording contains Defendant's admissions of racial motivation, it serves both to impeach Witness's testimony (which claimed absenteeism was the reason for the firing) and to provide evidence of Defendant's racial motivation for firing Plaintiff. Therefore, the tape recording is admissible for both purposes, making answer (A) correct.",,-0.0005159787251614,-8.000515937805176,-100.0,-100.0,0.9996646498558156
mbe_1022,CONTRACTS,1998,train,"For this question only, assume that no other correspondence passed between Stationer and Lawyer unti",A,A,True,0,1326,95,"A  
Reasoning: The gold passage indicates that an acceptance is effective upon mailing and not upon receipt, and that it is operative as soon as it is put out of the offeree's possession, unless the offer specifies otherwise. Since Stationer had not revoked its offer before April 15, Lawyer's faxed order for ""100 reams of your paper"" constitutes an effective acceptance of Stationer's offer at the specified prices. Therefore, answer (A) is correct.",,-0.1273716390132904,-4.627371788024902,-3.3773715496063232,-2.6273715496063232,0.8834170335099977
mbe_1023,CONTRACTS,1998,train,"For this question only, assume that on January 15, having at that time received no reply from Lawyer",B,C,False,0,1278,110,"C  
Reasoning: The gold passage discusses the elements of promissory estoppel, which requires a promise made with the expectation of reliance, leading to reasonable reliance by the promisee. However, the passage does not indicate that Stationer's original offer became irrevocable under promissory estoppel, nor does it suggest that the price term was irrevocable throughout February. Since Stationer received no consideration to support its assurance that it would not increase prices, the price increase is effective for catalog orders received during February, making answer (C) correct.",,-5.568209648132324,-2.818209648132324,-0.0682096630334854,-100.0,0.9363167586705504
mbe_1024,CRIM. LAW,1998,train,"State X enacted a statute ""to regulate administratively the conduct of motor vehicle junkyard busine",C,C,True,0,1763,98,"C  
Reasoning: The gold passage explains that regulatory searches in closely regulated industries do not require a warrant if they meet certain criteria. The statute in question serves a substantial government interest in regulating motor vehicle junkyards to deter theft and trafficking in stolen vehicles. The inspections are necessary to further this regulatory scheme, and the statute provides a structured inspection program that serves as a substitute for a warrant. Therefore, Janet's motion to suppress the evidence should be denied, making answer (C) correct.",,-100.0,-100.0,-0.0001297606650041,-9.000129699707031,0.9998766054164928
mbe_1025,CONST. LAW,1998,train,Current national statistics show a dramatic increase in the number of elementary and secondary schoo,A,A,True,0,1585,85,"A  
Reasoning: The gold passage emphasizes the anticommandeering doctrine, which establishes that Congress does not have the authority to issue direct orders to state governments. Since the federal statute requires state legislatures to enact specific legislation regarding controlled substances near schools, it constitutes an unconstitutional command to the states. Therefore, answer (A) is correct, as Congress lacks the authority to compel state legislatures to enact the specified law.",,-0.0001985338312806,-100.0,-100.0,-100.0,1.0
mbe_1026,REAL PROP.,1998,train,"Janet had a season ticket for the Scorpions' hockey games at Central Arena (Section B, Row 12, Seat ",B,A,False,0,1493,97,"A  
Reasoning: The gold passage discusses the elements required to establish a nuisance claim, which is not directly applicable to the situation at hand. However, it highlights the importance of controlling activities on property owned by a private entity. ABC, as the owner of Central Arena, has the right to enforce its rules against solicitation, which it has done by notifying Janet multiple times. Therefore, ABC has the right and obligation to control activities on its property, making answer (A) correct.",,-0.0087598096579313,-10.133759498596191,-100.0,-100.0,0.999959936295309
mbe_1027,TORTS,1998,train,Company designed and built a processing plant for the manufacture of an explosive chemical. Engineer,C,C,True,0,1489,99,"C  
Reasoning: The gold passage outlines the requirements for a plaintiff to recover on a products liability claim alleging design defect, which includes proving that the product was defectively designed and that the defect was a producing cause of the injury. In this case, the explosion was caused by a design defect unrelated to the filter system designed by Engineer. Therefore, Engineer owed no duty to Plaintiff to prevent the particular risk of harm associated with the processing plant's design defect, making answer (C) correct.",,-100.0,-100.0,-18.25002670288086,-100.0,1.0
mbe_1028,REAL PROP.,1998,train,"Several years ago, Bart purchased Goldacre, financing a large part of the purchase price by a loan f",A,C,False,0,1412,83,"C  
Reasoning: The gold passage establishes that due-on-sale clauses are valid and enforceable in Illinois. Since Bart's deed to Pam violated the due-on-sale clause by transferring the property without Mort's consent, Mort has the right to enforce the clause and demand the entire principal balance of the debt. Therefore, Mort is entitled to judgment against Pam for the delinquent payments, making answer (C) correct.",,-100.0,-100.0,-19.375001907348636,-100.0,1.0
mbe_1029,CONST. LAW,1998,train,Congress recently enacted a statute imposing severe criminal penalties on anyone engaged in trading ,C,C,True,0,1471,100,"C  
Reasoning: The gold passage outlines the requirements for standing in federal court, which include suffering an ""injury in fact"" that is concrete, particularized, and actual or imminent. In this case, the members of the association do not have a current or intended interest in trading in the stock market, meaning they cannot demonstrate a concrete and particularized injury related to the enforcement of the statute. Therefore, they lack the necessary standing to bring the suit, making answer (C) correct.",,-100.0,-100.0,-9.610702363715973e-06,-100.0,1.0
mbe_1030,CRIM. LAW,1998,train,"Rachel, an antique dealer and a skilled calligrapher, crafted a letter on very old paper. She includ",C,B,False,0,1341,107,"B  
Reasoning: The gold passage defines forgery as the false making or alteration of a document without authority, with the intent to defraud. Rachel created a letter that falsely resembled a document attributed to Thomas Jefferson, which constitutes forgery. However, she did not explicitly represent the letter as authentic; instead, she stated she could make no promises about its authenticity. Therefore, she has not committed false pretenses, as there was no misrepresentation regarding the authenticity of the document. Thus, answer (B) is correct.",,-100.0,-1.759734732331708e-05,-12.250017166137695,-100.0,0.9999952149034416
mbe_1031,TORTS,1998,train,"Mom rushed her eight-year-old daughter, Child, to the emergency room at Hospital after Child fell of",C,C,True,0,1360,117,"C  
Reasoning: The gold passage indicates that a duty of care is imposed on a defendant to prevent injury to a plaintiff only under specific circumstances, such as inducing reliance, establishing a relationship that imposes a duty, or a statutory duty. In this case, Hospital's personnel did not have an affirmative duty to prevent Mom's injury as she was not in a position that would justify such reliance or relationship. Therefore, unless Hospital's personnel failed to take reasonable steps to anticipate and prevent Mom's injury, she is unlikely to prevail in her suit, making answer (C) correct.",,-100.0,-3.9073140621185294,-0.4073140323162079,-1.1573140621185305,0.6655290905766202
mbe_1035,EVIDENCE,1998,train,"At Dove's trial for theft, Mr. Wong, called by the prosecutor, testified to the following: 1) that f",A,C,False,0,1319,98,"C  
Reasoning: The gold passage outlines the requirements for a recorded recollection to be admissible as an exception to the hearsay rule. In this case, Mr. Wong does not have firsthand knowledge of the license number, as he cannot recall it himself and only verified it after listening to the police tape. Therefore, the tape recording does not meet the criteria for recorded recollection, making it hearsay not within any exception, which supports answer (C) as the correct choice.",,-4.758791446685791,-100.0,-0.0087913619354367,-100.0,0.9914225153069977
mbe_1036,TORTS,1998,train,"For ten years, Vacationer and Neighbor have owned summer vacation homes on adjoining lots. A stream ",A,A,True,0,1267,88,"A  
Reasoning: The gold passage defines nuisance as an unreasonable use of one's property that substantially impairs another's right to enjoy their property. In this case, if Neighbor's dam unreasonably interferes with Vacationer's ability to use and enjoy his property, then Vacationer may prevail. The fact that Vacationer has not used the stream due to fear does not negate the potential for unreasonable interference, making answer (A) correct.",,-0.0004584326816257,-100.0,-100.0,-100.0,1.0
mbe_1037,REAL PROP.,1998,train,"Corp, a corporation, owned Blackacre in fee simple, as the real estate records showed. Corp entered ",D,C,False,0,1765,107,"C  
Reasoning: The gold passage explains that a recorded judgment constitutes a ""claim"" and a ""lien"" against property, but it cannot be enforced against homestead property. In this case, Barbara recorded her deed before George filed his judgment, which means that her title to Blackacre is protected against George's judgment lien. Since Barbara's deed was recorded first, it establishes her ownership and prevents George's judgment from affecting her title. Therefore, the court should decide in favor of Barbara, making answer (C) correct.",,-1.109093427658081,-2.109093427658081,-0.6090933680534363,-5.734093189239502,0.5447789238576861
mbe_1040,EVIDENCE,1998,train,"Mrs. Pence sued Duarte for shooting her husband from ambush. Mrs. Pence offers to testify that, the ",D,D,True,0,1182,95,"D  
Reasoning: The gold passage defines hearsay as a statement made by a person not currently testifying and offered to prove the truth of the matter asserted. Mrs. Pence's testimony about her husband's statement regarding Duarte's threat is considered hearsay because it is being offered to prove that Duarte had the intent to harm her husband. Since it does not fall within any recognized exception to the hearsay rule, it is inadmissible, making answer (D) correct.",,-100.0,-100.0,-100.0,-19.5,1.0
mbe_1043,REAL PROP.,1998,train,Arthur's estate plan included a revocable trust established 35 years ago with ABC Bank as trustee. T,C,B,False,0,1460,111,"B  
Reasoning: The gold passage indicates that a power of appointment exists as long as it is set forth in a legally operative document, such as a revocable trust. Since Alice had a general power of appointment over the trust assets after Arthur's death, the Rule Against Perpetuities does not apply to general powers of appointment. Therefore, if the court rules for Marie, it will be because the jurisdiction recognizes that the general power of appointment held by Alice does not trigger the Rule Against Perpetuities, making answer (B) correct.",,-5.758515357971191,-0.0085151698440313,-5.258515357971191,-100.0,0.9916401781762156
mbe_1044,CONTRACTS,1998,train,"Assuming that Glazier has no remedy quasi in rem under the relevant state mechanic's lien statute, w",A,A,True,0,1532,122,"A  
Reasoning: The gold passage indicates that an action in quasi contract is not permissible when there is a valid written agreement that covers the dispute. Since Glazier has a contract with Tenant for the window replacement, he cannot pursue a quasi contract claim against Landlord. However, an action in quasi contract for the reasonable value of a benefit conferred on Landlord could be viable if it is argued that the benefit was conferred without a valid contract between Glazier and Landlord. This makes option (A) the best choice for Glazier's chance of an effective remedy in personam against Landlord.",,-0.0065485131926834,-100.0,-100.0,-7.006548404693604,0.9990889487068412
mbe_1045,CONTRACTS,1998,train,"For this question only, assume the following facts. Upon vacating the building, Tenant mailed a $1,0",B,B,True,0,1648,83,"B  
Reasoning: The gold passage discusses the elements of contracts and implies that for an accord and satisfaction to be valid, there must be a dispute over the amount owed. In this case, the amount owed by Tenant to Glazier was liquidated and undisputed at the time of the check's issuance. Therefore, Tenant's defense of accord and satisfaction is unlikely to prevail, making answer (B) correct.",,-7.006147384643555,-0.0061474195681512,-5.256147384643555,-100.0,0.9938783053894832
mbe_1046,EVIDENCE,1998,train,Defendant is on trial for robbing a bank in State A. She testified that she was in State B at the ti,B,B,True,0,1250,92,"B  
Reasoning: The gold passage states that a statement of the declarant’s then-existing state of mind, such as a plan, is not excluded by the hearsay rule. Since Witness is testifying about Defendant's statement regarding her intention to spend the next three days in State B, this falls within the hearsay exception for then-existing state of mind. Therefore, Witness's testimony is admissible under this exception, making answer (B) correct.",,-100.0,-3.583550642360933e-05,-100.0,-100.0,1.0
mbe_1047,CRIM. LAW,1998,train,The legislature of State X is debating reforms in the law governing insanity. Two reforms have been ,B,B,True,0,1361,128,"B  
Reasoning: The gold passage indicates that the United States Supreme Court has not established a constitutional requirement for an affirmative insanity defense, nor has it defined insanity in a constitutional context. Additionally, the passage references a case where the Court upheld a statute placing the burden of proof on the defendant regarding insanity. This suggests that Proposal B, which retains the insanity defense but shifts the burden of proof to the defendant, is permissible under due process. Since there is no constitutional mandate for an insanity defense, Proposal A, which eliminates it altogether, would also not be unconstitutional. Therefore, neither proposal would be unconstitutional, making answer (B) correct.",,-6.751875877380371,-0.0018756821518763,-7.501875877380371,-100.0,0.9982790032814202
mbe_1048,CONST. LAW,1998,train,"A federal statute appropriated $7 million for a nationwide essay contest on ""How the United States C",D,D,True,0,1763,93,"D  
Reasoning: The gold passage establishes that legislation is presumed valid if it is rationally related to a legitimate government purpose. The essay contest statute has a clear purpose of generating ideas to combat drug abuse, which is a legitimate government interest. It also provides specific criteria for judging the essays, indicating that the means adopted (the contest) are rationally related to its purpose. Therefore, the court should hold the statute constitutional, making answer (D) correct.",,-100.0,-100.0,-100.0,-1.4736459888808897e-05,1.0
mbe_1049,TORTS,1998,train,"Fran, who was driving at an excessive speed, applied her brakes to stop at a traffic light. Due to d",B,C,False,0,1522,105,"C  
Reasoning: The gold passage discusses the doctrine of last clear chance and emphasizes that it applies only when the defendant has failed to exercise a clear opportunity to avoid the accident. In this case, since Fran was driving at excessive speed, if the jury finds that her conduct was in any way a legal cause of the accident, under the contributory negligence rule, she would be barred from recovery. Therefore, if the jury finds any fault on Fran's part, she will not prevail, making answer (C) correct.",,-100.0,-14.000001907348633,-1.6240566083070007e-06,-17.125001907348633,0.999999131937458
mbe_1050,REAL PROP.,1998,train,"Sal owned five adjoining rectangular lots, numbered 1 through 5 inclusive, all fronting on Main Stre",B,B,True,0,1466,128,"B  
Reasoning: The gold passage indicates that zoning ordinances do not negate valid restrictive covenants, meaning that Peter's deed restriction for Lot 2 is enforceable against Betty's proposed use of Lot 4. However, since the other plaintiffs (owners of Lots 1, 3, and 5) do not have a direct restrictive covenant affecting their lots, their ability to recover is less certain. Therefore, while Peter is likely to succeed in obtaining an injunction against Betty due to the specific restriction in his deed, the other plaintiffs may not have a strong claim for recovery, making answer (B) the most appropriate choice.",,-3.289966344833374,-0.039966233074665,-6.539966106414795,-100.0,0.961281833597622
mbe_1051,CONST. LAW,1998,train,"Kelly County, in the state of Green, is located adjacent to the border of the state of Red. The comm",B,B,True,0,1437,143,"B  
Reasoning: The gold passage indicates that a statute will be upheld if it regulates even-handedly to effectuate a legitimate local public interest and if its effects on interstate commerce are only incidental. However, if the burden on interstate commerce is clearly excessive in relation to the local benefits, it may be struck down. The ordinance in question appears to unduly burden interstate commerce by restricting taxicab operations to only those registered in Kelly County, thereby insulating local taxicab owners from competition from Scarletville taxicab owners without adequate justification. Therefore, the proper result in a suit brought by Scarletville taxicab owners challenging the ordinance would be a judgment in their favor, making answer (B) correct.",,-100.0,-4.847109812544659e-05,-10.250048637390137,-100.0,0.9999646437551376
mbe_1052,EVIDENCE,1998,train,"Paul sued Donna for breach of contract. Paul's position was that Joan, whom he understood to be Donn",B,B,True,0,1331,94,"B  
Reasoning: The gold passage discusses the concept of apparent authority, which is relevant to determining whether Joan had the authority to accept the offer on behalf of Donna. Paul's testimony regarding Joan's statement is admissible, but it is contingent upon the introduction of evidence that supports a finding that Joan had actual or apparent authority. Therefore, answer (B) is correct as it aligns with the requirement for evidence to establish Joan's authority before the testimony can be fully considered.",,-5.522192478179932,-0.0221923701465129,-4.022192478179932,-10.647192001342772,0.9780652162591776
mbe_1053,CONST. LAW,1998,train,A city ordinance requires a taxicab operator's license to operate a taxicab in King City. The ordina,D,D,True,0,1562,122,"D  
Reasoning: The gold passage indicates that property interests are defined by existing rules or understandings stemming from an independent source, such as state law. In this case, the licensing ordinance does not grant John a property interest in being free from competition from additional licensees like Sandy. Since John's objection is based solely on the potential impairment of the value of his existing license, which is not a recognized property interest under the ordinance, the city officials are justified in issuing Sandy's license without granting John a hearing. Therefore, the court should rule in favor of the city officials, making answer (D) correct.",,-100.0,-12.25001335144043,-12.00001335144043,-1.366362630506046e-05,0.9999890707862916
mbe_1055,CONTRACTS,1998,train,"Bye Bye telegraphed Vendor on June 1, ""At what price will you sell 100 of your QT- Model garbage-dis",D,B,False,0,1668,128,"B  
Reasoning: The gold passage discusses the doctrine of anticipatory repudiation, which applies when one party unequivocally refuses to perform their contractual obligations. Bye Bye's letter received on June 5, which stated ""I accept. Would prefer to pay in full 30 days after invoice,"" varied the terms of Vendor's initial telegram by introducing a payment condition that was not part of the original offer. This variation means that Bye Bye's response was not a valid acceptance of Vendor's offer, thus supporting Vendor's defense that there was no binding contract formed. Therefore, answer (B) is the best argument for Vendor's defense.",,-100.0,-0.0387297011911869,-100.0,-3.288729667663574,0.962673111451103
mbe_1056,CRIM. LAW,1998,train,"At a party, Diane and Victor agreed to play a game they called ""spin the barrel."" Victor took an unl",B,C,False,0,1481,110,"C  
Reasoning: The gold passage establishes that for conduct to be considered reckless, the defendant must know they are putting others in imminent danger, even if they do not foresee the specific injury that results. In this case, Diane's act of pointing a gun at Victor and pulling the trigger, despite knowing the potential danger, constitutes gross negligence and recklessness. Therefore, the most serious crime for which Diane can be convicted is manslaughter, as her actions led to Victor's death without the intent to kill, making answer (C) correct.",,-10.511116981506348,-4.5111165046691895,-0.0111166751012206,-100.0,0.9889861215687472
mbe_1058,CONST. LAW,1998,train,A statute of State X permits a person's name to appear on the general election ballot as a candidate,C,C,True,0,1419,95,"C  
Reasoning: The passage highlights that the Fourteenth Amendment prohibits government action that deprives individuals of their rights without due process of law. Given that the statute imposes different requirements for candidates based on their political affiliation, it could be argued that this creates an unequal burden on candidates from minority groups, particularly those forming a new political party. Therefore, the Fourteenth Amendment would be the most relevant constitutional provision for the new political party to challenge the statute's constitutionality.",,-14.125076293945312,-100.0,-7.636475493200123e-05,-100.0,0.9999992661789674
mbe_1059,EVIDENCE,1998,train,Defendant is on trial for the murder of his father. Defendant's defense is that he shot his father a,C,B,False,0,1246,84,"B  
Reasoning: The gold passage emphasizes the importance of firsthand knowledge for a witness to testify about matters. Since Witness's testimony regarding the arguments between Defendant and his father is based on prior calls to the home and not on direct observation of the events leading to the shooting, he lacks firsthand knowledge of who instigated the quarrels. Therefore, the evidence is inadmissible, making answer (B) correct.",,-1.662039875984192,-0.4120399057865143,-1.912039875984192,-100.0,0.6624117872314065
mbe_1060,REAL PROP.,1998,train,"Alex and Brenda owned in fee simple Greenacre as tenants in common, each owning an undivided one-hal",B,B,True,0,1440,90,"B  
Reasoning: The gold passage explains the concept of the ""equity of redemption,"" which is the right of a mortgagor to recover the mortgaged property by fulfilling the obligation of payment. Since Brenda tendered only half of the amount due and the mortgage was in default, there was no complete redemption from the mortgage. Therefore, Brenda cannot claim a release of her interest in Greenacre, making answer (B) correct.",,-5.086981773376465,-0.0869818553328514,-2.586981773376465,-6.336981773376465,0.9167975029019192
mbe_1061,CRIM. LAW,1998,train,"As to the switchblade knife and the .45-caliber pistol, Jason's motion to suppress should be",C,C,True,0,1758,91,"C  
Reasoning: The gold passage establishes that searches incident to a lawful arrest are permissible without a warrant. Since the police had a valid search warrant for the cocaine and arrested Jason upon finding him with the suitcase, the search of his person, which revealed the switchblade knife and the .45-caliber pistol, is justified as being incident to that lawful arrest. Therefore, Jason's motion to suppress should be denied, making answer (C) correct.",,-100.0,-100.0,-20.000003814697266,-100.0,1.0
mbe_1062,CRIM. LAW,1998,train,"As to Jason's statement, his motion to suppress should be",C,C,True,0,1638,73,"C  
Reasoning: The gold passage establishes that statements made by a defendant that are classified as volunteered and not the product of police interrogation are admissible. Jason's statement was made spontaneously and not in response to any police questioning, thus it qualifies as a volunteered statement. Therefore, his motion to suppress the statement should be denied, making answer (C) correct.",,-100.0,-100.0,-5.512236498361744e-07,-19.75,0.9999999973534248
mbe_1063,CRIM. LAW,1998,train,"As to the Uzi automatic weapon, Jason's motion to suppress should be",A,C,False,0,1632,120,"C  
Reasoning: The gold passage emphasizes that a search pursuant to a warrant must adhere to the scope authorized by the warrant. In this case, the police were lawfully in the bedroom as part of their execution of the search warrant for the brown suitcase. The Uzi automatic weapon was found in a location where the police had a right to be, and it could be immediately identifiable as subject to seizure due to the context of the investigation into Jason's drug distribution and violence. Therefore, Jason's motion to suppress the evidence of the Uzi should be denied, making answer (C) correct.",,-100.0,-100.0,-4.036524842376821e-05,-10.250040054321287,0.9999646437382655
mbe_1064,EVIDENCE,1998,train,Plaintiff is suing Doctor for medical malpractice occasioned by allegedly prescribing an incorrect m,C,C,True,0,1193,81,"C  
Reasoning: The gold passage discusses the types of evidence needed to prove medical malpractice but does not directly address the admissibility of offers to pay medical expenses. However, it is a well-established legal principle that offers to pay medical expenses are generally inadmissible as evidence of liability. Therefore, Doctor's offer to pay Plaintiff's hospital expenses is inadmissible, making answer (C) correct.",,-100.0,-100.0,-6.885492621222511e-05,-11.50006866455078,0.9999898700070908
mbe_1065,CRIM. LAW,1998,train,Sam and two of his friends were members of a teenage street gang. While they were returning from a d,B,A,False,0,1204,80,"A  
Reasoning: The gold passage states that an accomplice to manslaughter is legally responsible for the principal's acts that proximately caused the victim's death. Since Sam was not convicted of the offense, his companions cannot be held liable as accomplices, as there is no principal conviction to support their culpability. Therefore, they should be acquitted, making answer (A) correct.",,-0.176369622349739,-1.9263696670532229,-7.551369667053223,-4.176369667053223,0.8384223470792971
mbe_1066,TORTS,1998,train,Employer retained Doctor to evaluate medical records of prospective employees. Doctor informed Emplo,A,C,False,0,1274,143,"C

Reasoning: The gold passage outlines the types of invasion of privacy claims, which do not directly apply to Applicant's situation since the claim does not involve intrusion, public disclosure of embarrassing facts, false light, or appropriation. However, Applicant could recover under negligent misrepresentation because Doctor's negligent confusion of files led to the false information being communicated to Employer, resulting in harm to Applicant. Additionally, Applicant could recover for negligent infliction of emotional distress due to the heart attack caused by the shock of receiving the false information. Therefore, the correct causes of action for recovery are II (negligent misrepresentation) and III (negligent infliction of emotional distress), making answer (C) correct.",,-3.5515801906585693,-100.0,-0.0515800900757312,-100.0,0.9706877721105294
mbe_1067,CONTRACTS,1998,train,Is Gourmet obligated to permit Newman to perform the Gourmet-Deligor agreement?,C,C,True,0,1361,92,"C  
Reasoning: The gold passage indicates that duties involving an exercise of judgment and discretion cannot be delegated, as they are personal in nature. In this case, Deligor's role as an interior decorator for Gourmet's restaurant involves his unique reputation, taste, and skill, which are personal attributes that cannot be assigned to another party. Therefore, Gourmet is not obligated to permit Newman to perform the Gourmet-Deligor agreement, making answer (C) correct.",,-15.125021934509276,-100.0,-2.2007883671903983e-05,-100.0,0.9999997300422028
mbe_1068,CONTRACTS,1998,train,"If Gourmet allows Newman to perform and approves his design plan, but Newman fails without legal exc",D,D,True,0,1463,107,"D  
Reasoning: The gold passage establishes that a beneficiary is considered an intended beneficiary when the promisee intends to give the beneficiary the benefit of the promised performance. In this case, Gourmet is an intended beneficiary of the contract between Deligor and Newman, as he allowed Newman to perform the work and approved the design. However, Deligor's original duty to Gourmet remains intact despite the assignment to Newman, meaning Gourmet can enforce a claim against either Deligor or Newman for breach of contract. Therefore, answer (D) is correct.",,-3.533083915710449,-9.03308391571045,-5.783083915710449,-0.0330838598310947,0.967582528930176
mbe_1070,REAL PROP.,1998,train,Otis owned in fee simple Lots 1 and 2 in an urban subdivision. The lots were vacant and unproductive,D,A,False,0,1360,123,"A  
Reasoning: The gold passage discusses the doctrine of caveat emptor in the context of tax-sale properties, but it does not directly address the responsibilities of a life tenant regarding current charges such as real estate taxes. However, the general legal principle is that a life tenant is responsible for paying current charges, including taxes, on the property they occupy. Since Lena is the life tenant and was notified of her responsibility to pay the real estate taxes, Rose, as the remainderman, is entitled to recover the amount she paid to prevent a tax sale. Therefore, answer (A) is correct.",,-5.061676347395405e-05,-100.0,-12.00005054473877,-100.0,0.9999938558249551
mbe_1072,EVIDENCE,1998,train,"Plaintiff sued Defendant under an age discrimination statute, alleging that Defendant refused to hir",D,B,False,0,1207,102,"B  
Reasoning: The gold passage discusses the admissibility of demonstrative exhibits but does not directly address hearsay. However, Defendant's testimony about Employer's statement regarding Plaintiff's productivity is hearsay, as it is an out-of-court statement offered to prove the truth of the matter asserted (that Plaintiff cannot work productively for more than four hours a day). Since this statement does not fall within any recognized hearsay exception, it is inadmissible. Therefore, answer (B) is correct.",,-13.000007629394531,-7.345832273131236e-06,-14.250007629394531,-100.0,0.999997092084656
mbe_1074,TORTS,1998,train,"While approaching an intersection with the red light against him, Motorist suffered a heart attack t",C,C,True,0,1408,89,"C  
Reasoning: The gold passage establishes that a driver who suffers a sudden loss of consciousness from an unforeseen cause, such as a heart attack, is not chargeable with negligence if the loss was not foreseeable. Since Motorist had no history of heart disease and no warning of the heart attack, his loss of consciousness was indeed unforeseen. Therefore, Motorist has a complete defense against liability for the accident, making answer (C) correct.",,-100.0,-100.0,-0.3133952915668487,-1.3133952617645264,0.7310585727705126
mbe_1075,EVIDENCE,1998,train,"In a jurisdiction without a Dead Man's Statute, Parker's estate sued Davidson claiming that Davidson",B,B,True,0,1258,144,"B  
Reasoning: The gold passage outlines the requirements for an excited utterance to be admissible, which include the necessity of a startling event, the timing of the statement, and the stress of excitement at the time of the statement. Parker's statement to Officer Smith does not meet the criteria for an excited utterance because it was made while he was dying from injuries, which does not fit the definition of an excited utterance as outlined in the passage. Instead, Parker's statement is considered hearsay, as it is an out-of-court statement offered to prove the truth of the matter asserted (the loan to Davidson) and does not fall within any recognized exception. Therefore, the correct answer is (B).",,-100.0,-0.0848902836441993,-3.334890365600586,-3.084890365600586,0.9186437442997162
mbe_1076,CONTRACTS,1998,train,"For this question only, assume the following facts. Logger offered to buy, sever, and remove the sta",C,C,True,0,1505,124,"C  
Reasoning: The gold passage defines unconscionability as a situation where the inequality of the bargain is so extreme that it shocks the judgment of a reasonable person, requiring both procedural and substantive unfairness. In this case, Logger's offer to buy the timber at a price 70% lower than the prevailing market rate could be seen as substantively unfair, as no reasonable person would agree to such terms. Given Landholder's desperate financial situation and lack of knowledge about timber values, this situation likely meets the criteria for unconscionability, providing him with the best prospect for effective cancellation of the contract.",,-100.0,-100.0,-20.25,-100.0,1.0
mbe_1077,CONTRACTS,1998,train,"For this question only, assume the following facts. Logger offered a fair price for the timber right",A,A,True,0,1615,89,"A  
Reasoning: The gold passage explains that third-party beneficiary status requires an examination of the parties' intentions to benefit the third party through the contract. In this case, the neighbor is likely considered an incidental beneficiary, as there is no indication that the Logger-Landholder contract was intended to confer any rights or benefits specifically to the neighbor. Therefore, the neighbor will probably lose as only an incidental beneficiary, making answer (A) correct.",,-0.0043223528191447,-100.0,-5.754322528839111,-100.0,0.9968273177141984
mbe_1079,REAL PROP.,1998,train,"By a writing, Oner leased his home, Blackacre, to Tenn for a term of three years, ending December 31",A,B,False,0,1349,150,"B  
Reasoning: The gold passage indicates that a lessee remains liable for rent even if the lease is forfeited. In this case, Tenn is liable for the entire rent due for the three-year term, which totals $36,000. However, since Tenn sublet to Agrit, Tenn is still responsible for the rent during the entire lease term. Agrit, having lived in Blackacre for six months without paying rent, is liable for the rent during her occupancy, which amounts to $6,000. Therefore, Oner can recover $18,000 from Tenn for the unpaid rent during the third year and $6,000 from Agrit for the six months she occupied the property without paying rent, making answer (B)",,-1.599332571029663,-0.3493325114250183,-3.099332571029663,-3.099332571029663,0.7070333227172946
mbe_1081,REAL PROP.,1998,train,"Bill owned in fee simple Lot 1 in a properly approved subdivision, designed and zoned for industrial",A,D,False,0,1464,97,"D  
Reasoning: The gold passage establishes that an adjoining owner does not have a right of support for their buildings unless it has been acquired by grant or otherwise. Since Gail's excavation was authorized and did not constitute a trespass or take away a property right, she is not liable for the subsidence caused to Bill's building, provided that the adjacent soil would not have fallen of its own weight. Therefore, Gail should prevail in this lawsuit, making answer (D) correct.",,-4.587459087371826,-3.087458848953247,-3.587458848953247,-0.0874589532613754,0.9165117756421168
mbe_1082,EVIDENCE,1998,train,Defendant is charged with murder in connection with a carjacking incident during which Defendant all,B,B,True,0,1305,109,"B  
Reasoning: The gold passage outlines the four fundamental elements required for a child of tender years to be deemed competent to testify. These elements include the child's understanding of the obligation to speak the truth, mental capacity to observe and register the occurrence, sufficient memory to retain an independent recollection, and the ability to translate that memory into words. Therefore, the son's testimony should be admitted if there is a sufficient basis for believing that he has personal knowledge of the event and understands his obligation to testify truthfully, making answer (B) correct.",,-1.3191494941711426,-0.3191494345664978,-100.0,-100.0,0.7310585903489892
mbe_1084,TORTS,1998,train,Patron ate a spicy dinner at Restaurant on Sunday night. He enjoyed the food and noticed nothing unu,C,C,True,0,1411,111,"C  
Reasoning: The gold passage establishes that for a defendant to be liable, their act or omission must be a substantial factor in causing the injury. In this case, Restaurant's best argument would be that Patron has failed to establish a direct causal link between the food he consumed and his illness. Since there were no signs of bacterial infection among the employees tested after the incident and no other patrons reported similar issues, Restaurant can argue that the evidence does not sufficiently demonstrate that their food caused Patron's illness, making answer (C) the most appropriate choice.",,-100.0,-100.0,-18.87501335144043,-100.0,1.0
mbe_1085,CRIM. LAW,1998,train,"In a jurisdiction that has abolished the felony-murder rule, but otherwise follows the common law of",D,B,False,0,1414,113,"B  
Reasoning: The gold passage distinguishes between depraved heart murder and culpable negligence based on the degree of mental culpability. In this case, Sally's act of firing rounds into the air, while reckless, does not demonstrate the higher degree of recklessness required for depraved heart murder, as she did not intend to hit anyone. Therefore, neither Sally nor Ralph can be convicted of murder. However, both can be convicted of manslaughter for the unintentional homicide resulting from their reckless actions during the robbery, making answer (B) correct.",,-7.251615047454834,-0.0016151999589055,-7.251615047454834,-100.0,0.998581665535636
mbe_1086,CONST. LAW,1998,train,"In recent years, several large corporations incorporated and headquartered in State A have suddenly ",C,B,False,0,1743,110,"B  
Reasoning: The gold passage establishes that state laws violate the Commerce Clause if they create differential treatment that benefits in-state interests while burdening out-of-state interests. The statute in question imposes a requirement that could hinder acquisitions by out-of-state entities, which would adversely affect the interstate sale of securities. This aligns with the concerns outlined in the passage regarding economic Balkanization and the need for states to avoid laws that unfairly disadvantage out-of-state producers or shippers. Therefore, the statute is likely unconstitutional, making answer (B) correct.",,-8.38713550567627,-0.3871352672576904,-1.1371352672576904,-100.0,0.6790239910168148
mbe_1087,CONTRACTS,1998,train,"A written construction contract began with the following recital: ""This Agreement, between Land, Inc",A,D,False,0,1484,105,"D  
Reasoning: The gold passage explains that a written agreement is considered ambiguous only when it can be interpreted in more than one reasonable way. Since the contract is found to be completely integrated, the ""four corners"" rule applies, meaning that the court must determine the meaning of the contract solely from its own terms without considering external evidence, such as prior negotiations. Therefore, Boss's proffered evidence regarding the intent for only Builder, Inc. to be responsible is not admissible, making answer (D) correct.",,-100.0,-100.0,-2.1269493103027344,-0.126949205994606,0.8807970889295664
mbe_1088,TORTS,1998,train,"When Parents were told that their child, Son, should repeat second grade, they sought to have him ev",C,C,True,0,1576,86,"C  
Reasoning: The gold passage establishes that the dissemination of news or news events does not generally constitute an invasion of the right to privacy. Since the article reported on a public school board meeting where Parents made a request regarding Son's evaluation, this qualifies as a fair and accurate report of a public event. Therefore, Son's legal representative would not recover in a privacy action against the newspaper, making answer (C) correct.",,-100.0,-100.0,-19.875,-100.0,1.0
mbe_1089,EVIDENCE,1998,train,"On trial for murdering her husband, Defendant testified she acted in self-defense. Defendant calls E",D,D,True,0,1213,69,"D  
Reasoning: The gold passage establishes that an expert witness cannot express an opinion regarding the mental state of the accused concerning the elements of the crime or defense. Since Expert's testimony would involve an opinion about Defendant's mental state at the time of the killing, it is inadmissible under this rule, making answer (D) correct.",,-100.0,-100.0,-2.1269609928131104,-0.1269610822200775,0.880797068590724
mbe_1090,CONST. LAW,1998,train,The legislature of State X enacts a statute that it believes reconciles the state's interest in the ,C,C,True,0,1345,105,"C  
Reasoning: The gold passage indicates that while a state may regulate pre-viability abortions to further its legitimate interests, such regulations cannot impose an ""undue burden"" on a woman's right to terminate her pregnancy. The statute in question prohibits abortions after the first trimester unless specific conditions are met, which could be interpreted as placing an undue burden on a woman's right to choose prior to fetal viability. Therefore, the statute is likely to be held unconstitutional under the principles established in Casey, making answer (C) correct.",,-100.0,-100.0,-0.0003486937785055,-100.0,1.0
mbe_1092,CRIM. LAW,1998,train,"While browsing in a clothing store, Alice decided to take a purse without paying for it. She placed ",D,D,True,0,1251,90,"D  
Reasoning: The gold passage defines larceny as the taking and carrying away of another's property without consent and with the intent to permanently deprive the owner of that property. Alice took the purse from its original location and concealed it under her coat, demonstrating her intent to steal. Even though she placed the purse back near the counter, the act of taking and concealing it constitutes larceny, making answer (D) correct.",,-100.0,-100.0,-12.750011444091797,-1.1041145626222716e-05,0.9999970976891844
mbe_1093,TORTS,1998,train,"In this action, will Mechanic obtain a judgment against Basher?",D,D,True,0,1443,116,"D  
Reasoning: The gold passage defines proximate cause as a cause that produces the injury in a natural and continuous sequence, without which the injury would not have occurred. Since Basher's negligent driving caused the initial collision, which led to the gasoline leak and ultimately Mechanic's injury, it can be argued that Mechanic's injury was a proximate consequence of Basher's negligence. Therefore, Mechanic will likely obtain a judgment against Basher unless there is evidence of intervening negligence that breaks the chain of causation. Thus, answer (D) is correct.",,-100.0,-14.048589706420898,-3.04858946800232,-0.0485894158482551,0.9525733746523392
mbe_1094,TORTS,1998,train,"In this action, will Mechanic obtain a judgment against Adam?",C,C,True,0,1380,96,"C  
Reasoning: The gold passage discusses the concept of pure comparative negligence, which allows a plaintiff to recover damages even if they are partially at fault. In this case, Mechanic's ability to recover damages against Adam hinges on whether Adam acted reasonably in failing to inform Mechanic about the gasoline leak. If a reasonable person in Adam's position would have warned Mechanic about the leak, then Adam could be found liable for not doing so, making answer (C) correct.",,-100.0,-5.753208637237549,-0.0032087268773466,-12.253209114074709,0.9968225620963032
mbe_1095,CRIM. LAW,1998,train,"At 11:00 p.m., John and Marsha were accosted in the entrance to their apartment building by Dirk, wh",A,A,True,0,1491,131,"A  
Reasoning: The gold passage outlines the definitions of burglary and robbery under common law and North Carolina law. Dirk committed burglary by entering John and Marsha's apartment with the intent to commit a felony (theft of the necklace) while the apartment was occupied. He also committed robbery by forcibly taking the necklace from Marsha, which involved violence and was non-consensual. Furthermore, the felony murder rule applies here because Dirk's actions in committing robbery contributed to John's death, even though John died from a heart attack while trying to free himself. Therefore, Dirk is guilty of burglary, robbery, and murder, making answer (A) correct.",,-0.0307174902409315,-3.530717372894287,-7.780717372894287,-100.0,0.9702820749030332
mbe_1098,CONTRACTS,1998,train,"For this question only, make the following assumptions. On March 1, Fixtures tendered 24 sets to Apa",D,B,False,0,1420,146,"B  
Reasoning: The gold passage establishes that a material breach allows the aggrieved party to cancel the contract. However, the breach must relate to a vital provision of the agreement. In this case, Fixtures has delivered 24 sets but has not provided the full quantity of 25 sets due to a damaged item. Since the breach does not relate to a vital term of the contract (the delivery of a specific number of sets may not be considered material if the remaining sets are to be delivered shortly), Apartments is entitled to accept any number of the 24 sets and reject the rest, but cannot cancel the contract for the rejected sets or the lot due on April 1. Thus, answer (B) is correct.",,-2.5809085369110107,-0.0809086486697197,-7.58090877532959,-100.0,0.9236696983960831
mbe_1099,EVIDENCE,1998,train,Defendant is on trial for nighttime breaking and entering of a warehouse. The warehouse owner had se,B,B,True,0,1295,81,"B  
Reasoning: The gold passage establishes that photographs are generally admissible if they are relevant and their probative value outweighs any prejudicial effect. Since the infrared photograph is authenticated and relevant to show similarities between the intruder and Defendant, it is admissible for the jury to compare the two. Therefore, answer (B) is correct, as it allows the jury to make that comparison directly.",,-11.250020027160645,-2.0100624169572257e-05,-100.0,-100.0,0.999986992870578
mbe_1100,REAL PROP.,1998,train,"Olivia owned Blackacre, her home. Her daughter, Dawn, lived with her and always referred to Blackacr",D,A,False,0,1388,73,"A  
Reasoning: The gold passage indicates that a purchaser is bound by the recitals and references in the chain of title. Since Dawn had already conveyed Blackacre to Bruce two years ago, she had no ownership interest left to convey to Carl. Therefore, Dawn had nothing to convey to Bruce at the time of the transaction, making answer (A) correct.",,-0.0080463914200663,-5.258046627044678,-8.38304615020752,-6.008046627044678,0.9921059826649654
mbe_1102,TORTS,1998,train,The warden of State Prison prohibits the photographing of the face of any prisoner without the priso,D,D,True,0,1369,107,"D  
Reasoning: The gold passage outlines the requirements for a claim of intentional or reckless infliction of emotional distress (IIED), specifically that the defendant must have intended to inflict distress, known that distress was certain or substantially certain to result, or acted recklessly. Photographer can argue that no reasonable person could conclude that his conduct was extreme and outrageous towards Prisoner, as he did not intend to photograph Prisoner and was merely taking a photograph of Mobster. This makes answer (D) the best argument for summary judgment.",,-7.5007004737854,-100.0,-9.000699996948242,-0.0007002840866334,0.9993239632301386
mbe_1103,CONST. LAW,1998,train,"The vaccination of children against childhood contagious diseases (such as measles, diphtheria and w",B,B,True,0,1368,101,"B  
Reasoning: The gold passage indicates that the President's authority is at its maximum when acting with express or implied authorization from Congress. Since there is no federal statute that prohibits the creation of the Presidential Advisory Commission on Vaccination, and the funding is appropriated by Congress for purposes deemed appropriate by the President, this action falls within the scope of executive authority. Therefore, answer (B) is correct as it aligns with the principle that the President can act in this capacity without explicit prohibition from Congress.",,-100.0,-3.79811754100956e-05,-100.0,-100.0,1.0
mbe_1104,EVIDENCE,1998,train,"Defendant is on trial for extorting $10,000 from Victim. An issue is the identification of the perso",D,D,True,0,1262,80,"D  
Reasoning: The gold passage explains the best evidence rule, which requires the production of an original writing when its contents are disputed. However, Victim's testimony about the call, despite his inability to positively identify the voice, is still admissible. His lack of certainty regarding the identification affects the weight of his testimony rather than its admissibility. Therefore, answer (D) is correct.",,-100.0,-9.511241912841797,-4.511242389678955,-0.0112423421815037,0.9889398471938144
mbe_1105,REAL PROP.,1998,train,"Owner owned Greenacre, a tract of land, in fee simple. Owner executed an instrument in the proper fo",B,B,True,0,1455,113,"B  
Reasoning: The gold passage indicates that a writing that embodies the elements of a contract is not subject to variation or contradiction by parol evidence. In this case, the deed executed by Owner, which recited consideration, is treated as a contractual instrument. The validity of the conveyance does not depend on actual consideration being paid, as the deed itself is sufficient to convey title. Therefore, Owner should lose the action to cancel the instrument because the validity of the conveyance is not contingent upon the actual payment of consideration, making answer (B) correct.",,-100.0,-0.0001638492394704,-8.750164031982422,-100.0,0.999841563809846
mbe_1107,CRIM. LAW,1998,train,Matt and his friend Fred were watching a football game at Matt's home when they began to argue. Fred,D,D,True,0,1425,97,"D  
Reasoning: The gold passage establishes that there is no duty to retreat when defending one's home against a felony. Matt was confronted with a threatening situation in his home, and he had the right to use deadly force to prevent the commission of a felony (Fred's threatening behavior with a knife). Since the law supports the sanctity of the home and the right to defend it without retreating, Matt's actions can be justified as self-defense, making answer (D) correct.",,-100.0,-100.0,-100.0,-3.4121114822482923e-06,1.0
mbe_1108,CONST. LAW,1998,train,Central City in the state of Green is a center for businesses that assemble personal computers. Comp,D,D,True,0,1964,92,"D  
Reasoning: The gold passage establishes that the negative implications of the Commerce Clause prohibit state measures that discriminate against interstate commerce, particularly those that favor in-state economic interests over out-of-state competitors. In this case, the Central City license tax provides a reduction for companies using in-state components, which means that Assembler, using only out-of-state components, is treated less favorably. This constitutes discrimination against interstate commerce, making answer (D) correct.",,-100.0,-100.0,-100.0,-3.769722525248653e-06,1.0
mbe_1109,CRIM. LAW,1998,train,"Hannah, who was homeless, broke into the basement of a hotel and fell asleep. She was awakened by a ",D,A,False,0,1205,126,"A  
Reasoning: The gold passage establishes that self-defense can legally excuse a defendant from an act that would otherwise be a criminal offense. In this scenario, Hannah was being physically assaulted by the security guard, which justifies her use of force in self-defense. However, the act of spraying the guard in the face with a fire extinguisher, resulting in serious injury (loss of sight in one eye), could be classified as aggravated assault since it was done with the intent to cause serious bodily injury. Therefore, the most serious crime for which Hannah could properly be convicted is aggravated assault, making answer (A) correct.",,-0.4207790791988373,-4.920779228210449,-1.1707791090011597,-3.67077898979187,0.6569224290473027
mbe_1110,CONTRACTS,1998,train,"On March 1, Mechanic contracted to repair Textiles' knitting machine and to complete the job by Marc",B,C,False,0,1468,102,"C  
Reasoning: The gold passage establishes that consequential damages can be recovered if they flow naturally from the breach and were contemplated by the parties at the time of the contract. Since both Mechanic and Textiles knew that the knitting machine was essential for fulfilling the Knitwear contract, Textiles assumed the risk of any delay losses to Knitwear by proceeding with that contract while the machine was under repair. Therefore, Mechanic's best defense is that Textiles assumed this risk, making answer (C) correct.",,-100.0,-7.001110553741455,-0.0011105667799711,-100.0,0.9990889487937314
mbe_1111,EVIDENCE,1998,train,Plaintiff sued Defendant for personal injuries suffered in a train-automobile collision. Plaintiff c,C,C,True,0,1273,89,"C  
Reasoning: The gold passage outlines the criteria for admitting expert testimony, which includes the witness qualifying as an expert based on their knowledge, skill, experience, training, or education. A police accident investigator typically possesses the necessary expertise to provide an opinion on the speed of a train based on physical evidence and their training. Therefore, the investigator's testimony is proper as it meets the qualifications for expert testimony, making answer (C) correct.",,-100.0,-100.0,-4.842555426876061e-06,-100.0,1.0
mbe_1112,REAL PROP.,1998,train,"Ven owned Goldacre, a tract of land, in fee simple. Ven and Pur entered into a written agreement und",A,C,False,0,1484,123,"C  
Reasoning: The gold passage discusses the elements required to establish a claim for conversion, which involves ownership, unlawful control, demand for return, and refusal to return. However, it does not directly address the enforceability of liquidated damages or the impact of a party's death on a contract. In this case, the contract between Ven and Pur included a provision for liquidated damages in the event of breach, and Ven's assertion that he is entitled to retain the deposit aligns with the express agreement of the parties. Therefore, the court should enforce the contract as written, making answer (C) correct.",,-100.0,-10.548641204833984,-0.0486409589648246,-3.0486409664154053,0.9525491413161498
mbe_1113,CONST. LAW,1998,train,An ordinance of Central City requires every operator of a taxicab in the city to have a license and ,D,D,True,0,1740,97,"D  
Reasoning: The gold passage establishes that content-based laws, which target speech based on its communicative content, are presumptively unconstitutional and must be justified by the government as narrowly tailored to serve compelling state interests. The ordinance in question restricts Driver's ability to display political messages based solely on their content, which falls under the definition of content-based regulation. Therefore, Driver has a meritorious defense based on the United States Constitution, making answer (D) correct.",,-100.0,-100.0,-100.0,-3.128163257315464e-07,1.0
mbe_1115,EVIDENCE,1998,train,"At Devlin's trial for burglary, Jaron supported Devlin's alibi that they were fishing together at th",C,B,False,0,1264,94,"B  
Reasoning: The gold passage indicates that extrinsic evidence is generally admissible to correct errors in documents. Jaron's denial on cross-examination about the truthfulness of his statement on the credit card application effectively ""opened the door"" for the prosecutor to introduce evidence regarding the accuracy of that statement. Therefore, Wilcox's testimony about Jaron's employment history is admissible as it directly relates to Jaron's credibility, making answer (B) correct.",,-7.500921249389648,-0.0009214656893163,-8.250921249389648,-100.0,0.9991863195115028
mbe_1116,REAL PROP.,1998,train,"Owen owned Blackacre in fee simple, as the land records showed, when he contracted to sell Blackacre",B,D,False,0,1552,109,"D  
Reasoning: The gold passage emphasizes the importance of record title in conveyancing, indicating that good and clear record title is determined solely by what is shown in the record. Since Bryer received a warranty deed and paid the agreed price, he is considered a purchaser for value. Additionally, the passage does not suggest that extrinsic evidence (such as Owen's possession) can affect Bryer's rights as a purchaser. Therefore, Bryer is a purchaser without notice of Cred's judgment lien, making answer (D) the most appropriate choice.",,-100.0,-11.750030517578123,-100.0,-3.070975071750581e-05,0.9999921107358976
mbe_1117,CONTRACTS,1998,train,"A written construction contract, under which Contractor agreed to build a new house for Owner at a f",D,B,False,0,1294,150,"B  
Reasoning: The gold passage states that oral agreements and unsubscribed written agreements involving an interest in real property are subject to the statute of frauds. Since the construction contract requires modifications to be in writing and signed by both parties, the oral requests for extras do not satisfy this requirement, making the statute of frauds applicable. Therefore, Owner's defense is effectively supported by the statute of frauds (IV). The parol evidence rule (I) does not apply here as it pertains to the admissibility of oral statements to contradict written contracts, but the issue at hand is the lack of a written agreement for the extras. The preexisting duty rule (II) and failure of an express condition (III) are not relevant to the situation",,-100.0,-2.117345684382599e-05,-13.00002098083496,-100.0,0.9999977396752666
mbe_1119,CRIM. LAW,1998,train,Susan entered a guilty plea to a charge of embezzlement. Her attorney hired a retired probation offi,A,C,False,0,1498,105,"C  
Reasoning: The gold passage establishes that the attorney-client privilege protects communications between a client and their attorney, and it extends to agents of the attorney or client, including necessary intermediaries. However, the consultant in this case is not an attorney, and the privilege does not automatically extend to non-attorneys unless they are acting as agents of the attorney or client in a professional capacity. Since the consultant is not an attorney, the prosecution's motion to compel her testimony should be granted, making answer (C) correct.",,-7.001017093658447,-100.0,-0.0010170908644795,-100.0,0.9990889488081424
mbe_1122,CONTRACTS,1998,train,"Which of the following, if proved, best supports Buyer's suit against Owner for breach of contract?",A,C,False,0,1617,124,"C  
Reasoning: The gold passage indicates that option contracts require exact compliance with the terms specified in the option agreement. In this case, the writing explicitly stated that the offer would only become effective if the $100 consideration was paid. If Owner told Buyer not to worry about the payment, implying that the deal was binding regardless of the payment, this could support Buyer's argument that Owner waived the requirement for the payment to be made before the option became effective. Therefore, proving that Owner made such a statement would best support Buyer's suit against Owner for breach of contract, making answer (C) the most compelling choice.",,-0.8308719396591187,-5.455872058868408,-0.5808719396591187,-100.0,0.5597738005723051
mbe_1123,CONTRACTS,1998,train,"For this question only, assume that, for whatever reason, Buyer prevails in the suit against Owner. ",D,C,False,0,1404,134,"C  
Reasoning: The gold passage discusses the conditions under which an option to purchase may be rendered void or unenforceable, depending on the intention of the parties. In this case, since Buyer is exercising the option to purchase Greenacre after the payment was made, and assuming Buyer prevails, they would be entitled to recover damages that reflect the difference between the fair market value of Greenacre at the time of Owner's breach (when Owner sold it to Citizen for $120,000) and the contract price of $100,000. Therefore, answer (C) is correct as it captures the potential recovery based on the fair market value exceeding the contract price.",,-100.0,-3.614679336547852,-0.7396794557571411,-0.7396794557571411,0.4862828965011393
mbe_1124,REAL PROP.,1998,train,"Alpha and Beta owned Greenacre, a large farm, in fee simple as tenants in common, each owning an und",D,B,False,0,1494,95,"B  
Reasoning: The gold passage explains that a quiet title action is meant to perfect an existing title against adverse claims. In this case, Beta's claim to quiet title is based on the fact that Hera defaulted in her obligations, specifically failing to pay real estate taxes, which led to the tax sale. Since Beta was the only bidder and obtained the property through the tax sale, Beta is entitled to a decree quieting title, making answer (B) correct.",,-100.0,-0.0053692911751568,-5.255369186401367,-9.630369186401367,0.9947145093892904
mbe_1125,CRIM. LAW,1998,train,"Eighteen-year-old Kenneth and his 14- year-old girlfriend, Emma, made plans to meet in Kenneth's apa",B,B,True,0,1281,98,"B  
Reasoning: The gold passage emphasizes that a criminal conspiracy requires an unlawful agreement between two or more persons. In this case, Emma, being only 14 years old, is below the age of consent and thus cannot legally consent to the sexual act. Consequently, she cannot be considered a conspirator in the crime of statutory rape, as she lacks the legal capacity to agree to commit the crime. Therefore, Kenneth's conspiracy conviction should be reversed, making answer (B) correct.",,-100.0,-0.5759850144386292,-0.8259850144386292,-11.825984954833984,0.5621723900578088
mbe_1127,CONST. LAW,1998,train,"The state of Green imposes a tax on the ""income"" of each of its residents. As defined in the taxing ",C,C,True,0,1329,104,"C  
Reasoning: The gold passage indicates that a state tax imposed on individuals who deal with the Federal Government is constitutional as long as it is applied equally to similarly situated constituents of the state. Since the tax in question is imposed on the employees of the federal government rather than directly on the United States, and it does not discriminate against federal employees compared to other residents, the state of Green may collect this tax on the fair rental value of the personal use of the automobiles. Therefore, answer (C) is correct.",,-100.0,-14.625005722045898,-5.319370302458992e-06,-100.0,0.9999995549151272
mbe_1129,EVIDENCE,1998,train,"Passenger is suing Defendant for injuries suffered in the crash of a small airplane, alleging that D",D,D,True,0,1221,64,"D  
Reasoning: The gold passage states that evidence of insurance can be admitted for purposes such as proving agency, ownership, or control. Since Witness's testimony about selling a liability insurance policy to Defendant can be used to suggest that Defendant had some ownership or responsibility for the airplane, this makes answer (D) correct.",,-100.0,-12.000018119812012,-100.0,-1.855097616498824e-05,0.9999938558227486
mbe_1130,REAL PROP.,1998,train,"Opal owned several vacant lots in ABC Subdivision. She obtained a $50,000 loan from a lender, Bank, ",D,B,False,0,1338,100,"B  
Reasoning: The gold passage indicates that a material and obvious alteration to a written instrument raises a presumption that the alteration occurred before the instrument was executed and delivered. In this case, the release of Lot 2 was validly executed and recorded, and Eva, as an innocent purchaser for value, was entitled to rely on the recorded release. Since Eva had no notice of the alteration to include Lot 5, she is protected under the recording act, making answer (B) correct.",,-100.0,-0.0006939699524082,-7.7506937980651855,-8.250694274902344,0.9993084774421196
mbe_1131,CRIM. LAW,1998,train,"If Miller moves to suppress his admission about killing his neighbor, the court should",A,C,False,0,1536,116,"C  
Reasoning: The gold passage outlines the requirements for a valid Miranda waiver, emphasizing that it must be voluntary and made with a full understanding of the rights being waived. In this case, Miller was in a situation of hot pursuit, which typically allows law enforcement to act without a warrant and may justify the questioning of a suspect without a formal Miranda warning. Since the circumstances indicate that the deputy was responding to an immediate threat and Miller was not formally interrogated in a coercive environment, the court should deny the motion to suppress his admission, making answer (C) correct.",,-4.342594623565674,-2.5925943851470947,-0.0925944447517395,-7.717594623565674,0.911712222606066
mbe_1132,CRIM. LAW,1998,train,"If Miller moves to exclude the introduction of Jones's clothing into evidence, the court should",C,C,True,0,1504,87,"C  
Reasoning: The gold passage establishes that open fields do not provide a reasonable expectation of privacy, as they are accessible to the public and police. Since the clothing was found in an area that is considered an open field, Miller had no expectation of privacy regarding that area, making the introduction of the clothing into evidence permissible. Therefore, the court should deny Miller's motion to exclude the evidence, making answer (C) correct.",,-100.0,-100.0,-21.0,-100.0,1.0
mbe_1135,CONTRACTS,1998,train,"For this question only, assume the following facts. On October 1, Buyer told Seller, ""I'm increasing",D,D,True,0,1295,84,"D  
Reasoning: The gold passage defines repudiation as either a statement indicating an intention to breach or a voluntary act that makes performance impossible. Buyer's statement on October 1 does not indicate a definitive intention to breach the contract but rather expresses unhappiness and a lack of intent to perform unless legally obligated. This does not meet the criteria for repudiation as outlined in the passage, making answer (D) correct.",,-9.500691413879396,-10.250691413879396,-7.500691413879394,-0.0006915858830325,0.9993371458520816
mbe_1136,CONTRACTS,1998,train,"For this question only, assume the following facts. Buyer unequivocally repudiated the contract on A",C,C,True,0,1425,93,"C  
Reasoning: The gold passage discusses the principle of restitution and the importance of a party not materially changing its position in reliance on a mistaken payment. In this case, Buyer unequivocally repudiated the contract on August 1, and Seller materially changed his position by selling the ranch to Rancher on October 1. Since Buyer did not retract her repudiation before Seller sold the property, she cannot enforce the contract, making answer (C) correct.",,-100.0,-100.0,-19.0,-100.0,1.0
mbe_1137,REAL PROP.,1998,train,"Owner owned a hotel, subject to a mortgage securing a debt Owner owed to Lender One. Owner later acq",A,C,False,0,1716,150,"C  
Reasoning: The passage indicates that judicial foreclosure is treated as a civil action, which allows for the equitable distribution of proceeds from the sale of foreclosed properties. In this case, Lender One purchased the parking garage for an amount exceeding Lender Two's mortgage balance, resulting in a surplus of $200,000. Since Lender One has a valid judgment lien and has purchased the property, it is entitled to recover its deficiency from the surplus. However, Lender Two also has a claim against the surplus due to its mortgage on the parking garage. Therefore, the $200,000 surplus should be divided equally, with $100,000 going to Lender One and $100,000 going to Lender Two, making answer (",,-4.670637607574463,-1.9206374883651731,-0.1706375032663345,-100.0,0.8439652264738553
mbe_1139,TORTS,1998,train,The Rapido is a sports car manufactured by the Rapido Motor Co. The Rapido has an excellent reputati,A,A,True,0,1432,120,"A  
Reasoning: The gold passage establishes that a product is considered defectively unreasonably dangerous if a reasonable alternative design exists that could have reduced the risk of harm. In this case, the plaintiff presented evidence of an alternative engine design that would eliminate the stalling issue without impairing the engine's functions. This suggests that the jury could find that the Rapido's engine was defectively designed, making it a proximate cause of the collision. Therefore, the motion for a directed verdict should be denied, as there is a basis for the jury to find liability based on the evidence presented.",,-0.0032162149436771,-5.75321626663208,-100.0,-100.0,0.9968273173209854
mbe_1140,EVIDENCE,1998,train,"Pedestrian died from injuries caused when Driver's car struck him. Executor, Pedestrian's executor, ",D,D,True,0,1311,66,"D  
Reasoning: The gold passage indicates that hearsay is permitted in preliminary hearings when authorized by statute. Since the affidavit from Doctor is being used to establish the context for Pedestrian's statement, the court can consider this hearsay in ruling on the admissibility of the statement. Therefore, answer (D) is correct.",,-100.0,-100.0,-15.125000953674316,-1.0280383548888494e-06,0.9999997300422024
mbe_1142,TORTS,1998,train,Driver was driving his car near Owner's house when Owner's child darted into the street in front of ,C,C,True,0,1468,150,"C  
Reasoning: The gold passage outlines the requirements for establishing a claim for negligent infliction of emotional distress (NIED). Specifically, it states that a plaintiff must show that the defendant engaged in negligent conduct, that the plaintiff suffered serious emotional distress, and that the defendant's negligent conduct was a legal cause of that distress. Importantly, it also notes that a plaintiff must establish some predicate injury either to property or to another person in order to recover for NIED. In this case, while Owner suffered serious emotional distress, there was no physical harm to Owner or his property, which means Owner cannot prevail in his claim against Driver. Therefore, answer (C) is correct, as Owner will not prevail unless Driver was negligent, which is not",,-100.0,-15.875001907348633,-1.8624639324116288e-06,-13.500001907348633,0.9999985015241674
mbe_1143,REAL PROP.,1998,train,"Vendor owned Greenacre, a tract of land, in fee simple. Vendor entered into a valid written agreemen",A,C,False,0,1402,112,"C  
Reasoning: The gold passage defines a marketable title as one that is free from encumbrances and any reasonable doubt regarding its validity. Since there is an outstanding mortgage on Greenacre, this constitutes an encumbrance that makes the title unmarketable. The contract does not contain any provisions that would allow Purchaser to assume the risk of an unmarketable title, and thus, an obligation to convey marketable title is implied. Therefore, Purchaser is entitled to damages for Vendor's breach of contract, making answer (C) correct.",,-19.000009536743164,-100.0,-9.01468411029782e-06,-100.0,0.9999999943972064
mbe_1144,CONST. LAW,1998,train,The state of Red sent three of its employees to a city located in the state of Blue to consult with ,A,A,True,0,1563,100,"A  
Reasoning: The gold passage establishes that the full faith and credit clause requires states to recognize and enforce the judgments of the courts of other states, giving those judgments the same preclusive force they would have in the originating state. Since the judgment from the Blue state court is final and the state of Red admitted jurisdiction and participated in the trial, the injured persons can recover the full balance of their judgment from the state of Red in the enforcement proceeding. Therefore, answer (A) is correct.",,-0.0790778249502182,-100.0,-2.57907772064209,-100.0,0.9241418126663687
mbe_1145,CRIM. LAW,1998,train,"Martha's high school teacher told her that she was going to receive a failing grade in history, whic",A,A,True,0,1308,96,"A  
Reasoning: The gold passage establishes that for a defendant to be held liable for a crime involving injury, the State must prove that the defendant's conduct was the proximate cause of that injury. In this case, Martha's accusation, while wrongful, may not have been the direct or proximate cause of the teacher's suicide. Therefore, her best defense would be that she committed no act that proximately caused the teacher's death, making answer (A) correct.",,-1.4974866644479334e-05,-100.0,-100.0,-100.0,1.0
mbe_1146,EVIDENCE,1998,train,Plaintiff sued Defendant for personal injuries arising out of an automobile accident. Which of the f,D,B,False,0,1259,88,"B  
Reasoning: The gold passage discusses the reliability of eyewitness testimony and the influence of suggestive feedback on their confidence. However, it does not address the rules of cross-examination directly. In general, leading questions are permitted during cross-examination, and a judge refusing to allow leading questions would be an error. Therefore, answer (B) is the correct choice as it represents an error in the context of cross-examination rules.",,-3.596799850463867,-0.3467998802661896,-1.3467998504638672,-100.0,0.7109070467296738
mbe_1147,EVIDENCE,1998,train,Phil is suing Dennis for injuries suffered in an automobile collision. At trial Phil's first witness,A,A,True,0,1219,83,"A  
Reasoning: The gold passage establishes that evidence of bias, prejudice, or ulterior motives is relevant at trial as it may discredit a witness or affect the weight of their testimony. By asking Wanda about Frank beating up Dennis the day before the collision, Dennis is attempting to show that Frank may have a bias against him, which is a proper basis for impeachment. Therefore, answer (A) is correct.",,-0.0001043776137521,-100.0,-100.0,-100.0,1.0
mbe_1148,REAL PROP.,1998,train,"Thirty years ago Able, the then-record owner of Greenacre, a lot contiguous to Blueacre, in fee simp",A,A,True,0,1746,99,"A  
Reasoning: The gold passage outlines the requirements for establishing a prescriptive easement, which includes the need for continued and uninterrupted use for a specified period. In this case, Dorcas has used the driveway regularly since acquiring title, which supports her claim to a prescriptive easement. Charlie's defense that the location of the easement is governed by reasonableness does not hold because the location was established by the prior use of Baker and Able, making answer (A) correct.",,-9.17420256882906e-05,-9.750091552734377,-100.0,-100.0,0.9999417087233056
mbe_1150,CONTRACTS,1998,train,"For this question only, assume the following facts. After making the contract with Bank, Computers d",D,A,False,0,1288,97,"A  
Reasoning: The gold passage establishes that a party's breach of contract can be excused under the defense of impossibility of performance when changed circumstances make the performance vitally different from what both parties contemplated at the time of the contract. Since Computers discovered that the technology was unreliable and that no one could build the contracted-for computer, this situation qualifies as an impossibility of performance. Therefore, the court will likely decide in favor of Computers, making answer (A) correct.",,-4.91863174829632e-05,-14.375049591064451,-100.0,-100.0,0.9999994284997844
mbe_1151,EVIDENCE,1998,train,Defendant was charged with attempted murder of Victor in a sniping incident in which Defendant alleg,B,B,True,0,1146,81,"B  
Reasoning: The gold passage states that character evidence is generally neither relevant nor admissible. The prosecutor's evidence of Defendant's past violent acts, such as firing a shotgun into a woman's home and pointing a handgun at another driver, constitutes character evidence that is being used to suggest a propensity toward violence. Therefore, this evidence should be excluded as improper character evidence, making answer (B) correct.",,-17.250028610229492,-2.927930654550437e-05,-100.0,-100.0,0.999999967758112
mbe_1152,REAL PROP.,1998,train,"Art, who owned Blackacre in fee simple, conveyed Blackacre to Bea by warranty deed. Celia, an adjoin",C,B,False,0,1262,80,"B  
Reasoning: The gold passage states that a warranty deed includes a covenant of warranty, which obligates the grantor (Art) to defend the title against claims. Since Bea successfully defended her title against Celia's action and Art refused to defend her, Bea is entitled to recover her expenses based on the covenant of warranty included in the deed. Therefore, answer (B) is correct.",,-100.0,-7.896309739408025e-07,-100.0,-100.0,1.0
mbe_1153,CONST. LAW,1998,train,Alex contracted for expensive cable television service for a period of six months solely to view the,C,C,True,0,1534,106,"C  
Reasoning: The gold passage explains that a lawsuit becomes moot when the parties lose a legally cognizable interest in the outcome of the litigation. In this case, since Clark's trial has concluded with a conviction and sentencing, Alex's claim for an injunction to resume televising the trial no longer has a live controversy. Therefore, the most proper disposition of the motion by the federal court would be to grant the motion to dismiss, as the subject matter of the controversy has ceased to exist, making answer (C) correct.",,-100.0,-100.0,-18.875001907348636,-100.0,1.0
mbe_1154,TORTS,1998,train,Traveler was a passenger on a commercial aircraft owned and operated by Airline. The aircraft crashe,C,A,False,0,1367,100,"A  
Reasoning: The gold passage establishes that in a wrongful death claim, the plaintiff must prove a wrongful act, neglect, or default of the defendant that proximately caused the death. Since the legal representative offered no evidence as to the cause of the crash, there is no basis for establishing that Airline's actions or negligence caused the death. Therefore, the court should grant Airline's motion to dismiss due to the lack of evidence regarding the cause of the crash, making answer (A) correct.",,-3.845798710244708e-05,-15.875038146972656,-100.0,-100.0,0.9999998724809174
mbe_1155,CONST. LAW,1998,train,Company wanted to expand the size of the building it owned that housed Company's supermarket by addi,D,D,True,0,1446,119,"D  
Reasoning: The gold passage establishes that the ""rough proportionality"" test must be applied to determine whether the conditions imposed by the city on the building permit are related to the projected impact of the proposed development. The passage indicates that the city is required to make an individualized determination that the required dedication (in this case, the child care center) is related in both nature and extent to the impact of the proposed coffeehouse addition. Since the city officials presented no evidence or findings to justify the requirement, they failed to meet their burden under this standard, making answer (D) correct.",,-100.0,-100.0,-13.625080108642578,-7.994086627149954e-05,0.9999987901345194
mbe_1156,REAL PROP.,1998,train,"Ollie owned a large tract of land known as Peterhill. During Ollie's lifetime, Ollie conveyed the ea",D,D,True,0,1441,110,"D  
Reasoning: The gold passage discusses the creation of an equitable servitude, which is relevant to the restrictions placed on the use of the land in the conveyances from Ollie. The language in the conveyances indicates a clear intent to impose restrictions on the use of the property, which can be enforced by successors. Since the provision is designed to bind all successor owners and is necessary to avoid injustice, it supports the validity of the restriction. Therefore, the court will find the quoted restriction to be valid, making answer (D) correct.",,-100.0,-2.812847375869751,-7.68784761428833,-0.0628474131226539,0.9394823440920744
mbe_1157,EVIDENCE,1998,train,"At Defendant's murder trial, Defendant calls Witness as his first witness to testify that Defendant ",A,C,False,0,1179,86,"C  
Reasoning: The gold passage indicates that there are specific circumstances under which character evidence may be admitted to prove that a person acted in conformity with their character on a particular occasion. In a murder trial, a defendant can introduce evidence of their character traits, such as being peaceable and truthful, to support their defense. Therefore, the court should admit the testimony as to both character traits, making answer (C) correct.",,-9.00051212310791,-8.25051212310791,-0.0005120449932292,-9.50051212310791,0.9995406909064052
mbe_1158,CONST. LAW,1998,train,"The governor of the state of Green proposes to place a Christmas nativity scene, the components of w",B,C,False,0,2641,116,"C  
Reasoning: The gold passage emphasizes that the display of the crèche (nativity scene) can be constitutional if it serves a legitimate secular purpose, such as celebrating the Christmas holiday and depicting its historical origins. The passage indicates that the inclusion of religious elements in a public display does not automatically violate the Establishment Clause, especially when the display is integrated into a broader context that includes secular elements. Since the nativity scene would be donated by private citizens and displayed alongside other secular exhibits, it aligns with the principles outlined in the passage, making answer (C) correct.",,-100.0,-3.124217987060547,-0.124218076467514,-2.624217987060547,0.8834920648241926
mbe_1159,CRIM. LAW,1998,train,Two police officers in uniform were on foot patrol in a neighborhood frequented by drug sellers. The,B,D,False,0,1560,94,"D  
Reasoning: The gold passage discusses the principle of ""bootstrapping,"" which refers to the impermissibility of using evidence obtained from a search incident to an arrest to justify that arrest. In this case, Sandra voluntarily discarded the cocaine, which means the police did not conduct an unlawful search to obtain it. Since the cocaine was discarded and not seized through an unlawful search, her motion to suppress the evidence should be denied, making answer (D) correct.",,-100.0,-1.137130856513977,-8.387130737304688,-0.3871308267116546,0.6790239974569279
mbe_1160,EVIDENCE,1998,train,"In a federal civil trial, Plaintiff wishes to establish that, in a state court, Defendant had been c",D,D,True,0,1289,106,"D  
Reasoning: The gold passage indicates that judicial notice should not deny the opposing party the chance to disprove the fact sought to be noticed, and that judicial notice itself does not necessarily establish a fact. In this context, a telephone call to the clerk of the state court does not provide a formal or reliable method of establishing the conviction, as it lacks the necessary procedural safeguards and may not allow for rebuttal. Therefore, option (D) is the least likely to be permitted as a mode of proof for the conviction.",,-100.0,-1.482928991317749,-1.232928991317749,-0.7329289317131042,0.4810242781330685
mbe_1161,REAL PROP.,1998,train,"Three years ago Adam conveyed Blackacre to Betty for $50,000 by a deed that provided: ""By accepting ",A,A,True,0,1473,115,"A  
Reasoning: The gold passage outlines the Rule Against Perpetuities, which states that no interest is valid unless it must vest within a certain timeframe. In this case, the provision in the deed that allows Adam to repurchase Blackacre for $1,000 if it is used for nonresidential purposes could potentially violate this rule if it does not vest within the required period. Since the provision is contingent upon a future event (the use of the property), it may not comply with the Rule Against Perpetuities, making answer (A) correct.",,-0.6935003399848938,-9.443500518798828,-0.6935003399848938,-100.0,0.499960387814304
mbe_1163,CONST. LAW,1998,train,Congress wishes to enact legislation prohibiting discrimination in the sale or rental of housing on ,B,B,True,0,1710,102,"B  
Reasoning: The gold passage outlines Congress's authority to regulate activities that have a substantial relation to interstate commerce. The sale or rental of housing can be seen as having a significant impact on interstate commerce, as it affects the movement and availability of housing across state lines. Therefore, the most credible argument for congressional authority to enact legislation prohibiting discrimination in housing based on affectional preference or sexual orientation would be based on the commerce clause of Article I, Section 8, making answer (B) correct.",,-100.0,-1.0087516784551552e-05,-100.0,-100.0,1.0
mbe_1164,TORTS,1998,train,"Because of Farmer's default on his loan, the bank foreclosed on the farm and equipment that secured ",C,C,True,0,1292,103,"C  
Reasoning: The gold passage establishes that strict liability applies to defendants who are considered ""sellers"" of a product, regardless of whether they were negligent. In this case, the auctioneer sold the tractor, but since the jurisdiction has not adopted a comparative fault rule in strict liability cases, the auctioneer may not be considered a ""seller"" for purposes of strict liability if they did not manufacture or design the tractor. Therefore, the result should be for the defendant, making answer (C) correct.",,-12.750015258789062,-13.250015258789062,-1.5094070477061903e-05,-100.0,0.9999953373557876
mbe_1166,EVIDENCE,1998,train,Plaintiff sued Defendant for injuries sustained in an automobile collision. During Plaintiffs hospit,D,D,True,0,1400,101,"D  
Reasoning: The gold passage outlines the criteria for the admissibility of records made in the course of a regularly conducted business activity. Since the hospital records custodian testified that Plaintiff's hospital record was made and kept in the ordinary course of the hospital's business, and the entry reporting Doctor's diagnosis was made at or near the time by a person with knowledge (Doctor), it meets the requirements for admissibility as a record of regularly conducted business activity. Therefore, answer (D) is correct.",,-100.0,-100.0,-8.750162124633789,-0.0001621803821763,0.9998415637720662
mbe_1168,REAL PROP.,1998,train,"Adam owns Townacres in fee simple, and Bess owns the adjoining Greenacres in fee simple. Adam has ke",B,A,False,0,1399,100,"A  
Reasoning: The gold passage outlines the requirements for establishing a private nuisance, which includes showing that the defendants' actions interfere with the use or enjoyment of property rights and cause significant harm. Adam's strongest argument is that the condition of Greenacres has an adverse impact on real estate values, which can be interpreted as a significant harm affecting the enjoyment and use of Townacres. Therefore, answer (A) is the most compelling argument Adam can present in support of his claim of nuisance.",,-0.1477377861738205,-2.147737741470337,-3.897737741470337,-100.0,0.8629221901030378
mbe_1169,CONTRACTS,1998,train,Breeder bought a two-month-old registered boar at auction from Pigstyle for $800. No express warrant,C,C,True,0,1485,108,"C  
Reasoning: The gold passage discusses the caveat emptor doctrine, which places the responsibility on the buyer to examine and judge the value and condition of the property, thereby protecting the seller from liability for defects. Since Breeder was aware that the fertility of the boar could not be determined until it reached 12 months of age, he assumed the risk of the boar's sterility by purchasing it without any express warranty. Therefore, the court will likely decide in favor of Pigstyle, making answer (C) correct.",,-100.0,-14.500162124633787,-0.0001624188007554,-8.750162124633789,0.9998410595465428
mbe_1170,TORTS,1998,train,Homeowner owns a house on a lake. Neighbor owns a house across a driveway from Homeowner's property.,A,A,True,0,1305,84,"A  
Reasoning: The gold passage establishes that a sustained and intentional campaign to annoy a neighbor can constitute a private nuisance. Homeowner's installation of the spotlight solely to annoy Neighbor aligns with this principle, as it interferes with Neighbor's use and enjoyment of his property by detracting from his view of the lake. Therefore, Neighbor will prevail in his suit against Homeowner based on the intentional nature of the nuisance.",,-5.931863051955588e-05,-100.0,-100.0,-100.0,1.0
mbe_1171,CRIM. LAW,1998,train,"On May 1, 1987, a car driven by Debra struck Peggy, a pedestrian. On July 1, 1987, with regard to th",D,D,True,0,1520,133,"D  
Reasoning: The gold passage establishes that a conviction for a misdemeanor (such as reckless driving) does not bar a subsequent prosecution for manslaughter that arises from the same incident, particularly when the death of the victim occurs later. Therefore, Debra's double jeopardy claim is not valid because the manslaughter charge is not considered the same offense as the reckless driving conviction. Additionally, the statute of limitations for manslaughter does not apply here because the time period does not begin until the death of the victim, which occurred after the initial incident. Since both grounds for dismissal are not valid, Debra's motion should be denied on both grounds.",,-5.303741931915283,-9.17874240875244,-3.053741931915283,-0.05374201759696,0.947738388002396
mbe_1173,CONST. LAW,1998,train,State Y has a state employee grievance system that requires any state employee who wishes to file a ,A,A,True,0,1748,99,"A  
Reasoning: The gold passage outlines that any gender classification must meet the standard of intermediate scrutiny, requiring the state to provide an ""exceedingly persuasive"" justification for the classification. In this case, the state's attorney's justification for eliminating female arbitrators based on the belief that they would be biased is an overbroad generalization and does not satisfy the requirements of intermediate scrutiny. Therefore, the court should hold that the panel selection process is unconstitutional, making answer (A) correct.",,-0.0002552601217757,-100.0,-100.0,-100.0,1.0
mbe_1174,REAL PROP.,1998,train,"Theresa owned Blueacre, a tract of land, in fee simple. Theresa wrote and executed, with the require",C,B,False,0,1478,100,"B  
Reasoning: The gold passage discusses conditions precedent and their implications in the context of contracts. In the context of the will, the court's ruling that Della has a life estate and that the remainder is contingent suggests that the vesting of the remainder is tied to the death of Theresa, as it is at that point that the interests of the remaindermen become relevant. Therefore, the chosen construction relates all vesting to the death of Theresa, making answer (B) correct.",,-3.350245475769043,-0.3502455353736877,-1.350245475769043,-100.0,0.7053845003113706
mbe_1175,TORTS,1998,train,"Driver negligently drove his car into Pedestrian, breaking her leg. Pedestrian's leg was put in a ca",B,B,True,0,1517,115,"B  
Reasoning: The gold passage establishes that a defendant is liable for all injuries proximately caused by their negligence. In this case, Driver's negligence caused Pedestrian's initial injury (the broken leg). The passage also indicates that if a plaintiff suffers subsequent injuries due to a weakened condition caused by the initial injury, the defendant's negligence is deemed the proximate cause of both injuries. Since Pedestrian's broken arm resulted from her weakened state while using crutches due to the broken leg, Driver is liable for both injuries. Therefore, answer (B) is correct.",,-100.0,-0.0042072092182934,-9.754207611083984,-5.504207134246826,0.9958720442653952
mbe_1176,CRIM. LAW,1998,train,"FBI agents, without a warrant and without permission of Mexican law enforcement or judicial officers",D,B,False,0,1528,150,"B  
Reasoning: The gold passage establishes that a warrantless arrest does not violate the Fourth Amendment if it is supported by probable cause. In this case, Steven was kidnapped by FBI agents without a warrant, which raises concerns about the legality of his arrest. However, since he was wanted for drug smuggling violations, it is likely that there was probable cause for his arrest, even if the method of arrest was questionable. On the other hand, Joan's arrest occurred without a warrant and without any indication of probable cause being established in the passage. Therefore, the court should grant Steven's motion to dismiss the indictment due to the lack of a lawful arrest process, while denying Joan's motion since her arrest was also warrantless and likely lacked probable cause",,-7.380735874176025,-0.0057358597405254,-5.755735874176025,-100.0,0.9962049498318843
mbe_1177,CONTRACTS,1998,train,Gourmet purchased the front portion of the land needed for a restaurant he desired to build and oper,C,C,True,0,1560,106,"C  
Reasoning: The gold passage establishes that a valid contract requires mutuality of agreement and legal consideration, which is defined as something of value exchanged between the parties. In this case, Gourmet bargained for and received a quitclaim deed from Hope in exchange for his promise to pay $6,000. Despite the uncertainty of Hope's claim to the property, the exchange of the quitclaim deed constitutes valid consideration, making the contract enforceable. Therefore, Hope will likely win in her action against Gourmet for breach of contract.",,-12.500009536743164,-12.250009536743164,-9.25309086596826e-06,-100.0,0.9999914883042996
mbe_1178,TORTS,1998,train,"Athlete, a professional football player, signed a written consent for his team's physician, Doctor, ",A,A,True,0,1254,83,"A  
Reasoning: The gold passage defines battery as the unprivileged touching of one person by another with the intent to bring about contact that is harmful or offensive. In this case, Athlete did not consent to Surgeon performing the operation; he only consented to Doctor. Therefore, Surgeon’s actions constitute battery because they were unprivileged and not covered by Athlete's consent, making answer (A) correct.",,-2.8087270038668063e-05,-100.0,-100.0,-100.0,1.0
mbe_1179,CONST. LAW,1998,train,"Senator makes a speech on the floor of the United States Senate in which she asserts that William, a",B,B,True,0,1519,121,"B  
Reasoning: The gold passage indicates that the Speech or Debate Clause of the Constitution provides immunity to members of Congress for any speech or debate made in the course of their legislative duties. Since Senator's speech was made on the floor of the Senate, it falls under this protection, regardless of the content or the context of the speech. Additionally, Frank, as Senator's legislative assistant, may assert this immunity for his role in assisting her. Therefore, the court should grant the motion to dismiss for both defendants based on the protections afforded by the Speech or Debate Clause, making answer (B) correct.",,-100.0,-0.3945173919200897,-1.144517421722412,-100.0,0.6791787056691698
mbe_1181,CRIM. LAW,1998,train,Smart approached Johnson and inquired about hiring someone to kill his girlfriend's parents. Unknown,C,C,True,0,1230,92,"C  
Reasoning: The gold passage establishes that the crime of solicitation is complete when the soliciting message is received by the intended recipient, regardless of whether the act is ever consummated or if any steps are taken towards its completion. Since Smart solicited Johnson to commit murder, the offense was completed at the moment Johnson received the solicitation, making Smart liable for solicitation to commit murder despite his later attempt to withdraw. Therefore, answer (C) is correct.",,-100.0,-16.500003814697266,-4.246537173457909e-06,-100.0,0.9999999317439414
mbe_1182,CONTRACTS,1998,train,"Retailer, a dry goods retailer, telephoned Manufacturer, a towel manufacturer, and offered to buy fo",B,B,True,0,1337,87,"B  
Reasoning: The gold passage establishes that price is an essential term of a contract, and without it, there cannot be an enforceable contract. In this case, Manufacturer's letter of confirmation stated the quantity of 500 towels, which aligns with the original offer made by Retailer. Since the letter confirmed the agreement and specified the quantity, Manufacturer can enforce a contract for 500 towels, making answer (B) correct.",,-100.0,-0.025175429880619,-4.52517557144165,-4.27517557144165,0.9752546427087864
mbe_1183,CONST. LAW,1998,train,"Doctor, a resident of the city of Greenville in the state of Green, is a physician licensed to pract",B,B,True,0,1605,115,"B  
Reasoning: The gold passage explains the Privileges and Immunities Clause of Article IV, which ensures that citizens of one state are entitled to the same privileges as citizens of another state. It specifically addresses the issue of residency classifications that favor residents over nonresidents, indicating that such classifications can be invalidated if they burden activities essential to the livelihood of the nation. Doctor's exclusion from the Redville hospital based solely on her non-residency in Red would likely be challenged under this clause, making answer (B) the most helpful constitutional provision for her action.",,-100.0,-2.641841820150148e-05,-100.0,-100.0,1.0
mbe_1184,REAL PROP.,1998,train,"Martin, the owner in fee simple of Orchardacres, mortgaged Orchardacres to Marie to secure the payme",B,B,True,0,1670,119,"B  
Reasoning: The gold passage establishes that a mortgagee can become a mortgagee in possession if the mortgage grants the right to enter and take possession of the mortgaged premises. Since Marie undertook to care for the orchard and harvest the profits due to Martin's absence, she effectively acted as a mortgagee in possession. This status implies that she has responsibilities akin to those of a trustee or bailiff for the mortgagor, which includes liability for injuries occurring on the premises. Therefore, Paul can recover damages from Marie for his injuries, making answer (B) correct.",,-100.0,-3.070975071750581e-05,-13.125030517578123,-100.0,0.999998005269895
mbe_1185,TORTS,1998,train,"Actor, a well-known movie star, was drinking Vineyard wine at a nightclub. A bottle of the Vineyard ",C,C,True,0,1505,83,"C  
Reasoning: The gold passage establishes that under Georgia law, an individual has a right to publicity that protects against the appropriation of their name and likeness for financial gain without their consent. Since Vineyard used Actor's photograph in a wine advertisement for commercial purposes without Actor's consent, Actor has a valid claim for violation of his right to publicity. Therefore, Actor will prevail, making answer (C) correct.",,-100.0,-15.37500286102295,-2.816093228830141e-06,-100.0,0.9999997897566684
mbe_1187,CONTRACTS,1998,train,"Buyer mailed a signed order to Seller that read: ""Please ship us 10,000 widgets at your current pric",D,D,True,0,1488,82,"D  
Reasoning: The gold passage establishes that once an offer is accepted, it becomes irrevocable. In this case, Seller accepted Buyer's order by mailing the acceptance letter on January 7, which was before Buyer's attempt to revoke the order on January 8. Since the acceptance was made prior to the revocation, a contract was formed between Buyer and Seller, making answer (D) correct.",,-15.625007629394531,-100.0,-100.0,-7.822646693966817e-06,0.999999836262282
mbe_1188,TORTS,1998,train,"As Seller, an encyclopedia salesman, approached the grounds on which Hermit's house was situated, he",A,A,True,0,1391,79,"A  
Reasoning: The gold passage establishes that a landowner may not deliberately or maliciously cause injury to a trespasser. Since Hermit set an explosive charge, which is a deliberate act that could cause injury, he may be held responsible for Seller's injuries. Therefore, if Hermit was responsible for the explosive charge, Seller can recover damages, making answer (A) correct.",,-0.0004658233083318,-9.000465393066406,-8.500465393066406,-100.0,0.9996732285007828
mbe_1189,REAL PROP.,1998,train,Adam owned Blackacre. Adam entered into a written three-year lease of Blackacre with Bertha. Among o,A,A,True,0,1292,122,"A  
Reasoning: The gold passage indicates that a lease is freely assignable unless there is an express provision in the lease that states otherwise. In this case, the lease explicitly prohibits Bertha from assigning the lease or subletting Blackacre. Bertha's action of allowing Charles exclusive use of the garage for storage constitutes an assignment or subletting, violating the lease terms. However, allowing Doris to use the fields does not constitute a violation because it does not involve an assignment or subletting of the lease itself. Therefore, only action I violates the lease, making answer (A) correct.",,-0.4782267212867737,-5.978226661682129,-0.9782267212867736,-100.0,0.6208799063686192
mbe_1190,CRIM. LAW,1998,train,Defendant is charged with murder. The evidence shows that she pointed a gun at Victim and pulled the,D,D,True,0,1295,102,"D  
Reasoning: The gold passage establishes that if an accused creates an issue of mistaken belief regarding the culpable mental element of the offense, they are entitled to a defensive instruction of ""mistake of fact."" If the jury believes Defendant's testimony that she reasonably believed the gun was a prop, this belief negates the culpability required for murder. Therefore, if her belief is accepted as true, she should be found not guilty of both murder and manslaughter, making answer (D) correct.",,-100.0,-100.0,-16.0,-1.9361264946837767e-07,0.9999998874648162
mbe_1191,TORTS,1998,train,Del's sporting goods shop was burglarized by an escaped inmate from a nearby prison. The inmate stol,D,B,False,0,2046,106,"B  
Reasoning: The gold passage establishes that business owners have a legal duty to take reasonable security measures to protect against foreseeable criminal acts, especially when they control dangerous items like firearms. Del's negligence in failing to activate the alarm's motion detector created a foreseeable risk of harm, as it allowed an escaped inmate to steal firearms that were then used in a shooting spree. Therefore, Paula can prevail in her lawsuit against Del because Del's negligence directly contributed to the circumstances that led to her injury, making answer (B) correct.",,-4.019619464874268,-0.0196194332093,-100.0,-100.0,0.9820137905971974
mbe_1192,CONST. LAW,1998,train,"A statute of the state of Texona prohibits any retailer of books, magazines, pictures, or posters fr",A,A,True,0,1440,80,"A  
Reasoning: The gold passage discusses the vagueness doctrine, which is relevant to First Amendment concerns regarding regulations that limit speech. It states that a law must provide fair notice of what is prohibited and not be so vague that it encourages discriminatory enforcement. Therefore, Corner Store's best defense is that the statute is excessively vague and overbroad, making answer (A) the correct choice.",,-8.816591434879228e-05,-100.0,-100.0,-100.0,1.0
mbe_1193,EVIDENCE,1998,train,In an arson prosecution the government seeks to rebut Defendant's alibi that he was in a jail in ano,A,A,True,0,1254,69,"A  
Reasoning: The gold passage establishes that testimony regarding the absence of a record from a public record is admissible if it is based on a diligent search. Witness's testimony that he searched through all the records of the jail and found no record of Defendant's incarceration during the specified time fits this criterion, making answer (A) correct.",,-0.0020634261891245,-100.0,-100.0,-100.0,1.0
mbe_1355,CONST. LAW,"Because the ordinance is not related to the exercise of a fundamental right or based on a suspect trait, it need only rationally relate to some legitimate governmental interest. Under the Equal Protection Clause, which is implicated because the ordinance treats some city employees differently from others, a governmental classification must be necessary to promote a compelling state interest when it relates to who may exercise a fundamental right or when it is based on a suspect trait (e.g., race or national origin). If a quasi-suspect classification (e.g., gender or legitimacy) is involved, the classification will be upheld if it is substantially related to an important government interest. In all other cases, the classification is valid if there is any conceivable basis on which it might relate to any legitimate governmental interest. This ""rational basis"" test is used for all classifications that relate only to matters of economics or social welfare. The right of police officers and firefighters to hold second jobs is not a fundamental right that will trigger strict scrutiny. In addition, the ordinance is not based on a suspect or quasi-suspect classification. Therefore, the validity of the ordinance is judged according to the ""rational basis"" test. A party attacking a classification under this test bears the difficult burden of demonstrating to the court that the classification does not have a rational relationship to a legitimate interest of government.",train,"A city passed an ordinance prohibiting all of its police officers and firefighters from ""moonlightin",D,C,False,0,1479,88,"C  
Reasoning: The gold passage establishes that the ordinance is subject to the ""rational basis"" test because it does not involve a fundamental right or a suspect classification. The city has a significant interest in ensuring that police officers and firefighters are readily available for emergencies, which justifies the regulation of their secondary employment. Therefore, the ordinance is constitutional as it rationally relates to a legitimate governmental interest, making answer (C) correct.",,-100.0,-100.0,-4.656383680412546e-05,-10.250046730041504,0.9999646437551344
mbe_408,,MBE-1978-83-part6,train,A statute of the state of Tuscarora made it a misdemeanor to construct any building of more than fiv,C,C,True,0,1394,101,"C  
Reasoning: The gold passage explains that the Supremacy Clause invalidates state laws that conflict with federal law, particularly when compliance with both is impossible or when state law obstructs federal objectives. In this case, the construction company built the federal office building according to federal specifications, and the state sprinkler requirement creates a conflict with those federal regulations. Therefore, the company's strongest defense is that the state sprinkler requirement, as applied, violates the Supremacy Clause, making answer (C) correct.",,-100.0,-100.0,-20.125003814697266,-100.0,1.0
mbe_890,CONTRACTS,1991-July,train,"For this question only, assume the following facts. On November 26, Galley without legal excuse repu",B,B,True,0,1431,116,"B  
Reasoning: The gold passage outlines the criteria for recovering expectation damages, which include that the damages must be foreseeable, caused by the breach, and shown with reasonable certainty. Joiner had a contract with Galley and incurred costs for materials specifically for the job, which indicates that the damages were foreseeable and caused by Galley's repudiation. Joiner would have made a profit of $3,000 had the contract been fulfilled, which represents his expectation damages. Therefore, the maximum Joiner is entitled to recover is $3,000, making answer (B) correct.",,-11.258668899536133,-0.0086688185110688,-4.758668899536133,-100.0,0.9914097303263758
mbe_991,,1992,train,"For this question only, assume that Prentis demonstrates that common carriers are permitted to trans",B,B,True,0,1592,126,"B  
Reasoning: The gold passage discusses the ""Dormant Commerce Clause,"" which prohibits states from enacting legislation that discriminates against or excessively burdens interstate commerce. In this case, the Midland statute differentiates between common carriers transporting snipe traps and private individuals, which suggests a rational basis for the distinction. The state can argue that the regulation is aimed at protecting a rare species while allowing common carriers to transport traps as cargo, thus not discriminating against interstate commerce. Therefore, the application of the statute to Prentis, a private individual, is likely to be found constitutional under the rationale provided in answer (B).",,-100.0,-9.13388703338569e-06,-14.625009536743164,-100.0,0.9999995549151272
mbe_47,,MBE-1972-78-part2,train,"If Parker asserts a claim against Driver for damage to Parker's automobile, the most likely result i",A,C,False,0,1509,98,"C  
Reasoning: The gold passage defines contributory negligence as conduct that falls below the standard of care required for one's own protection and contributes to the harm suffered. Parker's decision to park unlawfully in front of a fire hydrant constitutes a failure to conform to the legal standard, which directly contributed to the circumstances leading to the damage to his automobile. Therefore, Parker is likely to be found contributorily negligent as a matter of law, making answer (C) the most appropriate choice.",,-10.75010108947754,-100.0,-0.0001009207117022,-9.50010108947754,0.9999037120503094
mbe_48,,MBE-1972-78-part2,train,If City asserts a claim against Driver for the damage to the fire hydrant and Driver was negligent i,A,A,True,0,1413,140,"A  
Reasoning: The gold passage defines legal cause as being established if the injury was foreseeable as a likely result of a person's conduct. In this case, Driver's negligence in swerving his car led to the collision with Parker's illegally parked vehicle, which then caused damage to the fire hydrant. It is foreseeable that swerving to avoid an obstacle could lead to an accident that damages property, such as a fire hydrant. Therefore, Driver's negligence is both a cause in fact (the direct action that led to the damage) and a legal cause (the type of harm that a reasonable person would expect to see as a likely result of negligent driving), making answer (A) correct.",,-0.0090718576684594,-4.759071826934815,-100.0,-100.0,0.9914225143249318
mbe_72,,MBE-1972-78-part3,train,"Derrick testified in his own behalf that he was going 30 m.p.h. On cross-examination, Price's counse",B,B,True,0,1305,105,"B  
Reasoning: The gold passage outlines that a statement by a party-opponent can be considered an admission and is admissible as an exception to the hearsay rule if it meets certain criteria. Derrick's statement to the Officer acknowledging that he was driving 40 m.p.h. is a conscious acknowledgment of a fact relevant to the case, which is unfavorable to Derrick's position that he was driving 30 m.p.h. Therefore, Officer's testimony is admissible as an admission, making answer (B) correct.",,-100.0,-18.375003814697266,-100.0,-100.0,1.0
mbe_107,,MBE-1972-78-part4,train,Mammoth's counsel seeks to have Sheriff testify that while he was investigating the accident he was ,A,A,True,0,1337,91,"A  
Reasoning: The gold passage establishes that a statement by a party-opponent can be considered an admission and is admissible as an exception to the hearsay rule if it acknowledges relevant facts that are unfavorable to the party's current position. Pemberton's statement, ""This was probably our fault,"" acknowledges a fact relevant to the negligence claim and is inconsistent with his defense, making it an admissible admission under the criteria outlined in the passage.",,-0.0008859686204232,-100.0,-100.0,-7.500885963439941,0.9994472213602144
mbe_597,CONTRACTS,1991-Feb,train,"For this question only, assume the following facts. Shortly before the agreement was signed, Ohner a",B,C,False,0,1509,94,"C  
Reasoning: The gold passage establishes the parol evidence rule, which prohibits the introduction of prior or contemporaneous oral agreements that contradict the terms of a final written contract. In this case, the oral agreement requiring approval from Ohner's spouse contradicts the written contract, which does not include such a condition. Therefore, evidence of the oral agreement is inadmissible in Planner's action against Ohner for breach of contract, making answer (C) correct.",,-100.0,-11.00863265991211,-0.008632649667561,-4.758632659912109,0.9914060985329988
mbe_617,CONTRACTS,1991-Feb,train,Will Elda succeed in an action for $500 brought against Barry after April 30?,B,B,True,0,1366,100,"B  
Reasoning: The gold passage establishes that a beneficiary is considered an intended beneficiary when the promisee intends to give the beneficiary the benefit of the promised performance. In this case, Alice and Barry agreed to make payments to Elda for the purpose of supporting her in hiring a companion, which indicates that Elda is an intended beneficiary of their agreement. Therefore, Elda would likely succeed in an action against Barry for the $500 payment after April 30, making answer (B) correct.",,-8.500285148620605,-0.0002851729223039,-10.000285148620604,-100.0,0.999751193615202
mbe_692,CONTRACTS,1991-Feb,train,"Fruitko, Inc., ordered from Orchard, Inc., 500 bushels of No. 1 Royal Fuzz peaches, at a specified p",D,D,True,0,1332,137,"D  
Reasoning: The gold passage establishes that a contract is formed when an offer is accepted, and acceptance can occur through conduct that indicates an intent to accept the offer. In this case, although Orchard shipped the wrong type of peaches, a contract was still formed when the shipment was made. However, since the shipment did not conform to the terms of the contract (i.e., No. 1 peaches were ordered but No. 2 peaches were sent), Fruitko is not obligated to accept the non-conforming goods. Therefore, answer (D) is correct, as it acknowledges that a contract was formed but allows Fruitko the right to refuse acceptance of the incorrect shipment.",,-100.0,-8.03052806854248,-3.53052830696106,-0.0305283572524786,0.9703717860765896
mbe_787,TORTS,1991-July,train,"Doe negligently caused a fire in his house, and the house burned to the ground. As a result, the sun",B,B,True,0,1326,106,"B  
Reasoning: The gold passage establishes that proximate cause is concerned with whether the injury is a natural and probable consequence of the wrongful act. In this case, Doe's duty to avoid risks created by a fire does not extend to the risk that sunshine would damage Peter's trees, which were previously shaded by Doe's house. Therefore, Doe can argue that the risk of sunshine damaging Peter's trees was not encompassed within the duty owed, making answer (B) the best argument in support of the motion to dismiss.",,-100.0,-0.1270375102758407,-2.127037525177002,-100.0,0.8807970795424088
mbe_938,REAL PROP.,1991-July,train,Beach owned a tract of land called Blackacre. An old road ran through Blackacre from the abutting pu,A,C,False,0,1519,150,"C  
Reasoning: The gold passage outlines the requirements for establishing a prescriptive easement, which include continued and uninterrupted use for a specified period, identity of the thing enjoyed, and that the use was adverse under claim of right. Daniel's use of the old road for 15 years meets the time requirement for a prescriptive easement, but since the jurisdiction requires 20 years, he does not have a prescriptive easement. Therefore, Carrol cannot compel contribution from Daniel. However, Beach conveyed the right to pass and repass over the old road to Carrol, which implies that Beach has an obligation to contribute to the repairs. Thus, Carrol will win against Beach but lose against Daniel, making answer (C) correct.",,-5.256137371063232,-7.756137371063232,-0.0061374646611511,-7.881137371063232,0.993978092601682
mbe_944,CONTRACTS,1991-July,train,"Tess Traviata owed Dr. Paula Pulmonary, a physician, $25,000 for professional services. Dr. Pulmonar",D,B,False,0,1447,110,"B  
Reasoning: The gold passage indicates that contracts are freely assignable under New York law unless there is clear language prohibiting assignment. In this case, Dr. Pulmonary assigned the claim to Bridey as a gift, but then later assigned the same claim to Margin for value. Since Margin is the sole assignee for value, he has a superior claim to the $25,000 from Traviata, who acted at her peril by paying Dr. Pulmonary without knowledge of the assignments. Therefore, answer (B) is correct.",,-2.0209197998046875,-0.2709197998046875,-2.2709197998046875,-100.0,0.7638782002405439
mbe_1034,CONTRACTS,1998,train,"For this question only, assume the following facts. Shareholder is willing and ready to consummate t",B,B,True,0,1609,145,"B  
Reasoning: The gold passage explains that a fully integrated agreement discharges prior agreements to the extent that they are within its scope, and evidence of those prior agreements is not admissible to vary or broaden the written terms. However, if the written agreement is only partially integrated, it allows for the introduction of evidence regarding conditions that are not inconsistent with the written terms. In this case, the oral condition regarding Conglomerate's approval is a condition to the existence of an enforceable obligation, which means it is not within the scope of the parol evidence rule. Therefore, the court will likely admit the evidence as proof of a condition to the existence of an enforceable obligation, making answer (B) correct.",,-100.0,-0.0001519325451226,-9.000151634216309,-100.0,0.9998766053872062
mbe_4,,MBE-1972-78-part2,validation,"Suppose Peg pays the purchase price and accepts a deed. Subsequently, Sue's title to the one acre pr",B,D,False,0,1374,102,"D  
Reasoning: The gold passage discusses the limitations and powers of a trustee in a deed of trust, emphasizing that actions must comply with the terms of the instrument. In the context of real estate transactions, the implied covenant of marketable title is a well-established principle that protects buyers like Peg. Since the contract did not specify the quality of title, Peg's rights are based on the expectation that the title conveyed would be marketable, making answer (D) the most accurate statement regarding Peg's rights.",,-100.0,-1.5019943714141846,-10.626994132995604,-0.2519944012165069,0.7772810038387935
mbe_5,,MBE-1972-78-part2,validation,"Suppose Sue's contract had called for the conveyance of 'a good and marketable title."" Pursuant to t",C,C,True,0,1664,98,"C  
Reasoning: The gold passage discusses the interpretation of restrictive covenants and emphasizes that the terms of the deed control the liability of the parties involved. In this case, since the deed from Sue to Peg contained no covenants of title, it indicates that Sue is not liable for any defects in the title, including the one-acre tract that was previously owned by Opal. Therefore, Sue will win because the terms of the deed control her liability, making answer (C) correct.",,-100.0,-10.758695602416992,-0.0086952922865748,-4.758695125579834,0.9914014345326172
mbe_6,,MBE-1972-78-part2,validation,"Suppose that before closing, the house on the property had been totally destroyed by fire. In determ",D,D,True,0,1346,108,"D  
Reasoning: The gold passage defines conversion as the unauthorized and unlawful assumption and exercise of dominion and control over the personal property of another, which is relevant in determining the rights of Sue and Peg after the house was destroyed by fire. Since the property was destroyed before closing, it raises issues of whether Peg can still claim the property or if Sue has converted the property by not providing a viable title to the land. Therefore, the court would most likely consider the doctrine of conversion in this context, making answer (D) correct.",,-100.0,-100.0,-16.375059127807617,-5.88418151892256e-05,0.999999922655809
mbe_29,,MBE-1972-78-part2,validation,Alex and Sam were arrested for holding up a gas station. They were taken to police headquarters and ,C,B,False,0,1321,94,"B  
Reasoning: The passage discusses the general admissibility of evidence, particularly in relation to statements made by participants in a crime. Since Alex's statement implicating Sam was made during the course of their joint criminal activity, it is admissible against Sam as a statement of a participant in the crime. Therefore, answer (B) is correct, as it aligns with the principle that statements made by one participant can be used against another participant in a joint criminal endeavor.",,-5.51158332824707,-0.2615832984447479,-1.5115833282470703,-5.26158332824707,0.7701251491185694
mbe_66,,MBE-1972-78-part3,validation,"Dexter, a physician, and Caroline, his patient, had sexual intercourse in his office. Caroline is a ",D,C,False,0,1166,119,"C  
Reasoning: The gold passage indicates that a valid legal defense against a charge of adultery may involve circumstances that affect the ability to consummate the sex act. In this case, if Dexter induced Caroline to believe that she was pregnant and that childbirth would be dangerous to her life, and that he could abort the pregnancy through sexual intercourse, this could be seen as a compelling defense. It suggests that her actions were based on a misunderstanding of medical necessity, which aligns with the idea of incapacity or failure to consent in a meaningful way, making answer (C) the most appropriate choice.",,-4.487759590148926,-0.9877595901489258,-0.4877595901489258,-6.987759590148926,0.6148738962851862
mbe_68,,MBE-1972-78-part3,validation,The committee wants you to draft a statute governing the recording of deeds that fixes priorities of,B,B,True,0,1188,112,"B  
Reasoning: The gold passage discusses the validity of deeds and mentions that a deed is not necessary to convey title to personalty, but it does not directly address the recording of deeds or priorities of title. However, making the time of recording the controlling factor (option B) would provide a clear and definite method for establishing priorities of title, as it would create a chronological order that can be easily verified in the public record. This approach would best accomplish the goal of fixing priorities of title definitively, making answer (B) the most appropriate choice.",,-13.87505340576172,-5.347765181795694e-05,-12.00005340576172,-100.0,0.9999929135918731
mbe_81,,MBE-1972-78-part3,validation,"Henry hated Wanda, his former wife, for divorcing him and marrying John a short time thereafter. Abo",C,C,True,0,1500,89,"C  
Reasoning: The gold passage establishes that contributory negligence is not a defense to an intentional tort, meaning that even if John's actions contributed to Wanda's harm, it does not absolve Henry of liability for his intentional act of inflicting emotional distress. Henry's goal of upsetting Wanda was achieved through his actions, and thus he remains liable regardless of John's involvement in the discovery of the microphone. Therefore, answer (C) is correct.",,-100.0,-100.0,-4.36574100604048e-06,-15.000004768371582,0.9999996940978962
mbe_102,,MBE-1972-78-part4,validation,"Dock had been the unsuccessful suitor of Mary, who had recently announced her engagement to Paul. An",A,A,True,0,1245,69,"A  
Reasoning: The gold passage states that truth is an absolute defense to a defamation claim, meaning that if Dock can prove that his statement about Paul was true, it will serve as a complete defense against Paul's defamation claim. Therefore, answer (A) is correct, as the proof of truth will be a defense by itself.",,-0.00193530425895,-100.0,-100.0,-100.0,1.0
mbe_130,,MBE-1972-78-part4,validation,"Defendant, an avid fan of his home town football team, shot at the leg ofa star playerfor a rival te",C,C,True,0,1366,106,"C  
Reasoning: The gold passage defines murder as the killing of one human being by another with the requisite malevolent state of mind. In this case, Defendant shot at the victim with the intent to injure, which demonstrates an intent to do grievous bodily harm. The victim's death resulted from this act, fulfilling the criteria for murder. Since the intent to injure the victim's leg indicates a malevolent state of mind, Defendant could be properly convicted of murder, making answer (C) the most serious offense.",,-100.0,-19.125,0.0,-100.0,0.9999999950555496
mbe_131,,MBE-1972-78-part4,validation,"Defendant, a w orker in a metal working shop, had long been teasing Vincent. a young colleague. by c",D,B,False,0,1345,132,"B  
Reasoning: The gold passage outlines the definitions of involuntary manslaughter and emphasizes the need for criminal negligence and reckless disregard for safety. In this scenario, Defendant's actions were in response to an immediate threat from Vincent, who attacked him first. This context suggests that Defendant acted in self-defense, which aligns more closely with voluntary manslaughter, as it involves a killing that occurs in the heat of passion or in response to provocation. Since Defendant could have escaped but chose to engage, this indicates a level of intent that moves beyond involuntary manslaughter, making answer (B) the most serious offense for which Defendant could be convicted.",,-6.506795406341553,-0.0067953052930533,-5.256795406341553,-100.0,0.9932943128947148
mbe_137,,MBE-1972-78-part4,validation,Which of the following statements concerning the order of performances is LEAST accurate?,C,C,True,0,1378,133,"C  
Reasoning: The gold passage defines a condition subsequent as an event that occurs after a promise is made, which can excuse a party's obligation. In this case, Beta's obligation to pay the $1,000 is voided if Alpha does not remove the shed within three months, which is a condition subsequent to Beta's obligation. However, the statement in (C) incorrectly categorizes Beta's tendering of good title to the farm as a condition subsequent to Alpha's duty to convey the apartment house, which is not accurate. Instead, both parties' obligations to convey their respective properties are concurrent conditions, making (C) the least accurate statement.",,-100.0,-5.753193378448486,-0.003193162381649,-100.0,0.9968273178408512
mbe_138,,MBE-1972-78-part4,validation,Alpha's removal of the shed from the parking area of the apartment house is,A,C,False,0,1346,105,"C  
Reasoning: The gold passage defines a condition precedent as an event that must occur before a party is obligated to perform. In this case, Alpha's removal of the shed is stated to void Beta's obligation to pay the $1,000 if it does not occur within a specified timeframe. This indicates that Beta's duty to pay is contingent upon Alpha's action of removing the shed, making it a condition subsequent to Beta's duty to pay the $1,000. Therefore, answer (C) is correct.",,-5.009895324707031,-5.759895324707031,-0.0098951505497097,-10.759895324707031,0.9901557022241037
mbe_156,,MBE-1978-83-part1,validation,Bell's refusal to pay anything to Ames when he finished painting was a,C,B,False,0,1338,96,"B  
Reasoning: The gold passage defines a ""total breach"" as one that substantially impairs the value of the contract to the injured party, allowing for recovery of damages based on remaining rights to performance. Bell's refusal to pay anything, regardless of whether Ames had properly or substantially painted the porch, constitutes a breach of contract. Since Bell's refusal to pay undermines the contract's value, it is a partial breach in any case, making answer (B) correct.",,-4.2938079833984375,-0.0438079051673412,-3.543807983398437,-8.543807983398438,0.9572445916237518
mbe_157,,MBE-1978-83-part1,validation,"After cashing the check, Ames sued Bell for $200. Ames probably will",C,C,True,0,1366,129,"C  
Reasoning: The gold passage indicates that in a breach of contract action, the non-breaching party may recover damages only if they can prove liability and the losses caused by the breach. In this case, Ames cashed the check without objection, which typically indicates acceptance of the terms proposed by Bell in the settlement offer. By cashing the check marked ""Payment in full,"" Ames effectively accepted Bell's offer to settle for $1,800, thus relinquishing his right to claim the full $2,000. Therefore, Ames is unlikely to succeed in his lawsuit for the remaining $200, making answer (C) correct.",,-16.125,-17.0,-1.9361264946837767e-07,-100.0,0.9999998592886724
mbe_158,,MBE-1978-83-part1,validation,In an action by Bell against Ames for any provable damages Bell sustained because the porch was not ,A,C,False,0,1362,135,"C  
Reasoning: The gold passage indicates that a contract requires a meeting of the minds, which can be implied from the parties' conduct. In this case, Bell's letter of June 18 constituted a counter-offer to Ames' original contract, which Ames did not accept by responding. Since Ames did not agree to the terms of the counter-offer and simply cashed the check without objection, there was no acceptance of the counter-offer, and thus no mutual intention to contract regarding the repainting of the porch. Therefore, Bell will not succeed in his action against Ames for damages related to the porch not being repainted, making answer (C) correct.",,-100.0,-15.125000953674316,-7.896309739408025e-07,-16.375,0.9999996526980344
mbe_199,,MBE-1978-83-part1,validation,Which of the following best describes the constitutionality of the Attorney General's action?,D,D,True,0,2360,79,"D  
Reasoning: The gold passage emphasizes that the decision to prosecute is an exclusively executive act, which aligns with the Attorney General's discretion in deciding whether to sign the indictment. The passage does not indicate that the Attorney General is obligated to prosecute simply because the House of Representatives directed it. Therefore, the Attorney General's refusal to sign the indictment is legal, making answer (D) correct.",,-100.0,-100.0,-100.0,0.0,1.0
mbe_200,,MBE-1978-83-part1,validation,"If the Attorney General signs the indictment, the strongest argument Green could urge as a defense i",A,A,True,0,1715,109,"A  
Reasoning: The gold passage indicates that Congress has broad authority to conduct investigations in aid of its legislative function, but this authority is not unlimited. Specifically, it states that Congress cannot investigate matters committed to the President’s discretion or purely private affairs of ordinary citizens. Therefore, if Green can demonstrate that the questions posed by Congress are unrelated to matters upon which Congress may legislate, she could argue that she is not required to answer them. This makes answer (A) the strongest defense Green could urge if the Attorney General signs the indictment.",,-0.0228702556341886,-5.772870063781738,-6.647870063781738,-4.022870063781738,0.9776841591358676
mbe_215,,MBE-1978-83-part1,validation,"In a collision case, Plaintiff offers in evidence a photograph showing the scene of the accident whi",C,A,False,0,1154,78,"A  
Reasoning: The gold passage states that before an exhibit can be offered into evidence, it must be proven authentic, which involves laying a proper foundation. The most straightforward way to establish authenticity of a photograph is through testimony from the photographer, who can confirm that the photograph accurately represents the scene as it was at the time it was taken. Therefore, answer (A) is correct.",,-0.5555093288421631,-1.055509328842163,-2.555509328842163,-100.0,0.5740969929676946
mbe_225,,MBE-1978-83-part1,validation,Leader is a labor leader in Metropolis. Ten years ago he was divorced. Both he and his first wife ha,D,C,False,0,1373,93,"C  
Reasoning: The gold passage outlines the requirements for a successful defamation claim, emphasizing that the plaintiff must prove that the publisher acted with fault, which includes actual malice or negligence. Since News believed the story to be true based on reliable sources, it did not act with knowledge of falsity or reckless disregard for the truth. Therefore, Leader's first wife is unlikely to prevail in her defamation claim against News, making answer (C) correct.",,-100.0,-6.751174449920654,-0.001174509525299,-100.0,0.9988304896653178
mbe_231,,MBE-1978-83-part1,validation,If HDS denies liability on the ground that CP had orally agreed to coordinate with HDS's methods of ,B,B,True,0,1599,99,"B  
Reasoning: The gold passage explains the distinction between a completely integrated agreement and a partially integrated agreement, indicating that a completely integrated agreement is intended to be a complete and exclusive statement of the terms. Since HDS is arguing that the oral agreement regarding coordination with its accounting methods should be considered, it suggests that the memorandum may not be a completely integrated agreement. Therefore, HDS's most effective argument is that the memorandum was not a completely integrated agreement, making answer (B) correct.",,-9.500075340270996,-7.553032628493384e-05,-14.875075340270996,-100.0,0.999924807177465
mbe_232,,MBE-1978-83-part1,validation,"If CP in fact had half-completed the job on June 6, would it then have been entitled to $10,000 ?",D,C,False,0,1520,113,"C  
Reasoning: The gold passage emphasizes the importance of interpreting a contract as a whole and understanding the provisions in light of one another. In this case, the agreement specifies that HDS will pay CP $20,000 in two equal installments ""within one month of completion"" if CP is successful in shortening the processing time by one-half. Since CP only achieved a 47% reduction, it did not meet the condition of substantial completion required for payment. Therefore, CP would not be entitled to the $10,000, making answer (C) correct.",,-100.0,-100.0,-4.127333340875339e-06,-100.0,1.0
mbe_233,,MBE-1978-83-part1,validation,Was the escrow agreement a valid modification?,A,C,False,0,1606,82,"C  
Reasoning: The gold passage establishes that a valid modification of a contract must be supported by valid consideration and requires mutual assent to the modification's terms. In this case, the escrow agreement was made orally, which does not satisfy the requirement for a written modification as stipulated in the original agreement. Therefore, the escrow agreement is not a valid modification because it was oral, making answer (C) correct.",,-10.75124168395996,-10.00124168395996,-0.0012415404198691,-6.751241683959961,0.9987638052876228
mbe_234,,MBE-1978-83-part1,validation,Assume for this question only that the programs completed on July 5 had cut processing time by one-h,C,C,True,0,1558,107,"C  
Reasoning: The gold passage indicates that in contracts where time is not of the essence, a failure to complete the work within the specified time does not terminate the contract but may result in damages for the delay. Since the question assumes that CP completed the programs on July 5, which met the requirement of cutting processing time by one-half, HDS cannot renounce the contract based on the delay. Therefore, answer (C) is correct, as it reflects the understanding that time was not of the essence in this contract.",,-16.75,-100.0,-5.512236498361744e-07,-100.0,0.9999999468421208
mbe_235,,MBE-1978-83-part1,validation,Assume for this question only that CP's delay in completion did not give HDS the right to renounce t,D,C,False,0,1585,84,"C  
Reasoning: The gold passage defines a condition subsequent as a contingency that, if it occurs, will defeat a contract already in effect. In this case, the express condition that CP must shorten the processing time by one-half is a condition subsequent. Since CP did not meet this condition (the programs only achieved a 47% reduction), HDS is not liable for payment, making answer (C) correct.",,-10.75002670288086,-100.0,-2.7133641196996905e-05,-100.0,0.9999785550423416
mbe_236,,MBE-1978-83-part1,validation,Assume for this question only that CP was in breach of contract because of its four-day delay in com,B,C,False,0,1542,77,"C  
Reasoning: The gold passage indicates that the failure to satisfy a condition precedent is an affirmative defense, which means that if an express condition precedent to HDS's duty to pay has failed, HDS is excused from any obligation to compensate CP. Therefore, CP cannot recover the reasonable value of its services due to the breach of contract, making answer (C) correct.",,-100.0,-20.125,-20.0,-100.0,0.5312093733737563
mbe_278,,MBE-1978-83-part1,validation,"The prosecution, in its case in chief, offers evidence that when Miller was arrested one day after t",C,C,True,0,1278,92,"C  
Reasoning: The gold passage outlines the criteria for determining whether the prejudicial effect of evidence outweighs its probative value. The evidence of Miller's possession of heroin and a hypodermic needle may unduly arouse the jury's emotions and distract from the main issue of the armed robbery charge. Therefore, it should be excluded as its probative value is substantially outweighed by the danger of unfair prejudice, making answer (C) correct.",,-15.250036239624023,-100.0,-3.655072941910476e-05,-100.0,0.999999761763016
mbe_279,,MBE-1978-83-part1,validation,"The prosecutor offers the testimony of a bartender that when he saw the money in Miller's wallet, he",D,C,False,0,1309,110,"C  
Reasoning: The gold passage discusses the admissibility of evidence and emphasizes that evidence may be excluded if it creates undue prejudice that threatens an injustice. In this case, Miller's silence in response to the bartender's statement could be interpreted as an admission of guilt, which could unduly prejudice the jury against him. Additionally, Miller has a privilege against self-incrimination, which means he is not required to respond to statements that could implicate him in a crime. Therefore, the evidence is inadmissible, making answer (C) correct.",,-4.808011054992676,-3.058011054992676,-0.058011133223772,-6.808011054992676,0.9437437664183528
mbe_280,,MBE-1978-83-part1,validation,"At the request of police, the teller who was robbed prepared a sketch bearing a strong likeness to M",C,C,True,0,1319,94,"C  
Reasoning: The gold passage explains the requirements for past recollection recorded, which allows a witness to testify from a record made while the information was fresh in their memory. However, since the teller has died and cannot verify the accuracy of the sketch or testify about it, the sketch does not meet the criteria for admissibility as past recollection recorded. Therefore, it is inadmissible as hearsay not within any exception, making answer (C) correct.",,-12.377481460571287,-6.002480983734131,-0.0024811273906379,-100.0,0.9975231745140832
mbe_281,,MBE-1978-83-part1,validation,Miller testified on direct examination that he had never been in the First Bank of City. His counsel,C,C,True,0,1289,104,"C  
Reasoning: The gold passage indicates that prior consistent statements are admissible as non-hearsay only if they meet specific conditions, including being offered to rebut an accusation of improper influence or motive. Miller's statement to the police does not meet these criteria, as it is not being used to rebut an accusation of fabrication or improper motive; rather, it is simply a self-serving statement made by Miller. Therefore, it is inadmissible as hearsay not within any exception, making answer (C) correct.",,-5.89734411239624,-1.1473441123962402,-0.3973441123962402,-4.89734411239624,0.6722407431760699
mbe_282,,MBE-1978-83-part1,validation,"On cross-examination of Miller, the prosecutor asks Miller whether he was convicted the previous yea",A,C,False,0,1137,91,"C  
Reasoning: The gold passage discusses the discretion of a trial court regarding leading questions on direct examination but does not address the admissibility of prior convictions for impeachment purposes. In this case, the question about Miller's prior conviction for tax fraud is improper because the conviction does not have sufficient similarity to the crime charged (armed robbery). Therefore, answer (C) is correct as it highlights the lack of relevance between the prior conviction and the current charge.",,-100.0,-14.875102996826172,-0.0001034239830914,-9.500102996826172,0.999924807159638
mbe_284,,MBE-1978-83-part1,validation,Tess occupied an apartment in a building owned by Len. She paid rent of $125 in advance each month. ,B,B,True,0,1368,98,"B  
Reasoning: The gold passage discusses the doctrine of retaliatory eviction, which is relevant to Tess's situation. Since Tess organized a tenants' association and made demands for repairs, Len's increase in rent and subsequent termination of her tenancy could be viewed as retaliatory actions against her for exercising her rights as a tenant. If the jurisdiction recognizes the doctrine prohibiting retaliatory eviction, Tess would likely succeed in contesting Len's termination of her tenancy, making answer (B) correct.",,-100.0,-0.0001861366472439,-100.0,-100.0,1.0
mbe_313,,MBE-1978-83-part1,validation,"Lester, the owner in fee simple of a small farm consisting of thirty acres of land improved with a h",D,B,False,0,1334,104,"B  
Reasoning: The gold passage establishes that a covenant for quiet enjoyment is implied in every lease, which includes the landlord's obligation to provide the tenant with possession of the entire property for the lease term. Since the government condemnation took all of the tillable land and left Tanner with only the house and outbuildings, Lester's inability to provide Tanner with the full use of the property constitutes a breach of this implied covenant. Therefore, Tanner is justified in quitting possession, and Lester will lose his suit for rent.",,-7.024248123168945,-0.0242479145526886,-100.0,-3.774247884750366,0.976152946325864
mbe_377,,MBE-1978-83-part5,validation,Pedersen's counsel wants to introduce testimony from Sheriff concerning a discussion between Sheriff,D,C,False,0,1333,131,"C  
Reasoning: The gold passage outlines the requirements for an excited utterance to be admissible, emphasizing that the statement must be made while the person is under the stress of excitement caused by a startling event. In this case, Passerby made the statement after the accident and at the police station, which suggests that there was time for reflection and deliberation, thus failing to meet the criteria for an excited utterance. Additionally, since Passerby has not been shown to be unavailable as a witness, the statement cannot be admitted through Sheriff. Therefore, the trial judge should rule the testimony inadmissible, making answer (C) correct.",,-5.133135795593262,-8.508135795593262,-0.1331359446048736,-2.133136034011841,0.8754238744083155
mbe_378,,MBE-1978-83-part5,validation,Pedersen's counsel wants to introduce testimony of Sheriff that at the police station Carr told Sher,B,B,True,0,1300,88,"B  
Reasoning: The gold passage outlines the criteria for an admission by a party-opponent to be admissible. Carr's statement, ""I think this was probably my fault,"" is a conscious acknowledgment of his potential responsibility for the accident, which is relevant to Pedersen's claim and inconsistent with Carr's defense. Therefore, the statement meets the requirements for admissibility as an admission of a party, making answer (B) correct.",,-100.0,-19.000001907348636,-100.0,-100.0,1.0
mbe_379,,MBE-1978-83-part5,validation,"Pedersen's counsel wishes to prove that after the accident Carr went to Pedersen and offered $1,000 ",D,D,True,0,1395,80,"D  
Reasoning: The gold passage clearly states that evidence of offering a valuable consideration in compromising or attempting to compromise a claim is not admissible to prove or disprove the validity or amount of that claim. Since Carr's offer of $1,000 to settle Pedersen's claim falls under this prohibition, the trial judge should rule this evidence inadmissible, making answer (D) correct.",,-100.0,-100.0,-100.0,-2.696889623621246e-06,1.0
mbe_380,,MBE-1978-83-part5,validation,Pedersen's counsel wants to have Sheriff testify to the following statement made to him by Walter Pa,C,C,True,0,1308,127,"C  
Reasoning: The gold passage defines hearsay as an out-of-court statement made by a declarant and offered for the truth of the matter asserted. Walter Passenger's statement about returning from a party where they had all been drinking is an out-of-court statement and is being offered to prove the truth of the matter asserted (that they had been drinking). Therefore, it constitutes hearsay and is inadmissible unless it falls within an exception, which it does not in this case. Thus, the trial judge should rule the testimony inadmissible as hearsay not within any exception, making answer (C) correct.",,-100.0,-100.0,-19.500001907348636,-100.0,1.0
mbe_381,,MBE-1978-83-part5,validation,"On the evening of the day of the accident, Walter Passenger wrote a letter to his sister in which he",A,A,True,0,1455,96,"A  
Reasoning: The gold passage explains that under the doctrine of present recollection refreshed, a witness can use a writing to jog their memory and then testify from that refreshed memory. Since Walter Passenger is attempting to use his letter to assist his recollection of the accident while still testifying from his own memory, this situation aligns with the principles of present recollection refreshed. Therefore, the trial judge should rule this as permissible under that doctrine, making answer (A) correct.",,-0.0003277176001574,-8.250328063964844,-100.0,-100.0,0.9997388097713478
mbe_385,,MBE-1978-83-part5,validation,"Chase, as seller, and Scott, as buyer, enter into a written contract for the sale and purchase of la",B,B,True,0,1243,83,"B  
Reasoning: The gold passage defines marketable title as one that can be freely resold and sold at a fair price to a reasonable purchaser. In the absence of any specific reference to the quality of title in the contract, it is generally implied that the seller is required to convey a marketable title. Therefore, Chase will be required to convey a marketable title, making answer (B) correct.",,-100.0,-6.153795766294934e-06,-100.0,-100.0,1.0
mbe_404,,MBE-1978-83-part6,validation,In an action brought by Bell to enjoin Akers from interfering with Bell's continued use of the commo,D,D,True,0,1757,84,"D  
Reasoning: The gold passage indicates that an incorporeal hereditament, such as an easement, cannot be terminated without a writing. Since the easement between Akers and Bell was created by express grant and properly recorded, it remains in effect despite the change in circumstances (the new public street). Therefore, Bell has the right to continue using the common driveway, making answer (D) correct.",,-100.0,-100.0,-8.000337600708008,-0.0003379654663149,0.9996646497472528
mbe_405,,MBE-1978-83-part6,validation,In an action brought by Bell to enjoin Ogden from erecting the apartment building in such a way as t,D,D,True,0,1579,89,"D  
Reasoning: The gold passage establishes that an easement for light and air will not be implied unless there is an absolute necessity that destroys the use of the plaintiff's building. In this case, Bell does not have an easement for light, air, or view, and therefore, he cannot enjoin Ogden from erecting the apartment building. Thus, the decision should be for Ogden, making answer (D) correct.",,-100.0,-100.0,-100.0,-20.375,1.0
mbe_406,,MBE-1978-83-part6,validation,"Dever was indicted for the murder of Vickers by poison. At trial, the prosecutor calls the county co",C,B,False,0,1291,69,"B  
Reasoning: The gold passage indicates that an expert opinion must be based on facts that are in evidence to be considered competent. Since Dr. Wolfe's opinion is based on microphotographic slides that have not been offered in evidence, her opinion should be excluded because it relies on facts not in evidence, making answer (B) correct.",,-16.14826202392578,-0.0232619009912014,-3.773261785507202,-100.0,0.9770225326969264
mbe_407,,MBE-1978-83-part6,validation,"At the trial of Davis for a murder that occurred in Newtown, the prosecution called Waite, who testi",B,C,False,0,1290,103,"C  
Reasoning: The gold passage indicates that a witness's refusal to answer cross-examination questions undermines the ability of the trier of fact to rely on the witness's direct testimony. This supports the idea that the public interest in allowing an accused to defend themselves outweighs the interest of a non-party witness in claiming the privilege against self-incrimination. Therefore, the judge's order to strike Waite's testimony if she did not answer was justified based on this principle, making answer (C) correct.",,-100.0,-1.7016857862472534,-0.2016858011484146,-100.0,0.8175744739711884
mbe_409,,MBE-1978-83-part6,validation,"On January 15, Carpenter agreed to repair Householder's house according to certain specifications an",A,D,False,0,1314,120,"D  
Reasoning: The gold passage establishes that a party's breach of contract may be excused under the defense of impossibility of performance if changed circumstances have made the performance of the contract significantly different from what both parties contemplated at the time of the agreement. If it was known that the area around Householder's property was frequently flooded during March, this fact would support Carpenter's defense by demonstrating that the flooding was a foreseeable circumstance that could impede his ability to perform the repairs as agreed. Thus, answer (D) best serves Carpenter as a basis for a defense against a breach of contract claim.",,-7.251701354980469,-7.751701354980469,-7.751701354980469,-0.0017011257587,0.9984308071265392
mbe_414,,MBE-1978-83-part6,validation,Pitt sued Dow for damages for injuries that Pitt incurred when a badly rotted limb fell from a curbs,C,B,False,0,1308,83,"B  
Reasoning: The gold passage establishes that for evidence to be admissible, it must be relevant, material, and competent. The testimony regarding Dow cutting down the tree a week after the accident does not directly relate to the condition of the tree at the time of the accident. Therefore, it is irrelevant to proving the state of the tree when the limb fell on Pitt, making answer (B) correct.",,-10.750060081481934,-6.0391463193809614e-05,-10.250060081481934,-12.750060081481934,0.9999402983164204
mbe_430,,MBE-1978-83-part6,validation,"A group of children, ranging in age from 8 to 15, regularly played football on the common area of an",A,A,True,0,1580,119,"A  
Reasoning: The gold passage establishes that a landowner has a duty to maintain their property in a reasonably safe condition, which includes considering the likelihood of injury to others. Since Peter, a 13-year-old, was playing in an area where O'Neill knew children regularly played, the presence of the sprinkler heads could be seen as a hazard that Peter might not have discovered, especially since he had not noticed them before. Therefore, if the sprinkler head was indeed a hazard that Peter probably would not discover, he would prevail in his claim. This makes answer (A) correct.",,-0.0001240388810401,-15.125123977661133,-100.0,-100.0,0.999999730042206
mbe_452,,MBE-1978-83-part6,validation,Zeller contracted in writing to deliver to Baker 100 bushels of wheat on August 1 at $3.50 a bushel.,C,C,True,0,1418,88,"C  
Reasoning: The gold passage establishes that a breach of contract occurs when a party fails to deliver the goods as promised. In this case, Zeller contracted to deliver 100 bushels of wheat but only tendered 95 bushels, which constitutes a failure to deliver the full amount specified in the contract. Therefore, Baker has a cause of action against Zeller for this breach, making answer (C) correct.",,-7.00092887878418,-100.0,-0.0009288526489399,-100.0,0.9990889488293884
mbe_471,,MBE-1985-part7,validation,"Pratt sued Danvers for injuries suffered by Pratt when their automobiles collided. At trial, Pratt o",D,D,True,0,1393,90,"D  
Reasoning: The gold passage discusses the admissibility of evidence under the Federal Rules of Evidence, particularly noting that statements made in an effort to settle a claim are generally inadmissible. Danvers' letter, which offers to settle the claim by acknowledging potential negligence, falls under this category of settlement negotiations. Therefore, the letter is inadmissible as it was made in an effort to settle the claim, making answer (D) correct.",,-5.753269672393799,-10.753270149230955,-10.003270149230955,-0.0032696877606213,0.9967608997123548
mbe_472,,MBE-1985-part7,validation,"Dobbs, while intoxicated, drove his car through a playground crowded with children just to watch the",D,D,True,0,1487,102,"D  
Reasoning: The gold passage indicates that reckless murder is characterized by a lack of specific intent to kill a particular individual, but rather an indifference to the risks posed to human life in general. Dobbs's actions of driving through a playground crowded with children while intoxicated demonstrate a disregard for the safety of others, fulfilling the criteria for an act that is highly dangerous to life without a specific intent to kill. Therefore, answer (D) is the best theory for finding Dobbs guilty of murder.",,-100.0,-1.1395026445388794,-100.0,-0.3895026445388794,0.679178699175393
mbe_475,,MBE-1985-part7,validation,"Congress enacts a statute punishing ""each and every conspiracy entered into by any two or more perso",C,C,True,0,1419,94,"C  
Reasoning: The gold passage explains that the Thirteenth Amendment empowers Congress to enforce provisions against slavery and involuntary servitude and has been interpreted broadly to include legislation aimed at erasing ""all badges and incidents of slavery."" The statute punishing conspiracies to deny Black persons housing, employment, or education based on race aligns with this enforcement power, making the Thirteenth Amendment the most justifiable constitutional provision for Congress's authority to enact such a statute.",,-100.0,-100.0,-20.375,-100.0,1.0
mbe_483,,MBE-1985-part7,validation,If Vintage refuses to distribute the wine through Claret and Claret then sues Vintage for breach of ,D,C,False,0,1426,94,"C  
Reasoning: The gold passage emphasizes the necessity of a definite expression of acceptance and mutual assent for a contract to be enforceable. In this case, there is no indication that Vintage and Bouquet expressly agreed to grant Claret enforceable rights under their contract. Therefore, Claret cannot prevail in a breach of contract claim against Vintage, as there was no mutual assent or agreement that would extend enforceable rights to Claret. This makes answer (C) correct.",,-100.0,-15.875000953674316,-5.512236498361744e-07,-16.625,0.999999812245256
mbe_484,,MBE-1985-part7,validation,"For this question only, assume the following facts. Amicusbank lent Bouquet $200,000 and Bouquet exe",C,A,False,0,1448,89,"A  
Reasoning: The gold passage establishes that an assignee takes the assigned rights subject to all defenses that the opposing party could assert against the assignor. In this case, Vintage can argue that the Bouquet-Vintage contract did not expressly authorize an assignment of rights, which would be a valid defense against Amicusbank's claim for Bouquet's share of profits. Therefore, answer (A) is the strongest argument for Vintage in this scenario.",,-0.7503218054771423,-4.125321865081787,-0.7503218054771423,-3.250321865081787,0.4725221048313881
mbe_485,,MBE-1985-part7,validation,"For this question only, assume the following facts. Soon after making its contract with Bouquet, Vin",A,B,False,0,1698,109,"B  
Reasoning: The gold passage establishes that in an action for breach of contract, the injured party is entitled to the benefit of the bargain, and the contract must be performed as agreed. Since the Bouquet-Vintage contract did not contain a provision allowing Vintage to delegate its duties or sell its business assets, Vintage's sale of its vineyards to Agribiz without Bouquet's knowledge or assent constitutes a breach of contract. Therefore, Bouquet is likely to prevail based on the lack of authorization for such a transaction, making answer (B) correct.",,-2.813880205154419,-0.3138801157474518,-1.5638800859451294,-100.0,0.730679128562265
mbe_533,,MBE-1989-90-part2,validation,"In 1956, Silo Cement Company constructed a plant for manufacturing ready-mix concrete in Lakeville. ",B,B,True,0,1366,109,"B  
Reasoning: The gold passage defines a private nuisance as a substantial invasion of another's interest in the use and enjoyment of land, which must be substantial, either intentional or negligent, and unreasonable. Since the cement dust from Silo's operations is filling the air surrounding Petrone's property and interfering with his use and enjoyment of his home, Petrone can assert that this constitutes a private nuisance. Therefore, if the cement dust interfered unreasonably with Petrone's property, he will prevail, making answer (B) correct.",,-100.0,-18.750001907348636,-100.0,-100.0,1.0
mbe_539,,MBE-1989-90-part2,validation,A state statute provides that only citizens of the United States may be employed by that state. In a,D,C,False,0,1355,111,"C  
Reasoning: The gold passage indicates that statutes treating similarly situated individuals differently are evaluated under an equal protection analysis, which includes different levels of scrutiny based on the classification involved. Since alienage is considered a suspect classification, the statute in question would be subject to strict scrutiny. Under this standard, the state bears the burden of demonstrating that the citizenship requirement is rationally related to a legitimate state interest. Therefore, the correct answer is (C), as the state must demonstrate that there is a rational relationship between the citizenship requirement and a legitimate state interest.",,-9.514869689941406,-7.514870166778564,-0.0148699665442109,-4.2648701667785645,0.9853263552083222
mbe_557,REAL PROP.,1991-Feb,validation,Anna entered a hospital to undergo surgery and feared that she might not survive. She instructed her,D,A,False,0,1477,129,"A  
Reasoning: The gold passage emphasizes that a deed is not legally effective until it has been delivered, and that delivery is based on the intention of the grantor at the time of the transaction. Since Anna executed the deed but did not manually deliver it to Bernard before his death, the conveyance may not be considered effective. Therefore, if Anna loses, it will be because the gift of Blackacre was inter vivos (a gift made during the grantor's lifetime) rather than causa mortis (a gift made in contemplation of death), which requires a different standard of delivery and intent. Thus, answer (A) is correct.",,-0.0106067797169089,-4.76060676574707,-100.0,-6.26060676574707,0.9895286598001466
mbe_579,CONST. LAW,1991-Feb,validation,"A federal statute prohibits the sale or resale, in any place in this country, of any product intende",A,A,True,0,1195,98,"A  
Reasoning: The gold passage indicates that Congress has the authority to regulate activities that have a substantial relation to interstate commerce. The federal statute in question prohibits the sale or resale of products intended for human consumption that contain designated cancer-causing chemicals, which directly relates to commerce as it affects the sale of goods across state lines. Therefore, the constitutionality of the statute can most easily be justified based on Congress's power to regulate commerce among the states, making answer (A) correct.",,-0.0002392978203715,-100.0,-100.0,-100.0,1.0
mbe_584,EVIDENCE,1991-Feb,validation,"Deeb was charged with stealing furs from a van. At trial, Wallace testified she saw Deeb take the fu",B,B,True,0,1473,134,"B  
Reasoning: The gold passage explains that ""unfair prejudice"" refers to evidence that may lead to a decision based on improper considerations, such as bias or sympathy, rather than the merits of the case. Wallace's mention of passing a lie detector test, which is not admissible in this jurisdiction, could unfairly prejudice Deeb's case by suggesting to the jury that her testimony is more credible simply because of the lie detector result, rather than the actual evidence presented. Therefore, the trial court should grant the motion to strike this unresponsive testimony as its probative value is substantially outweighed by the danger of unfair prejudice, making answer (B) correct.",,-100.0,-9.805981972021982e-05,-9.75009822845459,-100.0,0.9999417087441684
mbe_588,CRIM. LAW,1991-Feb,validation,"After waiting until all the customers had left, Max entered a small grocery store just before closin",C,C,True,0,1222,93,"C  
Reasoning: The gold passage defines the essential elements of attempted robbery as having the intent to commit robbery and an overt act towards that commission. In this case, Max clearly expressed his intent to commit robbery by threatening the clerk and attempted to carry out that intent by going behind the counter to open the cash register. However, since he did not succeed in opening the register before fleeing, he can be convicted of attempted robbery, making answer (C) correct.",,-100.0,-100.0,-19.625001907348636,-100.0,1.0
mbe_621,TORTS,1991-Feb,validation,"If Peterson brings an action, based on negligence, against the grocery store, the store's best defen",D,B,False,0,1523,111,"B  
Reasoning: The gold passage discusses the standard of care required in negligence cases, emphasizing that negligence involves a failure to use due care. In this scenario, the grocery store's best defense would be that it owes no duty to control the conduct of other customers, such as Dora, who was under the supervision of her mother. Since Peterson did not express concern about Dora's actions, it supports the argument that the store was not negligent in failing to control her conduct. Therefore, answer (B) is the most appropriate defense for the grocery store.",,-7.755805015563965,-0.0058048367500305,-5.255805015563965,-9.005805015563965,0.9942317955108207
mbe_622,TORTS,1991-Feb,validation,"If Peterson brings an action, based on negligence, against Dora's mother, will Peterson prevail?",D,B,False,0,1522,136,"B  
Reasoning: The gold passage establishes that parents in Illinois are not automatically liable for the torts of their minor children solely due to the parent-child relationship. However, they can be held liable if they failed to adequately control or supervise their children, as outlined in the Restatement (Second) of Torts § 316. For Peterson to prevail against Dora's mother, he would need to demonstrate that she did not exercise reasonable care in supervising Dora, which could lead to liability. Since the question does not provide evidence that Dora's mother failed to supervise her adequately, the best answer is (B), as it reflects the general principle of parental responsibility for their child's actions.",,-1.732843041419983,-0.2328430563211441,-8.607843399047852,-3.4828431606292725,0.7923083170972662
mbe_623,TORTS,1991-Feb,validation,"If Peterson brings an action, based on negligence, against Dora, Dora's best argument in defense wou",A,A,True,0,1344,85,"A  
Reasoning: The gold passage establishes that the degree of care required of a child must be commensurate with their age, capacity, and experience. Since Dora is only eight years old, her actions would be evaluated based on what could reasonably be expected from a child of that age. Therefore, Dora's best defense would be that she exercised care appropriate for her age, making answer (A) the correct choice.",,-0.0091802971437573,-4.759180068969727,-100.0,-100.0,0.991422512645916
mbe_630,CONST. LAW,1991-Feb,validation,The constitution of State X authorizes a fivemember state reapportionment board to redraw state legi,A,B,False,0,1542,116,"B  
Reasoning: The gold passage indicates that to prove intentional vote dilution under the Fourteenth Amendment, plaintiffs must demonstrate both discriminatory purpose and discriminatory effect. If the reapportionment board was composed of three white members and two black members, and both black members were satisfied with the plan, this suggests that there was no discriminatory purpose in the board's actions. This fact would strongly support the validity of the board's action, as it indicates that the board did not intend to dilute the voting power of the black population, making answer (B) the most relevant to the question.",,-2.6146373748779297,-0.1146372854709625,-3.3646373748779297,-7.98963737487793,0.8918702529275547
mbe_632,CRIM. LAW,1991-Feb,validation,Dan entered the police station and announced that he wanted to confess to a murder. The police advis,A,C,False,0,1455,102,"C  
Reasoning: The gold passage establishes that a confession is considered involuntary and thus inadmissible only if there is coercive police conduct involved. In this case, Dan's confession was influenced by his serious mental illness, which impaired his ability to make rational choices and understand his rights. This suggests that his confession was not a product of free will, making it involuntary. Therefore, Dan's confession is inadmissible due to the impact of his mental illness, which aligns with answer (C).",,-2.57938814163208,-100.0,-0.0793880596756935,-100.0,0.9241418257242036
mbe_652,TORTS,1991-Feb,validation,"Desmond fell while attempting to climb a mountain, and lay unconscious and critically injured on a l",C,C,True,0,1250,107,"C  
Reasoning: The gold passage indicates that an actor is liable for injuries sustained by a rescuer only when the rescuer is attempting to help someone placed in danger by the actor's negligent conduct. In this case, for Pearson to prevail against Desmond's estate, it must be established that Desmond's peril arose from his own failure to exercise reasonable care. Since the passage does not support liability for injuries sustained by a rescuer when the peril is not due to the actor's negligence, answer (C) is correct.",,-1.484053373336792,-1.234053373336792,-0.7340534329414368,-100.0,0.4810242483736708
mbe_653,CRIM. LAW,1991-Feb,validation,"At a party for coworkers at Defendant's home, Victim accused Defendant of making advances toward his",C,C,True,0,1320,103,"C  
Reasoning: The gold passage defines ""malice aforethought"" as a fixed purpose to do physical harm to another that exists before the act is committed. For a murder conviction, the jury must find that Defendant had the intent to kill or to inflict serious bodily harm, which aligns with option (C). Therefore, if the jury finds that Defendant intended to inflict serious bodily harm by striking Victim with a softdrink bottle, this satisfies the requirement for murder under the definition provided in the passage.",,-100.0,-100.0,-0.1602937877178192,-1.9102938175201416,0.8519528057272543
mbe_656,TORTS,1991-Feb,validation,"In preparation for a mountain-climbing expedition, Alper purchased the necessary climbing equipment ",D,D,True,0,1363,118,"D  
Reasoning: The gold passage outlines the elements of a products liability claim, emphasizing that a product is considered defective if it is unreasonably dangerous for its intended use and that the defect must have existed when the product left the defendant's control. Since Rollins was injured as a result of the malfunctioning safety device, which was intended to protect users like Alper, it is foreseeable that a failure of such a device could lead to injury to someone attempting to assist. Therefore, Rollins can prevail in his claim against Outfitters, Inc., making answer (D) correct.",,-100.0,-100.0,-13.875003814697266,-4.008129963040119e-06,0.999999057755224
mbe_675,CONST. LAW,1991-Feb,validation,In order to provide funds for a system of new major airports near the ten largest cities in the Unit,A,A,True,0,1600,100,"A  
Reasoning: The gold passage establishes that Congress has broad discretion in selecting subjects for taxation, as long as the tax maintains geographical uniformity throughout the United States. It also indicates that the courts do not inquire into the motives behind the tax as long as there is a reasonable relation to the taxing authority conferred by the Constitution. Therefore, the tax on airline tickets, regardless of whether the travel is related to the new airports, is constitutional under these principles, making answer (A) correct.",,-0.000738157890737,-100.0,-100.0,-100.0,1.0
mbe_709,TORTS,1991-Feb,validation,Deland operates a bank courier service that uses armored trucks to transport money and securities. O,C,C,True,0,1392,92,"C  
Reasoning: The gold passage explains that under a pure comparative negligence rule, a claimant's damages may be reduced based on their share of responsibility for the accident, but they are not barred from recovery due to their own fault. Since Pilcher was driving at excessive speed, he may be found partially at fault, but he can still recover damages. The damages will be reduced by the amount of negligence attributed to him, making answer (C) correct.",,-100.0,-100.0,-19.250001907348636,-100.0,1.0
mbe_722,EVIDENCE,1991-Feb,validation,"In a prosecution of Dale for murdering Vera, Dale testified that the killing had occurred in self de",A,C,False,0,1407,118,"C  
Reasoning: The gold passage establishes that statements reflecting a declarant's then-existing state of mind are admissible under the hearsay exception. However, Walter's testimony about Vera's feelings towards Dale is an out-of-court statement made by Vera, which is being used to prove her intent or feelings about Dale. The passage explicitly states that the hearsay exception does not allow for the introduction of one person's statement to prove the state of mind of another person. Therefore, Walter's testimony is inadmissible as hearsay not within any exception, making answer (C) correct.",,-15.000017166137695,-100.0,-1.676292231422849e-05,-100.0,0.9999996940978964
mbe_734,EVIDENCE,1991-Feb,validation,"Denn is on trial for arson. In its case in chief, the prosecution offers evidence that Denn had secr",C,C,True,0,1327,111,"C  
Reasoning: The gold passage establishes that all relevant evidence is admissible if it has any tendency to make a fact of consequence more or less probable. Denn's obtaining duplicate insurance is relevant as it could suggest a motive for committing arson for financial gain. Additionally, the threat to kill his ex-wife is also relevant as it may indicate a consciousness of guilt or an attempt to intimidate a witness. Since both pieces of evidence have the potential to make facts of consequence more likely, the court should admit both, making answer (C) correct.",,-100.0,-100.0,-1.0325924449716696e-05,-100.0,1.0
mbe_738,EVIDENCE,1991-Feb,validation,"Roberta Monk, a famous author, had a life insurance policy with Drummond Life Insurance Company. Her",A,A,True,0,2039,117,"A  
Reasoning: The gold passage explains that circumstantial evidence relies on inferences to connect it to a conclusion of fact and can be used to prove facts in issue in a civil case. Peter's testimony about his mother's intention to write under the pen name ""Roberta Rector"" can be considered circumstantial evidence that she was on the plane, as it provides a logical connection to the fact that the passenger list included a Roberta Rector. Therefore, Peter's testimony is admissible as circumstantial evidence that Roberta Monk was on the plane, making answer (A) correct.",,-0.2026577442884445,-8.202657699584961,-7.452657699584961,-1.702657699584961,0.8168761334192577
mbe_766,CONTRACTS,1991-July,validation,If County defends by offering proof of the advertisement concerning the possibility of multiple awar,A,C,False,0,1378,123,"C  
Reasoning: The gold passage indicates that if a contract provision's meaning is uncertain or ambiguous, extrinsic evidence may be considered. However, the parol evidence rule generally prohibits the introduction of evidence that contradicts or adds to the written terms of a fully integrated contract. Since the agreement between Tyres and County is a signed, written contract that does not specify a definite quantity of tires and includes the phrase ""all tires required by this agreement,"" the court should not admit evidence from the advertisement regarding multiple awards, as it would violate the parol evidence rule. Therefore, answer (C) is correct.",,-7.000912666320801,-100.0,-0.0009125363430939,-15.0009126663208,0.9990886435788516
mbe_767,CONTRACTS,1991-July,validation,If the court concludes that the Tyres-County contract is an agreement by County to buy its tire requ,B,C,False,0,1722,94,"C  
Reasoning: The gold passage discusses the nature of contractual obligations and the limitations imposed by state power. In this case, the Tyres-County agreement lacks mutuality of obligation because it does not specify a definite quantity of tires that County is required to purchase. Without a clear obligation on County's part to buy a specific amount, the contract is considered indefinite, which undermines Tyres's ability to recover damages. Therefore, answer (C) is correct.",,-100.0,-9.268256187438965,-0.0182558856904506,-4.018255710601807,0.9819211103451768
mbe_768,TORTS,1991-July,validation,Supermarket is in a section of town where there are sometimes street fights and where pedestrians ar,A,C,False,0,1395,108,"C  
Reasoning: The gold passage establishes that a business generally has no duty to protect customers from crimes unless it knows or has reason to know that such crimes are foreseeable. Since Supermarket posted visible warning signs about the presence of pickpockets and muggers, it indicates that they were aware of the potential danger. If the warning signs were plainly visible to Lorner, it suggests that Supermarket took reasonable steps to inform customers of the risks, which would absolve them of liability. Therefore, answer (C) is correct.",,-0.8265334367752075,-100.0,-0.5765334367752075,-100.0,0.5621765008857981
mbe_778,CONTRACTS,1991-July,validation,"Loomis, the owner and operator of a small business, encourages ""wellness"" on the part of his employe",D,A,False,0,1421,141,"A  
Reasoning: The gold passage emphasizes that motive is irrelevant in a breach of contract claim and that the promisee's actions must be evaluated based on the contract terms rather than the motivations behind them. In this case, Loomis's promise to pay Graceful was contingent on her running a mile in less than six minutes, which she did. However, the court is likely to find that Loomis's promise did not induce Graceful to run the mile since she was already capable of doing so prior to the promise. Therefore, it is a compelling inference that Loomis's promise did not serve as consideration for Graceful's performance, making answer (A) the most probable decision of the court.",,-0.1002950891852378,-10.850295066833496,-100.0,-2.350295066833496,0.9046329827497764
mbe_782,CONST. LAW,1991-July,validation,The Sports Championship Revenue Enhancement Act is a federal statute that was enacted as part of a c,B,B,True,0,1359,81,"B  
Reasoning: The gold passage establishes that a federal excise tax remains valid even if it discourages the taxed activities and that its primary purpose can be revenue generation. This supports the idea that the 50% excise tax on championship sporting events is constitutional as it is a revenue-raising measure, regardless of any adverse economic consequences it may have. Therefore, answer (B) is correct.",,-100.0,-1.4140441635390744e-05,-100.0,-100.0,1.0
mbe_791,TORTS,1991-July,validation,"Dan, an eight-year-old, rode his bicycle down his driveway into a busy highway and Driver had to sto",C,B,False,0,1435,113,"B  
Reasoning: The gold passage discusses the duty of reasonable care and the concept of creating an unreasonable risk of harm. In this case, Peter's injury was directly linked to his mother's violation of a safety statute regarding the use of a baby car seat. Since she was aware of the statute and chose not to comply, this knowing violation is a significant factor that contributed to Peter's injuries. Therefore, Peter will not prevail against Dan's parents because his injury is attributable to his mother's negligence in failing to restrain him properly, making answer (B) correct.",,-100.0,-0.0496229119598865,-3.0496230125427246,-7.049623012542725,0.9517474101749624
mbe_798,CONST. LAW,1991-July,validation,The United States Department of Energy regularly transports nuclear materials through Centerville on,C,C,True,0,1242,83,"C  
Reasoning: The Supremacy Clause establishes that federal law takes precedence over state and local laws when they conflict. Since the Department of Energy is a federal agency engaged in a lawful federal function, the city of Centerville cannot impose regulations that interfere with its operations without the consent of Congress. Therefore, the Department of Energy may continue to transport nuclear materials through Centerville, making answer (C) correct.",,-100.0,-100.0,-19.875076293945312,-100.0,1.0
mbe_799,CRIM. LAW,1991-July,validation,"Dart is charged with the statutory offense of ""knowingly violating a regulation of the State Alcohol",D,B,False,0,1338,101,"B  
Reasoning: The gold passage indicates that a reasonable mistake of fact can serve as a defense if it negates the mental element required for the crime. If Dart had never been informed that he was required to check identification for individuals over 17 and under 22, this could be considered a reasonable mistake of fact that would negate the requisite knowledge or intent for the offense. Therefore, finding that Dart was unaware of this requirement would be most helpful to his defense, making answer (B) correct.",,-9.751770973205566,-0.0017707353690639,-6.501770973205566,-9.001770973205566,0.9983176916705362
mbe_803,CONST. LAW,1991-July,validation,The legislature of the state of Chetopah enacted a statute requiring that all law enforcement office,D,D,True,0,1541,93,"D  
Reasoning: The gold passage establishes that classifications based on alienage are subject to close judicial scrutiny and must be justified by a legitimate and substantial governmental interest. Since the citizenship requirement for employment in the coroner's office discriminates against aliens, it raises equal protection concerns under the Fourteenth Amendment. Therefore, the strongest ground for Alien's attack on the citizenship requirement is that it denies him the equal protection of the laws, making answer (D) correct.",,-100.0,-2.1280276775360107,-6.87802791595459,-0.1280276775360107,0.8798896415409041
mbe_811,CONTRACTS,1991-July,validation,"For this question only, assume that soon after the sale, Aberlone won three races and earned $400,00",B,C,False,0,1302,113,"C  
Reasoning: The gold passage indicates that rescission is appropriate when there is a substantial and fundamental breach that undermines the purpose of the agreement. If Walker establishes that he was not knowledgeable about evaluating young and untested racehorses and that Aberlone was the only thoroughbred he owned, it supports the argument that he was at a significant disadvantage in the sale. This lack of knowledge could be seen as a fundamental issue that defeats the object of the sale, making answer (C) the best choice for supporting Walker's chance of obtaining rescission.",,-7.314094543457031,-1.314094305038452,-0.3140943050384521,-9.314094543457031,0.7305056890079884
mbe_812,CONTRACTS,1991-July,validation,"Which one of the following scenarios would best support an action by Sherwood, rather than Walker, t",A,A,True,0,1394,98,"A  
Reasoning: The gold passage indicates that an owner can recover for defects that are not readily discoverable by ordinary inspection. In scenario (A), Aberlone's congenital heart defect was undiscoverable except by autopsy, which means it falls under the category of defects that Sherwood could not have reasonably discovered at the time of sale. This supports an action by Sherwood to rescind the sale due to the existence of a significant defect that was not apparent during the transaction.",,-0.4015076756477356,-4.40150785446167,-1.1515076160430908,-6.40150785446167,0.6697201582870715
mbe_828,CONST. LAW,1991-July,validation,The National Ecological Balance Act prohibits the destruction or removal of any wild animals located,A,A,True,0,1767,109,"A  
Reasoning: The gold passage indicates that Congress has broad authority under the Property Clause of Article IV, Section 3, to enact rules regarding public lands, which includes the power to impose sanctions for violations of such rules. Since the National Ecological Balance Act is a federal statute aimed at protecting wildlife on federal lands, it is constitutional as it falls within Congress's powers to regulate public lands without limitations. Therefore, the Court of Appeals should hold the Act, as applied to Hunter, to be constitutional, making answer (A) correct.",,-0.0001242772996192,-100.0,-100.0,-100.0,1.0
mbe_831,EVIDENCE,1991-July,validation,Pawn sued Dalton for injuries received when she fell down a stairway in Dalton's apartment building.,D,D,True,0,1223,100,"D  
Reasoning: The gold passage defines hearsay as an assertion made out of court that is offered to prove the truth of the matter asserted. Young's statement, as reported by Witt, is an out-of-court assertion regarding the condition of the carpet and is being offered to prove that the carpet was defective and that Dalton had notice of the defect. Since this statement does not fall under any recognized hearsay exception, it is inadmissible. Therefore, answer (D) is correct.",,-100.0,-100.0,-18.125,-3.128163257315464e-07,0.999999986559586
mbe_842,CONST. LAW,1991-July,validation,"A statute of the state of Kiowa provided state monetary grants to private dance, theater, and opera ",D,D,True,0,1181,90,"D  
Reasoning: The gold passage establishes that political activity is protected as free speech under the First Amendment. Since the last section of the statute conditions the grant on the recipient's agreement to refrain from political lobbying, this restriction likely infringes upon the recipients' First Amendment rights. Therefore, the strongest constitutional basis for an attack upon the validity of that section would be grounded in the First and Fourteenth Amendments, making answer (D) correct.",,-100.0,-100.0,-100.0,-1.8624639324116288e-06,1.0
mbe_847,CONTRACTS,1991-July,validation,"Trawf, the manager of a state fair, contracted with Schweinebauch, a renowned hog breeder, to exhibi",C,C,True,0,1455,116,"C  
Reasoning: The gold passage explains that under the contractual defense of impossibility, a party's obligation is discharged if an unforeseen event occurs that makes performance impossible or highly impracticable, and this event is not the fault of the obligated party. In this case, Megahawg's illness constitutes an unforeseen event that makes it impossible for Trawf to fulfill his contractual obligation to exhibit the hog. Therefore, Trawf can terminate his own performance and treat Megahawg's illness as discharging all remaining duties under the contract, making answer (C) correct.",,-7.259873867034912,-4.759873867034912,-0.0098737804219126,-100.0,0.990724962899174
mbe_850,CRIM. LAW,1991-July,validation,"Sam told Horace, his neighbor, that he was going away for two weeks and asked Horace to keep an eye ",D,D,True,0,1367,104,"D  
Reasoning: The gold passage defines larceny as the wrongful taking of another's property with the intent to convert it to the taker's use without the owner's consent. Lewis took Sam's rings without consent, which constitutes larceny. Horace, on the other hand, had permission to enter Sam's house to check on it, and there is no indication that he intended to assist in Lewis's unlawful act. Therefore, Horace is not guilty of any crime, making answer (D) correct.",,-100.0,-1.91226065158844,-6.41226053237915,-0.1622606515884399,0.8505539333330118
mbe_885,CRIM. LAW,1991-July,validation,"Despondent over losing his job, Wilmont drank all night at a bar. While driving home, he noticed a c",D,C,False,0,1381,116,"C  
Reasoning: The gold passage establishes that to convict for manslaughter, the conduct must show a ""reckless disregard for human life,"" which is characterized by a wanton or willful nature that disregards the rights of others. Wilmont's actions of speeding through a stop sign while intoxicated demonstrate a reckless disregard for the safety of others, as he was not in any real danger from robbers but instead was being followed by the police. His belief that he was in danger does not negate the recklessness of his actions, making answer (C) correct.",,-100.0,-100.0,-0.029772937297821,-3.529772996902466,0.970687770944576
mbe_889,CONTRACTS,1991-July,validation,"For this question only, assume that on November 26 Joiner without legal excuse repudiated the contra",B,B,True,0,1439,91,"B  
Reasoning: The gold passage establishes that courts of equity will not enforce specific performance for contracts involving personal services that are material or mechanical, as opposed to those that are unique or require special skill. Since Joiner's contract to remodel Galley's kitchen involves personal services that are likely considered material or mechanical, specific performance would not be an appropriate remedy. Therefore, answer (B) provides Joiner with the best defense against Galley's action for specific performance.",,-100.0,-9.13388703338569e-06,-16.875009536743164,-100.0,0.999999953088381
mbe_891,CRIM. LAW,1991-July,validation,Yancey moves to suppress the use of the jewelry. The court should,D,B,False,0,1792,110,"B  
Reasoning: The gold passage states that warrantless searches are considered unreasonable unless they fall within a recognized exception to the warrant requirement. It also mentions that school searches are reasonable if conducted by school personnel on school grounds based on reasonable suspicion. In this case, the principal's search of Yancey's backpack was conducted on school grounds and was likely based on the reasonable suspicion that he was involved in burglaries. Therefore, the court should deny the motion to suppress the use of the jewelry found in the backpack, making answer (B) correct.",,-100.0,-0.0393876358866691,-3.2893877029418945,-7.4143877029418945,0.9620926529125216
mbe_892,CRIM. LAW,1991-July,validation,Assume for this question only that the court denied the motion to suppress the jewelry. Yancey moves,D,D,True,0,1419,86,"D  
Reasoning: The gold passage emphasizes that a confession must be voluntary and not the result of coercive tactics that undermine the defendant's free will. Since the police arranged the meeting between Yancey and his parents with the intent to elicit an incriminating statement, this could be seen as a deceptive tactic that overcomes Yancey's free will, making answer (D) the best argument for excluding the statement.",,-100.0,-8.877333641052246,-2.127333164215088,-0.1273332238197326,0.8806741540792407
mbe_910,REAL PROP.,1991-July,validation,"Oscar, owner of Greenacre, conveyed Greenacre by quitclaim deed as a gift to Ann, who did not then r",B,B,True,0,1368,118,"B  
Reasoning: The gold passage discusses the distinction between donee and creditor beneficiaries, but it does not directly address the recording act or property rights. However, applying the principles of property law, since Ann was a donee and did not record her deed before Belle, who purchased Greenacre for value and recorded her deed, Belle's rights as a bona fide purchaser cut off Ann's unrecorded claim. Therefore, when Belle conveyed the property to Cal, he took it free of Ann's claim. Thus, the court will hold for Cal, making answer (B) correct.",,-100.0,-0.0003612065047491,-100.0,-100.0,1.0
mbe_933,CONTRACTS,1991-July,validation,"A burglar stole Collecta's impressionist painting valued at $400,000. Collecta, who had insured the ",D,D,True,0,1406,112,"D  
Reasoning: The gold passage establishes the preexisting duty rule, which states that performing a duty one is already legally bound to do does not constitute valid consideration for a new promise. However, in this case, Snoop's duty to recover the painting was not owed to Collecta but rather to Artistic Insurance Co. Since Snoop's promise to return the painting was not a preexisting duty owed to Collecta, the preexisting duty rule does not apply, allowing Snoop to recover the promised reward. Therefore, answer (D) is correct.",,-100.0,-100.0,-7.0009541511535645,-0.0009542173356749,0.9990889487453588
mbe_945,TORTS,1991-July,validation,"Patten suffered from a serious, though not immediately life-threatening, impairment of his circulato",B,D,False,0,1599,124,"D  
Reasoning: The gold passage establishes that a physician has a duty to disclose all material risks involved in a medical procedure to ensure that the patient can make an informed decision. Since Cutter failed to inform Patten of the 2% risk of death associated with the bypass operation, he did not fulfill this duty. The passage also indicates that the patient's right to make an informed decision is paramount, and the physician's duty to disclose is based on the patient's need for information. Therefore, Patten can prevail in his claim against Cutter for negligence, as he was not provided with the necessary information to give informed consent.",,-100.0,-100.0,-0.8262622356414795,-0.5762622356414795,0.5621765008857981
mbe_956,,1992,validation,"Purvis purchased a used car from Daley, a used car dealer. Knowing that they were false, Daley made ",C,C,True,0,1338,150,"C  
Reasoning: The gold passage outlines the elements of deceit, which include making false statements with the intent to induce another to alter their position to their detriment. Statement 1, regarding the car's accident history, is a factual assertion that can be proven false and would support a claim of deceit. Statement 2, about the car's fuel efficiency, is also a factual assertion that can be verified and would support the claim. Statement 3, while subjective (""as smooth-riding a car as you can get""), does not constitute a false statement of fact that would support a deceit claim as it is more of an opinion rather than a verifiable fact. Therefore, Statements 1 and 2 are the only ones that support Purvis",,-10.375677108764648,-7.75067663192749,-0.0006768120219931,-100.0,0.9995382678012342
mbe_959,,1992,validation,James and Mary Green were walking to their car one evening after having seen a movie. As they were p,A,A,True,0,1229,131,"A  
Reasoning: The gold passage outlines the elements required to establish assault, which involves intent to cause contact or apprehension of contact, and the resulting apprehension of imminent harmful or offensive contact. In this scenario, Daves not only assaulted Mary by holding a gun to her head, but he also committed robbery by taking money from James through the use of force or intimidation. Robbery is a more serious crime than larceny or assault, as it involves taking property from a person by means of force or threat. Therefore, the most serious crime for which Daves may be convicted is robbery from James Green, making answer (A) correct.",,-0.0019998925272375,-100.0,-100.0,-100.0,1.0
mbe_962,,1992,validation,The President of the United States recognizes the country of Ruritania and undertakes diplomatic rel,C,C,True,0,1576,125,"C  
Reasoning: The gold passage outlines the political question doctrine, which excludes from judicial review controversies that involve policy choices and value determinations committed to the Executive Branch. Dunn's suit challenges the President's recognition of Ruritania and the undertaking of diplomatic relations, which are decisions that fall squarely within the purview of the Executive Branch. The case presents a nonjustifiable political question as it involves a textually demonstrable constitutional commitment to the Executive and lacks judicially manageable standards for resolution. Therefore, the most proper disposition of Dunn's suit is dismissal under the political question doctrine, making answer (C) correct.",,-17.625011444091797,-100.0,-1.1637164789135568e-05,-100.0,0.9999999778405064
mbe_965,,1992,validation,"Andres conveyed Applewood Farm ""to Bogatz, her heirs and assigns, so long as the premises are used f",A,A,True,0,1335,118,"A  
Reasoning: The gold passage explains the Rule Against Perpetuities, which states that an interest must vest no later than twenty-one years after a life in being at the time the interest is created. In this case, Cohen's interest is contingent upon the premises being used for residential and farm purposes, which means it does not vest immediately and could potentially vest too remotely. Since Cohen's interest does not meet the requirements of the Rule Against Perpetuities, it is invalid, resulting in answer (A) being correct: Cohen's interest in Applewood Farm is nothing.",,-0.4131032824516296,-1.1631033420562744,-3.6631033420562735,-100.0,0.6617517350151807
mbe_968,,1992,validation,Damson was short of money. He decided to go into Winston's house to take Winston's silverware and th,A,B,False,0,1368,126,"B  
Reasoning: The gold passage defines larceny as the fraudulent taking and carrying away of property with the intent to convert it to a use other than that of the owner. In this case, Damson entered Winston's house with the intent to steal the silverware, which constitutes the intent necessary for larceny. Although he ultimately decided not to take the silverware and returned it, his initial intent and actions fulfill the criteria for burglary, as he unlawfully entered a dwelling with the intent to commit theft. Therefore, Damson is guilty of burglary and attempted larceny, making answer (B) correct.",,-100.0,-0.024162508547306,-3.774162530899048,-100.0,0.9770226305917578
mbe_973,CONST. LAW,1992,validation,"According to a statute of the state of Kiowa, a candidate for state office may have his name placed ",B,B,True,0,1378,114,"B  
Reasoning: The gold passage indicates that when assessing whether a state election law burdens First Amendment rights, it is important to consider the character and magnitude of the burden as well as the law's alignment with state interests. If Roderick can establish that the objectives of the statute could be achieved by less burdensome means, this would provide a strong argument against the constitutionality of the petition signature requirement, as it suggests that the law is not narrowly tailored to serve a compelling state interest. Therefore, answer (B) is the strongest argument for Roderick.",,-100.0,-2.081584716506768e-05,-13.25002098083496,-100.0,0.9999982396570772
mbe_992,,1992,validation,"For this question only, assume that a valid federal administrative rule, adopted under a federal con",D,C,False,0,1679,119,"C  
Reasoning: The gold passage explains that federal law preempts state law when there is a conflict, but it also notes that preemption does not apply in areas where states have exclusive power, such as wildlife regulation. The Midland state statute specifically regulates the trapping of snipe, which falls under the state's authority to manage wildlife. Therefore, the federal rule, which focuses on the design of snipe traps for consumer safety, does not preempt the Midland state statute that prohibits possession of snipe traps to protect a rare species. Thus, answer (C) is correct.",,-6.2528839111328125,-7.8778839111328125,-0.0028838065918534,-7.6278839111328125,0.9972091326940116
mbe_993,,1992,validation,"After Orris's conveyance to Powell, title to Brownacre was in",A,D,False,0,1354,149,"D  
Reasoning: The gold passage outlines the requirements for a party to claim ownership by adverse possession, which includes continuous, hostile, actual, open, notorious, and exclusive possession for a period of 20 years. In this case, Hull entered Brownacre in 1950 and constructed a dam, but he only possessed the property for 12 years before transferring possession to Burns. Burns then leased the property from Orris for five years and remained for an additional three years, totaling eight years of possession. Since neither Hull nor Burns met the 10-year requirement for adverse possession, Orris retained title until he conveyed it to Powell. After Orris's conveyance, Powell holds title to Brownacre, making answer (D) correct.",,-9.25029468536377,-10.37529468536377,-8.75029468536377,-0.0002950631314888,0.9997143056744554
mbe_994,,1992,validation,"After Orris's conveyance to Powell, title to the earthen dam was in",A,A,True,0,1512,127,"A  
Reasoning: The gold passage establishes that color of title is not necessary to establish adverse possession, and that entry and possession under a claim of right or ownership are sufficient. In this case, Orris held title to Brownacre in fee simple and, after the conveyance to Powell, he retained ownership of the land, including the earthen dam constructed by Hull. Since Hull's actions did not confer legal title to Burns or anyone else, the title to the earthen dam remains with the person who holds title to Brownacre, which is Powell after Orris's conveyance. Therefore, the correct answer is (A).",,-0.0080929845571517,-6.508092880249023,-6.008092880249023,-5.508092880249023,0.9919956233742656
mbe_1014,CONTRACTS,1998,validation,"Is Farmer obligated to make the $4,000 payment?",A,A,True,0,1280,112,"A  
Reasoning: The gold passage indicates that a contract is generally not divisible when its parts and consideration are interdependent and common to each other. In this case, the contract specifies a single payment of $6,000 upon completion of all three barns, indicating that the payment is contingent upon the completion of the entire project rather than on a per-barn basis. Therefore, Farmer is not obligated to make the $4,000 payment after the second barn, as the contract does not provide for partial payments. Thus, answer (A) is correct.",,-0.1012734025716781,-2.35127329826355,-8.226273536682129,-100.0,0.9044083101967488
mbe_1015,CONTRACTS,1998,validation,"For this question only, assume that Farmer rightfully refused Painter's demand for payment. If Paint",C,C,True,0,1390,108,"C  
Reasoning: The gold passage discusses consequential damages and indicates that damages may include losses that are reasonably foreseeable as a result of a breach. In this case, Painter terminated the contract after painting two barns, and while Farmer rightfully refused payment for the second barn until all three were completed, Painter can recover the reasonable value of her services for the work done on the two barns. This recovery would be less any damages Farmer may have incurred due to Painter's failure to complete the third barn, making answer (C) the correct choice.",,-3.3362720012664795,-3.0862720012664795,-0.0862719565629959,-100.0,0.9186437415155304
mbe_1019,EVIDENCE,1998,validation,"PullCo sued Davidson, its former vice president, for return of $230,000 that had been embezzled duri",A,A,True,0,1250,67,"A  
Reasoning: The gold passage defines circumstantial evidence as proof of collateral facts from which the existence of the main fact may be inferred. Witt's testimony about Davidson's bank deposits can be seen as circumstantial evidence suggesting that Davidson may have had the means to embezzle the funds, thus making answer (A) correct.",,-5.431207682704553e-05,-14.125054359436035,-100.0,-100.0,0.9999992661790542
mbe_1039,EVIDENCE,1998,validation,"Plaintiff's estate sued Defendant Stores claiming that Guard, one of Defendant's security personnel,",D,C,False,0,1237,97,"C  
Reasoning: The gold passage explains that an ""admission"" is a statement made by a party-opponent or someone in legal privity with that party. Guard's testimony regarding the instructions from Defendant's security director can be considered former testimony, which is an exception to the hearsay rule. Although it is hearsay, it is admissible under the exception for former testimony since Guard is unavailable to testify at the civil trial. Therefore, answer (C) is correct.",,-2.350916147232056,-7.850915908813477,-0.1009161174297332,-100.0,0.9042981584045208
mbe_1054,CRIM. LAW,1998,validation,Homer lived on the second floor of a small convenience store/gas station that he owned. One night he,A,C,False,0,1868,123,"C  
Reasoning: The gold passage outlines the criteria for both reckless murder and first-degree arson. Augie's actions of deliberately driving into the gasoline pump demonstrate extreme indifference to human life, fulfilling the criteria for reckless murder as he created a grave risk of death to Homer. Additionally, by intentionally causing an explosion that resulted in the fire, Augie meets the requirements for first-degree arson, as he intentionally damaged the building while knowing that another person (Homer) was present. Therefore, Augie should be convicted of both arson and involuntary manslaughter, making answer (C) correct.",,-5.753486156463623,-10.00348663330078,-0.0034862698521465,-100.0,0.9967822065492444
mbe_1057,REAL PROP.,1998,validation,"Abel owned Blackacre in fee simple. Three years ago, Abel and Betty agreed to a month- to-month tena",C,C,True,0,1530,114,"C  
Reasoning: The gold passage explains that the doctrine of ""part performance"" can take an agreement outside of the statute of frauds if there is an oral agreement that has been partially performed by the party seeking to enforce it, and that agreement must be ""clear, certain, and unambiguous"" in its terms. In this case, Betty has fully complied with her obligations under the oral agreement, including making payments and modifications to Blackacre, which demonstrates part performance. Therefore, the court should rule in favor of Betty, making answer (C) correct.",,-100.0,-100.0,-1.0280383548888494e-06,-100.0,1.0
mbe_1069,EVIDENCE,1998,validation,"Plaintiff sued Defendant Auto Manufacturing for his wife's death, claiming that a defective steering",A,A,True,0,1328,81,"A  
Reasoning: The gold passage establishes that evidence is relevant if it logically tends to establish a material fact in the case or supports a reasonable inference regarding a material fact. Testimony concerning the wife's intoxication is relevant as it could provide an alternate explanation for the accident's cause, making answer (A) correct. The passage does not support the exclusion of this evidence based on the other options provided.",,-6.861651490908116e-05,-100.0,-100.0,-12.37506866455078,0.9999957771667582
mbe_1071,EVIDENCE,1998,validation,Plaintiff Construction Co. sued Defendant Development Co. for money owed on a cost- plus contract th,B,A,False,0,1273,97,"A  
Reasoning: The gold passage outlines the criteria for admitting a record under the business record exception to the hearsay rule. Since the photocopy of the cost overrun notice was taken from Plaintiff's regular business files and is part of the routine practice of sending such notices, it meets the criteria of being procured in the normal course of business and indicates trustworthiness. Therefore, the letter copy is admissible, though it is hearsay, making answer (A) correct.",,-0.0184474773705005,-4.018447399139404,-100.0,-100.0,0.9820137886561356
mbe_1078,CONST. LAW,1998,validation,A federal statute with inseverable provisions established a new five-member National Prosperity Boar,B,B,True,0,2758,100,"B  
Reasoning: The passage emphasizes the importance of the Appointments Clause of Article II, which mandates that principal officers of the United States must be appointed by the President with the advice and consent of the Senate. The statute in question designates members of the National Prosperity Board in a manner that does not comply with this requirement, as it includes members who are not appointed by the President. Therefore, the statute is unconstitutional because it violates the Appointments Clause, making answer (B) correct.",,-100.0,-3.953082341467962e-05,-100.0,-100.0,1.0
mbe_1080,TORTS,1998,validation,"In a trial to a jury, Owner proved that Power Company's negligent maintenance of a transformer cause",C,C,True,0,1476,81,"C  
Reasoning: The gold passage clearly states that mental anguish based solely on negligent property damage is not compensable as a matter of law. Since Owner's emotional distress arose from the negligent destruction of his property, and there is no indication of any heightened degree of misconduct by Power Company, the judgment awarding $500,000 for emotional distress should be reversed. Thus, answer (C) is correct.",,-100.0,-100.0,-1.1637164789135568e-05,-100.0,1.0
mbe_1083,CONST. LAW,1998,validation,A federal statute provides that the United States Supreme Court has authority to review any case fil,A,A,True,0,1502,104,"A  
Reasoning: The gold passage outlines the limitations of the Supreme Court's jurisdiction, emphasizing that the original jurisdiction cannot be extended by Congress beyond what is defined in the Constitution and that appellate jurisdiction applies only to cases that have been decided by lower courts. Since the case in question has not yet been decided by the court of appeals, it does not fall within the proper scope of the Supreme Court's appellate jurisdiction, making answer (A) the best constitutional argument in support of the EPA's request to dismiss the petition.",,-0.0001071192964445,-100.0,-100.0,-10.250106811523438,0.999964643738377
mbe_1101,CRIM. LAW,1998,validation,"Grace, while baby-sitting one night, noticed that Sam, who lived next door, had left his house but t",D,D,True,0,1290,87,"D  
Reasoning: The gold passage establishes that under Virginia law, the asportation element of larceny can be imputed to a defendant who acts through an innocent agent. In this case, Grace directed Roy, an innocent agent, to retrieve the television set with the intent to keep it for herself. Therefore, Grace is guilty of larceny by the use of an innocent agent, making answer (D) correct.",,-100.0,-100.0,-100.0,-3.128163257315464e-07,1.0
mbe_1114,TORTS,1998,validation,Pat had been under the care of a cardiologist for three years prior to submitting to an elective ope,C,C,True,0,1427,115,"C  
Reasoning: The gold passage outlines the requirements for a negligence claim in a medical malpractice action, specifically that the plaintiff must prove the applicable standard of care, a deviation from that standard, and that the deviation proximately caused the injury. In this case, while the plaintiff may argue that Surgeon was negligent for not consulting a cardiologist, they must also demonstrate that had a cardiologist examined Pat, the outcome would likely have been different. Without evidence that the cardiologist's examination would have changed the outcome, the plaintiff cannot prevail, making answer (C) correct.",,-5.753283500671387,-100.0,-0.0032833523582667,-100.0,0.9968273176265724
mbe_1118,CRIM. LAW,1998,validation,"Scott held up a drugstore at 10:30 at night, and drove away. His car broke down in an isolated area ",D,B,False,0,1507,117,"B  
Reasoning: The gold passage establishes that consensual searches do not violate the Fourth Amendment when permission is granted by someone with authority. In this case, Henry, as the homeowner, gave the police permission to enter the house. However, Scott, as a guest, has standing to contest the legality of the police entry based on the lack of probable cause at the time of entry. Since the court finds that the police did not have probable cause until they saw Scott inside the house, this supports Scott's motion to suppress the evidence. Therefore, answer (B) is correct.",,-100.0,-0.2032982558012008,-6.703298091888428,-1.7032982110977173,0.8165707622194204
mbe_1121,TORTS,1998,validation,,B,C,False,0,1184,98,"C  
Reasoning: The gold passage outlines the requirements for invoking the doctrine of res ipsa loquitur, which focuses on negligence and control over the instrumentality causing harm. In this case, since Seller was neither the owner nor the occupier of the house at the time of Pedestrian's injury, he cannot be held liable for negligence related to the roof's condition. Therefore, answer (C) is correct as it reflects that Seller lacks the necessary control or responsibility for the injury.",,-10.875508308410645,-7.750507831573486,-0.0005078765680082,-100.0,0.999550534052282
mbe_1133,TORTS,1998,validation,Passenger departed on an ocean liner knowing that it would be a rough voyage due to predicted storms,C,C,True,0,1280,115,"C  
Reasoning: The gold passage indicates that a violation of a statute constitutes negligence per se only if it protects the class of persons included in the plaintiff and against the type of harm that has occurred. In this case, even though the ocean liner was not equipped with the required lifeboats, the storm was so severe that it would have been impossible to launch any lifeboat, regardless of compliance with the statute. Therefore, the harm (drowning due to the storm) was not a result of the violation of the statute, making answer (C) correct.",,-100.0,-100.0,-2.816093228830141e-06,-14.25000286102295,0.9999993524052307
mbe_1138,CONTRACTS,1998,validation,Kontractor agreed to build a power plant for a public utility. Subbo agreed with Kontractor to lay t,C,D,False,0,1531,110,"D  
Reasoning: The gold passage establishes that under common law, a breaching party cannot recover for benefits conferred due to the belief that breach is morally unworthy conduct. Although the Restatement allows for recovery of benefits conferred in excess of damages, Subbo's breach was material and unexcused. Therefore, since Subbo committed a material breach and Kontractor received a benefit of $50,000 for which Subbo has not been paid, the court should decide that neither party recovers anything, making answer (D) correct.",,-5.765316963195801,-5.015316963195801,-5.265316963195801,-0.0153170973062515,0.985058389823107
mbe_1165,CONTRACTS,1998,validation,"In exchange for a valid and sufficient consideration, Goodbar orally promised Walker, who had no car",B,D,False,0,1647,96,"D  
Reasoning: The gold passage establishes that for a third-party beneficiary to enforce a contract, they must be an intended beneficiary, not an incidental one, and the contract must be intended for their benefit. In this case, Minivanity Fair was not identified when Goodbar made the promise to Walker, nor were they aware of it at the time of the sale. Therefore, they do not meet the criteria of being an intended beneficiary, making answer (D) correct.",,-100.0,-6.751206874847412,-10.751206398010254,-0.0012067806674167,0.9988090950186546
mbe_1167,CONST. LAW,1998,validation,A city owns and operates a large public auditorium. It leases the auditorium to any group that wishe,D,D,True,0,1439,100,"D  
Reasoning: The gold passage establishes that the Fourteenth Amendment only applies to actions that can be attributed to the state, and it does not protect against private conduct, regardless of how discriminatory it may be. Since the organization in question is a private entity and not a state actor, its activities, including the restriction of women from serving in its highest offices, are not subject to the provisions of the Fourteenth Amendment. Therefore, the plaintiff will not prevail, making answer (D) correct.",,-100.0,-100.0,-100.0,-5.200166469876422e-06,1.0
mbe_1180,REAL PROP.,1998,validation,"Six years ago, Oscar, owner of Blackacre in fee simple, executed and delivered to Albert an instrume",B,B,True,0,1417,112,"B  
Reasoning: The gold passage establishes that a life tenant can sell their life estate, which becomes an estate pur autre vie, but does not have the power to convey the remainderman's interest. In this case, Albert conveyed Blackacre to Bea, but since he was the life tenant and did not have a life estate to convey (as he owned the property in fee simple), the deed to Bea effectively conveyed the entire estate. Therefore, Bea holds Blackacre in fee simple pursuant to Albert's deed, making answer (B) correct.",,-15.500005722045898,-5.438573680294212e-06,-13.500005722045898,-100.0,0.9999984435046414
mbe_1017,CRIM. LAW,1998,validation,In which of the following situations would Defendant's mistake most likely constitute a defense to t,B,D,False,0,1298,104,"D  
Reasoning: The gold passage states that a mistake of fact can serve as a defense if it negates the mental element required for the crime. In the case of Defendant D, he relied on erroneous legal advice regarding his marital status, which could negate the intent necessary for the crime of bigamy. Since he believed he was free to remarry, this reasonable mistake of fact precludes the mental element required for the charge, making answer (D) the most likely situation where Defendant's mistake constitutes a defense.",,-100.0,-1.3547496795654297,-3.3547496795654297,-0.3547496497631073,0.7053845188916764
mbe_46,,MBE-1972-78-part2,test,"If Ned asserts a claim against Parker, the most likely result is that Ned will",C,C,True,0,1456,109,"C  
Reasoning: The gold passage emphasizes that for a claim to be successful, the injury must be a foreseeable result of the defendant's actions. In this case, Parker's decision to park in front of a fire hydrant, while a violation of the ordinance, did not directly foreseeably lead to Ned's injuries from the accident caused by Driver. The passage indicates that the injury sustained was not something that a reasonably prudent person would have expected to occur as a result of Parker's actions, making answer (C) the most likely outcome.",,-9.001448631286621,-9.001448631286621,-0.0014482140541076,-6.751448154449463,0.998584307829878
mbe_52,,MBE-1972-78-part3,test,"Lee offered to prove by Marks, the restaurant manager, that in the week immediately preceding Paula'",D,D,True,0,1607,139,"D  
Reasoning: The gold passage establishes that for evidence to be admissible, it must be relevant to the issues in the case and have a tendency to establish or disprove a fact that is of consequence to the determination of the action. Marks' testimony about the number of people who used the hallway and the absence of falls does not specifically address whether Lee exercised due care on the occasion of Paula's fall. It does not provide direct evidence regarding the condition of the floor at the time of the incident or Lee's actions leading up to it. Therefore, the evidence does not bear on the issue of Lee's exercise of due care on this specific occasion, making answer (D) correct.",,-13.000944137573242,-7.0009446144104,-10.500944137573242,-0.0009444572497159,0.999059207313825
mbe_53,,MBE-1972-78-part3,test,If Paula offered to prove that the day after she fell Horne had the vinyl tile taken up and replaced,A,A,True,0,1366,97,"A  
Reasoning: The gold passage establishes that the test of relevancy is whether the evidence makes the claimed inference more probable. In this case, Paula's evidence that Horne replaced the vinyl tile the day after her fall could suggest that Horne was aware of a problem with the hallway and retained some control over it, which is relevant to the issue of whether he can be held liable. Therefore, the evidence is admissible for this purpose, making answer (A) correct.",,-0.1361141055822372,-2.1361141204833984,-6.511114120483398,-4.886114120483398,0.8728360025254455
mbe_69,,MBE-1972-78-part3,test,The committee wants you to draft legislation to make all restrictions on land use imposed by deeds (,C,C,True,0,1203,113,"C  
Reasoning: The gold passage discusses sovereign immunity, which pertains to the legal principle that the government cannot be sued without its consent. In the context of drafting legislation to make land use restrictions unenforceable, considerations such as compensation for property rights (A), impairment of contract (B), and police power (D) are directly relevant to the implications of changing land use laws. However, sovereign immunity (C) is least likely to be a consideration in this context, as it does not directly relate to land use planning or the enforceability of deed restrictions.",,-100.0,-100.0,-1.981667537620524e-06,-15.750001907348633,0.9999998555019856
mbe_70,,MBE-1972-78-part3,test,Vetter and Prue each signed a memorandum which stated that Vetter agreed to sell and Prue agreed to ,C,C,True,0,1432,94,"C  
Reasoning: The gold passage emphasizes that a contract subject to the statute of frauds must be in writing and that an oral modification is not permitted if it materially alters the written agreement. Since the purchase price is an essential element of the contract and was not included in the written memorandum, Prue cannot enforce the contract based on the oral agreement regarding the price. Therefore, Prue should fail in her action for specific performance, making answer (C) correct.",,-100.0,-15.875000953674316,-9.088346359931164e-07,-100.0,0.9999998724809628
mbe_71,,MBE-1972-78-part3,test,"Bystander, Price's eyewitness, testified on cross-examination that Derrick was wearing a green sweat",D,D,True,0,1285,80,"D  
Reasoning: The gold passage explains the collateral evidence doctrine, which prohibits the introduction of extrinsic evidence to contradict a witness on a collateral matter. Wilson's testimony about the color of Derrick's sweater is not relevant to the key issues of negligence in the case and is therefore considered a collateral matter. As such, it is inadmissible under the doctrine, making answer (D) correct.",,-13.625171661376951,-10.000171661376951,-9.000171661376953,-0.0001717166742309,0.999830009291356
mbe_92,,MBE-1972-78-part3,test,"If the claim is asserted against Dave's parents, the most likely result is they will be",B,B,True,0,1383,84,"B  
Reasoning: The gold passage indicates that parents can be held liable for their own negligence in failing to control their child, especially when they have encouraged harmful behavior. In this case, Dave's parents encouraged his aggressive behavior, which directly relates to their failure to control him and prevent him from injuring Pete. Therefore, they are likely to be found liable for Pete's injuries, making answer (B) correct.",,-17.2500057220459,-6.630610641877865e-06,-100.0,-100.0,0.9999999677581044
mbe_93,,MBE-1972-78-part3,test,"If the claim is asserted against Dave, the most likely result is Dave will be",A,C,False,0,1297,55,"C  
Reasoning: The gold passage establishes that a child under the age of 7 cannot be held liable for negligence. Since Dave is six years old, he falls under this category and is therefore not liable for torts, making answer (C) the correct choice.",,-18.875,-100.0,-3.128163257315464e-07,-100.0,0.9999999936511978
mbe_105,,MBE-1972-78-part4,test,Pemberton's counsel proffers evidence showing that shortly after the accident Mammoth put a speed go,C,C,True,0,1316,95,"C  
Reasoning: The gold passage indicates that certain types of evidence may be excluded from legal proceedings due to public policy concerns, specifically mentioning ""subsequent remedial measures."" The installation of a speed governor on the truck after the accident qualifies as a subsequent remedial measure, which is typically inadmissible to prove negligence or culpability. Therefore, the judge should rule the proffered evidence inadmissible for public policy reasons, making answer (C) correct.",,-100.0,-100.0,-1.1472419600977446e-06,-16.000001907348633,0.9999998874649234
mbe_106,,MBE-1972-78-part4,test,"Pemberton's counsel seeks to introduce Helper's written statement that Edwards, Mammoth's driver, ha",A,A,True,0,1604,133,"A  
Reasoning: The gold passage discusses the admissibility of out-of-court statements under Rule 804(b)(5), which allows such statements if the witness is unavailable and the statement is more probative than any other evidence the proponent can procure. In this case, Helper's statement about Edwards not wearing his glasses is crucial to establishing negligence. However, for the statement to be admissible, Pemberton must first prove that Helper is an agent of Mammoth and that the statement pertains to a matter within the scope of his agency, as this establishes the necessary foundation for the statement's reliability and relevance. Therefore, answer (A) is correct.",,-0.1729868352413177,-4.42298698425293,-1.92298686504364,-100.0,0.8417237974379819
mbe_118,,MBE-1972-78-part4,test,In a contract suit between Terrell and Ward. Ward testifies that he recalls having his first convers,D,B,False,0,1278,106,"B  
Reasoning: The gold passage indicates that while anything may be used to refresh a witness's recollection, the court has discretion to withhold documents if they are deemed to provide direct testimony rather than merely refreshing recollection. In this case, the reference to the newspaper story is being used as evidence of the date of the conversation, which does not fit within an established exception to the hearsay rule. Therefore, the judge should grant the motion to strike the reference to the newspaper story, making answer (B) correct.",,-100.0,-1.022599220275879,-1.022599220275879,-1.272599220275879,0.3598674673233326
mbe_122,,MBE-1972-78-part4,test,Drew is charged with the murder of Pitt. The prosecutor introduced testimony of a police officer tha,B,A,False,0,1212,104,"A  
Reasoning: The gold passage discusses hearsay statements and indicates that certain statements made to a priest or attorney may not be admissible as declarations against penal interest due to the expectation of confidentiality. However, Wall's testimony about Pitt stating he was stabbed by Jack, an old enemy, is relevant to the case as it contradicts the statement made to the priest. This contradiction can be seen as an exception to the hearsay rule, making Wall's testimony admissible. Therefore, answer (A) is correct.",,-0.3736602365970611,-2.1236603260040283,-2.1236603260040283,-2.6236603260040283,0.6882563170969853
mbe_132,,MBE-1972-78-part4,test,"Patty sues Mart Department Store forpersonal injuries, alleging that while shopping she was knocked ",C,C,True,0,1539,110,"C  
Reasoning: The gold passage defines hearsay as an out-of-court statement offered for the truth of its content, which is generally inadmissible unless it fits into a recognized exception. Handy's report is a statement made outside of court and is being offered to prove the truth of its content (that Patty fell while leaning over). Since Handy is available as a witness, the report does not fall under the hearsay exception for unavailable witnesses. Therefore, the report is inadmissible as hearsay, making answer (C) correct.",,-100.0,-14.375009536743164,-9.25309086596826e-06,-100.0,0.9999994284997152
mbe_142,,MBE-1972-78-part4,test,"If Brenda asserts a claim based on strict liability against Stove Company, she must establish that",D,D,True,0,1426,70,"D  
Reasoning: The gold passage establishes that a design defect makes a product unreasonably dangerous, which is a key element for establishing strict liability. In this case, Brenda must demonstrate that the stove was defective and unreasonably dangerous to her, as this aligns with the requirement for strict liability. Therefore, answer (D) is correct.",,-100.0,-100.0,-100.0,-1.2664456789934777e-06,1.0
mbe_143,,MBE-1972-78-part4,test,"If Brenda asserts a claim based on strict liability against Local Retailer, she mustestablish that",B,B,True,0,1577,94,"B  
Reasoning: The gold passage outlines the necessary elements to establish a product liability claim against a retailer, which includes proving that the product was defective and that the injury was caused by that defect. In this case, Brenda must show that the stove was in substantially the same condition at the time it tipped over as when it was purchased from Local Retailer, which aligns with the requirement of proving that the product was defective. Therefore, answer (B) is correct.",,-16.6250057220459,-5.438573680294212e-06,-100.0,-100.0,0.9999999397642824
mbe_151,,MBE-1972-78-part4,test,"Hank owned a secondhand goods store. He often placed merchandise on the sidewalk, sometimes for shor",D,D,True,0,1594,103,"D  
Reasoning: The gold passage explains that special damages are those that are a natural consequence of the injury but do not necessarily flow from the harmful act. It also emphasizes the requirement for specificity in pleading special damages. In this case, if Fred had asserted a claim for public nuisance, Hank could argue that Fred did not plead special damages with sufficient specificity, which would support the defense that there was no claim for special damage. Therefore, answer (D) is the most likely defense on which Hank would prevail.",,-15.125011444091797,-100.0,-11.500011444091797,-1.1756367712223437e-05,0.9999896000534636
mbe_201,,MBE-1978-83-part1,test,Which of the following constitutional provisions may be most easily used to justify federal enactmen,C,C,True,0,1252,83,"C  
Reasoning: The gold passage explains that the Commerce Clause grants Congress the power to regulate commerce among the states, which includes the regulation of consumer credit practices that can affect interstate commerce. Since the UCCC is intended to create uniformity in consumer credit laws across the United States, the Commerce Clause is the most appropriate constitutional provision to justify the federal enactment of this statute, making answer (C) correct.",,-100.0,-100.0,-19.750001907348636,-100.0,1.0
mbe_202,,MBE-1978-83-part1,test,A national religious organization makes loans throughout the country for the construction and furnis,A,B,False,0,1405,104,"B  
Reasoning: The gold passage discusses federal preemption and the conditions under which federal law may apply over state law. In this context, the organization must show that the application of the UCCC to its lending activities does not serve a legitimate governmental interest, which aligns with the idea that a rational legislature could believe the law helps achieve a legitimate national interest. Therefore, answer (B) is correct as it reflects the burden the federal government must meet in justifying the application of the UCCC to the organization's activities.",,-4.26566743850708,-0.0156672410666942,-6.76566743850708,-100.0,0.9847995107487024
mbe_223,,MBE-1978-83-part1,test,"On a foggy night, Vera was clubbed from behind by a man wielding a blackjack. Damon was arrested in ",D,C,False,0,1361,93,"C  
Reasoning: The gold passage establishes that an out-of-court identification should be suppressed if the police used an unnecessarily suggestive procedure that led to a substantial likelihood of irreparable misidentification. Since Damon argues that the photo lineup was unduly suggestive because his picture was the only one common to both lineups, this suggests that the identification process may have been flawed. Therefore, Damon's objection should be sustained, making answer (C) correct.",,-100.0,-100.0,-0.0007213685312308,-7.250721454620361,0.999290329661951
mbe_238,,MBE-1978-83-part1,test,Dunn was arrested moments after a forcible rape and was prosecuted for it. The victim testified she ,A,A,True,0,1288,93,"A  
Reasoning: The gold passage discusses the admissibility of rebuttal evidence, stating that it is permissible when it directly responds to new matters introduced by the defense. The prosecutor's argument that the defense could have introduced the shirt as evidence is a direct rebuttal to the inference made by Dunn's counsel regarding the state's failure to present the shirt. Therefore, the prosecutor's argument is proper as it addresses the defense's claim, making answer (A) correct.",,-3.2617008400848135e-05,-12.500032424926758,-100.0,-100.0,0.99999627336
mbe_249,,MBE-1978-83-part1,test,"Driving down a dark road, Defendant accidentally ran over a man. Defendant stopped and found that th",C,C,True,0,1322,72,"C  
Reasoning: The gold passage defines robbery as the felonious taking of personal property from another by means of violence or putting in fear. In this case, Defendant did not use force or create fear when taking the identification papers; he simply took them to prevent identification. Therefore, he is not guilty of robbery, making answer (C) correct.",,-13.250019073486328,-11.500019073486328,-1.9504606825648807e-05,-100.0,0.999988109696344
mbe_287,,MBE-1978-83-part1,test,"In a lawsuit by Harriet against Reggie to recover $200, which of the following arguments would plaus",C,B,False,0,1526,150,"B  
Reasoning: The gold passage indicates that parol evidence is only admissible to interpret ambiguous terms of a contract, not to contradict its express language. Therefore, argument III, which suggests that consideration can be proved by parol evidence, is not valid because Harriet's writing clearly states that the offer is revocable at her pleasure, and there is no ambiguity to interpret. Argument I is also flawed because the writing explicitly states that the offer is revocable, which contradicts the claim that it is irrevocable. However, argument II correctly states that the offer was exactly what Reggie had bargained for, as he sought a revocable offer. Thus, the only plausible support for Harriet's position is argument II, making the correct answer B",,-2.430666208267212,-0.6806661486625671,-0.9306661486625672,-4.680665969848633,0.507384896259971
mbe_288,,MBE-1978-83-part1,test,"In a lawsuit by Harriet against Reggie to recover $200, which of the following arguments would plaus",B,B,True,0,1495,146,"B  
Reasoning: The gold passage establishes that a revocable offer can be revoked at any time prior to acceptance, and that such revocation is effective upon receipt. This supports argument I, which states that any promise implied by Harriet in making her offer was illusory due to the revocability provision. Argument II is incorrect because the passage does not state that a written offer involving realty cannot be revoked by telephone; it only discusses the effectiveness of revocation upon receipt. Argument III is plausible because enforcing payment of $200 to Harriet would undermine Reggie's reasonable expectation if the offer was only open for one day. Therefore, the correct answer is B, as it includes arguments I and III, which are valid.",,-100.0,-0.004760003183037,-6.504759788513184,-100.0,0.9984988174214882
mbe_289,,MBE-1978-83-part1,test,Which of the following would best describe the basis of any duty or duties created by Reggie's oral ,C,C,True,0,1434,105,"C  
Reasoning: The gold passage defines a unilateral contract as one where performance is based on the wish, will, or pleasure of one of the parties. In this case, Reggie's oral promise to pay Harriet $200 for the option to buy her land creates a situation where Harriet's performance (the offer to sell) is contingent upon Reggie's acceptance. Since Harriet's written offer is revocable at her pleasure, it aligns with the characteristics of a unilateral contract, making answer (C) the correct choice.",,-18.625001907348636,-100.0,-1.1472419600977446e-06,-100.0,0.9999999918479856
mbe_290,,MBE-1978-83-part1,test,"In a lawsuit by Norma against Harriet to recover $750 as a brokerage fee, which of the following arg",D,B,False,0,1502,138,"B  
Reasoning: The gold passage outlines the necessary elements to prove the existence of a contract, which include a meeting of the minds, offer and acceptance, consideration, and certainty in the terms. Argument I supports Harriet's position because she did not make any promise to pay a fee to Norma, thus there is no contract. Argument III also supports Harriet's position as there was no effective offer and acceptance between her and Norma regarding the brokerage fee. Argument II, while it suggests a lack of consideration, is not necessary to support Harriet's position since the first and third arguments are sufficient to establish that no contract existed. Therefore, the correct answer is (B) I and III only.",,-3.455033302307129,-0.2050332874059677,-4.455033302307129,-1.955033302307129,0.815120563523733
mbe_301,,MBE-1978-83-part1,test,Realco Realtors acquired a large tract of land upon which Realco developed a mobile home subdivision,C,C,True,0,1299,101,"C  
Reasoning: The gold passage highlights the principle of the Equal Protection Clause, which mandates that individuals in similar situations must be treated equally. In this case, the restriction on occupancy based on age may raise questions about whether it unfairly discriminates against families with children, potentially violating the Equal Protection Clause. Therefore, if judgment is for Dawson, it is likely because the enforcement of the age restriction is deemed a violation of this constitutional principle, making answer (C) the most relevant to the case.",,-100.0,-13.000006675720217,-6.630610641877865e-06,-14.750006675720217,0.9999973468913972
mbe_307,,MBE-1978-83-part1,test,The best argument that Minicar can make is that,D,A,False,0,1271,76,"A  
Reasoning: The gold passage discusses the constitutional requirement that the President appoints federal officers with the advice and consent of the Senate. This implies that there are clear guidelines for the delegation of legislative power. Minicar's best argument would be that legislative power may not be delegated by Congress to an agency without such clear guidelines, making answer (A) the most compelling choice.",,-0.6020320653915405,-100.0,-4.60203218460083,-0.8520320653915405,0.5564469774997824
mbe_308,,MBE-1978-83-part1,test,The appropriate decision for the court is to,A,C,False,0,1300,86,"C  
Reasoning: The gold passage outlines the Appointments Clause, which specifies how Officers of the United States must be appointed. Since the Commission's members are appointed by various congressional leaders rather than solely by the President with Senate consent, this method of appointment may violate the Appointments Clause. Therefore, the court's appropriate decision would be to forbid the Commission to take any action under the act, making answer (C) correct.",,-3.2835562229156494,-1.7835562229156494,-0.2835562229156494,-3.2835562229156494,0.7560268779315684
mbe_326,,MBE-1978-83-part1,test,In 1963 Hobson was appointed to a tribunal established pursuant to a congressional act. The tribunal,D,D,True,0,1259,117,"D  
Reasoning: The gold passage clarifies that Article III judges hold their office during good behavior and have lifetime appointments, but it does not classify Hobson as an Article III judge. Since Hobson was appointed to a tribunal established by a congressional act and not as a federal judge under Article III, he does not have the protections of life tenure or the inability to have his position abolished by Congress. Therefore, the court should grant the motion to dismiss based on the fact that Hobson is not entitled to the protections afforded to Article III judges, making answer (D) correct.",,-100.0,-100.0,-13.25000286102295,-2.816093228830141e-06,0.999998239656866
mbe_333,,MBE-1978-83-part1,test,Which of the following is the strongest argument for the constitutionality of the act?,B,B,True,0,1276,80,"B  
Reasoning: The gold passage indicates that Congress has the authority to prescribe exceptions and regulations regarding the jurisdiction of inferior federal courts. This supports the argument that Congress may restrict the jurisdiction of federal courts, making answer (B) the strongest argument for the constitutionality of the act. The other options do not directly relate to the specific powers of Congress over federal court jurisdiction as outlined in the passage.",,-100.0,-3.857719275401905e-05,-100.0,-100.0,1.0
mbe_334,,MBE-1978-83-part1,test,Which of the following is the strongest argument against the constitutionality of the act?,D,B,False,0,1535,116,"B  
Reasoning: The gold passage discusses the application of the Privileges and Immunities Clause and emphasizes that not all forms of discrimination against out-of-state residents are constitutionally suspect. However, it does not directly address the authority of Congress to limit federal court jurisdiction. The strongest argument against the constitutionality of the act is that Congress cannot limit the authority of federal courts to hear and decide cases properly presented for decision, which is a fundamental principle of judicial independence and the separation of powers. Therefore, answer (B) is the strongest argument against the constitutionality of the act.",,-100.0,-1.318681188422488e-05,-100.0,-13.75001335144043,0.9999989322973056
mbe_336,,MBE-1978-83-part1,test,Which of the following accurately states the legal effect of the covenant not to assign the contract,C,C,True,0,1546,106,"C  
Reasoning: The gold passage establishes that anti-assignment clauses are routinely enforced unless there is a successful challenge based on applicable law or other contract principles. Since Stretch's assignment to Finance Company was made despite the covenant not to assign, it constitutes a breach of contract. However, the assignment is still effective in transferring Stretch's rights against Sartorial, as the passage indicates that such assignments can still be valid despite a breach. Therefore, answer (C) accurately reflects the legal effect of the covenant not to assign the contract.",,-1.1371299028396606,-9.887129783630373,-0.387129932641983,-100.0,0.6791441665029179
mbe_337,,MBE-1978-83-part1,test,"Assume for this question only that the assignment from Stretch to Finance Company was effective, and",B,B,True,0,1337,82,"B  
Reasoning: The gold passage indicates that a covenant against assignment does not apply to transfers or assignments by operation of law, which includes assignments made as security for loans. Since the assignment from Stretch to Finance Company was effective and Sartorial was unaware of it when it made the payment to Stretch, Stretch remains liable to Finance Company for the $5,000. Therefore, the correct answer is (B).",,-1.438356876373291,-0.438356876373291,-5.313356876373291,-2.188356876373291,0.6454575849865278
mbe_338,,MBE-1978-83-part1,test,"Assume for this question only that the assignment from Stretch to Finance Company was effective, and",D,B,False,0,1363,142,"B

Reasoning: The gold passage defines an incidental beneficiary as someone who benefits from a contract but does not have enforceable rights because they are neither a promisee nor an intended beneficiary. Virginia Wear and Son, Inc. is a creditor of Stretch and thus would be considered a creditor beneficiary, which means they have enforceable rights under the contract. Therefore, statement I is incorrect as Virginia Wear and Son, Inc. is not merely an incidental beneficiary but rather a creditor beneficiary. Statement II is correct because Virginia Wear and Son, Inc. has a prior right to Sartorial's $5,000 payment due to their status as a creditor beneficiary. Thus, the correct answer is (B) II only.",,-1.4168561697006226,-0.6668561697006226,-2.916856288909912,-1.6668561697006226,0.5139683211320197
mbe_339,,MBE-1978-83-part1,test,"Assume for this question only that, two weeks after making the $5,000 payment to Stretch, Sartorial ",D,B,False,0,1661,110,"B  
Reasoning: The gold passage indicates that a requirements contract obligates the seller to fulfill the buyer's needs, and the buyer must act in good faith regarding their requirements. If Stretch's assignment of the contract to Finance Company is interpreted as a delegation of duties, and those duties are personal and nondelegable, then Sartorial can argue that Stretch's obligations to fulfill the contract were not transferable. This would support Sartorial's defense against Finance Company's claim for total breach, making answer (B) the most useful in Sartorial's defense.",,-6.635576725006104,-0.0105765825137496,-100.0,-5.010576725006104,0.9919997931971056
mbe_371,,MBE-1978-83-part5,test,"The prosecution, after introducing the robbers' note to the teller, also offers in evidence Dean's w",A,A,True,0,1468,74,"A  
Reasoning: The gold passage establishes that compelling a defendant to provide a handwriting sample does not violate their rights against self-incrimination, as a handwriting sample is considered a physical characteristic rather than a form of communication. Therefore, Dean's writing of the words of the note at the request of the police is admissible as evidence, making answer (A) correct.",,-7.517272024415433e-05,-100.0,-100.0,-100.0,1.0
mbe_372,,MBE-1978-83-part5,test,"Suppose the jury finds Dean guilty of the murder of Evans. Before passing sentence, the judge hears ",C,C,True,0,1533,101,"C  
Reasoning: The gold passage establishes that trial courts have wide latitude in sentencing and that appellate courts will only reverse a sentencing decision if there is an abuse of discretion. Since the introduction of Dean's criminal record was admitted by defense counsel and did not constitute new evidence, the trial court's decision to impose the maximum sentence of life imprisonment does not appear to be inherently unfair or clearly excessive. Therefore, the appellate court should hold that the sentence was not in error, making answer (C) correct.",,-100.0,-100.0,-19.375001907348636,-100.0,1.0
mbe_389,,MBE-1978-83-part5,test,The strongest argument for plaintiffs is,C,C,True,0,1813,123,"C  
Reasoning: The gold passage establishes that when the government classifies individuals based on race, it triggers strict scrutiny, meaning that any such classification must serve a compelling governmental interest and be narrowly tailored. Since the State Bar Association is an agency of the state and its actions (such as paying dues to a club that discriminates) can be seen as promoting discrimination, this provides a strong argument for the plaintiffs. They can argue that the State Bar Association's actions violate equal protection principles by supporting a private club that discriminates based on race, religion, and sex, making answer (C) the strongest argument.",,-100.0,-12.75001049041748,-1.0206720617134124e-05,-100.0,0.9999970976888382
mbe_390,,MBE-1978-83-part5,test,Which of the following actions should a federal district court take with respect to jurisdiction?,A,C,False,0,1487,103,"C  
Reasoning: The gold passage indicates that federal jurisdiction requires not only a contested federal issue but also a substantial one that reflects a serious federal interest. In this case, the issue revolves around the activities of the Bar Association, which is primarily a state matter. The plaintiffs are challenging the actions of a state entity regarding its expenditures and meeting locations, which suggests that the constitutional issue should be resolved in state court first. Therefore, the federal district court should abstain from jurisdiction, making answer (C) correct.",,-5.019009590148926,-5.769009590148926,-0.0190097708255052,-4.769009590148926,0.9817662191968102
mbe_410,,MBE-1978-83-part6,test,"In a telephone call on March 1, Adams, an unemployed, retired person, said to Daws, ""I will sell my ",D,C,False,0,1362,79,"C  
Reasoning: The gold passage emphasizes the necessity of identifying the specific provision of the contract that was allegedly breached. In this case, Dawes did not tender the $3,000 to Adams on or before March 14, which is a critical element of the contract formation and performance. Without this tender, Dawes cannot claim a breach of contract, making answer (C) correct.",,-100.0,-13.875003814697266,-3.4121114822482923e-06,-100.0,0.9999990577557856
mbe_417,,MBE-1978-83-part6,test,Carver is a chemical engineer. She has no interest in or connection with Chemco. Carver noticed that,C,C,True,0,1515,150,"C  
Reasoning: The gold passage outlines the elements required to establish a claim for fraudulent misrepresentation. For Page to prevail, he must demonstrate that Carver made a false material representation, knew it was false, intended for Page to rely on it, and that Page relied on it to his detriment. In this case, Carver did not make any false representations to Page; she simply offered to buy the stock at a price she believed was fair based on her knowledge. Since Carver did not tell Page that the stock was not worth more than $6 a share, and Page had access to Chemco's financial statement, he cannot claim misrepresentation. Therefore, answer (C) is correct as it indicates that Carver's silence on",,-100.0,-4.796354293823242,-0.0463542155921459,-3.296354293823242,0.9547214754234732
mbe_467,,MBE-1985-part7,test,"If the jury believes Adams, it should find him",D,C,False,0,1417,111,"C  
Reasoning: The gold passage indicates that a person must have a culpable mental state regarding the elements of a crime. In this case, if the jury believes Adams' testimony that he thought the stock certificates belonged to Curtis and that he was merely trying to help retrieve what he believed was Curtis' property, it suggests that he did not have the intent to commit larceny. Since intent is a crucial element of the crime, and Adams did not intend to steal, the jury should find him not guilty, making answer (C) correct.",,-100.0,-9.502562522888184,-0.0025622190441936,-6.002562046051025,0.9974528998735044
mbe_468,,MBE-1985-part7,test,"If the jury believes Bennett, it should find him",C,C,True,0,1373,99,"C  
Reasoning: The gold passage emphasizes that mens rea, or the intention to commit a crime, is a necessary element for a crime to be established. Since Bennett testified that he suspected Adams and Curtis of being thieves and joined them only to catch them, he did not have the intent to steal. Therefore, if the jury believes Bennett's testimony, it should find him not guilty because he lacked the requisite mens rea for conspiracy to commit larceny, making answer (C) correct.",,-100.0,-100.0,-3.128163257315464e-07,-18.5,0.9999999907625476
mbe_469,,MBE-1985-part7,test,"If the jury believes both Adams and Bennett, it should find Curtis",D,C,False,0,1394,120,"C  
Reasoning: The gold passage outlines the requirements for a conspiracy conviction, specifically that the defendant must have knowledge of the conspiracy and must have intended to join and effectuate its objectives. If the jury believes both Adams and Bennett, it suggests that they did not have the intent to commit larceny, as Adams believed he was helping Curtis retrieve his property and Bennett was trying to catch Adams and Curtis in the act. Since Curtis did not testify and there is no evidence of his intent to steal, convicting him would penalize him for not providing testimony, which aligns with answer (C).",,-6.75333833694458,-8.503338813781738,-0.0033383599948138,-6.25333833694458,0.9967060836365472
mbe_486,,MBE-1985-part7,test,Which of the following is most likely to be found to be a strict liability offense?,D,D,True,0,1412,99,"D  
Reasoning: The gold passage explains that strict liability crimes do not require proof of the defendant's mental state, meaning that the mere act of committing the offense is sufficient for a conviction. Among the options provided, the sale of adulterated milk is a clear example of a strict liability offense, as it is a public health concern where lawmakers may want to impose liability regardless of intent or knowledge. Therefore, answer (D) is the most likely to be found as a strict liability offense.",,-100.0,-100.0,-100.0,-6.635164754698053e-05,1.0
mbe_488,,MBE-1985-part7,test,When Mary Weld visited Dugan's Alleys to participate in the weekly bowling league competition held t,C,C,True,0,1588,120,"C  
Reasoning: The gold passage establishes that a duty of care arises when a party accepts custody and control of a minor child, which includes the responsibility to supervise the child to prevent harm. In this case, Dugan had a duty to ensure Bobby's safety while he was in the nursery. For Bobby to prevail in a negligence claim, it must be shown that Dugan or his employees failed to exercise reasonable care in supervising the children, which is the essence of option (C). Therefore, Bobby will prevail only if it can be demonstrated that Dugan did not meet this standard of care.",,-10.75013256072998,-100.0,-0.0001328599610133,-100.0,0.999978555045162
mbe_513,,MBE-1989-90-part2,test,"If Prout asserts a claim against Denton for assault, Prout will",C,A,False,0,1398,79,"A  
Reasoning: The gold passage defines assault as conduct that places the plaintiff in reasonable fear of bodily harm. For Prout to recover for assault, he must demonstrate that Denton intended to place him in fear of physical harm through his threatening statement. Since Denton's warning about ""accidents"" could reasonably be interpreted as an intention to instill fear, answer (A) is correct.",,-0.0142210945487022,-100.0,-4.26422119140625,-100.0,0.985936374299766
mbe_514,,MBE-1989-90-part2,test,"If Prout asserts a claim against Denton for intentional infliction of emotional distress, Prout will",A,B,False,0,1355,110,"B  
Reasoning: The gold passage outlines the elements required to prove a claim for intentional infliction of emotional distress, specifically that the defendant's conduct must be intentional or reckless and so outrageous that it is not tolerated by civilized society. Denton's threat to Prout about ""accidents"" if he sold his home to a minority purchaser can be seen as intentional conduct aimed at frightening Prout, which aligns with the requirement of intentionality. Therefore, Prout can recover because Denton intended to frighten him, making answer (B) correct.",,-1.2789959907531738,-0.528995931148529,-2.028995990753174,-100.0,0.5897976780773445
mbe_515,,MBE-1989-90-part2,test,"The German-made Doppelpferd, featuring sleek styling and remarkable fuel efficiency, is the most pop",A,C,False,0,1423,118,"C  
Reasoning: The gold passage discusses the concept of nominal damages, which are awarded when there is a legal right that has been invaded but no compensable injury has occurred. In this case, Hardsell Motors, Inc. resold the car to Karbuff for the same price of $9,000, which indicates that they did not suffer a financial loss due to Shift's repudiation of the contract. Therefore, Hardsell is unlikely to recover any actual damages, and the most appropriate outcome would be the award of nominal damages only, making answer (C) correct.",,-1.515666961669922,-2.265666961669922,-0.5156670212745667,-2.765666961669922,0.6071451336819211
mbe_517,,MBE-1989-90-part2,test,"Otto conveyed Goldacre to ""Andy, his heirs and assigns, but if Andy dies and is not survived by chil",B,B,True,0,1425,147,"B  
Reasoning: The gold passage discusses defeasible fee simple estates and indicates that such estates can terminate upon the occurrence of a stated event. In this case, Andy's interest in Goldacre is a defeasible fee simple that could terminate if he dies without children by his present wife, Jane. The right to take minerals is typically considered an incident of ownership in land, which includes the right to possess and exploit resources. Therefore, if Andy's estate is deemed a defeasible fee simple, he retains the right to take minerals until the condition (his death without children) occurs. This makes answer (B) correct, as it aligns with the principle that the right to take minerals is an incident of a defeasible fee simple.",,-6.516933917999268,-0.3919339179992676,-1.1419339179992676,-5.641933917999268,0.675766282118167
mbe_552,,MBE-1989-90-part2,test,"Oaks, the owner of Blackacre, conveyed a right-of-way to United Utility ""for the underground transpo",B,B,True,0,1317,96,"B  
Reasoning: The gold passage states that the scope of express easements is limited to the terms of the easement. Since the right-of-way granted to United Utility was for the underground transportation of gas by pipeline and the location was to be mutually agreed upon, the original installation of the pipeline defined the scope of the easement. Therefore, Oaks can prevail in asserting that United Utility does not have the right to install an additional pipeline, making answer (B) correct.",,-100.0,-2.935296834039036e-06,-100.0,-100.0,1.0
mbe_563,CONST. LAW,1991-Feb,test,"Plaintiff challenged the constitutionality of a state tax law, alleging that it violated the equal p",B,B,True,0,1556,144,"B  
Reasoning: The gold passage indicates that if a state court's judgment could be based on either a federal constitutional issue or an independent state law ground, and it is unclear which ground was used, the U.S. Supreme Court may take jurisdiction if the independent ground is not valid. In this case, the state supreme court's decision explicitly addresses the federal equal protection clause, and the U.S. Supreme Court believes that the interpretation is incorrect. Therefore, the appropriate action is to reverse the state supreme court's decision regarding the federal constitutional issue and remand for further proceedings, as the intertwined nature of the state and federal issues necessitates a proper resolution of the federal question. This makes answer (B) correct.",,-6.516063690185547,-0.3910636305809021,-1.1410636901855469,-100.0,0.6781711551007639
mbe_568,TORTS,1991-Feb,test,Able and Baker are students in an advanced high school Russian class. During an argument one day in ,D,D,True,0,1320,102,"D  
Reasoning: The gold passage outlines the requirements for a defamation claim, emphasizing that a plaintiff must prove an unprivileged publication to a third party. Since Able made the accusation in Russian, it is crucial to establish whether any of the other students understood the language to determine if the statement was indeed published to a third party. If none of the other students understood Russian, then there was no publication to a third party, and Baker would not prevail. Therefore, answer (D) is correct.",,-7.755124092102051,-3.505124092102051,-1.0051242113113403,-0.5051242113113403,0.6034901372975817
mbe_598,CONTRACTS,1991-Feb,test,"For this question only, assume the following facts. At Ohner's insistence, the written Ohner-Planner",C,D,False,0,1426,94,"D  
Reasoning: The gold passage defines unjust enrichment as the retention of benefits that belong to another, where such retention would be unjust. In this case, Planner has performed 40% of the work on Ohner's property, and if Ohner refuses to pay after receiving this benefit, he would be unjustly enriched by retaining the value of the work without compensating Planner. Therefore, unjust enrichment best supports Planner's claim against Ohner for breach of contract.",,-6.252650260925293,-100.0,-7.252650260925293,-0.0026503324043005,0.9973663258417852
mbe_608,REAL PROP.,1991-Feb,test,"Frank owned two adjacent parcels, Blackacre and Whiteacre. Blackacre fronts on a poor unpaved public",D,D,True,0,1374,80,"D  
Reasoning: The gold passage establishes that an easement can be created expressly, which is the case here as Frank granted a right-of-way over Whiteacre to Sam. Since Sam conveyed both Blackacre and Whiteacre to Joe, Joe retains the easement granted by Frank to Sam. Therefore, Doris cannot enjoin Joe from using the right-of-way, making answer (D) correct.",,-10.500706672668455,-7.500707149505615,-9.000706672668457,-0.0007069521816447,0.999296464753672
mbe_614,TORTS,1991-Feb,test,Peter and Donald were in the habit of playing practical jokes on each other on their respective birt,A,C,False,0,1450,121,"C  
Reasoning: The gold passage outlines the elements of proximate cause, emphasizing that foreseeability is key in determining liability. While Donald knew that the cake would be harmful to Peter, the subsequent events leading to Peter's broken leg (the ambulance driver's heart attack and the collision) were not a foreseeable consequence of Donald's actions. The passage indicates that foreseeability pertains to the general danger created by the negligent act, not the exact sequence of events. Therefore, Donald could not reasonably be expected to foresee injury to Peter's leg as a direct result of his actions, making answer (C) correct.",,-2.583393096923828,-3.083393096923828,-0.3333931565284729,-1.833393096923828,0.7181548921038317
mbe_616,REAL PROP.,1991-Feb,test,"Twenty-five years ago, Seller conveyed Blackacre to Buyer by a warranty deed. Seller at that time al",B,D,False,0,1438,118,"D  
Reasoning: The gold passage outlines the five elements required for a claim of adverse possession, which must be proven concurrently for a period of 20 years. In this case, Buyer has not satisfied the requirement for the ten-foot strip of Greenacre because he does not have continuous, hostile, actual, open, notorious, and exclusive possession of that land, as it is owned by Neighbor. Additionally, Buyer does not have title to Whiteacre since Seller did not have title to convey it. Therefore, Buyer would not obtain title to either property, making answer (D) correct.",,-3.059175729751587,-1.5591756105422974,-4.809175491333008,-0.3091756403446197,0.7344615519683704
mbe_618,CONTRACTS,1991-Feb,test,"For this question only, assume that there is a valid contract between Alice and Barry and that Elda ",A,C,False,0,1405,86,"C  
Reasoning: The gold passage indicates that whether a remedy is considered plain, speedy, and adequate is at the discretion of the court. In this case, specific performance of a promise to pay money is generally not granted by courts, as monetary damages are typically seen as an adequate remedy for breach of contract. Therefore, Alice is unlikely to succeed in her action against Barry for specific performance, making answer (C) correct.",,-100.0,-100.0,-20.375,-100.0,1.0
mbe_629,TORTS,1991-Feb,test,"Palmco owns and operates a beachfront hotel. Under a contract with City to restore a public beach, D",B,B,True,0,1287,121,"B  
Reasoning: The gold passage outlines the requirements for a private nuisance claim, which include interference with the use or enjoyment of property rights, significant harm caused by the invasion, and that the invasion was either intentional and unreasonable or actionable under rules of negligence or ultrahazardous conduct. In this case, the noise from Dredgeco's stone-crushing machine is disturbing hotel guests and causing financial losses to Palmco, which aligns with the criteria for a private nuisance. Therefore, Palmco's best chance to recover damages is under the theory of private nuisance, making answer (B) correct.",,-100.0,-3.392824874026701e-05,-100.0,-100.0,1.0
mbe_631,EVIDENCE,1991-Feb,test,Paulsen Corporation sued Dorr for ten fuel oil deliveries not paid for. Dorr denied that the deliver,C,A,False,0,1465,83,"A  
Reasoning: The gold passage explains that records kept in the course of regularly conducted business activity are admissible under Fed. R. Evid. 803(6). Wicks's testimony is based on the examination of business records that were kept in the ordinary course of Paulsen Corporation's operations, which supports the admissibility of his testimony regarding the ten deliveries. Therefore, answer (A) is correct.",,-6.635164754698053e-05,-9.750066757202148,-100.0,-100.0,0.9999417087579778
mbe_640,TORTS,1991-Feb,test,"While driving his car, Plaintiff sustained injuries in a three-car collision. Plaintiff sued the dri",D,C,False,0,1332,150,"C  
Reasoning: The gold passage explains the doctrine of joint and several liability, which allows a plaintiff to recover the full amount of damages from any one of the defendants, regardless of their individual share of fault. In this case, Plaintiff can collect $60,000 from either D-1 or D-2 (the total damages of $100,000 minus Plaintiff's 40% fault, which is $40,000). Since D-1 is 30% at fault, D-1 can seek contribution from D-2 for the amount D-1 paid to Plaintiff that exceeds D-1's share of fault. D-1's share of fault is $30,000 (30% of $100,000), so D",,-8.506641387939453,-5.256641387939453,-0.0066415988840162,-6.756641387939453,0.99342169289408
mbe_642,REAL PROP.,1991-Feb,test,"Hal and Wan owned Blackacre as joint tenants, upon which was situated a two-family house. Hal lived ",D,B,False,0,1495,116,"B  
Reasoning: The gold passage explains that a joint tenancy is an estate held by two or more persons with equal rights and that the continuance of the joint tenancy depends on the maintenance of the unities of title, interest, and possession. Since Hal had a judgment against him that was properly filed before his death, Tent's judgment creates a lien against Hal's undivided one-half interest in Blackacre. Wan's lack of knowledge about the judgment does not affect the validity of the lien against Hal's interest prior to his death, making answer (B) correct.",,-100.0,-0.0001157019651145,-9.250115394592283,-11.250115394592283,0.9998908929223976
mbe_650,EVIDENCE,1991-Feb,test,"At Darrow's trial for stealing an automobile, Darrow called a character witness, Goode, who testifie",D,C,False,0,1226,91,"C  
Reasoning: The gold passage indicates that only the accused can ""open the door"" for the prosecution to introduce rebuttal character evidence. Since Darrow is the defendant and Goode is a character witness, the prosecutor cannot introduce evidence of Darrow's cheating on a college examination as rebuttal character evidence. Therefore, the evidence should be excluded because it has no probative value on any issue in the case, making answer (C) correct.",,-4.137722015380859,-1.3877220153808594,-0.3877220153808594,-2.88772201538086,0.6786644655347168
mbe_669,CRIM. LAW,1991-Feb,test,Miller was indicted in a state court in January 1985 for a robbery and murder that occurred in Decem,C,C,True,0,1617,104,"C  
Reasoning: The gold passage emphasizes the fundamental right to a jury trial, which is guaranteed by the Constitution. It states that a waiver of this right must be made voluntarily and knowingly, and that a court cannot accept such a waiver unless the defendant is advised of their right to a jury trial and waives it on the record. Since the judge did not determine whether Miller understood that he had a right to a jury trial, this failure could provide a constitutional basis for relief, making answer (C) correct.",,-100.0,-100.0,-18.750036239624023,-100.0,1.0
mbe_670,CRIM. LAW,1991-Feb,test,Sally told Michael she would like to have sexual intercourse with him and that he should come to her,D,C,False,0,1296,107,"C  
Reasoning: The gold passage establishes that a reasonable mistake of fact can serve as a defense if it negates the required culpability for the offense. In this case, Michael reasonably believed that Sally was 18 years old and thus capable of consenting to sexual intercourse. After Sally expressed her change of mind, he left the apartment, indicating he did not intend to proceed against her will. Therefore, his mistaken belief about her age and his subsequent withdrawal after her refusal support that he is not guilty of attempting to violate the statute.",,-7.750555038452148,-100.0,-0.0005548207554966,-9.250555038452148,0.9994734233511122
mbe_676,REAL PROP.,1991-Feb,test,"Stoven, who owned Craigmont in fee simple, mortgaged Craigmont to Ulrich to secure a loan of $100,00",D,B,False,0,1543,150,"B  
Reasoning: The gold passage discusses the recording of deeds and how it affects the passage of title, but it does not directly address the priority of mortgages or the specific circumstances of subrogation and countervailing equities. To determine that Zom's mortgage is entitled to priority over Martin's mortgage, it is necessary to establish that Ulrich's mortgage was originally senior to Martin's (I), and that there are no countervailing equities in favor of Martin (III). However, the passage does not provide support for the revival of Ulrich's mortgage for Zorn's benefit or her subrogation to Ulrich's position (II). Therefore, the necessary determinations to support the ruling are I and III only, making answer (",,-2.936969757080078,-0.9369696378707886,-1.4369696378707886,-1.1869696378707886,0.3967204375245068
mbe_678,CRIM. LAW,1991-Feb,test,"One evening, Parnell had several drinks and then started to drive home. As he was proceeding down Ma",B,C,False,0,1473,88,"C  
Reasoning: The gold passage outlines that for involuntary manslaughter, the prosecution must prove that the defendant acted with gross negligence or a reckless disregard for human life. If Parnell can argue that his intoxication prevented him from forming the necessary mens rea for manslaughter, he may have a strong defense for acquittal. This aligns with option (C), making it the best argument for his acquittal.",,-100.0,-1.912630915641785,-0.1626309305429458,-100.0,0.8519528000888387
mbe_685,EVIDENCE,1991-Feb,test,Dooley and Melville were charged with conspiracy to dispose of a stolen diamond necklace. Melville j,B,C,False,0,1291,114,"C  
Reasoning: The gold passage outlines the requirements for a hearsay statement to be admissible under Rule 804(b)(3), specifically that the statement must be against the declarant's penal interest when made and that it must be trustworthy. In this case, Melville's statement to Wixon about owing Dooley money from selling the stolen necklace does not appear to be made in furtherance of the conspiracy, which is a necessary condition for it to be admissible. Therefore, Wixon's testimony is inadmissible, making answer (C) correct.",,-14.253189086914062,-5.753189086914063,-0.0031891206745058,-100.0,0.9968266735586296
mbe_700,CONTRACTS,1991-Feb,test,"On March 1, Hotz Apartments, Inc., received from Koolair, Inc., a letter offering to sell Hotz 1,200",D,D,True,0,1304,86,"D  
Reasoning: The gold passage discusses the necessity for an acceptance to be substantially as made, indicating that any differing terms or conditions would render the acceptance invalid and constitute a counteroffer. In this case, since Hotz's acceptance was posted after the revocation was communicated, and it did not arrive until after the offer had been revoked, Hotz's attempted acceptance was ineffective. Therefore, answer (D) is correct.",,-5.008591651916504,-8.508591651916504,-6.508591651916504,-0.0085916453972458,0.991625863855336
mbe_701,TORTS,1991-Feb,test,Dieter parked her car in violation of a city ordinance that prohibits parking within ten feet of a f,D,C,False,0,1300,111,"C  
Reasoning: The gold passage outlines the doctrine of negligence per se, which requires that the violation of an ordinance must protect the class of persons to which the plaintiff belongs and guard against the type of harm that occurred. In this case, Dieter's violation of the parking ordinance does not directly relate to the cause of Plaintiff's injury, as the injury resulted from Grove's negligent driving, not from Dieter's parked car itself. Therefore, Dieter's parked car was not an active or efficient cause of Plaintiff's injury, making answer (C) correct.",,-5.255297183990479,-10.005297660827637,-0.0052971965633332,-100.0,0.9947349491107484
mbe_714,CONTRACTS,1991-Feb,test,Will Green probably succeed in an action against Farmer for specific performance?,B,B,True,0,1419,89,"B  
Reasoning: The gold passage establishes that time is not ordinarily considered to be of the essence in the performance of a contract unless explicitly stated or indicated. Since the contract between Green and Farmer does not indicate that time is of the essence, the delay in tendering possession due to the tenant's holdover is likely excusable. Therefore, Green will probably succeed in an action against Farmer for specific performance, making answer (B) correct.",,-3.0486268997192383,-0.0486268810927867,-11.173626899719238,-100.0,0.9525607535398796
mbe_715,CONTRACTS,1991-Feb,test,"For this question only, make the following assumptions. On January 30, Farmer accepted a conveyance ",C,C,True,0,1770,150,"C  
Reasoning: The gold passage discusses the concept of ""reasonable time"" in the context of performance obligations under a contract. In this case, Green's delay in delivering possession of Greenacre until January 30 was not unreasonable given the circumstances of the tenant's refusal to vacate. Farmer is entitled to recover damages for the period he was unable to use the land, which is the fair rental value of Greenacre for 15 days, amounting to $2,500. However, since Green had no knowledge of Farmer's specific plans to use the land for grazing cattle, Farmer cannot recover the additional $2,000 for the cost of renting another pasture. Therefore, the correct answer is (C), which reflects the fair rental value of",,-6.703007698059082,-7.578007698059082,-0.578007698059082,-0.828007698059082,0.5611986712867959
mbe_723,CONTRACTS,1991-Feb,test,"For an agreed price of $20 million, Bildko, Inc., contracted with Venture to design and build on Ven",C,C,True,0,1415,140,"C  
Reasoning: The gold passage outlines the requirements for proving assumption of risk, which includes the plaintiff's actual or constructive knowledge of the risk, appreciation of its character, and voluntary acceptance of the risk. In this case, Bildko, Inc. entered into a contract without knowledge of the subsurface granite, which indicates that they did not assume the risk of encountering it. However, since both parties were unaware of the granite at the time of the contract, it suggests that Bildko did not have the requisite knowledge to assume the risk. Therefore, Venture is likely to prevail because Bildko assumed the risk of construction challenges inherent in the contract, making answer (C) the most appropriate choice.",,-4.097208499908447,-0.8472086191177368,-0.5972086191177368,-100.0,0.5527921567484483
mbe_726,CRIM. LAW,1991-Feb,test,"If the statute is interpreted to create strict liability and Crouse is charged with violating it, Cr",B,B,True,0,1337,96,"B  
Reasoning: The gold passage defines a strict liability crime as one where the action alone is sufficient for a conviction, without the need to prove a mental state (mens rea). In this case, Crouse's act of hiring underage workers constitutes the violation of the child labor law, regardless of his lack of knowledge or belief that he was following company policy. Therefore, Crouse is guilty simply for having hired the children, making answer (B) correct.",,-0.8264697194099426,-0.5764697194099426,-8.201469421386719,-100.0,0.5620222843551373
mbe_727,CRIM. LAW,1991-Feb,test,"If the statute is interpreted to create strict liability and Morten is convicted of violating it, hi",D,D,True,0,1317,109,"D  
Reasoning: The gold passage establishes that principals can be held strictly liable for the acts of their agents if they create an appearance of authorization or if they authorize or ratify those acts. In this case, Morten, as the general manager and CEO, was in a position to exercise control over the hiring practices at Woolen Company. Therefore, his conviction for the violation of the child labor laws would not violate due process, as he had the ability to prevent the illegal hiring of underage workers, making answer (D) correct.",,-3.821711778640747,-6.946711540222168,-3.071711778640747,-0.0717116892337799,0.9308056699426774
mbe_736,CONTRACTS,1991-Feb,test,"Which of the following, if proved, would most strengthen Gennybelle's prospect of recovery?",B,B,True,0,1380,128,"B  
Reasoning: The gold passage indicates that a bid is equivalent to an offer, and no contract is formed until acceptance occurs. In this case, Gennybelle's bid was based on Mural's offer, which was later revoked. If Gennybelle was required to submit a bid bond and could not withdraw or amend her bid without forfeiting that bond, this strengthens her position by demonstrating that she was bound to her bid based on Mural's initial offer. This situation implies that Gennybelle had a legitimate reliance on Mural's offer, making answer (B) the most supportive of her recovery prospects.",,-4.5135369300842285,-0.0135369915515184,-6.0135369300842285,-100.0,0.9865944023532822
mbe_737,CONTRACTS,1991-Feb,test,"Which of the following, if proved, would best support Mural's defense?",D,A,False,0,1505,101,"A  
Reasoning: The gold passage indicates that a party cannot rely on an error in computation to repudiate a bid if there was no consideration or binding agreement in place. Mural's defense would be best supported by showing that Gennybelle gave no consideration for the irrevocable sub-bid, which aligns with answer (A). This suggests that Mural's sub-bid was not binding, as there was no exchange of consideration, thus allowing Mural to revoke the bid without liability.",,-0.0003633521846495,-8.25036334991455,-100.0,-100.0,0.9997388096803116
mbe_740,REAL PROP.,1991-Feb,test,"Ozzie owned and occupied Blackacre, which was a tract of land improved with a onefamily house. His f",A,A,True,0,1518,101,"A  
Reasoning: The gold passage indicates that specific performance will not be granted if the vendor is unable to convey a clear and marketable title. In this case, the agreement between Ozzie and Victor was oral, which typically does not satisfy the Statute of Frauds requirements for real estate transactions, making the agreement unenforceable. Therefore, if Ozzie loses the action for specific performance, the most likely reason will be that the agreement was oral, making answer (A) correct.",,-0.4769515097141266,-5.976951599121094,-0.9769514799118042,-8.601951599121094,0.6207657977876698
mbe_747,TORTS,1991-Feb,test,"Jones, who was driving his car at night, stopped the car and went into a nearby tavern for a drink. ",C,C,True,0,1327,87,"C  
Reasoning: The gold passage explains that under Mississippi's comparative negligence doctrine, damages awarded to a plaintiff will be reduced by the percentage of negligence attributed to that plaintiff. Since Peters is suing both Davis and Jones, he can recover the amount of damages he suffered, but that amount will be diminished by his own percentage of fault. Therefore, answer (C) is correct, as it aligns with the principle outlined in the passage.",,-100.0,-100.0,-2.2007883671903983e-05,-100.0,1.0
mbe_753,TORTS,1991-July,test,Penstock owned a large tract of land on the shore of a lake. Drury lived on a stream that ran along ,A,B,False,0,1398,103,"B  
Reasoning: The gold passage outlines the elements required for a claim of intentional trespass, which includes an invasion of the property owner's exclusive possession. Since Drury believed the channel was a public waterway and caused no harm to Penstock's land, if he ceased using the channel upon learning of Penstock's ownership claim, he would not have intentionally invaded Penstock's possessory interest. Therefore, the correct disposition of the case would be a judgment for Drury, making answer (B) correct.",,-4.328190326690674,-0.3281905055046081,-1.328190565109253,-6.828190326690674,0.7206176265040544
mbe_765,EVIDENCE,1991-July,test,"In a prosecution of Drew for forgery, the defense objects to the testimony of West, a government exp",B,B,True,0,1353,108,"B  
Reasoning: The gold passage indicates that the trial court has the discretion to evaluate the qualifications of an expert witness, which suggests that the judge can consider evidence regarding the expert's qualifications. Since the letter from West's former professor is relevant to establishing West's qualifications, it can be considered by the judge without regard to the hearsay rule. The passage does not indicate that the jury can consider the letter at this stage, as it is focused on the judge's role in determining qualifications. Therefore, answer (B) is correct.",,-6.026156902313232,-0.0261567663401365,-7.776156902313232,-3.776156663894653,0.9742531750031108
mbe_779,REAL PROP.,1991-July,test,"Able was the owner of Blackacre, an undeveloped city lot. Able and Baker executed a written document",B,A,False,0,1422,94,"A  
Reasoning: The gold passage discusses the concept of conversion, which involves the interference with a possessory interest in property. In this case, Baker's use of Blackacre for parking can be seen as an act that demonstrates part performance of the contract, indicating that he was exercising control over the property. This use can support Able's claim for specific performance, as it shows Baker's acknowledgment of the agreement to purchase Blackacre, making answer (A) correct.",,-0.0379507131874561,-5.28795051574707,-3.5379507541656494,-100.0,0.9657684329077504
mbe_788,CRIM. LAW,1991-July,test,Phillips bought a new rifle and wanted to try it out by doing some target shooting. He went out into,A,C,False,0,1549,150,"C  
Reasoning: The gold passage explains that for a conviction of ""reckless"" or ""universal malice"" murder, the defendant must have acted with a culpable mind and determined to follow a course of action that he knows will likely lead to harm. In this case, while Phillips did fire a rifle in the direction of a playground, he did not demonstrate the requisite intent or determination to harm anyone, as he was attempting to target shoot and was unaware of the children playing nearby. Therefore, the evidence does not support a murder conviction but may support a conviction of involuntary manslaughter, which involves unintentional killing resulting from reckless conduct. Thus, the appellate court should reverse the conviction and remand for a new trial,",,-2.1274993419647217,-8.6274995803833,-0.1274992376565933,-100.0,0.8806392657925948
mbe_796,TORTS,1991-July,test,"Defendant left her car parked on the side of a hill. Two minutes later, the car rolled down the hill",C,C,True,0,1450,105,"C  
Reasoning: The gold passage explains the doctrine of res ipsa loquitur, which allows for an inference of negligence based on the circumstances surrounding an injury. However, in this case, Defendant provided evidence that she took reasonable precautions by turning the wheels into the curb and using the emergency brakes, which were functioning properly. Additionally, the evidence of juveniles tampering with cars suggests an alternative explanation for the accident. Therefore, the jury was not required to infer negligence from the circumstances, making answer (C) correct.",,-100.0,-100.0,-18.000043869018555,-100.0,1.0
mbe_826,REAL PROP.,1991-July,test,"Adam owns his home, Blackacre, which was mortgaged to Bank by a duly recorded purchase money mortgag",C,C,True,0,1368,114,"C  
Reasoning: The gold passage discusses the necessity of tenants in a foreclosure action but does not provide a direct legal principle regarding the priority of security interests in removable fixtures. However, the context of the question indicates that the window inserts are removable, which typically allows for a security interest to take precedence over a mortgage in cases where the items can be detached without causing damage to the property. Therefore, Vend, having properly filed a security interest in the removable window inserts before they were installed, would likely prevail over Bank's mortgage claim, making answer (C) correct.",,-9.500606536865234,-8.750606536865234,-0.0006062911124899,-100.0,0.999766741324638
mbe_829,CRIM. LAW,1991-July,test,"A kidnapping statute in State A makes it a crime for a person, including a parent, to ""take a child ",B,B,True,0,1588,98,"B  
Reasoning: The gold passage establishes that good-faith reliance on the advice of counsel can be relevant to the issue of intent when intent is an element of the charged crime. Since Dave believed he was acting legally based on his attorney's advice, this belief indicates he lacked the necessary mental element (intent) required for the crime of kidnapping. Therefore, if the jury believes his testimony, he should be acquitted because he lacked the requisite intent, making answer (B) correct.",,-12.875009536743164,-9.372294698550832e-06,-13.875009536743164,-100.0,0.9999964964785982
mbe_832,CONST. LAW,1991-July,test,A law of the state of Wonatol imposed a generally applicable sales tax payable by the vendor. That l,C,C,True,0,1549,96,"C  
Reasoning: The gold passage explains that a program violates the Establishment Clause when it allows the government to advance or inhibit religion. The new, narrower exemption from the state sales tax law grants preferential treatment to publications that are religious in nature, thereby favoring recognized religious faiths over non-religious publications. This preferential treatment likely violates the Establishment Clause by not maintaining the required ""benevolent neutrality"" towards all forms of expression, making answer (C) correct.",,-100.0,-100.0,-8.2994620242971e-06,-100.0,1.0
mbe_838,EVIDENCE,1991-July,test,Defendant was charged with possession of cocaine with intent to distribute. He had been stopped whil,B,B,True,0,1225,81,"B  
Reasoning: The gold passage defines relevant evidence as that which makes the existence of a consequential fact more or less probable. The state motor vehicle registration, which lists Defendant as the owner of the car, is relevant because it establishes a close connection between Defendant and the vehicle, thereby making it more probable that he had knowledge of the contents of the trunk. Therefore, answer (B) is correct.",,-100.0,-3.15441757265944e-05,-100.0,-100.0,1.0
mbe_845,CONST. LAW,1991-July,test,"Assume that Congress passed and the President signed the following statute: ""The appellate jurisdict",A,A,True,0,1255,105,"A  
Reasoning: The gold passage indicates that while Congress has the authority to regulate the appellate jurisdiction of the Supreme Court, it must do so in a manner that does not seriously interfere with the establishment of a uniform body of federal constitutional law. The statute in question limits the Supreme Court's ability to review cases involving state statutes on abortion, which could undermine the uniformity of federal constitutional law. Therefore, the strongest argument against the constitutionality of the statute is that it violates this principle, making answer (A) correct.",,-0.0014208302600309,-100.0,-100.0,-100.0,1.0
mbe_873,TORTS,1991-July,test,"If Perkins sues Dumont for damages for emotional distress, will she prevail?",C,C,True,0,1464,85,"C  
Reasoning: The gold passage outlines the elements required to establish a claim for intentional infliction of emotional distress, which includes the necessity of showing ""severe emotional distress."" While Dumont's conduct may have been extreme and outrageous, Perkins must demonstrate that she suffered severe emotional distress as a result. If she did not experience such severe distress, she would not prevail in her lawsuit, making answer (C) correct.",,-6.002492427825928,-100.0,-0.0024924222379922,-100.0,0.997527376857148
mbe_874,TORTS,1991-July,test,"If Perkins asserts a claim based on misrepresentation against Dumont, will she prevail?",D,A,False,0,1376,99,"A  
Reasoning: The gold passage outlines the requirements for establishing a claim for fraudulent misrepresentation, which includes a false statement concerning a material fact and the representer's knowledge that the representation is false. If Dumont knew he had no legal power of condemnation, then he made a false statement with the intent to induce Perkins to act (i.e., to accept his offer). Therefore, if Perkins can prove that Dumont was aware of the falsehood, she will prevail under option (A).",,-6.32523515378125e-05,-15.125062942504885,-100.0,-100.0,0.9999997300421388
mbe_880,EVIDENCE,1991-July,test,"Damson was charged with murder, and Wagner testified for the prosecution. On crossexamination of Wag",A,A,True,0,1226,98,"A  
Reasoning: The gold passage indicates that cross-examination can include questions that reveal a witness's untruthful bent or willingness to prioritize self-interest over principles. Wagner's potential bias due to the prosecutor's promise to drop charges against her if she testifies against Damson demonstrates a significant interest in her own self-preservation, making it relevant for impeachment. Therefore, the evidence about the prosecutor's promise is admissible as proper impeachment of Wagner, making answer (A) correct.",,-0.0001615843648323,-100.0,-100.0,-100.0,1.0
mbe_887,REAL PROP.,1991-July,test,Homer and Ethel were jointly in possession of Greenacre in fee simple as tenants in common. They joi,B,B,True,0,1419,124,"B  
Reasoning: The gold passage outlines the requirements for a valid boundary-line agreement, emphasizing that the agreement must be between adjoining landowners and that there must be a dispute about the boundary line. In this case, Ethel, as a tenant in common with Homer, entered into a boundary line agreement with Mitchell, which was valid and recorded. However, since one tenant in common cannot unilaterally bind another tenant in common to a boundary line agreement without their consent, Homer can repudiate the agreement. Therefore, Homer will win the action against Mitchell and Ethel, making answer (B) correct.",,-100.0,-0.2017291635274887,-1.70172917842865,-8.451728820800781,0.8173998831073348
mbe_912,CRIM. LAW,1991-July,test,"In which of the following situations is the defendant most likely to be convicted, even though he di",B,C,False,0,1440,138,"C  
Reasoning: The gold passage discusses the relationship between aggravated assault and murder, indicating that a lesser offense can merge into a greater offense when the same facts are used to establish both. In option (C), the defendant did not intend to cause the fire but engaged in conduct (short-circuiting the alarm) that led to the destruction of the store, which can be seen as a reckless disregard for the consequences of his actions. This aligns with the principle that a defendant can be convicted for unintended harm resulting from their actions, particularly in cases of arson where the act of burglary led to a significant consequence. Thus, the defendant is most likely to be convicted in this scenario.",,-3.8441786766052246,-4.594178676605225,-0.0941787511110305,-2.8441786766052246,0.9102870171750737
mbe_913,CONTRACTS,1991-July,test,Happy-Time Beverages agreed in writing with Fizzy Cola Company to serve for three years as a distrib,D,D,True,0,1509,118,"D  
Reasoning: The gold passage discusses the concept of usage of trade, which refers to practices that are regularly observed in a particular industry or locality that can influence the interpretation of contracts. If it is established that it is a uniform practice in the soft-drink industry for distributors to handle only one brand of cola, this fact would strengthen Fizzy Cola's case by suggesting that Happy-Time's actions in distributing Cool Cola could be seen as a breach of the expectation created by the industry standard. Therefore, answer (D) is the most relevant fact to support Fizzy Cola's claim.",,-9.379908561706545,-2.129908561706543,-5.879908561706543,-0.1299085468053817,0.8782606287263973
mbe_921,CONTRACTS,1991-July,test,"Freund, a U.S. west-coast manufacturer, gave Wrench, a hardware retailer who was relocating to the e",D,B,False,0,1451,134,"B  
Reasoning: The passage discusses the enforceability of contracts and emphasizes that contracts should be enforced unless they violate a statute, rule of law, or public policy. In this case, Freund's promise to Tuff is a unilateral contract that becomes enforceable when Tuff extends credit to Wrench. However, the statement in option (B) incorrectly characterizes Tuff's action as an acceptance of an offer for a unilateral contract. Instead, Tuff's act of extending credit is not an acceptance of an offer but rather a performance that triggers Freund's obligation. Therefore, option (B) is NOT an accurate statement concerning the arrangement between Freund and Tuff.",,-1.1651978492736816,-0.9151978492736816,-3.1651978492736816,-1.4151978492736816,0.401488612602819
mbe_930,EVIDENCE,1991-July,test,"Pamela sued Driver for damages for the death of Pamela's husband Ronald, resulting from an automobil",A,A,True,0,1239,115,"A  
Reasoning: The gold passage outlines the requirements for a statement against interest under Rule 804(b)(3), which includes that the declarant must be unavailable to testify, the statement must be against the declarant's penal interest, and there must be corroborating circumstances suggesting the statement is trustworthy. Ronald's statement, ""It was my own fault; there's nobody to blame but me,"" indicates an admission of fault, which qualifies as a statement against his interest. Therefore, the doctor's testimony should be admitted as a statement against interest, making answer (A) correct.",,-0.1311901956796646,-5.631190299987793,-2.131190299987793,-100.0,0.8776379293873895
mbe_932,CONTRACTS,1991-July,test,"Slalome, a ski-shop operator, in a telephone conversation with Mitt, a glove manufacturer, ordered 1",B,B,True,0,1306,86,"B  
Reasoning: The gold passage indicates that an unsigned contract can still be enforceable if there is objective evidence showing that the parties intended to be bound. In this case, Mitt's faxed memo serves as objective evidence of the agreement between Slalome and Mitt, confirming the purchase of the gloves. Therefore, Mitt has a cause of action against Slalome for breach of contract, making answer (B) correct.",,-12.250102043151855,-0.0001022319484036,-100.0,-100.0,0.9999952149046016
mbe_995,,1992,test,An issue in Parker's action against Daves for causing Parker's back injury was whether Parker's cond,B,B,True,0,1202,74,"B  
Reasoning: The gold passage states that a declarant's statement about past or current causes, symptoms, or conditions made for the purpose of medical diagnosis or treatment is not barred by the hearsay rules. Since Watts's testimony is based on Parker's statement regarding his physical condition before the accident, it falls within this exception, making answer (B) correct.",,-9.50024700164795,-0.0002465582510922,-100.0,-100.0,0.9999251538056736
mbe_1010,CRIM. LAW,1998,test,Joe and Marty were coworkers. Joe admired Marty's wristwatch and frequently said how much he wished ,A,D,False,0,1320,89,"D  
Reasoning: The gold passage defines larceny as the wrongful taking of another's property without permission and with the intent to permanently deprive the owner of that property. In this case, when Marty explicitly told Joe that he could take the watch, he granted permission for Joe to possess it. Therefore, Joe did not commit larceny, as he had the owner's consent to take the watch, making answer (D) correct.",,-1.912850022315979,-6.6628499031066895,-7.4128499031066895,-0.1628500521183014,0.8503491294068403
mbe_1032,CONTRACTS,1998,test,"For this question only, assume that Conglomerate orally approved the contract, but that Shareholder ",A,C,False,0,1668,128,"C  
Reasoning: The gold passage emphasizes the importance of mutuality of obligation in a contract, stating that both parties must be bound by the terms for the contract to be enforceable. In this case, Buyer's promise to buy was conditioned on Conglomerate's approval, which means that Buyer was not fully bound to the contract until that condition was met. Since Shareholder's promise to sell was contingent on an uncertain event (the approval), there was a lack of mutuality of obligation at the time the agreement was made. Therefore, Buyer is likely to lose the suit for breach of contract, making answer (C) correct.",,-13.250913619995115,-100.0,-0.0009139667963609,-7.000914096832275,0.9990871917861992
mbe_1033,CONTRACTS,1998,test,"For this question only, assume the following facts. Shareholder subsequently refused to consummate t",A,C,False,0,1470,94,"C  
Reasoning: The gold passage outlines the requirements for asserting a claim for detrimental reliance, which includes establishing a representation, justifiable reliance, and a change in position to one's detriment. However, in this case, the express condition of Conglomerate's approval had not been fulfilled prior to the lawsuit, meaning Buyer cannot claim that it was entitled to enforce the contract without this approval. Therefore, Buyer is unlikely to prevail, making answer (C) correct.",,-8.27087116241455,-4.020870685577393,-0.0208707097917795,-6.020870685577393,0.979378548066592
mbe_1038,CONST. LAW,1998,test,City enacted an ordinance banning from its public sidewalks all machines dispensing publications con,D,D,True,0,1359,128,"D  
Reasoning: The gold passage establishes that for a restriction on commercial speech to be constitutional, it must directly advance the state's interest and be proportionate to that interest. In this case, while City has a legitimate interest in preserving the aesthetics of its sidewalks and streets, the ordinance banning only machines dispensing commercial advertisements does not appear to directly advance that interest effectively, especially since other types of publications are still allowed. This suggests that the ordinance may not be the least restrictive means to achieve the aesthetic goal, leading to the conclusion that there is not a reasonable fit between the means chosen and the legitimate interest, making answer (D) correct.",,-100.0,-9.627248764038086,-1.5022488832473757,-0.2522489130496979,0.7772486126273098
mbe_1041,CONST. LAW,1998,test,The state of Brunswick enacted a statute providing for the closure of the official state records of ,C,C,True,0,1739,117,"C  
Reasoning: The gold passage emphasizes the importance of the right to publish and gather news as central to the First Amendment. It suggests that any statute limiting access to information must be carefully scrutinized, especially when it pertains to the press's ability to gather news. Answer (C) highlights that the statute only restricts public access to official state records and does not prevent private individuals from publishing information they possess. This distinction may help the state argue that the statute does not infringe upon the press's rights to gather and publish information, thereby supporting the constitutionality of the statute.",,-7.251070499420166,-100.0,-0.0010705619351938,-100.0,0.9992903295565658
mbe_1042,CRIM. LAW,1998,test,"Nora, executive director of an equal housing opportunity organization, was the leader of a sit-in at",C,C,True,0,1318,86,"C  
Reasoning: The gold passage establishes that a criminal defendant can object to race-based exclusions of jurors through peremptory challenges, regardless of whether the defendant shares the same race as the excluded jurors. This principle supports the argument that Nora's conviction should be reversed due to the prosecution's racially discriminatory use of peremptory challenges, which violates the Equal Protection Clause. Therefore, answer (C) is correct.",,-100.0,-100.0,-7.896309739408025e-07,-100.0,1.0
mbe_1073,CONST. LAW,1998,test,A federal statute provides that the cities in which certain specified airports are located may regul,B,D,False,0,1515,107,"D  
Reasoning: The gold passage discusses the balance between state regulations and interstate commerce, indicating that while Congress can authorize states to impose regulations, such regulations cannot unduly burden interstate commerce. Since Airline Limousine Service is engaged in interstate commerce by transporting passengers between Greenville and the airport in Redville, the new rule requiring them to charge higher rates would impose an undue burden on that commerce. Therefore, Airline Limousine Service is not required to comply with the new rule of the Redville City Council, making answer (D) correct.",,-100.0,-14.000003814697266,-100.0,-3.650518920039758e-06,0.9999991684721088
mbe_1091,REAL PROP.,1998,test,"Olive owned Blackacre, a single-family residence. Fifteen years ago, Olive conveyed a life estate in",C,A,False,0,1317,91,"A  
Reasoning: The gold passage indicates that a lease must be for a determinate period that is shorter than the duration of the lessor's estate, which implies that the lessor retains a reversion. Since Lois held a life estate and her death terminated that estate, Olive, as the original owner, would regain full ownership of Blackacre through the reversion. Therefore, Olive holds title in fee simple, making answer (A) correct.",,-0.0667980909347534,-6.316798210144043,-2.816798210144043,-100.0,0.9382110107609156
mbe_1096,EVIDENCE,1998,test,Plaintiff sued Defendant for injuries suffered in a car accident allegedly caused by brakes that had,B,B,True,0,1208,68,"B  
Reasoning: The gold passage defines ""personal knowledge"" as a present recollection of an impression derived from the witness's own senses. Since Plaintiff had firsthand experience with the brake shoe and can testify about its condition based on his own observations, his testimony is admissible under this definition. Therefore, answer (B) is correct.",,-100.0,-7.941850526549388e-06,-14.250007629394531,-100.0,0.9999993524049994
mbe_1097,CONTRACTS,1998,test,Which of the following statements is correct?,B,C,False,0,1217,95,"C  
Reasoning: The gold passage indicates that a valid tender under an executory contract requires acts that are practicable according to the nature of the goods involved. In this case, Fixtures must deliver the 25 sets on March 1, and the passage implies that payment can be made after delivery, which aligns with answer (C). Therefore, Fixtures must deliver the sets on the specified date, and Apartments must pay the contract price within a reasonable time after their delivery.",,-10.750222206115724,-9.250222206115724,-0.0002221324830316,-100.0,0.999882456766314
mbe_1120,CONST. LAW,1998,test,"Agitator, a baseball fan, has a fierce temper and an extremely loud voice. Attending a baseball game",C,C,True,0,1546,112,"C  
Reasoning: The gold passage establishes that the United States Supreme Court will not consider a federal law issue if the state court's judgment is based on a state-law ground that is both independent of the federal claim and adequate for the decision. In this case, the state supreme court's decision to reverse Agitator's conviction was based on the broad interpretation of the state's free-speech guarantee, which constitutes an independent and adequate state law ground. Therefore, the Supreme Court should dismiss the writ as improvidently granted, making answer (C) correct.",,-100.0,-16.25,-5.512236498361744e-07,-100.0,0.9999999123574772
mbe_1126,CRIM. LAW,1998,test,"Sam decided to kill his boss, Anna, after she told him that he would be fired if his work did not im",A,A,True,0,1782,105,"A  
Reasoning: The gold passage explains that murder in the first degree requires intentional killing with premeditation. Sam had premeditated the act of killing Anna by placing a bomb in her car, intending to kill her when she started the engine. The doctrine of transferred intent applies here, meaning that even though Lois was the unintended victim, Sam's intent to kill Anna transfers to the act that resulted in Lois's death. Therefore, Sam is guilty of murder in the first degree, making answer (A) correct.",,-0.0002210596576333,-14.875221252441406,-100.0,-100.0,0.9999996533674458
mbe_1128,TORTS,1998,test,"Orderly, a male attendant who worked at Hospital, had sexual relations with Patient, a severely reta",D,D,True,0,1409,81,"D  
Reasoning: The gold passage establishes that an entity (like Hospital) that has custody of a vulnerable person (like Patient) has a duty to protect that person from unreasonable risks of harm, including harm from others. If Hospital failed to exercise reasonable care to protect Patient from Orderly's conduct, then Patient would prevail in her tort action against Hospital. Therefore, answer (D) is correct.",,-9.501301765441896,-100.0,-6.751301765441895,-0.0013015457661822,0.9987558187383656
mbe_1134,CONST. LAW,1998,test,"The King City zoning ordinance contains provisions restricting places of ""adult entertainment"" to tw",A,A,True,0,1477,112,"A  
Reasoning: The gold passage explains that content-neutral regulations, such as zoning ordinances that restrict adult entertainment, are subject to intermediate scrutiny. This means that the government must demonstrate a significant governmental interest and that the regulation is narrowly tailored to serve that interest. The King City zoning ordinance does not prohibit adult entertainment entirely but restricts it to specific areas, which aligns with the city's interest in maintaining the character of its commercial center. Therefore, the court would likely hold that the adult entertainment provisions of the ordinance are constitutional, making answer (A) correct.",,-0.0004361525934655,-100.0,-100.0,-100.0,1.0
mbe_1141,CONST. LAW,1998,test,John is a licensed barber in State A. The State A barber licensing statute provides that the Barber ,A,A,True,0,2144,121,"A  
Reasoning: The gold passage emphasizes the requirement of due process, particularly the necessity of a meaningful hearing before an individual can be deprived of a property interest, such as a barber license. The passage highlights that due process includes the opportunity to be heard and the ability to confront accusers, which is crucial in ensuring a fair hearing. Since John was denied the ability to cross-examine the unnamed informants who provided the only evidence against him, he can argue that this lack of opportunity constituted a violation of his due process rights. Therefore, answer (A) is the best constitutional argument for John.",,-0.0001338135916739,-100.0,-100.0,-100.0,1.0
mbe_1149,CONTRACTS,1998,test,"For this question only, assume that Computers tendered the computer to Bank on August 15, and that B",D,D,True,0,1223,86,"D  
Reasoning: The gold passage indicates that a usage in trade can be considered alongside the express terms of a contract, provided it is reasonable. If there is a trade usage that allows for a 30-day leeway in delivery, this could support Computers' position that the delay was acceptable under the circumstances, thereby strengthening their case for recovery against Bank. This makes answer (D) the best support for Computers' recovery.",,-100.0,-100.0,-9.750395774841309,-0.0003954033018089,0.999941708755995
mbe_1172,EVIDENCE,1998,test,"Defendant is on trial for participating in a drug sale. The prosecution calls Witness, an undercover",D,D,True,0,1239,94,"D  
Reasoning: The gold passage defines an adoptive admission as a statement made in the presence of the defendant that the defendant accepts through their response, which can include gestures or silence. In this case, Defendant shook hands with Witness after Seller introduced him as ""my partner in this,"" which can be interpreted as an acceptance of Seller's statement. Therefore, Witness's testimony is admissible as Defendant's adoption of Seller's statement, making answer (D) correct.",,-100.0,-100.0,-17.250017166137695,-1.700132997939363e-05,0.9999999677581388
mbe_1186,EVIDENCE,1998,test,"At Defendant's trial for sale of drugs, the government called Witness to testify, but Witness refuse",C,C,True,0,1207,87,"C  
Reasoning: The gold passage indicates that prior inconsistent statements by a witness are generally admissible for impeachment purposes. However, the testimony concerning Witness's identification of Defendant is being offered as evidence of the truth of the matter asserted (that Defendant is the source), which constitutes hearsay. Since it does not fall within any recognized exception to the hearsay rule, the testimony is inadmissible, making answer (C) correct.",,-8.00037956237793,-100.0,-0.0003791952622123,-100.0,0.9996646499926044
