idx,subject,correct_answer,predicted_answer,failure_mode,justification
mbe_3,nan,B,A,FM2,"The model engaged with the passage and attempted to apply its content to the question, but failed to reach the correct answer because it misinterpreted the relevance of Jim's intent and the passage's discussion of the unlawful-entry element of burglary. The model's reasoning references the passage, "
mbe_10,nan,C,B,FM2,"The model engaged with the passage, referencing its content about exceptions to the rule of free assignability, but failed to apply this information correctly to the scenario, mistakenly concluding that Boone may refuse to accept performance by Coot due to Addle's personal skill and reputation, desp"
mbe_12,nan,C,B,FM2,"The model engaged with the passage, referencing the requirement of knowingly joining the conspiracy, but failed to reach the correct answer by making a wrong logical inference from the passage, specifically misapplying the concept of aiding and abetting to the facts of the case. The model's reasonin"
mbe_19,nan,B,D,FM1,"The model answered from memory or prior knowledge, ignoring the gold passage's content which explicitly states that the seller may resell the goods after any breach by the buyer, and instead applied a general understanding of buyer and seller roles. The model's reasoning does not engage with the pas"
mbe_20,nan,A,C,FM2,"The model engaged with the passage and referenced the concept of restraints on alienation, but failed to apply it correctly to the scenario, instead relying on an incorrect interpretation of the term ""subletting"" and its relation to assignment. This indicates a reasoning failure, as the model attemp"
mbe_22,nan,D,B,FM2,"The model engaged with the passage and attempted to apply its definition of robbery to the scenario, but failed to reach the correct answer by making a wrong logical inference, specifically focusing on Paul's withdrawal from the scene rather than the elements of the crime as defined in the passage. "
mbe_27,nan,A,B,FM2,"The model engaged with the passage and referenced it, attempting to apply the concept of ""trespasser ab initio"" to the scenario, but failed to reach the correct answer due to a wrong logical inference. The model's reasoning does not succeed in applying the passage content to the question, leading to"
mbe_28,nan,D,B,FM2,"The model engaged with the passage content, referencing Rule 404 and the concept of reputation evidence, but failed to reach the correct answer by making a wrong logical inference that reputation evidence is admissible to prove negligence in this case. The model's reasoning attempted to apply the pa"
mbe_31,nan,B,C,FM2,"The model's reasoning demonstrates an attempt to apply contract law principles, but it fails to correctly infer the impact of Slicker's letter on the contract formation, particularly in relation to the concept of revocation and the specifics of the gold passage, which discusses the sufficiency of an"
mbe_37,nan,B,C,FM2,"The model engaged with the passage and attempted to apply the legal principles related to battery, but failed to reach the correct answer by incorrectly inferring that the conspiracy had terminated with Adam's arrest, and thus Bailey's actions were not part of it. This indicates a failure in the rea"
mbe_40,nan,A,B,FM1,"The model's reasoning does not engage with the provided gold passage, which defines an aleatory contract, and instead relies on its prior knowledge of contract law, ignoring the specific context and information given in the passage. This indicates that the model answered from memory, overriding the "
mbe_41,nan,A,C,FM2,"The model engaged with the passage, referencing its content and attempting to apply its principles to the question, but failed to reach the correct answer due to a flawed logical inference, misinterpreting the concept of incidental beneficiary. The model's reasoning shows an understanding of the pas"
mbe_43,nan,B,A,FM1,"The model's response indicates that it relied on prior knowledge about truth being a defense, ignoring the specific information in the gold passage that states ""unlike defamation actions, truth is no defense to a claim for public disclosure of private facts."" This shows that the model did not engage"
mbe_51,nan,A,C,FM1,"The model's reasoning does not engage with the provided gold passage at all, instead relying on general knowledge about strict liability in tort and ignoring the specific details and principles outlined in the passage. This indicates that the model answered from memory or prior knowledge, overriding"
mbe_54,nan,C,B,FM1,"The model answered from memory or prior knowledge, ignoring the provided gold passage, which is the First Amendment, and instead referenced general First Amendment principles, thus overriding the passage content. The reasoning does not engage with the specific passage provided, which is a key indica"
mbe_56,nan,A,B,FM2,"The model engaged with the passage and attempted to apply its content to the question, referencing the importance of chain of title and recording, but failed to reach the correct answer due to a wrong logical inference. The model's reasoning shows an attempt to use the passage, but it misinterprets "
mbe_57,nan,D,C,FM2,"The model engaged with the concept of recording and notice, but failed to apply the correct reasoning from the provided gold passage, which does not support the model's conclusion about the recording statute, instead the correct answer is based on the fact that Leon advanced money without notice of "
mbe_58,nan,C,B,FM2,"The model's reasoning references a legal principle related to recording deeds, but it fails to engage with the specific details of the gold passage, such as the definition of a bona fide purchaser and the concept of notice, which are crucial to determining the correct answer. This indicates a failur"
mbe_60,nan,D,C,FM2,"The model engaged with the passage and referenced the concept of offer termination, but failed to apply it correctly to the scenario, incorrectly focusing on the sale of the lots as the terminating event instead of recognizing Ohner's communication as an effective revocation. This indicates a failur"
mbe_65,nan,C,A,FM2,"The model engaged with the passage and referenced the definition of robbery, but failed to consider the implications of Worth's testimony and the possibility of a larceny verdict, leading to an incomplete and incorrect inference. The model's reasoning attempted to apply the passage to the scenario, "
mbe_77,nan,D,B,FM2,"The model engaged with the passage, referencing the spending power and its relation to federal funding, but failed to reach the correct answer by not considering the commerce power as an additional basis for the statute's constitutionality, despite the question's phrasing suggesting multiple possibl"
mbe_78,nan,B,D,FM1,"The model's response does not engage with the gold passage provided, instead relying on its prior knowledge about informants and probable cause, and ignoring the specific details in the passage that could have led to the correct answer, such as the timing of the informant's information. The model's "
mbe_80,nan,B,C,FM2,"The model engaged with the passage, referencing its content and attempting to apply the definitions of larceny and burglary to the scenario, but failed to reach the correct answer due to incorrect inferences, such as misinterpreting the intent and actions of the defendant. The model's reasoning is b"
mbe_82,nan,A,B,FM2,"The model engaged with the passage by referencing the ""rule of convenience"" but failed to apply it correctly to reach the right answer, instead making a wrong logical inference. The model's reasoning attempted to use the passage content, but did not succeed in drawing the correct conclusion."
mbe_83,nan,C,B,FM1,"The model answered from memory or prior knowledge, ignoring the provided gold passage, as its reasoning does not reference or engage with the passage content. The passage discusses the difference between inter vivos and testamentary transfers, which is relevant to the correct answer, but the model's"
mbe_84,nan,D,A,FM2,"The model engaged with the passage, referencing the definition of a creditor beneficiary and attempting to apply it to the scenario, but failed to reach the correct answer due to a wrong logical inference. The model's reasoning does not succeed in selecting the correct answer choice, which is (D) ha"
mbe_85,nan,D,C,FM1,"The model answered from memory or prior knowledge, ignoring the provided gold passage, as its reasoning does not reference or engage with the passage content, instead relying on general knowledge about contract law. This indicates a parametric override, where the model's prior knowledge took precede"
mbe_86,nan,A,C,FM1,"The model answered from memory or prior knowledge, ignoring the gold passage, as it discussed consideration for a release, which is not mentioned in the passage, and instead should have focused on implied consent as mentioned in the passage to arrive at the correct answer. The model's reasoning does"
mbe_89,nan,A,C,FM2,"The model engaged with the passage by referencing the concept of present sense impression, but failed to apply it correctly to the given scenario, incorrectly concluding that the statement is inadmissible as hearsay. The model's reasoning attempted to use the passage content, but made a wrong logica"
mbe_91,nan,A,D,FM2,"The model engaged with the passage by referencing the concept of attorney-client privilege, but failed to reach the correct answer by not considering the specific exception mentioned in choice (A) that the privilege does not apply in suits between those conferring with the attorney, thus making a wr"
mbe_95,nan,A,B,FM2,"The model engaged with the passage and attempted to apply its content to the question, but failed to reach the correct answer by making a wrong logical inference, as it incorrectly chose option B over the correct option A. The model's reasoning referenced the definition of second-degree murder and a"
mbe_99,nan,B,A,FM2,"The model engaged with the passage and referenced it, but failed to reach the correct answer by making a wrong logical inference from the passage, specifically regarding the implications of repudiation on Brown's obligations to dig the channel. The model's reasoning attempted to apply the passage's "
mbe_110,nan,B,C,FM1,"The model's response indicates that it answered from prior knowledge about search and seizure laws, specifically the concept of a landlord's authorization negating a tenant's expectation of privacy, without engaging with the provided gold passage, which discusses the general principles of standing i"
mbe_111,nan,C,B,FM2,"The model engaged with the passage, referencing its content and attempting to apply the concept of equitable conversion to the scenario, but failed to reach the correct answer due to a flawed logical inference. The model's reasoning, although based on the passage, did not successfully lead to the co"
mbe_125,nan,D,C,FM2,"The model engaged with the passage, referencing its content and attempting to apply it to the question, but failed to reach the correct answer due to a wrong logical inference, specifically misinterpreting the passage's discussion on restraints on alienation as the primary challenge in establishing "
mbe_127,nan,B,C,FM2,"The model engaged with the passage, referencing the concept of a licensee and the limited duty owed by a property owner, but failed to reach the correct answer by not considering the possibility of negligence by an Auto Company employee, as suggested by answer choice (B). The model's reasoning is ba"
mbe_128,nan,A,C,FM2,"The model engaged with the passage and attempted to apply its concepts to the question, but failed to reach the correct answer due to a wrong logical inference, as it required additional testimony for authentication, whereas the passage suggests that testimony that an item is ""what it is claimed to "
mbe_133,nan,A,D,FM1,"The model's response indicates that it relied on prior knowledge about strict liability, ignoring the provided gold passage which defines a product as defective when it leaves the supplier's control lacking any element necessary to make it safe for its intended use, and does not explicitly limit rec"
mbe_136,nan,C,A,FM2,"The model engaged with the passage, referencing its content and attempting to apply its principles to the question, but failed to reach the correct answer due to a wrong logical inference, specifically misinterpreting the concept of ""vested"" remainders and not accounting for the possibility of parti"
mbe_139,nan,B,D,FM2,"The model engaged with the passage by referencing the definition of embezzlement, but failed to apply it correctly to the scenario, instead incorrectly applying the concept of obtaining by false pretenses. This indicates a failure in the reasoning process rather than a complete override of the passa"
mbe_141,nan,B,C,FM1,"The model's response does not engage with the provided gold passage at all, instead relying on general knowledge of contract law and the Statute of Frauds to arrive at an incorrect answer, demonstrating a parametric override. The model's reasoning is based on external knowledge rather than the speci"
mbe_147,nan,C,B,FM2,"The model engaged with the passage and attempted to apply its content to the question, but failed to reach the correct answer due to a wrong logical inference, as it incorrectly concluded that an indenture granting cross easements was the best solution. The model's reasoning referenced the passage's"
mbe_149,nan,A,B,FM2,"The model engaged with the concept of implied-in-fact contracts and referenced the idea of reliance, but failed to correctly apply this understanding to the specific details of the question, incorrectly selecting an answer that, while related to the concept, does not directly address the formation o"
mbe_152,nan,B,D,FM2,"The model engaged with the passage by referencing the doctrine of transferred intent, but failed to reach the correct answer by incorrectly applying this concept to both Adams and Brooks, rather than recognizing that the prosecution should indicate Brooks as the intended victim under the statute. Th"
mbe_154,nan,C,D,FM1,"The model's response indicates that it relied on prior knowledge of self-defense laws, ignoring the specific details and justification criteria outlined in the provided gold passage, which focuses on the defense of a third person and the concept of ""immediately necessary"" intervention. The model's r"
mbe_163,nan,B,D,FM2,"The model engaged with the passage by referencing the definition of voluntary manslaughter, but failed to apply it correctly to the scenario, instead focusing on the absence of malice or intent, and not considering the broader implications of John's actions as potentially leading to involuntary mans"
mbe_165,nan,D,C,FM2,"The model engaged with the passage, referencing vicarious liability and the concept of employees, but failed to reach the correct answer by making a wrong logical inference from the passage, specifically not considering the authorization of the car wash as a class project as the key factor. The mode"
mbe_168,nan,A,B,FM1,"The model's response does not engage with the provided gold passage at all, instead relying on prior knowledge about joint tenancies, and ignores the passage's discussion of the Statute of Frauds, which is directly relevant to the correct answer. This indicates that the model answered from memory, o"
mbe_169,nan,D,A,FM2,"The model engaged with the passage and referenced it, but failed to reach the correct answer by incorrectly assuming that Dr. Webb has the authority to assert the privilege, whereas the correct answer involves the assertion of the privilege by Zadok's attorney. This indicates a failure in the model'"
mbe_171,nan,C,A,FM2,"The model engaged with the passage, referencing it and attempting to apply its principles to the scenario, but failed to reach the correct answer due to a flawed logical inference, specifically misinterpreting the concept of assuming a duty to aid. The model's reasoning demonstrates an understanding"
mbe_172,nan,A,C,FM2,"The model engaged with the passage and referenced the legal principles outlined in it, but failed to apply them correctly to the specific scenario, making a wrong logical inference and reaching an incorrect conclusion. The model's reasoning attempted to use the passage content, but did not succeed i"
mbe_173,nan,B,C,FM2,"The model engaged with the passage, referencing the concept of proximate cause and superseding cause, but failed to apply it correctly to the scenario, incorrectly concluding that the thief's actions were a superseding cause that broke the chain of causation. The model's reasoning attempted to use t"
mbe_174,nan,B,C,FM1,"The model's response indicates that it relied on prior knowledge of landlord-tenant law, specifically the concept of a tenant at sufferance, without engaging with the provided gold passage, which actually defines a licensee. The model's reasoning does not reference or apply the passage content, inst"
mbe_176,nan,A,C,FM1,"The model's response does not engage with the provided gold passage at all, instead relying on general knowledge about breach of contract cases and mitigation of damages, which overrides the passage's content about ratification as an affirmative defense. This indicates that the model answered from m"
mbe_188,nan,B,A,FM1,"The model's response indicates that it relied on prior knowledge about consideration in contract law, ignoring the specific details and context provided in the gold passage, which suggests that the model did not engage with the passage content to arrive at its answer. The reasoning provided does not"
mbe_197,nan,B,A,FM2,"The model engaged with the passage and attempted to apply its concepts to the question, but failed to reach the correct answer due to a wrong logical inference, as it misinterpreted the condition of Church's interest and its termination. The model's reasoning references the passage's discussion of f"
mbe_203,nan,D,C,FM2,"The model engaged with the passage and referenced its content, but failed to reach the correct answer by making a wrong logical inference, as it incorrectly applied the concept of ""overt act"" to the definition of burglary provided in the passage. The model's reasoning attempted to use the passage bu"
mbe_204,nan,B,D,FM2,"The model engaged with the passage, referencing the Pinkerton doctrine and attempting to apply it to the scenario, but failed to reach the correct answer by making a wrong logical inference. The model's reasoning does not succeed in applying the passage content to the question, leading to an incorre"
mbe_207,nan,D,B,FM2,"The model engaged with the passage, referencing it to support its answer, but failed to reach the correct conclusion, incorrectly applying the exception for ""proving knowledge"" to justify its choice of option B, when in fact the correct answer, option D, is about the inadmissibility of subsequent re"
mbe_209,nan,A,B,FM1,"The model's response does not engage with the provided gold passage at all, instead relying on general knowledge or prior experience to arrive at an incorrect answer, demonstrating a parametric override. The passage provided is irrelevant to the question asked, and the model's failure to recognize t"
mbe_213,nan,B,C,FM1,"The model's response indicates that it answered from prior knowledge about trespasser liability, ignoring the provided gold passage that discusses strict liability for injuries caused by dangerous domesticated animals, and instead focusing on Walker's status as a trespasser without engaging with the"
mbe_217,nan,C,A,FM2,"The model engaged with the passage and attempted to apply its concepts to the question, but failed to reach the correct answer by not fully considering the relevance of both statements (I and II) to determining bargained-for consideration, as explained in the gold passage. The model's reasoning refe"
mbe_219,nan,B,D,FM2,"The model engaged with the passage, referencing its content and attempting to apply the concepts of legal consideration and bargained-for exchange, but failed to reach the correct answer due to a flawed logical inference. The model's reasoning incorrectly concluded that Charles's promise lacked lega"
mbe_240,nan,B,C,FM2,"The model's failure is classified as FM2 because it attempted to reason about the question, referencing the concept of a property right in employment, but failed to correctly apply the information from the gold passage to arrive at the correct answer, which is related to the reliance on an oral prom"
mbe_244,nan,A,B,FM2,"The model engaged with the passage and referenced it, but failed to reach the correct answer by incorrectly applying the part-performance exception to the Statute of Frauds, as the correct answer (A) involves ""irreparable hardship"" which is not mentioned in the model's reasoning. The model's reasoni"
mbe_245,nan,D,A,FM2,"The model engaged with the passage by referencing the concept of tenancy by the entirety, but failed to reach the correct answer by not fully considering the implications of the passage, which states that a tenancy by the entirety is ""essentially a joint tenancy modified by the common law theory tha"
mbe_258,nan,A,C,FM1,"The model's response indicates that it relied on prior knowledge of the doctrine of equitable conversion, ignoring the provided gold passage and the specific details of the contract between Venner and Brier, which suggests that the model answered from memory rather than engaging with the passage. Th"
mbe_259,nan,B,A,FM1,"The model's response indicates that it relied on prior knowledge about the Statute of Frauds, ignoring the specific details and context provided in the gold passage, and instead applied a general rule without considering the nuances of the case. This suggests that the model answered from memory, ove"
mbe_260,nan,C,B,FM2,"The model engaged with the passage, referencing it to support its reasoning, but failed to reach the correct answer by making a wrong logical inference, specifically overlooking the part of the passage that implies acceptance can also be demonstrated by ""supplying information"" which aligns with opti"
mbe_265,nan,A,D,FM2,"The model engaged with the passage, referencing its definition of battery and the requirement of intent, but failed to apply this understanding correctly to the specific scenario, incorrectly concluding that Grower's lack of intent to cause harmful contact with Wife is determinative. This indicates "
mbe_266,nan,B,C,FM2,"The model engaged with the passage, referencing the necessary elements for an assault claim, but failed to reach the correct answer by misinterpreting the concept of ""apprehension of imminent contact"" and not fully considering the intent and perceived threat aspects mentioned in the gold passage. Th"
mbe_267,nan,A,C,FM2,"The model engaged with the passage, referencing its content and attempting to apply it to the scenario, but failed to reach the correct answer due to a wrong logical inference, as it introduced an external concept (emergency situation) not directly addressed in the passage as a valid defense. The mo"
mbe_271,nan,B,D,FM2,"The model engaged with the passage and attempted to apply its content to the question, but failed to reach the correct answer due to a wrong logical inference, specifically not considering the distinction between joint tenancy and tenancy by the entirety as described in the gold passage. The model's"
mbe_277,nan,A,B,FM1,"The model's reasoning does not engage with the provided gold passage, instead relying on prior knowledge of murder and manslaughter definitions to make its decision, thus overriding the passage content. The passage is about voluntary manslaughter, but the model's response does not reference or apply"
mbe_286,nan,D,B,FM2,"The model engaged with the passage and attempted to apply its content to the question, but failed to make the correct logical inference, instead selecting an answer that, while related to the topic, does not align with the specific information provided in the gold passage about creating a public roa"
mbe_293,nan,A,B,FM2,"The model's reasoning demonstrates an attempt to engage with the concept of public forums and viewpoint-neutral rules, but it fails to correctly apply these concepts to the ""Capitol steps"" statute, leading to an incorrect conclusion. The model references the idea of limited public forums and viewpoi"
mbe_295,nan,C,B,FM1,"The model answered from memory or prior knowledge, ignoring the provided gold passage, as its reasoning does not engage with the passage content and instead discusses the establishment of religion, which is not addressed in the passage. The model's response actively overrides the passage, indicating"
mbe_297,nan,D,B,FM2,"The model engaged with the passage, referencing its content and attempting to apply it to the question, but failed to reach the correct answer due to a wrong logical inference, specifically misattributing the role of determining unavailability to the jury instead of the judge. This indicates a reaso"
mbe_302,nan,B,A,FM2,"The model engaged with the passage, referencing its content and attempting to apply it to the question, but failed to reach the correct answer by misinterpreting the concept of express conditions and unmistakable conditional language. The model's reasoning shows an attempt to use the passage, but it"
mbe_304,nan,A,B,FM2,"The model engaged with the passage, referencing its content to support its reasoning, but failed to reach the correct answer by making a wrong logical inference from the passage. The model's reasoning attempted to apply the passage to the question, but incorrectly concluded that voluntary intoxicati"
mbe_306,nan,C,D,FM2,"The model engaged with the passage and referenced it, but failed to reach the correct answer by making a wrong logical inference, as it focused on the manner of operation being criminally reckless rather than the conscious risk-taking referred to in the correct answer. The model's reasoning attempte"
mbe_311,nan,B,C,FM2,"The model engaged with the passage, referencing the concept of trade fixtures and the right to remove personal property, but failed to correctly apply this information to reach the correct answer, which is that the court would refuse the injunction because the circumstances reveal the equipment was "
mbe_316,nan,C,A,FM1,"The model's response does not engage with the provided gold passage, instead relying on general knowledge about searches incident to arrest, and thus overrides the specific information in the passage that could lead to the correct answer about reasonable expectations of privacy."
mbe_317,nan,B,C,FM1,"The model's reasoning does not engage with the provided gold passage, instead relying on a general rule about introducing character evidence, which overrides the specific information given in the passage. This indicates that the model answered from prior knowledge without considering the passage's c"
mbe_318,nan,A,D,FM2,"The model engaged with the passage, referencing its content and attempting to apply the rules regarding hearsay exceptions, but failed to correctly interpret the exception for declarations of present mental state, leading to an incorrect conclusion. The model's reasoning shows an attempt to use the "
mbe_321,nan,B,A,FM2,"The model engaged with the passage, referencing its content and attempting to apply it to the question, but failed to reach the correct answer due to a wrong logical inference, as it misinterpreted the passage's statement about redirect examination being limited to matters first raised on cross-exam"
mbe_332,nan,A,C,FM1,"The model's response does not engage with the provided gold passage at all, instead relying on general knowledge about character evidence and ignoring the specific context and details presented in the passage. This indicates a parametric override, where the model answered from memory without conside"
mbe_345,nan,C,A,FM1,"The model's reasoning does not engage with the passage content, instead relying on prior knowledge of larceny and ignoring the specifics of the gold passage, which suggests that the model answered from memory rather than using the provided information. The model's response does not reference or appl"
mbe_347,nan,A,B,FM2,"The model engaged with the passage and attempted to apply its content to the question, but failed to reach the correct answer due to a wrong logical inference, as it incorrectly applied the speech and debate clause to the scenario described. The model's reasoning referenced the passage's discussion "
mbe_351,nan,C,D,FM2,"The model engaged with the passage and attempted to apply its content to the question, but failed to reach the correct answer due to a flawed logical inference, as it incorrectly interpreted the definition of criminal negligence and its implications for the defendant. The model's reasoning reference"
mbe_354,nan,B,C,FM2,"The model engaged with the passage but failed to reach the correct answer, as it incorrectly applied the concept of objectionable questions to the given scenario, and its reasoning did not successfully lead to the correct answer choice (B). The model's response shows an attempt to use the passage, b"
mbe_356,nan,D,C,FM2,"The model engaged with the passage, referencing the concept of ordinary negligence and attempting to apply it to the scenario, but failed to reach the correct answer due to a wrong logical inference, as it incorrectly applied the guest statute to Motorco. The model's reasoning demonstrates an attemp"
mbe_358,nan,A,D,FM2,"The model's reasoning demonstrates an attempt to engage with the passage, referencing the concept of foreseeable risk, but it fails to correctly apply this understanding to reach the correct answer, instead misinterpreting the role of Dunn's negligence in the context of the question. This indicates "
mbe_362,nan,D,A,FM2,"The model engaged with the passage, referencing the concept of entanglement with religion, but failed to reach the correct answer by not fully considering the implications of policing the restriction on salary supplements, which would lead to excessive entanglement as mentioned in the correct answer"
mbe_367,nan,B,C,FM1,"The model answered from memory or prior knowledge, ignoring the provided gold passage, which is unrelated to the question and does not support the model's reasoning. The model's response does not engage with the passage content, instead relying on general knowledge about contracts and academic setti"
mbe_373,nan,C,B,FM2,"The model's reasoning failure is classified as FM2 because it attempted to engage with the passage and the question context, making an incorrect inference about the necessity of Duke's belief in Linda's age for the attempted rape charge, rather than ignoring the passage altogether. The model's respo"
mbe_374,nan,B,C,FM1,"The model's reasoning does not engage with the provided gold passage, instead relying on external knowledge about contractual deadlines and delivery times, which overrides the passage's content about satisfaction of the buyer. This indicates a parametric override, where the model's prior knowledge t"
mbe_383,nan,B,A,FM2,"The model engaged with the passage by referencing the definition of larceny, but failed to apply it correctly to the given scenario, incorrectly selecting answer choice (A) over the correct answer choice (B), which is more closely aligned with the details of the Jones case. The model's reasoning att"
mbe_384,nan,A,D,FM1,"The model's response indicates that it answered from memory or prior knowledge, ignoring the provided gold passage, as its reasoning does not engage with the passage content at all, instead relying on a general understanding of larceny and referencing a case that is not supported by the passage. The"
mbe_388,nan,B,D,FM1,"The model's response does not engage with the provided gold passage at all, instead relying on prior knowledge or memory to justify its answer, which directly contradicts the requirement to use the passage for reasoning. This indicates a parametric override where the model ignored the passage conten"
mbe_391,nan,C,D,FM1,"The model's response indicates that it answered from memory or prior knowledge, ignoring the provided gold passage, as there is no mention of the American Red Cross or a condition subsequent in the passage, and the model's reasoning is based on external information not present in the passage."
mbe_392,nan,B,C,FM2,"The model engaged with the passage and referenced the definition of an executory interest, but failed to reach the correct answer by not properly applying the concept of vesting and the Rule Against Perpetuities to the specific scenario, leading to an incorrect conclusion. The model's reasoning atte"
mbe_393,nan,C,B,FM2,"The model engaged with the passage and attempted to apply its concepts to the question, but failed to reach the correct answer due to a wrong logical inference, specifically misinterpreting the concept of consideration and its relation to the promisor's request or seeking of the benefit. The model's"
mbe_395,nan,A,B,FM2,"The model engaged with the passage, referencing its content and attempting to apply it to the question, but failed to reach the correct answer due to a wrong logical inference, specifically misapplying the concept of restitution to the given scenario. The model's reasoning shows an attempt to use th"
mbe_397,nan,D,B,FM1,"The model's response does not engage with the provided gold passage, instead relying on general knowledge about pedestrian and driver responsibilities, and failing to apply the negligence per se criteria outlined in the passage to reach the correct answer. The model's reasoning is based on assumptio"
mbe_412,nan,A,D,FM2,"The model engaged with the passage by referencing the concept of strict liability due to defective design, but failed to apply it correctly to the specific scenario, incorrectly including Coolco as a liable party. The model's reasoning attempted to use the passage to justify its answer, but made a w"
mbe_416,nan,B,D,FM1,"The model's response does not engage with the gold passage content, instead relying on prior knowledge of embezzlement to make its decision, and it fails to consider the specific elements of theft by trick outlined in the passage. This indicates that the model ignored the passage and answered from m"
mbe_424,nan,A,C,FM2,"The model engaged with the passage and referenced the concept of property owners' duty to maintain their property, but failed to reach the correct answer by not properly applying this concept to the specific scenario of repeated destruction of insulators and the resulting downed wires. The model's r"
mbe_425,nan,C,B,FM2,"The model engaged with the passage and referenced the concept of intentional infliction of emotional distress, but failed to reach the correct answer by not properly applying the requirement that the defendant must have intended, known, or should have known that his conduct would cause emotional dis"
mbe_426,nan,A,D,FM1,"The model's reasoning does not engage with the provided gold passage, instead relying on prior knowledge about the discovery of evidence in plain view and reasonable suspicion, thus ignoring the passage's content about the exclusionary rule and its exceptions. This indicates that the model answered "
mbe_428,nan,A,C,FM2,"The model engaged with the passage, referencing its content, but failed to reach the correct answer by making a wrong logical inference, specifically misinterpreting the life tenant's obligations regarding principal and interest payments. The model's reasoning attempted to apply the passage's princi"
mbe_429,nan,C,A,FM1,"The model's reasoning does not engage with the provided gold passage at all, instead relying on its prior knowledge of property law concepts such as determinable fees and possibilities of reverter, which are not mentioned in the passage. This indicates that the model ignored the passage and answered"
mbe_432,nan,A,D,FM1,"The model's response indicates that it answered from prior knowledge or memory, ignoring the provided gold passage, as its reasoning is based on an ""explicit"" contract term not mentioned in the passage, and it does not engage with the passage's content at all. This suggests a parametric override, wh"
mbe_433,nan,D,B,FM2,"The model engaged with the passage, referencing its content and attempting to apply it to the question, but failed to reach the correct answer due to a wrong logical inference, specifically misinterpreting the conditions under which the risk of loss passes to the buyer. The model's reasoning shows a"
mbe_434,nan,B,C,FM2,"The model engaged with the general concept of causation and referenced the legal principle, but failed to apply it correctly to the specific scenario, incorrectly concluding that the father's actions directly contributed to the child's death despite the presence of an untreatable form of cancer. The"
mbe_441,nan,C,B,FM2,"The model engaged with the passage but failed to reach the correct answer, as it referenced the concept of assignment prohibition but did not correctly apply it to the scenario, instead relying on an incorrect interpretation of the lease provision's impact on Talbot's claim. The model's reasoning at"
mbe_442,nan,A,C,FM2,"The model engaged with the passage, referencing the concept of a third-party beneficiary, but failed to apply it correctly to reach the correct answer, instead making a wrong logical inference. The model's reasoning attempted to use the passage but did not succeed in drawing the correct conclusion."
mbe_444,nan,A,D,FM2,"The model's reasoning demonstrates an attempt to engage with the concept of equal protection and the role of state and federal actions, but it fails to correctly apply this understanding to the specific scenario presented, leading to an incorrect conclusion. The model references the application of t"
mbe_445,nan,A,C,FM1,"The model's reasoning does not engage with the passage content, instead relying on general knowledge about negligence and duty of care, and ignoring the specific information provided in the passage about invitees and the relationship between Innes' claim against Paint Company and Steel. This indicat"
mbe_446,nan,D,B,FM2,"The model engaged with the concept of respondeat superior from the passage but failed to apply it correctly to the scenario, making a wrong logical inference about the employees' actions being within the scope of their employment. The model's reasoning attempted to use the passage content, even if i"
mbe_447,nan,C,B,FM1,"The model's response indicates that it answered from prior knowledge about gratuitous promises and the effect of death on agreements, without engaging with the provided gold passage, which actually suggests that the issue is about consideration, not the termination of the agreement due to death. The"
mbe_449,nan,C,A,FM2,"The model engaged with the passage, referencing the concept of impeachment evidence and its purpose, but failed to reach the correct answer by not fully considering the passage's explanation that evidence can be both substantive and impeaching, as seen in the examples provided. This indicates a reas"
mbe_450,nan,D,B,FM2,"The model engaged with the passage and referenced the rule against perpetuities, but failed to apply it correctly to the specific scenario, leading to an incorrect conclusion about the validity of the substitutionary gift to the grandchildren. The model's reasoning attempted to use the passage conte"
mbe_453,nan,B,A,FM2,"The model engaged with the passage, referencing its content and attempting to apply it to the question, but failed to reach the correct answer by not fully understanding the requirements for a strict-liability manufacturing defect claim as outlined in the passage. The model's reasoning was based on "
mbe_455,nan,A,C,FM1,"The model's response indicates that it relied on prior knowledge about impeachment rules, ignoring the provided gold passage which does not address the topic of the question, thus overriding the passage content. The model's reasoning does not engage with the passage at all, instead applying general "
mbe_459,nan,D,B,FM2,"The model engaged with the passage and referenced relevant concepts such as a bona fide purchaser, but failed to reach the correct answer by not considering the specific details of the chain of title and the recording of deeds in the provided scenario. The model's reasoning was based on general prin"
mbe_461,nan,A,C,FM1,"The model's response indicates that it answered from prior knowledge of product liability law, ignoring the specifics of the passage and the details of the question, which focused on the relationship between Ellis and Toyco. The model's reasoning does not engage with the passage content, instead rel"
mbe_464,nan,B,C,FM1,"The model answered from memory or prior knowledge, ignoring the provided gold passage, which is unrelated to the question and does not support the model's reasoning about hearsay and exceptions. The model's response does not engage with the passage content at all, instead relying on its own understa"
mbe_473,nan,A,C,FM1,"The model answered from memory or prior knowledge, ignoring the provided gold passage, which does not mention the specifics of impeachment or the admissibility of prior convictions, and instead references unrelated concepts from the Federal Rules of Evidence. The model's reasoning does not engage wi"
mbe_478,nan,C,D,FM2,"The model engaged with the passage and referenced the concept of ouster, but failed to reach the correct answer by not fully applying the passage's requirements for an ouster to be implied, instead relying on a general principle that cotenants cannot acquire title by adverse possession against one a"
mbe_480,nan,D,C,FM1,"The model's reasoning does not engage with the provided gold passage, instead relying on prior knowledge about abnormally dangerous activities and strict liability, which is not mentioned in the passage. This indicates that the model answered from memory, overriding the passage content."
mbe_481,nan,C,A,FM2,"The model engaged with the passage, referencing the title theory of mortgages and the concept of equity of redemption, but failed to correctly apply this knowledge to the scenario, incorrectly determining that Tenniel's entire interest is subject to the mortgage. The model's reasoning attempted to u"
mbe_493,nan,D,C,FM2,"The model engaged with the passage and referenced the concept of joint and several liability, but failed to reach the correct answer by incorrectly determining the amount Astin should recover from Garrison, indicating a failure in logical inference rather than ignoring the passage. The model's reaso"
mbe_497,nan,B,D,FM2,"The model engaged with the passage and attempted to apply its content to the question, but failed to reach the correct answer due to a wrong logical inference, as it incorrectly applied the concept of provocation to deny the request for a voluntary manslaughter charge. The model's reasoning referenc"
mbe_499,nan,A,C,FM2,"The model engaged with the passage by referencing the concept of truth being a defense to defamation, but it failed to apply this concept correctly to the scenario, incorrectly concluding that the falsity of Hammond's statement alone is sufficient for Miller to recover, without considering Hammond's"
mbe_501,nan,B,D,FM2,"The model engaged with the passage and attempted to apply its content to the question, but failed to reach the correct answer due to a wrong logical inference, as it misinterpreted the relevance of Brown's belief and the concept of false pretenses. The model's reasoning referenced the passage's conc"
mbe_503,nan,A,B,FM2,"The model engaged with the passage, referencing its content about the spouse privilege in criminal cases, but failed to reach the correct answer by incorrectly attributing the choice to testify to David instead of Wanda, as stated in the passage that the privilege ""may be waived by the witness spous"
mbe_506,nan,A,C,FM2,"The model engaged with the passage, referencing its content and attempting to apply it to the question, but failed to reach the correct answer due to a flawed logical inference, specifically misinterpreting the requirement for physical harm in relation to extreme and outrageous conduct. The model's "
mbe_510,nan,A,B,FM2,"The model engaged with the passage and referenced the concept of standing, but failed to apply it correctly to the given scenario, incorrectly selecting option B instead of option A, which is the party most clearly having standing to contest the constitutionality of the statute. The model's reasonin"
mbe_511,nan,D,A,FM2,"The model engaged with the passage, referencing its content regarding joint tenancy and probate, but failed to apply this information correctly to the specific scenario, leading to an incorrect conclusion. The model's reasoning attempted to use the passage but made a wrong logical inference, resulti"
mbe_512,nan,A,C,FM2,"The model engaged with the passage but failed to apply its content correctly to the question, making a wrong logical inference about what constitutes an adoptive admission and how it applies to the scenario described. The model's reasoning references concepts related to the passage but does not succ"
mbe_516,nan,D,A,FM2,"The model engaged with the passage and attempted to apply its content to the question, but failed to reach the correct answer due to a wrong logical inference, specifically misunderstanding the concept of attempt and its requirements. The model's reasoning referenced the passage, but did not success"
mbe_524,nan,D,C,FM2,"The model engaged with the passage and attempted to apply the concept of compensatory damages, but failed to correctly calculate the damages and misunderstood the relevant contract prices, leading to an incorrect answer. The model's reasoning referenced the passage's content on compensatory damages,"
mbe_528,nan,D,C,FM2,"The model engaged with the passage by referencing the Statute of Frauds, but failed to apply it correctly to reach the right conclusion, instead providing a wrong logical inference. The model's reasoning attempted to use the passage content, but did not succeed in making the correct connection to th"
mbe_538,nan,D,B,FM2,"The model engaged with the passage and attempted to apply its content to the question, but failed to reach the correct answer by making a wrong logical inference, as it focused on the issue of knowledge of the defect rather than the issue of causation and identification of the defective product. The"
mbe_542,nan,D,C,FM1,"The model's reasoning does not engage with the provided gold passage, instead relying on prior knowledge about privileged communications, and thus overrides the passage's content. This indicates a parametric override, where the model's answer is based on external knowledge rather than the specific i"
mbe_546,nan,B,C,FM2,"The model engaged with the passage and attempted to apply its concepts to the question, but failed to reach the correct answer due to a flawed logical inference, as it misinterpreted the concept of waiver in the context of the provided scenario. The model's reasoning referenced the passage, but inco"
mbe_551,nan,A,C,FM2,"The model engaged with the concept of the question and provided reasoning related to the legal definitions of murder and manslaughter, but failed to correctly apply the elements of second-degree murder as outlined in the gold passage, specifically the concept of ""malice"" which can include reckless d"
mbe_554,TORTS,D,C,FM2,"The model's reasoning demonstrates an attempt to engage with the concepts of strict products liability, but it fails to apply the correct principles from the passage, such as the risk-benefit test or consumer expectations test, to determine if the chemistry set was defective. Instead, it incorrectly"
mbe_559,TORTS,A,B,FM2,"The model engaged with the passage, referencing its content and attempting to apply it to the question, but failed to reach the correct answer by making a wrong logical inference. The model's reasoning incorrectly focused on the bartender's knowledge and expertise, rather than the legal sufficiency "
mbe_560,CONTRACTS,D,A,FM2,"The model engaged with the passage and referenced the concept of foreseeability, but failed to reach the correct answer by not considering the specific context of lost profits of a new business and the prevailing modern view mentioned in the correct answer choice (D). The model's reasoning attempted"
mbe_566,CRIM. LAW,B,C,FM2,"The model engaged with the passage, referencing it and attempting to apply its principles to the scenario, but failed to reach the correct answer due to a flawed logical inference, specifically misinterpreting how the requisite mental state for accomplice liability applies to Howard's situation. The"
mbe_567,CRIM. LAW,A,D,FM2,"The model engaged with the passage and referenced it, attempting to apply the criteria for accomplice liability to the scenario, but failed to reach the correct answer due to a flawed logical inference. The model's reasoning incorrectly analogized the scenario to a non-relevant case (Case D) and mis"
mbe_572,EVIDENCE,A,C,FM1,"The model's response does not engage with the provided gold passage at all, instead relying on general knowledge about witness credibility and rebuttal evidence, and its reasoning does not reference or apply the conditions for admitting expert testimony mentioned in the passage."
mbe_573,REAL PROP.,D,C,FM2,"The model engaged with the passage content, attempting to apply its principles to the scenario, but failed to reach the correct answer by incorrectly assessing the relevance of each point to a decision in favor of Bert. The model's reasoning references the contract and performance aspects, indicatin"
mbe_577,CONTRACTS,A,C,FM2,"The model engaged with the passage, referencing the definition of acceptance of an offer, but failed to reach the correct answer by not properly considering the impact of Acme's reservation of the right to cancel on the formation of the contract. The model's reasoning attempted to apply the passage'"
mbe_578,CONTRACTS,A,D,FM1,"The model's response does not engage with the provided gold passage at all, instead relying on its prior knowledge of contract law to construct a reasoning that ignores the passage's content. This indicates a parametric override, where the model's pre-existing knowledge overrides the information pre"
mbe_583,CONTRACTS,C,A,FM1,"The model's response indicates that it answered from memory or prior knowledge, ignoring the provided gold passage, as it does not reference or engage with the passage content in its reasoning. The model's justification for denying Zuma's claim is based on a general principle of contract law rather "
mbe_589,TORTS,D,B,FM2,"The model engaged with the passage and referenced the jurisdiction's rule on recovery for emotional distress, but failed to make the correct logical inference that Palko's emotional distress arises from bodily harm caused by his exposure to asbestos, as stated in the correct answer choice D. The mod"
mbe_592,CRIM. LAW,A,C,FM1,"The model's reasoning does not engage with the provided gold passage, which discusses the need for individualized suspicion under the Fourth Amendment, and instead relies on prior knowledge about searches of vehicles and their occupants, thus overriding the passage's content. This indicates that the"
mbe_593,REAL PROP.,A,B,FM2,"The model engaged with the passage and provided a reasoning based on the context of the question, but failed to reach the correct answer by not properly applying the concepts of prescriptive easement and adverse possession to the specific details of the scenario, such as the ownership history and th"
mbe_594,CONTRACTS,B,C,FM2,"The model engaged with the passage but failed to apply its content correctly to the question, as it referenced the proposal's requirement for signatures but overlooked the passage's discussion on acceptance by performance. The model's reasoning attempted to use the passage but made a wrong logical i"
mbe_600,REAL PROP.,A,C,FM2,"The model engaged with the passage and attempted to apply its concepts to the scenario, but failed to reach the correct answer due to a flawed logical inference, specifically regarding the effect of Alice's reconveyance on the joint tenancy. The model's reasoning referenced the passage indirectly by"
mbe_601,TORTS,D,C,FM2,"The model engaged with the passage and referenced the concept of custody, but failed to reach the correct answer by not applying the specific common law exceptions outlined in the gold passage to the scenario, particularly the exception regarding the parent's failure to exercise control over the min"
mbe_603,TORTS,D,C,FM2,"The model engaged with the passage and attempted to apply its content to the question, but failed to reach the correct answer due to a flawed logical inference, as it referenced the concept of control and knowledge but did not correctly apply the principles of negligence and the provided exceptions "
mbe_604,REAL PROP.,B,A,FM2,"The model engaged with the passage and attempted to apply its concepts to the question, but failed to reach the correct answer due to a flawed logical inference, as it correctly identified that the life estate is void but then incorrectly stated its own answer as A before correcting itself to the ac"
mbe_605,CONTRACTS,A,C,FM1,"The model's response indicates that it answered from prior knowledge about contract clauses, ignoring the provided gold passage which actually describes the exculpatory clause, thus overriding the passage content. The model's reasoning does not engage with the passage at all, instead relying on exte"
mbe_606,CONTRACTS,A,C,FM2,"The model engaged with the passage by referencing the concept of novation, but failed to apply it correctly to the given scenario, incorrectly concluding that Tower's acceptance of Copter's services constituted a novation that released Gyro from liability, despite the passage's definition of novatio"
mbe_607,REAL PROP.,C,A,FM2,"The model's reasoning demonstrates an attempt to apply the recording act to the scenario, but it fails to correctly interpret the timing and notice requirements, leading to an incorrect conclusion. The model references the recording act and the concept of notice, indicating that it engaged with the "
mbe_611,CRIM. LAW,D,C,FM1,"The model's reasoning does not engage with the provided gold passage at all, instead relying on its prior knowledge of the law to arrive at an incorrect conclusion, thus ignoring the passage's content. The passage discusses duress as a defense, which is unrelated to the model's response regarding in"
mbe_613,CONST. LAW,D,B,FM2,"The model engaged with the passage, referencing the concept of a legitimate local public interest, but failed to reach the correct answer by not fully considering the implications of the statute on interstate commerce as discussed in the passage. The model's reasoning attempted to apply the passage "
mbe_627,TORTS,A,C,FM2,"The model engaged with the passage, referencing its content to support its reasoning, but failed to reach the correct answer by incorrectly interpreting the passage's implication that negligence is required for unintentional trespass, and not considering that intentional trespass (allegation I) is s"
mbe_628,CRIM. LAW,B,C,FM2,"The model's failure is classified as FM2 because it attempted to engage with the scenario and apply legal principles, but failed to correctly apply the principles to reach the correct answer, specifically not considering the implications of entrapment and predisposition as discussed in the gold pass"
mbe_637,CONTRACTS,A,C,FM2,"The model engaged with the passage by referencing the definition of consideration, but failed to apply it correctly to the specific scenario of Spender's promise to pay interest until December 31 being consideration for Midas's promise not to sue, thus making a wrong logical inference."
mbe_641,CONTRACTS,C,A,FM2,"The model engaged with the passage and attempted to apply its content to the question, but failed to reach the correct answer due to a wrong logical inference, as it misinterpreted the concept of consideration in the context of Pater's conditional promise. The model's reasoning referenced the passag"
mbe_644,EVIDENCE,A,D,FM2,"The model engaged with the passage and referenced the requirements of W. Va. R. Evid. 803(6), but failed to apply them correctly to the scenario, incorrectly concluding that the document is inadmissible as hearsay within hearsay. The model's reasoning attempted to use the passage but made a wrong lo"
mbe_645,EVIDENCE,D,A,FM1,"The model's response indicates that it relied on prior knowledge about the importance of physician-patient privilege and the state's preservation of common-law privileges, without engaging with the specifics of the gold passage or the federal context of the case, thus overriding the passage's conten"
mbe_648,CONTRACTS,B,C,FM2,"The model engaged with the passage by referencing the definition of a material breach, but failed to apply it correctly to the specific scenario, incorrectly concluding that Bower's breach was material when the correct answer choice (B) indicates it is only a partial breach. This demonstrates a fail"
mbe_654,TORTS,D,C,FM2,"The model engaged with the passage but failed to reach the correct answer, as it referenced the long latency period and causation issues, but did not correctly apply this understanding to the question, which required identifying the option that would NOT present a substantial issue. The model's reas"
mbe_655,CONST. LAW,A,C,FM2,"The model engaged with the passage, referencing the Pickering standard and the concept of speaking as a citizen on a matter of public concern, but failed to apply this knowledge correctly to reach the right conclusion, instead misinterpreting the relationship between the building inspector's stateme"
mbe_661,CONTRACTS,B,A,FM2,"The model's reasoning attempts to apply legal concepts to the scenario, but it fails to correctly infer the best defense for Bill's, instead selecting an answer that doesn't accurately reflect the situation described, indicating a failure in the reasoning process rather than ignoring the passage. Th"
mbe_663,EVIDENCE,A,C,FM2,"The model engaged with the passage, referencing its content regarding the scope of cross-examination, but failed to reach the correct answer by misapplying the concept to the specific question about Wendy's testimony, incorrectly concluding it was improper due to irrelevance rather than recognizing "
mbe_664,CRIM. LAW,C,B,FM2,"The model engaged with the passage and attempted to apply its definitions to the scenario, but failed to reach the correct answer due to a wrong logical inference, specifically misunderstanding the definition of burglary and its application to the given situation. The model's reasoning references th"
mbe_668,CONST. LAW,D,B,FM2,"The model engaged with the passage and referenced Article III, but failed to correctly interpret its provision regarding the Supreme Court's original jurisdiction, leading to a wrong logical inference and the incorrect answer. The model's reasoning attempted to apply the passage content, but did not"
mbe_671,CONTRACTS,A,D,FM2,"The model engaged with the passage, referencing concepts such as unforeseen circumstances and the creation of a new or modified contract, but failed to apply these concepts correctly to reach the correct answer, instead making a wrong logical inference. The model's reasoning attempted to use the pas"
mbe_672,CONTRACTS,B,A,FM1,"The model's reasoning does not engage with the provided gold passage, which discusses quasi-contract and unjust enrichment, and instead relies on general knowledge about contract law and impossibility, ignoring the passage's content. This indicates that the model answered from memory, overriding the"
mbe_677,EVIDENCE,C,A,FM2,"The model engaged with the passage by referencing it and attempting to apply its content to the question, but failed to reach the correct answer due to a wrong logical inference, as it misinterpreted the nature of Dyer's statement. The model's reasoning shows an attempt to use the passage, but it do"
mbe_680,TORTS,A,B,FM2,"The model engaged with the passage and referenced the concept of a defective product, but failed to apply it correctly to the scenario, incorrectly concluding that Airco's lack of negligence absolved them of liability. The model's reasoning attempted to use the passage but made a wrong logical infer"
mbe_683,REAL PROP.,A,D,FM1,"The model's response indicates that it answered from memory or prior knowledge, ignoring the provided gold passage, which is unrelated to the question and does not support the model's reasoning. The model's failure to engage with the passage content and its reliance on general knowledge about deeds "
mbe_686,TORTS,B,D,FM2,"The model engaged with the passage and referenced it, but failed to reach the correct answer by not considering the fact that Pocket was given ten minutes to leave, which is a crucial element in determining whether an assault occurred. The model's reasoning is based on the passage but does not succe"
mbe_688,CRIM. LAW,D,A,FM2,"The model engaged with the passage, referencing its content and attempting to apply it to the scenario, but failed to reach the correct answer due to a flawed logical inference, specifically misinterpreting the elements of kidnapping and their application to the situation. The model's reasoning demo"
mbe_691,EVIDENCE,A,C,FM1,"The model's response does not engage with the provided gold passage, instead relying on general knowledge about character evidence and ignoring the specific context and rules mentioned in the passage. This indicates that the model answered from memory, overriding the parametric input provided by the"
mbe_699,EVIDENCE,B,C,FM2,"The model engaged with the passage but failed to apply its content correctly to the question, mistakenly concluding that the statement is inadmissible hearsay rather than recognizing it as a prior inconsistent statement as described in the passage. The model's reasoning references the concept of pri"
mbe_705,TORTS,A,B,FM2,"The model engaged with the passage, referencing the measure of damages for conversion, but failed to apply it correctly to the scenario, incorrectly focusing on the repair cost instead of the market value of the chattel at the time of conversion. This indicates a reasoning failure rather than a para"
mbe_706,CRIM. LAW,B,C,FM1,"The model's response does not engage with the provided gold passage at all, instead relying on its prior knowledge of search and seizure laws to arrive at an incorrect conclusion, thus overriding the passage's content. This indicates a failure to consider the specific context and information present"
mbe_707,REAL PROP.,B,A,FM2,"The model engaged with the passage and referenced its content, but failed to reach the correct answer by misinterpreting the conditions under which liability arises, specifically overlooking the requirement to prove negligence as stated in the correct answer choice (B) and the gold passage. The mode"
mbe_711,CONTRACTS,B,D,FM2,"The model engaged with the passage by referencing the parol evidence rule, but failed to reach the correct answer by not distinguishing between the saddle and the option to choose a brown horse, as the passage suggests that some oral agreements may be admissible if they do not contradict the clear t"
mbe_712,CONTRACTS,C,B,FM1,"The model's response does not engage with the provided gold passage at all, instead relying on general knowledge about the law encouraging settlements, and thus overrides the specific information that could have led to the correct answer, which is based on the fact that Bypast did not bring the will"
mbe_713,EVIDENCE,C,D,FM2,"The model engaged with the passage and attempted to apply its content to the question, but failed to reach the correct answer due to a reasoning failure, as it incorrectly applied the concepts from the passage to option D instead of recognizing that option C was the correct answer. The model's reaso"
mbe_717,TORTS,B,C,FM2,"The model engaged with the passage, referencing its content and attempting to apply it to the question, but failed to reach the correct answer due to a wrong logical inference, specifically misinterpreting the conditions under which a principal can be held vicariously liable for an independent contr"
mbe_719,CRIM. LAW,B,D,FM1,"The model's response indicates that it relied on prior knowledge or general legal principles, ignoring the specific details and implications of the gold passage, which discusses the due process clause and the prosecution's burden of proof. The model's reasoning does not engage with the passage conte"
mbe_721,CONTRACTS,A,C,FM2,"The model engaged with the passage, referencing it and attempting to apply its content to the question, but failed to reach the correct answer due to a wrong logical inference, specifically misidentifying Collecta as an intended beneficiary. The model's reasoning shows an attempt to use the passage,"
mbe_724,REAL PROP.,D,C,FM2,"The model's reasoning demonstrates an attempt to engage with the passage and the question context, but it fails to reach the correct conclusion, instead relying on an incomplete understanding of the tenancy relationship between Baker, Owen, and Able. The model's failure lies in its inability to prop"
mbe_729,CONTRACTS,D,A,FM1,"The model's response indicates that it answered from prior knowledge, providing a general rule about promises to make gifts without engaging with the specific content of the gold passage, which discusses elements of fraud and promissory estoppel. The model's reasoning does not reference or apply the"
mbe_731,EVIDENCE,D,C,FM1,"The model's response does not engage with the provided gold passage, instead relying on prior knowledge of attorney-client privilege and its exceptions, thereby ignoring the passage's content. This indicates a parametric override, where the model's answer is based on external knowledge rather than t"
mbe_739,TORTS,C,B,FM2,"The model engaged with the passage, referencing the requirement that a defamatory statement must be published to a third person, but failed to consider the fact that the statement was indeed overheard by Brown, a third person, which is a crucial detail for determining defamation in this scenario. Th"
mbe_742,TORTS,C,A,FM2,"The model engaged with the passage and referenced its content, but failed to reach the correct answer by not fully incorporating the ""unreasonable disturbance to persons of normal sensibilities"" requirement from the passage into its reasoning. This indicates a failure to complete the inferential ste"
mbe_743,EVIDENCE,C,D,FM2,"The model's reasoning failure is classified as FM2 because it attempted to engage with the passage and referenced the concept of self-authenticating documents, but ultimately made a wrong logical inference, incorrectly selecting option D as the answer instead of option C. The model's response shows "
mbe_744,CONTRACTS,A,C,FM2,"The model engaged with the passage and attempted to use it to support its answer, but it failed to make the correct logical inference, instead misapplying the concept of identical cross-offers to the situation described in the question. The model's reasoning references the passage, but does not succ"
mbe_750,REAL PROP.,C,A,FM2,"The model engaged with the passage and attempted to apply its concepts to the problem, but failed to reach the correct answer due to a flawed logical inference, as it incorrectly concluded that Owner must establish title based on the strength of their own claim, without properly considering the impl"
mbe_751,REAL PROP.,C,A,FM2,"The model engaged with the passage, referencing it to explain the concept of severing a joint tenancy, but failed to reach the correct answer by not accounting for Eugenio's interest in Blackacre, which was conveyed to him by Beth before her death. This indicates a reasoning failure, as the model at"
mbe_755,CONTRACTS,D,B,FM2,"The model's reasoning references the concept of substantial performance and economic waste, but fails to apply the correct measure of damages as stated in the gold passage, which is the difference between the contract price and the fair market value of the property at the time of the breach. This in"
mbe_759,CRIM. LAW,B,D,FM2,"The model engaged with the passage, referencing its content and attempting to apply it to the scenario, but failed to reach the correct conclusion, incorrectly inferring that Dawson committed no crime. The model's reasoning demonstrates an attempt to use the passage, but ultimately results in a flaw"
mbe_760,EVIDENCE,B,C,FM2,"The model engaged with the passage and attempted to apply its content to the question, but failed to reach the correct answer due to a wrong logical inference, as it incorrectly applied the principle of not allowing one witness to comment on the veracity of another to the use of specific instances o"
mbe_761,TORTS,C,B,FM1,"The model's response does not engage with the provided gold passage at all, instead relying on its prior knowledge of trespass law and ignoring the specific details and principles outlined in the passage. This indicates a parametric override, where the model's pre-existing knowledge overrides the in"
mbe_763,REAL PROP.,D,B,FM1,"The model's response does not engage with the gold passage provided, instead relying on its prior knowledge to generate an answer that contradicts the correct information. The model's reasoning is based on a general understanding of marketable title and options, rather than the specific details and "
mbe_769,CRIM. LAW,A,C,FM2,"The model engaged with the passage by referencing the elements of attempted murder, but failed to reach the correct answer by incorrectly applying the concept of ""substantial step"" and ignoring the passage's emphasis on the defendant's intent and conduct, rather than the likelihood of success. The m"
mbe_773,CONTRACTS,A,C,FM2,"The model engaged with the passage by referencing the concept of consideration, but failed to apply it correctly to the scenario, incorrectly concluding that the $3,000 was inadequate consideration despite the passage not addressing the issue of adequacy of consideration. The model's reasoning attem"
mbe_783,CONTRACTS,D,C,FM2,"The model engaged with the passage and attempted to apply its content to the question, but failed to reach the correct answer due to a wrong logical inference, as it misinterpreted the concept of material alteration in the context of the Uniform Commercial Code. The model's reasoning shows an attemp"
mbe_784,TORTS,C,D,FM1,"The model's response indicates that it relied on prior knowledge about tort claims requiring physical harm, ignoring the specific details and principles outlined in the provided gold passage, which discusses interference with economic advantage and does not mention physical harm as a requirement. Th"
mbe_786,EVIDENCE,A,C,FM2,"The model engaged with the passage, referencing its content and attempting to apply its principles to the question, but failed to reach the correct answer due to a flawed logical inference, specifically misinterpreting the concept of hearsay and its application to the dog's reaction as perceived by "
mbe_792,TORTS,D,B,FM2,"The model engaged with the passage and attempted to apply its concepts to the question, but failed to reach the correct answer due to a misunderstanding of the key issue in the scenario, which is the recoverability of damages for harm resulting from shock caused by another's peril or injury, as stat"
mbe_793,CRIM. LAW,D,C,FM2,"The model engaged with the passage and referenced it to distinguish between murder and aiding suicide, but failed to reach the correct answer by incorrectly applying the distinction to Harold's actions, which directly caused Willa's death, thus constituting murder. The model's reasoning attempted to"
mbe_794,EVIDENCE,A,C,FM1,"The model answered from memory or prior knowledge, ignoring the provided gold passage, which does not mention libel, character evidence, or specific instances of conduct, and instead provides information about substantial evidence. The model's reasoning does not engage with the passage content, indi"
mbe_797,REAL PROP.,B,D,FM2,"The model engaged with the passage and the question context, attempting to apply the concepts to the scenario, but failed to reach the correct answer due to a wrong logical inference, specifically misunderstanding the relevance of the timing of the deed recording and the nature of Smollett's claim. "
mbe_806,TORTS,B,C,FM1,"The model's response indicates that it relied on prior knowledge about product liability and defects, ignoring the provided gold passage which actually discusses a landowner's duty to maintain their property and the concept of strict liability for ultrahazardous activities or conditions, such as the"
mbe_814,EVIDENCE,C,A,FM1,"The model's reasoning does not engage with the provided gold passage, which discusses impeachment evidence, and instead relies on its prior knowledge of hearsay rules, thereby ignoring the passage's content and overriding its relevance to the question. This indicates that the model answered from mem"
mbe_816,REAL PROP.,D,A,FM2,"The model engaged with the passage, referencing its content and attempting to apply it to the question, but failed to reach the correct answer by not considering all relevant factors, such as the parol evidence rule and specific performance, which are also pertinent to advising Able of his legal pos"
mbe_817,CRIM. LAW,D,B,FM2,"The model's reasoning failure is classified as FM2 because it attempted to apply the definition of an accessory after the fact from the gold passage, but incorrectly inferred the necessary elements of the offense, specifically regarding the timing and purpose of Sylvia's actions. The model's respons"
mbe_819,EVIDENCE,A,B,FM2,"The model engaged with the general concept of expert testimony and standards of care, referencing the idea that a text can support an expert's opinion, but failed to correctly apply this understanding to the specific scenario presented, incorrectly distinguishing between the basis for an opinion and"
mbe_820,TORTS,B,C,FM1,"The model's response indicates that it relied on prior knowledge of defamation law and the concept of ""actual malice,"" without engaging with the specific details of the gold passage, which focuses on the elements of a defamation claim under Florida law and does not mention ""actual malice"" or the pla"
mbe_821,TORTS,D,B,FM2,"The model's reasoning demonstrates an attempt to engage with the passage, referencing the principles of compensatory damages, but it fails to apply this understanding correctly to the specific question at hand, leading to an incorrect conclusion. The model's failure to recognize the relevance of the"
mbe_822,CRIM. LAW,B,A,FM1,"The model's reasoning does not engage with the provided gold passage at all, instead relying on prior knowledge of robbery to make its determination, and thus overrides the passage's content on attempts and direct acts toward crime consummation. This indicates a failure to consider the specific deta"
mbe_827,EVIDENCE,A,C,FM2,"The model engaged with the passage and attempted to apply its content to the question, but failed to reach the correct answer due to a wrong logical inference, as it incorrectly applied the concept of waiver of privilege. The model's reasoning referenced the passage, indicating an attempt to use the"
mbe_833,EVIDENCE,A,C,FM2,"The model engaged with the passage, referencing its content and attempting to apply its principles to the question at hand, but failed to correctly interpret the conditions for admissibility under the hearsay exception, leading to a reasoning failure. The model's reasoning shows an attempt to use th"
mbe_835,CONTRACTS,A,D,FM1,"The model's response does not engage with the provided gold passage at all, instead relying on prior knowledge or memory to generate an answer that contradicts the correct choice. The gold passage discusses actual damages and compensatory damages, which is unrelated to the model's reasoning about li"
mbe_836,REAL PROP.,C,A,FM1,"The model's reasoning does not engage with the gold passage content, instead relying on prior knowledge about warranty deeds and quitclaim deeds, and ignoring the specific details of the scenario and the recording act provided. The model's answer is based on a general legal principle rather than an "
mbe_839,CRIM. LAW,A,C,FM1,"The model's reasoning does not engage with the provided gold passage, instead relying on its prior knowledge to generate a response that contradicts the correct answer, which is supported by the passage's discussion of double jeopardy and its application to the same offense. The model's response is "
mbe_843,TORTS,D,C,FM2,"The model engaged with the passage and attempted to apply the concept of but-for causation, but failed to reach the correct answer by incorrectly concluding that Penkov can only recover half of his loss, instead of recognizing that Railroad's negligence is sufficient for full liability as stated in "
mbe_844,CRIM. LAW,D,C,FM2,"The model engaged with the passage and referenced its content, but failed to reach the correct answer by making a wrong logical inference, specifically misapplying the elements of theft by trick and device to the scenario. The model's reasoning attempted to use the passage but did not succeed in dra"
mbe_846,CONST. LAW,A,C,FM2,"The model engaged with the passage, referencing the doctrine and attempting to apply it to the scenario, but failed to reach the correct answer due to a wrong logical inference, as the Blue Supreme Court's decision was based on the federal statute and the model should have recognized that the United"
mbe_852,REAL PROP.,B,D,FM1,"The model's response indicates that it answered from memory or prior knowledge, ignoring the provided gold passage, as its reasoning does not engage with the passage content and instead relies on general knowledge about judgment liens and recording acts. The model's failure to consider the specific "
mbe_853,EVIDENCE,A,C,FM1,"The model's response does not engage with the provided gold passage at all, instead relying on its prior knowledge of evidence rules, specifically the best evidence rule, to arrive at an incorrect conclusion. This indicates a parametric override, where the model ignored the passage and answered from"
mbe_854,CONTRACTS,A,B,FM2,"The model engaged with the passage and referenced the perfect tender rule, but failed to reach the correct answer by not considering the seller's opportunity to cure the defect, as implied in the correct answer choice (A). This indicates a reasoning failure rather than a parametric override, as the "
mbe_855,REAL PROP.,D,B,FM1,"The model's response indicates that it relied on prior knowledge about recording acts and their effect on unrecorded deeds, rather than engaging with the specific details of the gold passage, which does not directly address the issue of covenants running with the land or the specific circumstances o"
mbe_856,TORTS,D,C,FM1,"The model answered from memory or prior knowledge, ignoring the passage's content and nuances, as it directly applied the ""eggshell plaintiff"" rule without considering the specific context and details provided in the passage. The model's reasoning does not engage with the passage's distinction betwe"
mbe_859,CONTRACTS,B,C,FM2,"The model's reasoning demonstrates an attempt to engage with the passage content, referencing concepts like material breach and the right to cure, but it fails to accurately apply these concepts to reach the correct answer, instead introducing incorrect elements like the entitlement to recover damag"
mbe_862,REAL PROP.,C,D,FM2,"The model engaged with the passage and attempted to apply its content to the question, but failed to reach the correct answer due to a wrong logical inference, as it incorrectly assumed the deed was invalid and Charles's interest passed to Nelson. The model's reasoning referenced the transaction and"
mbe_865,CRIM. LAW,D,A,FM2,"The model engaged with the passage but failed to reach the correct answer, as it incorrectly applied the concept of a material falsehood in the application, whereas the passage actually indicates that the applicant's accurate representation of the informant's information is what matters, not the inf"
mbe_869,TORTS,A,D,FM1,"The model's response indicates that it relied on prior knowledge about the concept of necessity as a privilege to enter another's property, without engaging with the specific details or principles outlined in the provided gold passage. This suggests that the model answered from memory, overriding th"
mbe_882,CONTRACTS,B,C,FM1,"The model's response does not engage with the provided gold passage at all, instead relying on prior knowledge or incorrect assumptions about the scenario, such as the existence of a signed assurance that is not mentioned in the passage. This indicates a parametric override, where the model ignores "
mbe_883,REAL PROP.,A,B,FM1,"The model's response indicates that it relied on prior knowledge of warranty deeds and covenants, ignoring the provided gold passage which discusses misrepresentation, and thus did not engage with the passage content to reach the correct answer. This behavior is characteristic of a parametric overri"
mbe_884,EVIDENCE,D,C,FM2,"The model engaged with the passage and attempted to apply its content to the question, but failed to reach the correct answer by making a wrong logical inference, as it incorrectly chose option C over the correct option D. The model's reasoning referenced the concept of misconduct influencing a juro"
mbe_895,REAL PROP.,B,D,FM1,"The model's reasoning does not engage with the specific details of the gold passage, instead relying on general knowledge about mortgage law and deficiency judgments, and it ignores the passage's focus on the calculation and burden of proof for deficiency judgments. The model's answer is based on it"
mbe_897,CONST. LAW,C,A,FM1,"The model answered from memory or prior knowledge, ignoring the provided gold passage, which discusses the preemption doctrine and the relationship between federal and state laws, and instead focused on the Commerce Clause and undue burden on interstate commerce. The model's reasoning does not engag"
mbe_902,REAL PROP.,D,A,FM2,"The model engaged with the passage and referenced it, but failed to reach the correct answer by making a wrong logical inference from the passage, incorrectly applying the Statute of Frauds to the oral agreement to reconvey. The model's reasoning attempted to use the passage to justify its answer, b"
mbe_907,TORTS,D,B,FM1,"The model's response indicates that it answered from memory or prior knowledge, ignoring the provided gold passage, as there is no engagement with the passage content and the reasoning is based on general knowledge of strict liability in tort. The model's failure to reference or apply the specific i"
mbe_908,TORTS,A,B,FM1,"The model's response indicates that it relied on prior knowledge or external information about assumption of risk, rather than engaging with the provided gold passage, which discusses contributory negligence and assumption of risk but does not directly support the model's conclusion. The model's rea"
mbe_909,CONST. LAW,C,A,FM2,"The model engaged with the passage, referencing the principles established in Planned Parenthood of Southeastern Pennsylvania v. Casey, but failed to reach the correct answer by misapplying those principles to the specific case of the Wasminia statute, which does not necessarily create a substantial"
mbe_911,TORTS,B,C,FM2,"The model engaged with the passage and referenced it, but failed to reach the correct answer by making a wrong logical inference, specifically misapplying the concept of proximate cause and negligence. The model's reasoning attempted to use the passage to support its answer, but ultimately failed to"
mbe_920,EVIDENCE,C,D,FM2,"The model engaged with the passage, referencing its content and attempting to apply it to the question, but failed to reach the correct answer due to a flawed logical inference, specifically misinterpreting the spouse's privilege not to be called as a witness. The model's reasoning shows an attempt "
mbe_929,CRIM. LAW,B,D,FM2,"The model engaged with the passage and referenced the Massiah case, but failed to reach the correct answer by making a wrong logical inference, as it focused on the interrogation aspect rather than the right to counsel after formal charges were placed. The model's reasoning attempted to apply the pa"
mbe_934,REAL PROP.,D,C,FM2,"The model engaged with the passage and attempted to apply its concepts to the problem, but failed to reach the correct answer due to a wrong logical inference, specifically misinterpreting the nature of the remainder and its devisability. The model's reasoning references the passage's explanation of"
mbe_935,TORTS,B,A,FM2,"The model engaged with the general concept of defamation from the passage but failed to apply the specific details about the requisite degree of fault for a private-individual plaintiff, which is negligence, as outlined in the gold passage, leading to an incorrect conclusion. The model's reasoning r"
mbe_936,CONTRACTS,C,A,FM2,"The model engaged with the passage, referencing its content about contracts executed by minors, but failed to reach the correct answer by making a wrong logical inference that Starr's ability to avoid the contract necessarily means Prism can recover nothing, without considering the specifics of the "
mbe_937,CONTRACTS,D,A,FM2,"The model engaged with the passage and attempted to apply its concepts to the question, but failed to make the correct logical inference, specifically not recognizing that the phrase ""as soon as I am able"" implies a condition that affects the enforceability of the promise. The model's reasoning refe"
mbe_941,CRIM. LAW,D,B,FM2,"The model engaged with the passage and referenced the concept of legal error and prejudice, but failed to apply it correctly to the specific scenario, incorrectly concluding that the burden of persuasion regarding entrapment is a violation of due process. The model's reasoning attempted to use the p"
mbe_948,nan,C,B,FM2,"The model engaged with the passage and referenced the concept of accomplice liability, but failed to reach the correct answer by incorrectly applying the concept to the scenario and not fully considering the distinction between accomplice liability and conspiracy. The model's reasoning attempted to "
mbe_953,nan,C,B,FM2,"The model engaged with the passage, referencing its content on donative assignments being revocable, but failed to reach the correct answer by not fully considering the implications of the assignment being made and the nature of the gift as described in the question. The model's reasoning was based "
mbe_955,nan,D,C,FM1,"The model answered from memory or prior knowledge, ignoring the provided gold passage which explicitly mentions the case-or-controversy requirement and advisory opinions, instead referencing the Eleventh Amendment which is not mentioned in the passage. This indicates that the model did not engage wi"
mbe_957,nan,A,B,FM2,"The model engaged with the passage and attempted to use it to justify its answer, but it made a wrong logical inference by assuming the passage's silence on jury comparison implies it's not an accepted method, rather than considering the broader context of authentication methods. This indicates a fa"
mbe_960,nan,D,C,FM2,"The model engaged with the concept of felony murder and the required mental state, referencing the underlying principles, but failed to apply them correctly to the specific scenario described, particularly in relation to the provided gold passage which emphasizes the continuous transaction aspect ra"
mbe_964,nan,B,D,FM2,"The model engaged with the passage, referencing it to justify its answer, but failed to reach the correct conclusion, as it incorrectly applied the concept of impeachment to a collateral matter, which is not supported by the passage or relevant legal principles. The model's reasoning attempted to us"
mbe_967,nan,B,A,FM2,"The model engaged with the passage, referencing the requirements for a manufacturing defect claim under Florida law, but failed to reach the correct answer by not fully applying the passage's criteria to the specific scenario, particularly the requirement that the defect could have been discovered t"
mbe_971,nan,D,C,FM2,"The model engaged with the passage and attempted to apply its definitions of marketable title, but failed to reach the correct answer by making a wrong logical inference, specifically focusing on the approval of the parcel rather than the ambiguity of the restrictions. The model's reasoning referenc"
mbe_972,nan,A,C,FM2,"The model engaged with the passage, referencing its content and attempting to apply it to the question, but failed to reach the correct answer due to a wrong logical inference, as it misinterpreted the burden of persuasion in the context of the constitutional issue. The model's reasoning shows an at"
mbe_974,nan,C,A,FM2,"The model engaged with the passage, referencing the concept of damages recoverable for breach of contract, but failed to reach the correct answer by incorrectly applying the concept of a minor's right to disaffirm a contract and not considering Ohm's new promise to pay $300, which is a key factor in"
mbe_978,nan,A,C,FM2,"The model engaged with the passage and referenced it in their reasoning, but failed to reach the correct answer by making a wrong logical inference from the passage, specifically misapplying the concept of negligence to the scenario. The model's reasoning attempted to use the passage to support thei"
mbe_982,nan,D,C,FM2,"The model engaged with the passage, referencing it in their reasoning, but failed to reach the correct answer by making a wrong logical inference, as they applied a general rule about character evidence instead of considering the specific trait of truth and veracity. This indicates a failure in the "
mbe_985,nan,D,C,FM2,"The model engaged with the passage by referencing the definition of defamation, but failed to reach the correct answer by not fully understanding the implications of the definition on the specific case, particularly regarding the requirement of special damages. The model's reasoning attempted to app"
mbe_987,nan,B,C,FM2,"The model engaged with the passage, referencing its definition of battery and applying it to the scenario, but failed to reach the correct answer by making a wrong logical inference about the intentionality of Poe's action. The model's reasoning attempted to use the passage content, even if it did n"
mbe_989,nan,C,B,FM2,"The model engaged with the passage and referenced the concept of mutual assent in contract formation, but failed to reach the correct answer by incorrectly applying the concept to the given scenario and not fully considering the specifics of the offer and acceptance between Eureka and Gourmet. The m"
mbe_997,CRIM. LAW,D,B,FM2,"The model engaged with the passage, referencing its content, but failed to reach the correct answer by making a wrong logical inference, specifically misinterpreting the nuance of attempt crimes and impossibility defense as stated in the gold passage. The model's reasoning attempted to apply the pas"
mbe_999,TORTS,A,C,FM2,"The model engaged with the passage and attempted to apply its content to the question, but failed to reach the correct answer due to a wrong logical inference, as it incorrectly applied the concept of ""intended or reasonably foreseeable purpose"" which is not explicitly mentioned in the provided gold"
mbe_1000,REAL PROP.,C,B,FM2,"The model engaged with the passage and referenced the concept of equitable interests, but failed to reach the correct answer by incorrectly applying this concept to the scenario and overlooking the fact that Patricia is a bona fide purchaser who took the property without notice of the trust. The mod"
mbe_1008,EVIDENCE,A,C,FM1,"The model's response does not engage with the provided gold passage at all, instead relying on its prior knowledge to make a decision, and the reasoning given does not reference or apply the concept of ""clear and convincing evidence"" from the passage. This indicates that the model ignored the passag"
mbe_1009,TORTS,B,D,FM1,"The model's response indicates that it relied on prior knowledge about intent and the rescue exception, ignoring the specific details and requirements outlined in the provided gold passage, which focuses on the necessity of exercising reasonable care during a rescue. The model's reasoning does not e"
mbe_1012,TORTS,D,C,FM2,"The model engaged with the passage and referenced the concept of implied consent to rough play, but failed to reach the correct answer by not fully considering the nuances of the contact-sports exception and the distinction between implied consent and exceeding that consent, as discussed in the pass"
mbe_1016,TORTS,A,D,FM2,"The model engaged with the passage and referenced its content, but failed to reach the correct answer by making a wrong logical inference, as it focused on Owner's intention to confine Traveler rather than considering whether Owner reasonably believed Traveler was Robber. The model's reasoning attem"
mbe_1021,EVIDENCE,B,A,FM2,"The model engaged with the passage and attempted to apply its content to the question, but failed to reach the correct answer by incorrectly interpreting the passage's discussion of impeaching a witness and incorrectly concluding that the tape recording is admissible as evidence of Defendant's racia"
mbe_1022,CONTRACTS,A,C,FM1,"The model's reasoning does not engage with the passage content, instead relying on prior knowledge or assumptions about the duration of an offer's irrevocability, and it does not reference or apply the information provided in the gold passage to reach its conclusion. This indicates that the model ig"
mbe_1023,CONTRACTS,B,C,FM2,"The model engaged with the passage by referencing the concept of promissory estoppel, but failed to apply it correctly to the scenario, instead focusing on the issue of consideration, which is not relevant to the correct answer. This indicates a failure to make the correct logical inference from the"
mbe_1026,REAL PROP.,B,A,FM1,"The model's response does not engage with the provided gold passage at all, instead relying on general knowledge about property rights and ignoring the specific details and legal context presented in the passage. This indicates that the model answered from memory or prior knowledge, overriding the p"
mbe_1028,REAL PROP.,A,C,FM2,"The model engaged with the passage and referenced the due-on-sale clause, but failed to reach the correct answer by not considering the agreement between Bart and Pam that Pam would not assume and agree to pay Bart's debt to Mort, which is the key factor in determining Pam's liability. The model's r"
mbe_1030,CRIM. LAW,C,B,FM2,"The model engaged with the passage and referenced the definition of forgery, but failed to correctly apply it to the scenario, specifically overlooking the distinction between the types of documents that can be subject to forgery and the implications of the document's lack of legal significance. The"
mbe_1031,TORTS,C,D,FM2,"The model's reasoning references the general rule of nonliability for nonfeasance and conditions for imposing a duty of care, indicating engagement with the passage, but it fails to apply these principles correctly to the specific scenario, leading to an incorrect conclusion. The model's failure to "
mbe_1035,EVIDENCE,A,C,FM2,"The model engaged with the passage and referenced the concept of recorded recollection, but failed to apply it correctly to the scenario, making a wrong logical inference about Mr. Wong's firsthand knowledge and the admissibility of the tape recording. The model's reasoning attempted to use the pass"
mbe_1037,REAL PROP.,D,C,FM2,"The model engaged with the passage and attempted to apply its content to the question, but failed to reach the correct answer due to a wrong logical inference, as it incorrectly stated that Barbara recorded her deed before George filed his judgment, which is not the relevant factor according to the "
mbe_1043,REAL PROP.,C,B,FM1,"The model answered from memory or prior knowledge, ignoring the provided gold passage, as its reasoning does not engage with the passage content and instead relies on a general understanding of the Rule Against Perpetuities and powers of appointment. The model's response does not reference or apply "
mbe_1049,TORTS,B,C,FM2,"The model's failure is classified as FM2 because it engaged with the passage and referenced the concept of contributory negligence, but failed to reach the correct answer by not considering the doctrine of last clear chance as the relevant factor in this scenario. The model's reasoning attempted to "
mbe_1056,CRIM. LAW,B,C,FM2,"The model engaged with the passage, referencing the definition of reckless conduct and applying it to Diane's actions, but failed to reach the correct answer by misinterpreting the distinction between manslaughter and murder in the second degree. The model's reasoning attempted to use the passage to"
mbe_1059,EVIDENCE,C,A,FM1,"The model's reasoning does not engage with the provided gold passage at all, instead relying on its prior knowledge of evidence rules to incorrectly conclude that the evidence is inadmissible as character evidence, thereby overriding the passage's content."
mbe_1063,CRIM. LAW,A,C,FM1,"The model's reasoning does not engage with the provided gold passage, instead relying on general knowledge about search warrants and probable cause, and ignoring the specific details and principles outlined in the passage that support answer choice (A). This indicates that the model answered from me"
mbe_1070,REAL PROP.,D,A,FM1,"The model's reasoning does not engage with the provided gold passage at all, instead relying on prior knowledge of life tenant responsibilities to arrive at its answer, which directly contradicts the correct answer choice (D) that Lena is not responsible for paying taxes because she never received a"
mbe_1072,EVIDENCE,D,B,FM1,"The model's reasoning does not engage with the provided gold passage at all, instead relying on prior knowledge of hearsay rules to arrive at its incorrect answer, thus overriding the passage's content. This indicates a parametric override, where the model's prior knowledge takes precedence over the"
mbe_1075,EVIDENCE,B,D,FM1,"The model answered from memory or prior knowledge, ignoring the provided gold passage, which specifically discusses the requirements for an excited utterance but does not mention statements under belief of impending death, indicating that the model did not engage with the passage content to reach it"
mbe_1081,REAL PROP.,A,D,FM2,"The model engaged with the passage and referenced it, but failed to reach the correct answer by making a wrong logical inference, specifically misinterpreting the condition under which the adjoining owner may excavate without liability. The model's reasoning attempted to apply the passage's content "
mbe_1082,EVIDENCE,B,A,FM2,"The model engaged with the passage by referencing the competency requirements for a child to testify, but failed to reach the correct answer by incorrectly stating that the prosecutor needs to provide evidence persuading the judge of the son's competency, whereas the correct answer focuses on the ex"
mbe_1085,CRIM. LAW,D,B,FM2,"The model engaged with the passage, referencing the concepts of depraved heart murder and culpable negligence, but failed to apply them correctly to the scenario, leading to an incorrect conclusion. The model's reasoning attempted to use the passage content, but made a wrong logical inference, resul"
mbe_1087,CONTRACTS,A,D,FM1,"The model's response indicates that it relied on prior knowledge of the ""four corners"" rule, ignoring the provided gold passage which discusses ambiguity and reasonable interpretations, and failed to engage with the passage content to reach the correct answer. The model's reasoning does not referenc"
mbe_1098,CONTRACTS,D,B,FM2,"The model engaged with the passage, referencing it and attempting to apply its concepts to the scenario, but failed to reach the correct answer due to a flawed logical inference, specifically misinterpreting the concept of material breach in the context of the given situation. The model's reasoning "
mbe_1100,REAL PROP.,D,A,FM1,"The model answered from memory or prior knowledge, ignoring the provided gold passage, as its reasoning does not reference or engage with the passage content, instead relying on its own understanding of property law. This is evident from the model's focus on Dawn's interest in the property rather th"
mbe_1106,TORTS,B,A,FM2,"The model engaged with the passage and referenced the concept of a property owner's duty of care to a trespasser, but failed to apply the correct exception from the passage, which is that the property owner owes a reasonable duty of care to the trespasser if the trespasser's presence becomes known, "
mbe_1109,CRIM. LAW,D,A,FM2,"The model engaged with the passage by mentioning the context of self-defense, which is related to the provided gold passage, but failed to reach the correct answer by not fully applying the concept of self-defense to justify Hannah's actions and instead focusing on the seriousness of the crime commi"
mbe_1110,CONTRACTS,B,C,FM2,"The model engaged with the passage and attempted to apply its concepts to the question, but failed to reach the correct answer by making a wrong logical inference, specifically misinterpreting the concept of consequential damages and assumption of risk. The model's reasoning referenced the passage, "
mbe_1112,REAL PROP.,A,C,FM1,"The model's response does not engage with the provided gold passage at all, instead relying on its prior knowledge of contract law to make a decision, and the gold passage is actually irrelevant to the question being asked, which is about contract law, not conversion."
mbe_1115,EVIDENCE,C,A,FM2,"The model engaged with the passage by referencing the concept of extrinsic evidence, but failed to apply it correctly to the specific scenario, leading to a wrong conclusion. The model's reasoning attempted to use the passage to justify its answer, but made a logical error in doing so."
mbe_1116,REAL PROP.,B,D,FM1,"The model's response does not engage with the provided gold passage at all, instead relying on its prior knowledge of recording acts and purchaser protection, thereby ignoring the passage's content and overriding its potential relevance to the question. This indicates a parametric override, where th"
mbe_1117,CONTRACTS,D,B,FM2,"The model engaged with the passage by referencing the statute of frauds, which is mentioned in the gold passage, but failed to reach the correct answer by incorrectly applying it to the scenario and not considering the specific contract provision that allows for modifications with written authorizat"
mbe_1122,CONTRACTS,A,C,FM2,"The model engaged with the passage and attempted to apply its concepts to the question, but failed to reach the correct answer due to a flawed logical inference, as it misinterpreted the relevance of Owner's statement to the breach of contract claim. The model's reasoning referenced the passage's co"
mbe_1123,CONTRACTS,D,C,FM2,"The model's reasoning references the contract price and the market value at the time of breach, indicating an attempt to engage with the passage, but it fails to correctly apply this information to reach the correct answer, instead introducing an incorrect figure of $120,000 and mentioning a $20,000"
mbe_1124,REAL PROP.,D,B,FM1,"The model's reasoning does not engage with the gold passage content at all, instead relying on prior knowledge and ignoring the specific details and context provided in the passage to arrive at an incorrect answer. The model's response is based on general principles of property law, rather than an a"
mbe_1125,CRIM. LAW,B,C,FM2,"The model engaged with the passage by referencing the concept of conspiracy and unlawful agreement, but failed to reach the correct answer by incorrectly applying Wharton's Rule and not considering the specific circumstances of Emma's age and its impact on her ability to be a conspirator. The model'"
mbe_1131,CRIM. LAW,A,C,FM1,"The model's response indicates that it answered from prior knowledge of the ""hot pursuit"" doctrine, ignoring the content of the provided gold passage, which focuses on the voluntariness and knowingness of a Miranda waiver. The model's reasoning does not engage with the passage's discussion of these "
mbe_1137,REAL PROP.,A,B,FM2,"The model engaged with the context of the problem, attempting to apply relevant concepts to the scenario, but failed to correctly apply the principles to reach the correct answer, indicating a reasoning failure rather than a parametric override. The model's reasoning referenced the mortgages and the"
mbe_1143,REAL PROP.,A,C,FM2,"The model engaged with the passage and referenced it, attempting to apply the definition of marketable title to the scenario, but failed to reach the correct answer by not considering the timing of the delivery of the warranty deed as specified in the contract. The model's reasoning was based on the"
mbe_1146,EVIDENCE,D,B,FM1,"The model's response does not engage with the provided gold passage at all, instead relying on prior knowledge of cross-examination rules to arrive at its incorrect answer, completely ignoring the passage's content. This indicates a parametric override, where the model's prior knowledge overrides th"
mbe_1150,CONTRACTS,D,A,FM2,"The model engaged with the passage and referenced it, but failed to reach the correct answer by making a wrong logical inference from the passage, specifically misapplying the concept of impossibility of performance. The model's reasoning attempted to use the passage to justify its answer, but did n"
mbe_1152,REAL PROP.,C,B,FM2,"The model engaged with the passage, referencing the covenant of warranty and its obligation to defend title, but failed to reach the correct answer by not considering the crucial fact that the title Art conveyed was not defective, which is the key to the correct answer (C). The model's reasoning is "
mbe_1154,TORTS,C,A,FM2,"The model engaged with the passage and referenced the requirement to prove a wrongful act, but failed to reach the correct answer by not considering the possibility of inferring negligence from the circumstances, as allowed by the correct answer choice (C). The model's reasoning attempted to apply t"
mbe_1157,EVIDENCE,A,C,FM2,"The model engaged with the passage, referencing its content about character evidence being admissible in certain circumstances, but failed to apply this correctly to the specific situation, incorrectly concluding that both character traits should be admitted. The model's reasoning attempted to use t"
mbe_1158,CONST. LAW,B,C,FM2,"The model engaged with the passage and attempted to apply its content to the question, but failed to reach the correct answer by misinterpreting the relevance of the donation aspect and not fully considering the context of the display as described in the passage. The model's reasoning references the"
mbe_1159,CRIM. LAW,B,D,FM1,"The model's response indicates that it answered from memory or prior knowledge, ignoring the content of the gold passage, as it does not reference or engage with the passage's discussion of bootstrapping evidence and instead relies on a general principle of voluntary abandonment. This suggests that "
mbe_1160,EVIDENCE,D,B,FM1,"The model's reasoning does not engage with the provided gold passage, instead relying on general knowledge about evidence and testimony, and it ignores the specific discussion about judicial notice in the passage. This indicates that the model answered from memory or prior knowledge, overriding the "
mbe_1161,REAL PROP.,A,C,FM1,"The model's response does not engage with the provided gold passage, which discusses the Rule Against Perpetuities, and instead provides a reasoning based on the subordination of rights, indicating that it answered from memory or prior knowledge, ignoring the passage content. This suggests a paramet"
mbe_1162,CONTRACTS,B,A,FM1,"The model's reasoning does not engage with the provided gold passage, instead relying on prior knowledge of contract law to arrive at an incorrect conclusion, ignoring the passage's discussion of reasonable reliance. This indicates that the model answered from memory, overriding the passage's conten"
mbe_1168,REAL PROP.,B,A,FM2,"The model engaged with the passage and attempted to apply its content to the question, but failed to reach the correct answer by making a wrong logical inference, specifically focusing on the impact on real estate values instead of the danger posed to the occupants of Townacres as supported by the p"
mbe_1176,CRIM. LAW,D,B,FM2,"The model engaged with the passage, referencing the concept of probable cause and the Fourth Amendment, but failed to apply this knowledge correctly to reach the correct answer, instead making incorrect inferences about the situations of Steven and Joan. The model's reasoning attempted to use the pa"
mbe_1179,CONST. LAW,B,C,FM2,"The model engaged with the passage and attempted to apply its content to the question, but failed to reach the correct answer due to a wrong logical inference, specifically misinterpreting the requirements for protection under the Speech or Debate Clause. The model's reasoning referenced the passage"
mbe_1191,TORTS,D,B,FM2,"The model engaged with the passage and referenced the concept of negligence and foreseeable harm, but failed to reach the correct answer by not fully considering the specific circumstances and public policy implications outlined in the passage that led to the correct answer D. The model's reasoning "
mbe_1355,CONST. LAW,D,C,FM2,"The model engaged with the passage and referenced the ""rational basis"" test, but failed to reach the correct answer by not fully applying the test as described in the passage, instead using a more general phrase ""significant interest"" that is not the standard used in the passage. The model's reasoni"
mbe_47,nan,A,C,FM2,"The model engaged with the passage, referencing the definition of contributory negligence and applying it to Parker's situation, but failed to reach the correct answer by not considering the purpose of the ordinance and its relation to the claim against Driver. This indicates a reasoning failure rat"
mbe_597,CONTRACTS,B,C,FM2,"The model engaged with the passage, referencing the parol evidence rule and its prohibition on contradicting written contracts with prior oral agreements, but failed to correctly apply this knowledge to the specific scenario, incorrectly concluding that the oral agreement is barred despite being con"
mbe_938,REAL PROP.,A,C,FM2,"The model engaged with the passage and referenced it, but failed to reach the correct answer by making a wrong logical inference, specifically misinterpreting the prescriptive easement requirements and their application to the scenario. The model's reasoning attempted to use the passage content but "
mbe_944,CONTRACTS,D,C,FM2,"The model engaged with the passage and referenced the concept of assignments being valid under New York law, but failed to reach the correct answer by incorrectly applying this concept to the specific scenario, particularly regarding the rights of assignees and the protection of Traviata as a bona f"
mbe_4,nan,B,D,FM1,"The model answered from memory or prior knowledge, ignoring the provided gold passage, which discusses the powers of a trustee in a deed of trust and does not relate to the implied covenant of marketable title or the scenario described in the question. The model's reasoning does not engage with the "
mbe_66,nan,D,B,FM2,"The model engaged with the passage and attempted to apply its content to the question, but failed to reach the correct answer due to a flawed logical inference, as it incorrectly applied the concept of consent to the given options. The model's reasoning references the passage, indicating an attempt "
mbe_131,nan,D,B,FM1,"The model's reasoning does not engage with the provided gold passage, instead relying on prior knowledge of voluntary manslaughter and ignoring the passage's specific definitions and criteria for involuntary manslaughter. The model's response actively overrides the passage content, failing to apply "
mbe_138,nan,A,C,FM2,"The model engaged with the passage, referencing the definition of a condition subsequent, but failed to apply it correctly to the given scenario, leading to a wrong logical inference and incorrect answer. The model's reasoning attempted to use the passage content, but did not succeed in reaching the"
mbe_156,nan,C,B,FM2,"The model's reasoning attempts to apply legal principles to the scenario, referencing the concept of partial breach, but it fails to correctly apply the definition of total breach provided in the gold passage, leading to an incorrect conclusion. The model engages with the general concept but misinte"
mbe_158,nan,A,C,FM2,"The model's reasoning demonstrates an engagement with the passage content, referencing the concept of a counter-offer and the necessity of mutual agreement, but it fails to correctly apply these concepts to reach the correct answer, instead making a wrong logical inference. The model's response show"
mbe_225,nan,D,C,FM2,"The model engaged with the passage and referenced the concept of fault on the part of the publisher, but failed to reach the correct answer by not fully applying the passage's requirements for a defamation claim to the specific details of the scenario, such as the distinction between negligence and "
mbe_232,nan,D,C,FM1,"The model's response indicates that it answered from prior knowledge or memory, referencing concepts like ""substantial completion"" and ""constructive condition precedent"" without engaging with the provided gold passage, which discusses interpreting a contract as a whole to find plain meaning. This su"
mbe_233,nan,A,C,FM2,"The model engaged with the passage, referencing its content and attempting to apply it to the question, but failed to reach the correct answer due to a wrong logical inference, specifically focusing on the oral nature of the agreement and ignoring the compromise of an honest dispute aspect. The mode"
mbe_235,nan,D,C,FM2,"The model engaged with the passage by referencing the definition of a condition subsequent, but failed to apply it correctly to the specific scenario, incorrectly identifying shortening the processing time by one-half as a condition subsequent that defeats the contract, when in fact the correct answ"
mbe_236,nan,B,C,FM2,"The model engaged with the passage by referencing the concept of an affirmative defense related to condition precedent, but it failed to apply this concept correctly to reach the right conclusion, instead making a wrong logical inference. This indicates a reasoning failure rather than a parametric o"
mbe_279,nan,D,C,FM1,"The model answered from memory or prior knowledge, ignoring the provided gold passage, which discusses the prejudicial effect of evidence and its admissibility, but does not mention the privilege against self-incrimination in the context given. The model's reasoning does not engage with the passage "
mbe_282,nan,A,C,FM1,"The model answered from memory or prior knowledge, ignoring the provided gold passage, which discusses leading questions on direct examination and does not address the topic of prior convictions or their admissibility for impeachment purposes. The model's reasoning does not engage with the passage c"
mbe_377,nan,D,C,FM1,"The model answered from memory or prior knowledge, ignoring the gold passage's specific requirements for the excited utterance exception and instead applying a different rule regarding witness availability, thus overriding the passage's content. This is evident as the model's reasoning does not enga"
mbe_407,nan,B,C,FM2,"The model engaged with the passage and attempted to apply its content to the question, but failed to reach the correct answer due to a flawed logical inference, as it referenced the passage's idea about undermining the trier of fact's ability but applied it incorrectly to prioritize the public inter"
mbe_409,nan,A,D,FM2,"The model engaged with the passage, referencing the defense of impossibility of performance and attempting to apply it to the given scenario, but failed to reach the correct answer by making a wrong logical inference. The model's reasoning does not succeed in identifying the correct fact that would "
mbe_414,nan,C,B,FM2,"The model engaged with the general concept of relevance from the passage but failed to apply it correctly to the specific scenario, incorrectly concluding that the evidence of Dow cutting down the tree is irrelevant to the condition of the tree at the time of the accident, when in fact it could be r"
mbe_483,nan,D,C,FM1,"The model's reasoning does not engage with the provided gold passage, instead relying on general knowledge about contract law and third-party beneficiary rights, and does not reference or apply the passage's content to the question."
mbe_485,nan,A,C,FM2,"The model's reasoning demonstrates an attempt to engage with the passage and the question, but it fails to make the correct logical inference, specifically overlooking the potential impact of Agribiz's inexperience on Vintage's ability to fulfill its contractual obligations, which is a key point rel"
mbe_539,nan,D,C,FM2,"The model engaged with the passage, referencing its content regarding suspect classifications and equal protection analysis, but failed to reach the correct answer by incorrectly applying the level of scrutiny, specifically misunderstanding that strict scrutiny requires the state to demonstrate the "
mbe_557,REAL PROP.,D,A,FM1,"The model answered from memory or prior knowledge, ignoring the provided gold passage, which discusses the concept of delivery in the context of deeds and emphasizes the importance of the grantor's intention, but the model's response focuses on the distinction between inter vivos and causa mortis gi"
mbe_621,TORTS,D,B,FM2,"The model engaged with the passage and attempted to apply its concepts to the question, but failed to reach the correct answer due to a flawed logical inference, as it incorrectly applied the principles of negligence to the scenario. The model's reasoning referenced the passage's discussion of negli"
mbe_630,CONST. LAW,A,B,FM2,"The model engaged with the passage and referenced it, but failed to reach the correct answer by making a wrong logical inference, as it incorrectly applied the concept of discriminatory purpose to the given options. The model's reasoning attempted to connect the passage to the answer choices, but ul"
mbe_653,CRIM. LAW,C,D,FM2,"The model engaged with the passage and referenced it, attempting to apply the definition of murder to the scenario, but failed to reach the correct answer by misinterpreting the concept of malice aforethought and its relation to the defendant's intent. The model's reasoning shows an attempt to use t"
mbe_722,EVIDENCE,A,C,FM2,"The model engaged with the passage, referencing the hearsay exception for statements of a declarant's then-existing state of mind, but failed to apply it correctly to the scenario, incorrectly concluding that the statement is inadmissible. The model's reasoning demonstrates an attempt to use the pas"
mbe_766,CONTRACTS,A,C,FM1,"The model answered from memory or prior knowledge, ignoring the provided gold passage, as its reasoning is based on the parol evidence rule without considering the passage's discussion on ambiguity, which is the key to the correct answer. The model's response does not engage with the passage content"
mbe_767,CONTRACTS,B,C,FM1,"The model's response indicates that it answered from prior knowledge of contract law, specifically the concept of mutuality of obligation, without engaging with the provided gold passage, which discusses the contracts clause of the United States Constitution and the police power of the state. The mo"
mbe_768,TORTS,A,C,FM2,"The model engaged with the passage and referenced it, but failed to reach the correct answer by making a wrong logical inference, specifically misinterpreting the role of warning signs in relation to the business's duty to protect customers. The model's reasoning attempted to apply the passage's con"
mbe_791,TORTS,C,B,FM1,"The model's response does not engage with the provided gold passage at all, instead relying on its prior knowledge of negligence and safety statutes to arrive at an incorrect conclusion. This indicates a parametric override, where the model ignored the passage content and answered from memory."
mbe_799,CRIM. LAW,D,B,FM2,"The model engaged with the passage and referenced it, attempting to apply the concept of ""mistake of fact"" to the scenario, but failed to reach the correct answer by misapplying the concept to the wrong fact. The model's reasoning was based on the passage, but it incorrectly inferred that Dart's lac"
mbe_891,CRIM. LAW,D,B,FM2,"The model's reasoning references the concept of reasonable searches and warrantless searches, indicating engagement with the passage, but it fails to apply this understanding correctly to the specific scenario of Yancey's case, leading to an incorrect conclusion. The model incorrectly applies the st"
mbe_945,TORTS,B,D,FM2,"The model engaged with the passage and referenced it, but failed to reach the correct answer by not fully considering the four elements required to succeed on a claim of informed consent, specifically the requirement of injury, which is not met in this case since the operation was successful and Pat"
mbe_968,nan,A,B,FM1,"The model's response does not engage with the provided gold passage at all, instead relying on its prior knowledge of burglary and larceny to construct a reasoning that ignores the passage's content. This indicates a parametric override, where the model's memory or prior knowledge takes precedence o"
mbe_992,nan,D,C,FM2,"The model engaged with the passage and attempted to apply its content to the question, but failed to reach the correct answer due to a wrong logical inference, specifically not recognizing that the difference in purposes between the federal rule and the Midland state statute is the key to determinin"
mbe_993,nan,A,D,FM1,"The model's reasoning does not engage with the provided gold passage at all, instead relying on external knowledge and a narrative that overrides the passage's content, which is actually unrelated to the question being asked. The passage discusses adverse possession, but the model's response focuses"
mbe_1039,EVIDENCE,D,C,FM2,"The model engaged with the concept of hearsay exceptions and referenced the idea of former testimony, but failed to correctly apply the rules to the given scenario, leading to an incorrect conclusion. The model's reasoning attempted to use relevant legal concepts, but did not successfully apply them"
mbe_1054,CRIM. LAW,A,C,FM2,"The model engaged with the passage, referencing specific details about arson and reckless murder, but failed to reach the correct answer by incorrectly applying these concepts to the scenario, leading to a reasoning failure. The model's response demonstrates an attempt to use the passage to inform i"
mbe_1071,EVIDENCE,B,A,FM2,"The model engaged with the passage, referencing the business record exception and attempting to apply its criteria, but failed to reach the correct answer by incorrectly applying the exception to the given scenario, when in fact the correct answer relies on the routine practices of the company. The "
mbe_1121,TORTS,B,C,FM2,"The model engaged with the passage, referencing the doctrine of res ipsa loquitur, but failed to apply it correctly to the scenario, making a wrong logical inference and not completing the inferential step to reach the correct answer. The model's reasoning attempted to use the passage but did not su"
mbe_1138,CONTRACTS,C,D,FM1,"The model's reasoning does not engage with the passage content, instead relying on prior knowledge of common law rules regarding breach of contract, and ignoring the Restatement rule mentioned in the passage that allows a breaching party to recover for the value of benefits conferred in excess of da"
mbe_1165,CONTRACTS,B,D,FM2,"The model's reasoning failure is classified as FM2 because it attempted to engage with the passage and applied a relevant legal principle, but incorrectly inferred that Minivanity Fair's lack of identification and awareness at the time of the promise and sale precluded it from being an intended bene"
mbe_1017,CRIM. LAW,B,D,FM2,"The model engaged with the passage, referencing it and attempting to apply its content to the question, but failed to reach the correct answer due to a flawed logical inference, as it misapplied the concept of ""mistake of fact"" to the scenario in choice D. The model's reasoning demonstrates an attem"
mbe_93,nan,A,C,FM2,"The model engaged with the passage, referencing the age-based rules for determining tort liability in children, but failed to reach the correct answer by misinterpreting the rule for children under 7 as a blanket exemption from liability, rather than understanding that the passage actually states a "
mbe_106,nan,A,C,FM2,"The model engaged with the passage and referenced it, but failed to reach the correct answer by incorrectly applying the concept of unavailability and special trustworthiness to the given scenario, instead of focusing on the agency relationship and scope of employment as required by the correct answ"
mbe_122,nan,B,A,FM2,"The model engaged with the concept of hearsay rules and exceptions, attempting to apply this knowledge to the scenario, but failed to correctly apply it to the specifics of the case, particularly in relation to impeaching a deceased declarant, which is the correct reasoning path as indicated by the "
mbe_202,nan,A,B,FM1,"The model answered from memory or prior knowledge, ignoring the provided gold passage, as its reasoning does not reference or engage with the passage content, instead relying on general principles of federal laws and legitimate governmental interests. This indicates a failure to consider the specifi"
mbe_287,nan,C,B,FM2,"The model engaged with the passage, referencing Ohio law and parol evidence, but failed to reach the correct answer due to incorrect inferences and incomplete analysis of the arguments. The model's reasoning attempted to apply the passage content to the question, but ultimately made logical errors a"
mbe_290,nan,D,B,FM2,"The model engaged with the passage and attempted to apply its content to the question, but failed to reach the correct answer by incorrectly evaluating the relevance of each argument to Harriet's position, specifically overlooking the importance of consideration (argument II) as outlined in the gold"
mbe_308,nan,A,C,FM2,"The model engaged with the passage, referencing the Appointments Clause and its requirements, but failed to reach the correct answer by making a wrong logical inference from the passage, as it incorrectly concluded that the Commission's composition is unconstitutional based on the provided informati"
mbe_334,nan,D,B,FM1,"The model's response does not engage with the provided gold passage, instead relying on general knowledge about the separation of powers and the role of the judiciary, which overrides the specific content of the passage. This indicates that the model answered from memory rather than using the inform"
mbe_336,nan,C,A,FM2,"The model engaged with the passage, referencing its content about anti-assignment clauses being routinely enforced, but failed to reach the correct answer by misinterpreting the implications of this enforcement on the assignment's effectiveness. The model's reasoning attempted to apply the passage t"
mbe_337,nan,B,A,FM2,"The model engaged with the passage, referencing its content and attempting to apply it to the question, but failed to reach the correct answer due to a flawed logical inference, as it incorrectly concluded that Sartorial is liable to Finance Company despite the passage not directly addressing the sc"
mbe_338,nan,D,A,FM2,"The model engaged with the passage, referencing the definition of an incidental beneficiary, but failed to reach the correct answer by incorrectly applying this definition to Virginia Wear and Son, Inc., and not fully considering the implications of the passage on the enforceable rights of incidenta"
mbe_390,nan,A,C,FM2,"The model engaged with the passage by referencing the requirement for a ""substantial federal issue"" but failed to apply this correctly to the question, incorrectly concluding that the issue should be litigated in state court first. This indicates a failure in reasoning rather than ignoring the passa"
mbe_410,nan,D,C,FM2,"The model engaged with the general concept of contract law and the idea of tendering payment, but failed to reach the correct answer because it did not consider the effect of Adams' statement on March 12, which was the actual reason for the correct answer choice D. The model's reasoning was based on"
mbe_417,nan,C,D,FM2,"The model engaged with the passage and attempted to apply its content to the question, but failed to reach the correct answer by making a wrong logical inference, specifically misinterpreting the elements of fraudulent misrepresentation and their application to the scenario. The model's reasoning re"
mbe_467,nan,D,C,FM2,"The model engaged with the passage, referencing the concept of culpable mental state and intent, but failed to apply it correctly to reach the correct answer, instead focusing on ""corrupt motive"" which is not the relevant factor according to the provided answer choices and correct answer. The model'"
mbe_469,nan,D,C,FM2,"The model engaged with the passage, referencing its content and attempting to apply it to the question, but failed to reach the correct answer due to a flawed logical inference, specifically misinterpreting the implications of the passage on the defendant's intent and the requirements for a conspira"
mbe_513,nan,C,A,FM2,"The model engaged with the passage, referencing its content and attempting to apply it to the question, but failed to reach the correct answer due to a wrong logical inference, specifically misinterpreting the requirement for assault as merely intending to place someone in fear of physical harm, rat"
mbe_517,nan,B,C,FM2,"The model's reasoning demonstrates an attempt to engage with the concepts related to the question, referencing the idea of rights to resources, but it fails to correctly apply the relevant legal principles from the passage, specifically the concept of a defeasible fee simple estate as it relates to "
mbe_563,CONST. LAW,B,C,FM2,"The model engaged with the passage and referenced it, but failed to reach the correct answer by misinterpreting the concept of ""adequate and independent ground of state law"" and not fully considering the implications of the state court's decision being based on both state and federal constitutional "
mbe_598,CONTRACTS,C,D,FM2,"The model engaged with the passage, referencing the concept of unjust enrichment and attempting to apply it to the scenario, but failed to reach the correct answer due to a wrong logical inference. The model's reasoning was based on the passage, but it did not successfully extend to the correct conc"
mbe_614,TORTS,A,D,FM2,"The model engaged with the passage, referencing its content and attempting to apply the legal principles outlined, but failed to reach the correct answer due to a wrong logical inference, specifically misinterpreting the concept of foreseeability and superseding cause. The model's reasoning shows an"
mbe_616,REAL PROP.,B,D,FM2,"The model engaged with the passage and attempted to apply its concepts to the problem, but failed to reach the correct answer due to incorrect inferences, such as misunderstanding the requirements for adverse possession. The model's reasoning references the idea of adverse possession, but incorrectl"
mbe_618,CONTRACTS,A,C,FM2,"The model engaged with the passage, referencing its content and attempting to apply it to the question, but failed to reach the correct answer due to a wrong logical inference, as it incorrectly applied the general principle of specific performance to the given scenario without considering the speci"
mbe_631,EVIDENCE,C,A,FM2,"The model engaged with the passage and referenced the concept of regularly kept business records, but failed to reach the correct answer by not considering the requirement that the records themselves must be produced to prove their contents, as implied by the correct answer choice (C). This indicate"
mbe_640,TORTS,D,C,FM2,"The model engaged with the passage and attempted to apply the concept of joint and several liability, but failed to correctly calculate the amount D-1 can collect from D-2 in contribution, indicating a reasoning failure rather than a parametric override. The model's reasoning referenced the passage "
mbe_642,REAL PROP.,D,B,FM2,"The model engaged with the passage and attempted to apply its concepts to the question, but failed to reach the correct answer due to a wrong logical inference, specifically not fully understanding the implications of the right of survivorship on the lien. The model's reasoning references the passag"
mbe_650,EVIDENCE,D,C,FM2,"The model engaged with the passage, referencing the concept of ""opening the door"" for rebuttal character evidence, but failed to apply it correctly to the scenario, incorrectly concluding that the evidence has no probative value instead of recognizing that the defense witness's testimony did not ope"
mbe_670,CRIM. LAW,D,C,FM2,"The model engaged with the passage, referencing it in their reasoning, but failed to reach the correct answer by making a wrong logical inference, specifically misapplying the concept of reasonable mistake to the element of age rather than the issue of consent. The model's reasoning attempted to use"
mbe_678,CRIM. LAW,B,C,FM2,"The model engaged with the passage and referenced the mens rea requirement for manslaughter, but failed to reach the correct answer by incorrectly applying the concept of intoxication and mens rea, instead of considering the argument that the collision would have occurred even if Parnell had not bee"
mbe_685,EVIDENCE,B,C,FM2,"The model engaged with the concept of admissibility of statements but failed to apply the correct reasoning based on the provided gold passage, which discusses the requirements for a statement against interest to be admissible, thus making a wrong logical inference. The model's reasoning references "
mbe_701,TORTS,D,C,FM2,"The model's reasoning demonstrates an attempt to engage with the passage and apply the doctrine of negligence per se, but it fails to correctly infer that the purpose of the ordinance is crucial in determining Dieter's liability, as stated in the gold passage. The model's focus on the causal link be"
mbe_715,CONTRACTS,C,D,FM2,"The model engaged with the general concept of the question and provided reasoning related to the breach of contract and damages, but failed to correctly apply the principles to the specific scenario, incorrectly including the $2,000 cost of grazing the cattle elsewhere. The model's reasoning does no"
mbe_737,CONTRACTS,D,A,FM1,"The model answered from memory or prior knowledge, ignoring the passage content and not engaging with it to reach the correct answer, as the provided reasoning does not reference or relate to the gold passage. The model's response is based on general contract law principles rather than the specific "
mbe_753,TORTS,A,B,FM2,"The model engaged with the passage and attempted to apply its content to the question, but failed to reach the correct answer due to a wrong logical inference, as it incorrectly emphasized Drury's lack of knowledge and subsequent cessation of use, rather than the intentional invasion of Penstock's p"
mbe_779,REAL PROP.,B,C,FM1,"The model's response indicates that it answered from prior knowledge of the doctrine of equitable conversion, ignoring the provided gold passage, which does not mention this doctrine and instead discusses conversion in the context of chattel. The model's reasoning does not engage with the passage co"
mbe_788,CRIM. LAW,A,C,FM2,"The model engaged with the passage, referencing its content and attempting to apply it to the scenario, but failed to reach the correct answer due to a flawed logical inference, as it incorrectly concluded that the evidence does not support a murder conviction despite the passage's description of ""r"
mbe_874,TORTS,D,A,FM2,"The model engaged with the passage and referenced it, attempting to apply the elements of a misrepresentation claim, but failed to reach the correct answer by not fully considering the requirement of ""consequent injury"" as stated in the gold passage, which is the basis for the correct answer choice "
mbe_887,REAL PROP.,B,C,FM2,"The model engaged with the passage, referencing its requirements for a valid boundary-line agreement, but failed to reach the correct answer by incorrectly applying the concept of mutual benefit and ignoring the key issue of one tenant in common binding another. The model's reasoning attempted to us"
mbe_1010,CRIM. LAW,A,D,FM2,"The model engaged with the passage and attempted to apply its content to the question, but failed to reach the correct answer due to a wrong logical inference, as it incorrectly applied the concept of permission to the initial intent to steal, which is still relevant to the charge of larceny. The mo"
mbe_1032,CONTRACTS,A,C,FM2,"The model engaged with the passage, referencing the concept of mutuality of obligation, but failed to apply it correctly to the specific scenario, incorrectly concluding that the condition of Conglomerate's approval affected the mutuality of obligation between Buyer and Shareholder. The model's reas"
mbe_1033,CONTRACTS,A,C,FM2,"The model's reasoning demonstrates an engagement with the question's context, discussing the condition of Conglomerate's approval, but it fails to apply the correct legal principle that would lead to the correct answer, which is that the condition can be waived by the parties it was designed to prot"
mbe_1073,CONST. LAW,B,D,FM2,"The model engaged with the passage and referenced the concept of interstate commerce, but failed to correctly apply the information to reach the correct answer, instead relying on a general principle of undue burden on interstate commerce without considering the specific authorization by Congress me"
mbe_1091,REAL PROP.,C,A,FM1,"The model's reasoning does not engage with the provided gold passage, instead relying on prior knowledge of property law concepts, such as reversionary interests, to arrive at its answer, thereby ignoring the specific information in the passage that could have led to the correct answer."
mbe_1097,CONTRACTS,B,C,FM2,"The model engaged with the passage and attempted to apply its content to the question, but failed to reach the correct answer due to a flawed logical inference, as it misinterpreted the concept of tender in the context of the contract. The model's reasoning referenced the passage, indicating an atte"
